1
tp: 2
Elapsed Time d2w: 65801 us
Elapsed Time dG: 8464 us
vz_norm: 1.08138e-07vp_norm: 4.21939e-09
backtrackingCount 0
pk 0.999998
       1
       1
0.999998
       1
       1
0.999999
       1
       1
0.999996
       1
       1
0.999996
       1
       1
       1
       1
       1
0.999993
       1
       1
0.999993
       1
       1
0.999999
       1
0.999998
 1.00004
       1
0.999997
 1.00004
       1
0.999997
 0.99999
       1
       1
backtracking time: 1526 us
backtracking count: 1
zk  -0.00344338
 -0.00395373
   0.0183544
  0.00445612
 -0.00412257
-0.000360855
 -0.00172519
 -0.00198098
  0.00919327
 0.000778853
-0.000696598
-5.39751e-05
           0
           0
           0
           0
           0
           0
 -0.00458746
           0
           0
 7.20313e-05
           0
 8.19819e-05
           0
 -0.00550165
           0
           0
  6.0698e-06
-4.09705e-05
           0
           0
 3.59976e-05
           0
           0
 1.01147e-06
           0
           0
-1.31969e-08
-1.56859e-09
 1.15952e-08
  1.3781e-09
-2.72591e-05
           0
           0
 2.39505e-05
           0
           0
 1.40743e-07
           0
           0
           0
           0
           0
           0
 0.000299289
    0.111737
  -0.0962619
 -0.00263394
           0
           0
pk 0.999998
       1
       1
0.999998
       1
       1
0.999999
       1
       1
0.999996
       1
       1
0.999996
       1
       1
       1
       1
       1
0.999993
       1
       1
0.999993
       1
       1
0.999999
       1
0.999998
 1.00004
       1
0.999997
 1.00004
       1
0.999997
 0.99999
       1
       1
count 1
(curr.pk-pk_prev).cwiseAbs().sum() 0.000124734
(curr.pk-p0).cwiseAbs().sum() 0.000124734
stable?: 1 converged?: 0 G: 3.23992e-08
tp: 4
Elapsed Time d2w: 135864 us
Elapsed Time dG: 7769 us
vz_norm: 1.31094e-07vp_norm: 9.10571e-09
zk   0.00206483
 -0.00171076
  0.00223033
  0.00310803
  0.00219065
 -0.00185369
  0.00103796
-0.000860318
  0.00111908
 0.000363164
 0.000373575
-0.000392497
           0
           0
           0
           0
           0
           0
-0.000557304
           0
           0
-3.77724e-05
           0
 3.77725e-05
           0
-0.000667961
           0
           0
 3.20815e-05
-1.88603e-05
           0
           0
-1.88602e-05
           0
           0
 5.34513e-06
           0
           0
-1.10289e-08
 5.67491e-09
-1.10289e-08
  5.6749e-09
-1.25036e-05
           0
           0
-1.25036e-05
           0
           0
 7.43664e-07
           0
           0
           0
           0
           0
           0
  4.1379e-05
   0.0986246
    0.096487
   -0.022544
           0
           0
pk 0.999996
       1
       1
0.999996
       1
       1
0.999997
0.999999
       1
0.999994
       1
       1
0.999993
       1
       1
0.999997
0.999999
       1
0.999988
       1
       1
0.999989
       1
       1
0.999998
       1
0.999994
       1
       1
0.999931
 1.00007
       1
 1.00004
0.999973
       1
       1
count 2
(curr.pk-pk_prev).cwiseAbs().sum() 0.000230836
(curr.pk-p0).cwiseAbs().sum() 0.000266575
stable?: 1 converged?: 0 G: 3.23992e-08
tp: 4
Elapsed Time d2w: 114279 us
Elapsed Time dG: 8145 us
vz_norm: 8.34771e-08vp_norm: 6.10712e-09
zk  -0.00224356
 -0.00101533
  0.00103614
  0.00265936
 -0.00203754
 0.000863217
 -0.00113267
-0.000516066
 0.000520332
 0.000319026
-0.000326236
 0.000144991
           0
           0
           0
           0
           0
           0
-0.000258874
           0
           0
  3.2689e-05
           0
 3.26868e-05
           0
-0.000310186
           0
           0
-1.48999e-05
-1.62956e-05
           0
           0
 1.62967e-05
           0
           0
-2.48228e-06
           0
           0
-1.65388e-08
 1.41952e-08
 1.65406e-08
-1.41968e-08
-1.07362e-05
           0
           0
 1.07362e-05
           0
           0
-3.45341e-07
           0
           0
           0
           0
           0
           0
 3.54397e-05
    0.156021
   -0.151712
  0.00847735
           0
           0
pk  0.99999
       1
       1
 0.99999
       1
       1
0.999996
0.999999
       1
0.999985
       1
       1
0.999984
       1
       1
0.999995
0.999999
       1
 0.99997
       1
       1
0.999974
       1
       1
0.999997
       1
0.999992
0.999964
0.999999
0.999805
 1.00007
       1
 1.00013
0.999962
       1
       1
count 3
(curr.pk-pk_prev).cwiseAbs().sum() 0.000328284
(curr.pk-p0).cwiseAbs().sum() 0.000594561
stable?: 1 converged?: 0 G: 3.23991e-08
tp: 4
Elapsed Time d2w: 115737 us
Elapsed Time dG: 7554 us
vz_norm: 1.11601e-07vp_norm: 1.1959e-08
zk   0.00216593
 -0.00155183
  0.00110917
  0.00305027
  0.00218816
-0.000919704
  0.00109012
-0.000781929
 0.000556731
 0.000359306
 0.000367974
-0.000157438
           0
           0
           0
           0
           0
           0
-0.000277141
           0
           0
-3.72373e-05
           0
 3.72333e-05
           0
-0.000332131
           0
           0
 1.59524e-05
-1.85844e-05
           0
           0
-1.85863e-05
           0
           0
 2.65777e-06
           0
           0
-1.28145e-08
 8.17019e-09
-1.28186e-08
 8.17283e-09
 -1.2303e-05
           0
           0
 -1.2303e-05
           0
           0
 3.69773e-07
           0
           0
           0
           0
           0
           0
 2.74878e-05
    0.116795
    0.113931
 -0.00904537
           0
           0
pk 0.999987
       1
       1
0.999987
       1
       1
0.999995
0.999999
       1
 0.99998
       1
       1
 0.99998
       1
       1
0.999993
0.999999
       1
0.999961
       1
       1
0.999967
       1
       1
0.999996
       1
0.999989
0.999903
0.999999
0.999682
 1.00011
       1
 1.00023
0.999951
       1
       1
count 4
(curr.pk-pk_prev).cwiseAbs().sum() 0.000375868
(curr.pk-p0).cwiseAbs().sum() 0.000970429
stable?: 1 converged?: 0 G: 3.23991e-08
tp: 4
Elapsed Time d2w: 119237 us
Elapsed Time dG: 7653 us
vz_norm: 1.12271e-07vp_norm: 8.9404e-09
zk  -0.00214158
 -0.00151167
 0.000582131
  0.00257926
 -0.00216136
 0.000486835
 -0.00107798
-0.000761847
 0.000292364
 0.000352485
-0.000361193
 7.19395e-05
           0
           0
           0
           0
           0
           0
-0.000145441
           0
           0
 3.65824e-05
           0
 3.65747e-05
           0
-0.000174263
           0
           0
-8.37073e-06
-1.82552e-05
           0
           0
  1.8259e-05
           0
           0
-1.39454e-06
           0
           0
-1.27715e-08
 8.26352e-09
 1.27785e-08
-8.26802e-09
-1.20841e-05
           0
           0
 1.20841e-05
           0
           0
-1.94014e-07
           0
           0
           0
           0
           0
           0
 1.92527e-05
    0.116435
   -0.113596
  0.00421026
           0
           0
pk 0.999984
       1
       1
0.999983
       1
       1
0.999994
0.999999
       1
0.999976
       1
       1
0.999975
       1
       1
0.999991
0.999998
       1
0.999952
       1
       1
0.999959
       1
       1
0.999995
       1
0.999987
0.999856
0.999998
0.999588
 1.00013
       1
  1.0003
0.999942
       1
       1
count 5
(curr.pk-pk_prev).cwiseAbs().sum() 0.000282749
(curr.pk-p0).cwiseAbs().sum() 0.00125318
stable?: 1 converged?: 0 G: 3.2399e-08
tp: 4
Elapsed Time d2w: 119488 us
Elapsed Time dG: 7614 us
vz_norm: 1.23951e-07vp_norm: 9.70137e-09
zk   0.00204031
  -0.0015404
 0.000406758
  0.00241083
  0.00210129
-0.000341522
  0.00102648
 -0.00077561
 0.000204338
 0.000344512
 0.000353418
-4.40712e-05
           0
           0
           0
           0
           0
           0
-0.000101622
           0
           0
-3.58458e-05
           0
 3.58357e-05
           0
 -0.00012175
           0
           0
 5.84847e-06
-1.78896e-05
           0
           0
-1.78945e-05
           0
           0
 9.74312e-07
           0
           0
-1.16688e-08
 6.98374e-09
-1.16771e-08
 6.98869e-09
-1.18506e-05
           0
           0
-1.18506e-05
           0
           0
 1.35549e-07
           0
           0
           0
           0
           0
           0
 1.44972e-05
    0.105662
    0.103199
  -0.0026019
           0
           0
pk 0.999981
       1
       1
0.999981
       1
       1
0.999994
0.999999
       1
0.999972
       1
       1
0.999971
       1
       1
 0.99999
0.999998
       1
0.999944
       1
       1
0.999953
       1
       1
0.999995
       1
0.999985
0.999811
0.999998
0.999506
 1.00016
       1
 1.00036
0.999934
       1
       1
count 6
(curr.pk-pk_prev).cwiseAbs().sum() 0.000254242
(curr.pk-p0).cwiseAbs().sum() 0.00150742
stable?: 1 converged?: 0 G: 3.2399e-08
tp: 4
Elapsed Time d2w: 119063 us
Elapsed Time dG: 7826 us
vz_norm: 1.28723e-07vp_norm: 9.07018e-09
zk  -0.00199524
 -0.00153319
 0.000240094
  0.00227792
  -0.0020678
 0.000203886
 -0.00100366
  -0.0007718
  0.00012072
 0.000339102
-0.000347945
  1.7487e-05
           0
           0
           0
           0
           0
           0
-5.99758e-05
           0
           0
 3.53181e-05
           0
 3.53055e-05
           0
-7.18336e-05
           0
           0
-3.45115e-06
-1.76258e-05
           0
           0
 1.76319e-05
           0
           0
-5.74888e-07
           0
           0
-1.12734e-08
 6.58549e-09
  1.1283e-08
 -6.5911e-09
-1.16785e-05
           0
           0
 1.16786e-05
           0
           0
-7.99749e-08
           0
           0
           0
           0
           0
           0
 1.12538e-05
    0.101845
  -0.0995065
  0.00108952
           0
           0
pk 0.999979
       1
       1
0.999979
       1
       1
0.999993
0.999998
       1
0.999968
       1
       1
0.999968
       1
       1
0.999989
0.999998
       1
0.999937
       1
       1
0.999948
       1
       1
0.999994
       1
0.999984
0.999771
0.999998
0.999435
 1.00018
       1
 1.00041
0.999927
       1
       1
count 7
(curr.pk-pk_prev).cwiseAbs().sum() 0.000222343
(curr.pk-p0).cwiseAbs().sum() 0.00172976
stable?: 1 converged?: 0 G: 3.23989e-08
tp: 4
Elapsed Time d2w: 122520 us
Elapsed Time dG: 7816 us
vz_norm: 1.32826e-07vp_norm: 8.97582e-09
zk   0.00196118
 -0.00153125
 0.000165276
  0.00221312
  0.00204332
-0.000142092
 0.000986398
-0.000770655
  8.3176e-05
 0.000335392
 0.000344197
-5.69688e-06
           0
           0
           0
           0
           0
           0
-4.12809e-05
           0
           0
-3.49558e-05
           0
 3.49411e-05
           0
-4.94273e-05
           0
           0
 2.37503e-06
-1.74447e-05
           0
           0
-1.74519e-05
           0
           0
 3.95595e-07
           0
           0
-1.09548e-08
 6.24969e-09
-1.09655e-08
 6.25579e-09
 -1.1561e-05
           0
           0
 -1.1561e-05
           0
           0
 5.50292e-08
           0
           0
           0
           0
           0
           0
 9.57364e-06
   0.0987529
   0.0965162
-0.000415376
           0
           0
pk 0.999977
       1
       1
0.999976
       1
       1
0.999993
0.999998
       1
0.999965
       1
       1
0.999964
       1
       1
0.999988
0.999998
       1
0.999931
       1
       1
0.999942
       1
       1
0.999994
       1
0.999982
0.999732
0.999997
 0.99937
  1.0002
       1
 1.00046
 0.99992
       1
       1
count 8
(curr.pk-pk_prev).cwiseAbs().sum() 0.000207532
(curr.pk-p0).cwiseAbs().sum() 0.0019373
stable?: 1 converged?: 0 G: 3.23989e-08
tp: 4
Elapsed Time d2w: 117140 us
Elapsed Time dG: 8186 us
vz_norm: 1.34816e-07vp_norm: 8.80889e-09
zk  -0.00194375
 -0.00152766
 0.000119954
  0.00217636
 -0.00202986
 0.000104618
-0.000977575
-0.000768784
 6.04356e-05
 0.000333253
 -0.00034203
-1.46302e-06
           0
           0
           0
           0
           0
           0
-2.99561e-05
           0
           0
 3.47449e-05
           0
 3.47282e-05
           0
-3.58537e-05
           0
           0
-1.72313e-06
-1.73389e-05
           0
           0
  1.7347e-05
           0
           0
-2.86982e-07
           0
           0
-1.08053e-08
 6.10219e-09
 1.08171e-08
-6.10884e-09
 -1.1492e-05
           0
           0
 1.14921e-05
           0
           0
-3.99172e-08
           0
           0
           0
           0
           0
           0
 8.63828e-06
   0.0973169
  -0.0951296
  7.3105e-06
           0
           0
pk 0.999975
       1
       1
0.999974
       1
       1
0.999992
0.999998
       1
0.999962
0.999999
       1
0.999961
0.999999
       1
0.999987
0.999998
       1
0.999924
       1
       1
0.999937
       1
       1
0.999993
       1
0.999981
0.999694
0.999997
0.999307
 1.00022
       1
  1.0005
0.999914
       1
       1
count 9
(curr.pk-pk_prev).cwiseAbs().sum() 0.000198218
(curr.pk-p0).cwiseAbs().sum() 0.00213551
stable?: 1 converged?: 0 G: 3.23988e-08
tp: 4
Elapsed Time d2w: 117167 us
Elapsed Time dG: 7594 us
vz_norm: 1.36002e-07vp_norm: 8.74417e-09
zk   0.00193369
 -0.00152568
  9.6852e-05
  0.00215713
  0.00202212
-8.55122e-05
 0.000972486
-0.000767752
 4.88434e-05
 0.000332029
 0.000340799
 5.12565e-06
           0
           0
           0
           0
           0
           0
-2.41834e-05
           0
           0
-3.46249e-05
           0
 3.46062e-05
           0
-2.89348e-05
           0
           0
 1.39084e-06
-1.72782e-05
           0
           0
-1.72873e-05
           0
           0
 2.31618e-07
           0
           0
 -1.0718e-08
 6.01555e-09
-1.07308e-08
 6.02274e-09
-1.14527e-05
           0
           0
-1.14528e-05
           0
           0
 3.22142e-08
           0
           0
           0
           0
           0
           0
  8.1458e-06
    0.096478
   0.0943228
 0.000201813
           0
           0
pk 0.999973
       1
       1
0.999972
       1
       1
0.999991
0.999998
       1
0.999959
0.999999
       1
0.999958
0.999999
       1
0.999986
0.999998
       1
0.999918
       1
       1
0.999932
       1
       1
0.999993
       1
 0.99998
0.999658
0.999997
0.999246
 1.00024
       1
 1.00055
0.999908
       1
       1
count 10
(curr.pk-pk_prev).cwiseAbs().sum() 0.000193585
(curr.pk-p0).cwiseAbs().sum() 0.0023291
stable?: 1 converged?: 0 G: 3.23988e-08
tp: 4
Elapsed Time d2w: 117316 us
Elapsed Time dG: 8076 us
vz_norm: 1.36633e-07vp_norm: 8.7022e-09
zk  -0.00192825
 -0.00152433
 8.31803e-05
  0.00214624
 -0.00201785
 7.42164e-05
-0.000969737
-0.000767055
 4.19835e-05
  0.00033134
-0.000340111
-7.32095e-06
           0
           0
           0
           0
           0
           0
-2.07672e-05
           0
           0
 3.45578e-05
           0
 3.45371e-05
           0
-2.48402e-05
           0
           0
-1.19419e-06
-1.72439e-05
           0
           0
  1.7254e-05
           0
           0
-1.98854e-07
           0
           0
-1.06718e-08
 5.97079e-09
 1.06857e-08
-5.97856e-09
-1.14307e-05
           0
           0
 1.14307e-05
           0
           0
-2.76555e-08
           0
           0
           0
           0
           0
           0
 7.86419e-06
   0.0960358
  -0.0939009
-0.000327129
           0
           0
pk 0.999971
       1
       1
 0.99997
       1
       1
0.999991
0.999998
       1
0.999956
0.999999
       1
0.999955
0.999999
       1
0.999985
0.999997
       1
0.999912
       1
       1
0.999927
       1
       1
0.999992
       1
0.999978
0.999621
0.999996
0.999186
 1.00026
       1
 1.00059
0.999902
       1
       1
count 11
(curr.pk-pk_prev).cwiseAbs().sum() 0.000191005
(curr.pk-p0).cwiseAbs().sum() 0.0025201
stable?: 1 converged?: 0 G: 3.23988e-08
tp: 4
Elapsed Time d2w: 123959 us
Elapsed Time dG: 8647 us
vz_norm: 1.37015e-07vp_norm: 8.68295e-09
zk   0.00192498
 -0.00152346
 7.46933e-05
  0.00213962
  0.00201526
-6.72123e-05
 0.000968081
-0.000766607
 3.77251e-05
 0.000330917
 0.000339697
 8.70821e-06
           0
           0
           0
           0
           0
           0
-1.86465e-05
           0
           0
-3.45172e-05
           0
 3.44946e-05
           0
-2.22985e-05
           0
           0
 1.07211e-06
-1.72229e-05
           0
           0
-1.72339e-05
           0
           0
 1.78515e-07
           0
           0
-1.06437e-08
 5.94382e-09
-1.06587e-08
 5.95217e-09
-1.14173e-05
           0
           0
-1.14173e-05
           0
           0
 2.48257e-08
           0
           0
           0
           0
           0
           0
  7.6909e-06
    0.095768
   0.0936484
 0.000406423
           0
           0
pk 0.999969
       1
       1
0.999968
       1
       1
 0.99999
0.999998
       1
0.999953
0.999999
       1
0.999952
0.999999
       1
0.999984
0.999997
       1
0.999906
       1
       1
0.999922
       1
       1
0.999992
       1
0.999977
0.999585
0.999996
0.999126
 1.00028
       1
 1.00063
0.999896
       1
       1
count 12
(curr.pk-pk_prev).cwiseAbs().sum() 0.000189579
(curr.pk-p0).cwiseAbs().sum() 0.00270968
stable?: 1 converged?: 0 G: 3.23987e-08
tp: 4
Elapsed Time d2w: 121026 us
Elapsed Time dG: 7826 us
vz_norm: 1.37264e-07vp_norm: 8.67247e-09
zk  -0.00192282
 -0.00152281
 6.85991e-05
  0.00213505
 -0.00201355
   6.219e-05
-0.000966994
-0.000766273
 3.46673e-05
 0.000330631
-0.000339421
-9.72405e-06
           0
           0
           0
           0
           0
           0
-1.71237e-05
           0
           0
 3.44903e-05
           0
 3.44657e-05
           0
-2.04733e-05
           0
           0
-9.84456e-07
-1.72086e-05
           0
           0
 1.72206e-05
           0
           0
 -1.6391e-07
           0
           0
-1.06253e-08
 5.92639e-09
 1.06413e-08
-5.93532e-09
-1.14083e-05
           0
           0
 1.14083e-05
           0
           0
-2.27937e-08
           0
           0
           0
           0
           0
           0
 7.56952e-06
   0.0955929
  -0.0934858
-0.000464534
           0
           0
pk 0.999967
       1
       1
0.999966
       1
       1
 0.99999
0.999998
       1
 0.99995
0.999999
       1
0.999949
0.999999
       1
0.999983
0.999997
       1
  0.9999
       1
       1
0.999917
       1
       1
0.999991
       1
0.999976
0.999549
0.999996
0.999067
  1.0003
       1
 1.00067
 0.99989
       1
       1
count 13
(curr.pk-pk_prev).cwiseAbs().sum() 0.000188692
(curr.pk-p0).cwiseAbs().sum() 0.00289837
stable?: 1 converged?: 0 G: 3.23987e-08
tp: 4
Elapsed Time d2w: 129111 us
Elapsed Time dG: 7488 us
vz_norm: 1.3745e-07vp_norm: 8.66714e-09
zk   0.00192121
 -0.00152228
 6.37138e-05
   0.0021315
  0.00201226
-5.81688e-05
 0.000966178
-0.000766001
 3.22161e-05
  0.00033041
 0.000339213
 1.05519e-05
           0
           0
           0
           0
           0
           0
 -1.5903e-05
           0
           0
-3.44699e-05
           0
 3.44434e-05
           0
-1.90102e-05
           0
           0
 9.14186e-07
-1.71976e-05
           0
           0
-1.72105e-05
           0
           0
 1.52202e-07
           0
           0
-1.06114e-08
 5.91338e-09
-1.06285e-08
 5.92289e-09
-1.14015e-05
           0
           0
-1.14015e-05
           0
           0
 2.11647e-08
           0
           0
           0
           0
           0
           0
 7.47377e-06
    0.095461
   0.0933652
 0.000511935
           0
           0
pk 0.999965
       1
       1
0.999964
       1
       1
0.999989
0.999997
       1
0.999947
0.999999
       1
0.999946
0.999999
       1
0.999982
0.999997
       1
0.999894
       1
       1
0.999912
       1
       1
0.999991
       1
0.999974
0.999513
0.999996
0.999007
 1.00032
       1
 1.00072
0.999884
       1
       1
count 14
(curr.pk-pk_prev).cwiseAbs().sum() 0.000188077
(curr.pk-p0).cwiseAbs().sum() 0.00308645
stable?: 1 converged?: 0 G: 3.23986e-08
tp: 4
Elapsed Time d2w: 129915 us
Elapsed Time dG: 8181 us
vz_norm: 1.37606e-07vp_norm: 8.6641e-09
zk  -0.00191985
  -0.0015218
 5.94112e-05
  0.00212843
 -0.00201117
 5.46301e-05
-0.000965497
-0.000765758
 3.00573e-05
 0.000330222
-0.000339038
-1.12892e-05
           0
           0
           0
           0
           0
           0
-1.48278e-05
           0
           0
 3.44528e-05
           0
 3.44244e-05
           0
-1.77216e-05
           0
           0
-8.52296e-07
-1.71882e-05
           0
           0
 1.72021e-05
           0
           0
 -1.4189e-07
           0
           0
-1.05997e-08
 5.90259e-09
 1.06179e-08
-5.91269e-09
-1.13957e-05
           0
           0
 1.13958e-05
           0
           0
-1.97301e-08
           0
           0
           0
           0
           0
           0
  7.3905e-06
   0.0953508
  -0.0932657
-0.000554167
           0
           0
pk 0.999963
       1
       1
0.999962
       1
       1
0.999989
0.999997
       1
0.999944
0.999999
       1
0.999943
0.999999
       1
0.999981
0.999997
       1
0.999888
       1
       1
0.999907
       1
       1
 0.99999
       1
0.999973
0.999477
0.999995
0.998948
 1.00034
       1
 1.00076
0.999878
       1
       1
count 15
(curr.pk-pk_prev).cwiseAbs().sum() 0.000187592
(curr.pk-p0).cwiseAbs().sum() 0.00327404
stable?: 1 converged?: 0 G: 3.23986e-08
tp: 4
Elapsed Time d2w: 118196 us
Elapsed Time dG: 7880 us
vz_norm: 1.37746e-07vp_norm: 8.66225e-09
zk   0.00191863
 -0.00152135
 5.54046e-05
  0.00212562
  0.00201019
-5.13365e-05
 0.000964881
 -0.00076553
  2.8047e-05
  0.00033005
 0.000338879
 1.19801e-05
           0
           0
           0
           0
           0
           0
-1.38267e-05
           0
           0
-3.44372e-05
           0
 3.44069e-05
           0
-1.65216e-05
           0
           0
 7.94665e-07
-1.71796e-05
           0
           0
-1.71944e-05
           0
           0
 1.32288e-07
           0
           0
-1.05892e-08
 5.89288e-09
-1.06084e-08
 5.90356e-09
-1.13904e-05
           0
           0
-1.13905e-05
           0
           0
 1.83941e-08
           0
           0
           0
           0
           0
           0
 7.31351e-06
   0.0952512
   0.0931763
 0.000593759
           0
           0
pk 0.999961
       1
       1
 0.99996
       1
       1
0.999988
0.999997
       1
0.999941
0.999999
       1
 0.99994
0.999999
       1
0.999981
0.999997
       1
0.999882
0.999999
       1
0.999902
0.999999
       1
 0.99999
       1
0.999972
0.999441
0.999995
0.998889
 1.00036
       1
  1.0008
0.999872
       1
       1
count 16
(curr.pk-pk_prev).cwiseAbs().sum() 0.000187173
(curr.pk-p0).cwiseAbs().sum() 0.00346122
stable?: 1 converged?: 0 G: 3.23986e-08
tp: 4
Elapsed Time d2w: 116393 us
Elapsed Time dG: 7777 us
vz_norm: 1.37878e-07vp_norm: 8.66094e-09
zk  -0.00191748
 -0.00152092
 5.15528e-05
  0.00212292
 -0.00200925
  4.8171e-05
-0.000964299
-0.000765308
 2.61144e-05
 0.000329886
-0.000338728
-1.26466e-05
           0
           0
           0
           0
           0
           0
-1.28642e-05
           0
           0
 3.44225e-05
           0
 3.43902e-05
           0
 -1.5368e-05
           0
           0
-7.39261e-07
-1.71714e-05
           0
           0
 1.71871e-05
           0
           0
-1.23057e-07
           0
           0
-1.05792e-08
 5.88373e-09
 1.05994e-08
-5.89498e-09
-1.13854e-05
           0
           0
 1.13855e-05
           0
           0
-1.71098e-08
           0
           0
           0
           0
           0
           0
 7.23978e-06
    0.095157
  -0.0930923
-0.000631958
           0
           0
pk 0.999959
       1
       1
0.999958
       1
       1
0.999988
0.999997
       1
0.999938
0.999999
       1
0.999937
0.999999
       1
 0.99998
0.999996
       1
0.999876
0.999999
       1
0.999898
0.999999
       1
0.999989
       1
 0.99997
0.999405
0.999995
0.998831
 1.00038
       1
 1.00084
0.999866
       1
       1
count 17
(curr.pk-pk_prev).cwiseAbs().sum() 0.000186785
(curr.pk-p0).cwiseAbs().sum() 0.003648
stable?: 1 converged?: 0 G: 3.23985e-08
tp: 4
Elapsed Time d2w: 120301 us
Elapsed Time dG: 8617 us
vz_norm: 1.38007e-07vp_norm: 8.6599e-09
zk   0.00191636
 -0.00152049
 4.77896e-05
   0.0021203
  0.00200835
-4.50787e-05
 0.000963734
 -0.00076509
 2.42263e-05
 0.000329726
 0.000338582
 1.32989e-05
           0
           0
           0
           0
           0
           0
-1.19239e-05
           0
           0
-3.44081e-05
           0
 3.43739e-05
           0
-1.42409e-05
           0
           0
 6.85132e-07
-1.71634e-05
           0
           0
-1.71801e-05
           0
           0
 1.14039e-07
           0
           0
-1.05695e-08
 5.87487e-09
-1.05908e-08
 5.88671e-09
-1.13806e-05
           0
           0
-1.13807e-05
           0
           0
 1.58549e-08
           0
           0
           0
           0
           0
           0
  7.1679e-06
   0.0950657
   0.0930109
 0.000669347
           0
           0
pk 0.999957
       1
       1
0.999956
       1
       1
0.999987
0.999997
       1
0.999935
0.999999
       1
0.999934
0.999999
       1
0.999979
0.999996
       1
 0.99987
0.999999
       1
0.999893
0.999999
       1
0.999989
       1
0.999969
 0.99937
0.999995
0.998772
  1.0004
       1
 1.00088
 0.99986
       1
       1
count 18
(curr.pk-pk_prev).cwiseAbs().sum() 0.000186414
(curr.pk-p0).cwiseAbs().sum() 0.00383442
stable?: 1 converged?: 0 G: 3.23985e-08
tp: 4
Elapsed Time d2w: 123474 us
Elapsed Time dG: 8363 us
vz_norm: 1.38133e-07vp_norm: 8.65899e-09
zk  -0.00191525
 -0.00152006
 4.40831e-05
  0.00211773
 -0.00200745
 4.20333e-05
-0.000963179
-0.000764873
 2.23666e-05
 0.000329569
-0.000338438
 -1.3942e-05
           0
           0
           0
           0
           0
           0
-1.09977e-05
           0
           0
  3.4394e-05
           0
 3.43579e-05
           0
-1.31308e-05
           0
           0
-6.31818e-07
-1.71555e-05
           0
           0
 1.71731e-05
           0
           0
-1.05156e-07
           0
           0
  -1.056e-08
  5.8662e-09
 1.05823e-08
-5.87861e-09
-1.13758e-05
           0
           0
 1.13759e-05
           0
           0
 -1.4619e-08
           0
           0
           0
           0
           0
           0
 7.09718e-06
   0.0949761
  -0.0929313
-0.000706207
           0
           0
pk 0.999955
       1
       1
0.999954
       1
       1
0.999987
0.999997
       1
0.999932
0.999999
       1
 0.99993
0.999999
       1
0.999978
0.999996
       1
0.999864
0.999999
       1
0.999888
0.999999
       1
0.999988
       1
0.999968
0.999334
0.999994
0.998713
 1.00042
       1
 1.00093
0.999855
       1
       1
count 19
(curr.pk-pk_prev).cwiseAbs().sum() 0.000186053
(curr.pk-p0).cwiseAbs().sum() 0.00402047
stable?: 1 converged?: 0 G: 3.23984e-08
tp: 4
Elapsed Time d2w: 122451 us
Elapsed Time dG: 9238 us
vz_norm: 1.38258e-07vp_norm: 8.65814e-09
zk   0.00191417
 -0.00151963
 4.04182e-05
  0.00211518
  0.00200657
-3.90222e-05
  0.00096263
-0.000764657
 2.05277e-05
 0.000329412
 0.000338295
 1.45781e-05
           0
           0
           0
           0
           0
           0
-1.00819e-05
           0
           0
  -3.438e-05
           0
  3.4342e-05
           0
-1.20332e-05
           0
           0
 5.79104e-07
-1.71477e-05
           0
           0
-1.71662e-05
           0
           0
 9.63732e-08
           0
           0
-1.05506e-08
 5.85765e-09
 -1.0574e-08
 5.87063e-09
-1.13711e-05
           0
           0
-1.13711e-05
           0
           0
  1.3397e-08
           0
           0
           0
           0
           0
           0
 7.02729e-06
   0.0948876
   0.0928527
 0.000742671
           0
           0
pk 0.999953
       1
       1
0.999952
       1
       1
0.999986
0.999997
       1
0.999929
0.999999
       1
0.999927
0.999999
       1
0.999977
0.999996
       1
0.999858
0.999999
       1
0.999883
0.999999
       1
0.999988
       1
0.999966
0.999298
0.999994
0.998655
 1.00044
       1
 1.00097
0.999849
       1
       1
count 20
(curr.pk-pk_prev).cwiseAbs().sum() 0.000185698
(curr.pk-p0).cwiseAbs().sum() 0.00420617
stable?: 1 converged?: 0 G: 3.23984e-08
tp: 4
Elapsed Time d2w: 118735 us
Elapsed Time dG: 7630 us
vz_norm: 1.38381e-07vp_norm: 8.65733e-09
zk  -0.00191309
 -0.00151921
 3.67875e-05
  0.00211266
 -0.00200569
 3.60394e-05
-0.000962087
-0.000764441
 1.87061e-05
 0.000329257
-0.000338154
-1.52085e-05
           0
           0
           0
           0
           0
           0
-9.17468e-06
           0
           0
 3.43661e-05
           0
 3.43262e-05
           0
-1.09458e-05
           0
           0
-5.26882e-07
-1.71399e-05
           0
           0
 1.71594e-05
           0
           0
-8.76723e-08
           0
           0
-1.05413e-08
 5.84919e-09
 1.05657e-08
-5.86274e-09
-1.13663e-05
           0
           0
 1.13664e-05
           0
           0
-1.21864e-08
           0
           0
           0
           0
           0
           0
 6.95809e-06
      0.0948
  -0.0927749
-0.000778805
           0
           0
pk 0.999951
       1
       1
 0.99995
       1
       1
0.999986
0.999997
       1
0.999926
0.999999
       1
0.999924
0.999999
       1
0.999976
0.999996
       1
0.999852
0.999999
       1
0.999878
0.999999
       1
0.999987
       1
0.999965
0.999262
0.999994
0.998597
 1.00046
       1
 1.00101
0.999843
       1
       1
count 21
(curr.pk-pk_prev).cwiseAbs().sum() 0.000185347
(curr.pk-p0).cwiseAbs().sum() 0.00439151
stable?: 1 converged?: 0 G: 3.23984e-08
tp: 4
Elapsed Time d2w: 124504 us
Elapsed Time dG: 8408 us
vz_norm: 1.38504e-07vp_norm: 8.65654e-09
zk   0.00191202
 -0.00151879
 3.31873e-05
  0.00211015
  0.00200482
-3.30817e-05
 0.000961547
-0.000764226
 1.68997e-05
 0.000329103
 0.000338013
 1.58337e-05
           0
           0
           0
           0
           0
           0
-8.27508e-06
           0
           0
-3.43523e-05
           0
 3.43105e-05
           0
-9.86755e-06
           0
           0
   4.751e-07
-1.71322e-05
           0
           0
-1.71526e-05
           0
           0
 7.90448e-08
           0
           0
-1.05321e-08
 5.84082e-09
-1.05575e-08
 5.85493e-09
-1.13617e-05
           0
           0
-1.13618e-05
           0
           0
 1.09859e-08
           0
           0
           0
           0
           0
           0
 6.88949e-06
   0.0947132
   0.0926978
 0.000814642
           0
           0
pk 0.999949
       1
       1
0.999948
       1
       1
0.999985
0.999996
       1
0.999923
0.999999
       1
0.999921
0.999999
       1
0.999975
0.999996
       1
0.999846
0.999999
       1
0.999873
0.999999
       1
0.999987
       1
0.999964
0.999227
0.999994
0.998539
 1.00048
       1
 1.00105
0.999837
       1
       1
count 22
(curr.pk-pk_prev).cwiseAbs().sum() 0.000184999
(curr.pk-p0).cwiseAbs().sum() 0.00457651
stable?: 1 converged?: 0 G: 3.23983e-08
tp: 4
Elapsed Time d2w: 115693 us
Elapsed Time dG: 7426 us
vz_norm: 1.38626e-07vp_norm: 8.65576e-09
zk  -0.00191095
 -0.00151836
 2.96158e-05
  0.00210767
 -0.00200396
 3.01476e-05
-0.000961011
-0.000764011
 1.51077e-05
  0.00032895
-0.000337873
 -1.6454e-05
           0
           0
           0
           0
           0
           0
-7.38264e-06
           0
           0
 3.43386e-05
           0
 3.42949e-05
           0
-8.79787e-06
           0
           0
 -4.2373e-07
-1.71245e-05
           0
           0
 1.71458e-05
           0
           0
-7.04859e-08
           0
           0
-1.05229e-08
 5.83252e-09
 1.05494e-08
-5.84719e-09
 -1.1357e-05
           0
           0
 1.13571e-05
           0
           0
  -9.795e-09
           0
           0
           0
           0
           0
           0
 6.82145e-06
    0.094627
  -0.0926214
-0.000850198
           0
           0
pk 0.999947
       1
       1
0.999946
       1
       1
0.999985
0.999996
       1
 0.99992
0.999999
       1
0.999918
0.999999
       1
0.999974
0.999996
       1
 0.99984
0.999999
       1
0.999868
0.999999
       1
0.999987
       1
0.999963
0.999191
0.999993
 0.99848
  1.0005
       1
 1.00109
0.999831
       1
       1
count 23
(curr.pk-pk_prev).cwiseAbs().sum() 0.000184655
(curr.pk-p0).cwiseAbs().sum() 0.00476117
stable?: 1 converged?: 0 G: 3.23983e-08
tp: 4
Elapsed Time d2w: 118824 us
Elapsed Time dG: 7682 us
vz_norm: 1.38747e-07vp_norm: 8.65499e-09
zk   0.00190989
 -0.00151794
 2.60717e-05
  0.00210521
   0.0020031
-2.72362e-05
 0.000960478
-0.000763796
 1.33295e-05
 0.000328797
 0.000337734
 1.70696e-05
           0
           0
           0
           0
           0
           0
-6.49706e-06
           0
           0
-3.43249e-05
           0
 3.42793e-05
           0
-7.73642e-06
           0
           0
 3.72756e-07
-1.71168e-05
           0
           0
-1.71391e-05
           0
           0
  6.1993e-08
           0
           0
-1.05138e-08
 5.82429e-09
-1.05413e-08
 5.83952e-09
-1.13524e-05
           0
           0
-1.13525e-05
           0
           0
 8.61326e-09
           0
           0
           0
           0
           0
           0
 6.75394e-06
   0.0945414
   0.0925455
 0.000885484
           0
           0
pk 0.999945
       1
       1
0.999944
       1
       1
0.999985
0.999996
       1
0.999917
0.999999
       1
0.999915
0.999999
       1
0.999973
0.999995
       1
0.999834
0.999999
       1
0.999863
0.999999
       1
0.999986
       1
0.999961
0.999156
0.999993
0.998423
 1.00052
       1
 1.00113
0.999826
       1
       1
count 24
(curr.pk-pk_prev).cwiseAbs().sum() 0.000184314
(curr.pk-p0).cwiseAbs().sum() 0.00494548
stable?: 1 converged?: 0 G: 3.23982e-08
tp: 4
Elapsed Time d2w: 123114 us
Elapsed Time dG: 8052 us
vz_norm: 1.38868e-07vp_norm: 8.65422e-09
zk  -0.00190884
 -0.00151751
 2.25545e-05
  0.00210277
 -0.00200224
 2.43468e-05
-0.000959948
-0.000763581
 1.15648e-05
 0.000328645
-0.000337595
-1.76805e-05
           0
           0
           0
           0
           0
           0
-5.61817e-06
           0
           0
 3.43113e-05
           0
 3.42638e-05
           0
-6.68299e-06
           0
           0
-3.22168e-07
-1.71092e-05
           0
           0
 1.71324e-05
           0
           0
-5.35643e-08
           0
           0
-1.05048e-08
 5.81612e-09
 1.05333e-08
-5.83191e-09
-1.13478e-05
           0
           0
 1.13479e-05
           0
           0
-7.44043e-09
           0
           0
           0
           0
           0
           0
 6.68696e-06
   0.0944565
  -0.0924702
-0.000920506
           0
           0
pk 0.999943
       1
       1
0.999942
       1
       1
0.999984
0.999996
       1
0.999914
0.999999
       1
0.999912
0.999999
       1
0.999973
0.999995
       1
0.999828
0.999999
       1
0.999859
0.999999
       1
0.999986
       1
 0.99996
 0.99912
0.999993
0.998365
 1.00054
       1
 1.00117
 0.99982
       1
       1
count 25
(curr.pk-pk_prev).cwiseAbs().sum() 0.000183975
(curr.pk-p0).cwiseAbs().sum() 0.00512946
stable?: 1 converged?: 0 G: 3.23982e-08
tp: 4
Elapsed Time d2w: 118178 us
Elapsed Time dG: 8642 us
vz_norm: 1.38987e-07vp_norm: 8.65346e-09
zk    0.0019078
 -0.00151709
 1.90634e-05
  0.00210034
  0.00200139
 -2.1479e-05
 0.000959422
-0.000763366
 9.81316e-06
 0.000328493
 0.000337457
  1.8287e-05
           0
           0
           0
           0
           0
           0
-4.74583e-06
           0
           0
-3.42978e-05
           0
 3.42484e-05
           0
 -5.6374e-06
           0
           0
 2.71957e-07
-1.71016e-05
           0
           0
-1.71258e-05
           0
           0
 4.51984e-08
           0
           0
-1.04958e-08
 5.80803e-09
-1.05253e-08
 5.82437e-09
-1.13432e-05
           0
           0
-1.13433e-05
           0
           0
 6.27634e-09
           0
           0
           0
           0
           0
           0
  6.6205e-06
   0.0943722
   0.0923955
 0.000955271
           0
           0
pk 0.999941
       1
       1
 0.99994
       1
       1
0.999984
0.999996
       1
0.999911
0.999999
       1
0.999909
0.999999
       1
0.999972
0.999995
       1
0.999822
0.999999
       1
0.999854
0.999999
       1
0.999985
       1
0.999959
0.999085
0.999993
0.998307
 1.00056
       1
 1.00122
0.999814
       1
       1
count 26
(curr.pk-pk_prev).cwiseAbs().sum() 0.000183639
(curr.pk-p0).cwiseAbs().sum() 0.0053131
stable?: 1 converged?: 0 G: 3.23982e-08
tp: 4
Elapsed Time d2w: 118825 us
Elapsed Time dG: 7363 us
vz_norm: 1.39106e-07vp_norm: 8.65271e-09
zk  -0.00190676
 -0.00151667
 1.55981e-05
  0.00209793
 -0.00200054
 1.86324e-05
-0.000958898
-0.000763152
 8.07444e-06
 0.000328343
 -0.00033732
-1.88891e-05
           0
           0
           0
           0
           0
           0
-3.87991e-06
           0
           0
 3.42843e-05
           0
  3.4233e-05
           0
-4.59951e-06
           0
           0
-2.22116e-07
-1.70941e-05
           0
           0
 1.71191e-05
           0
           0
-3.68943e-08
           0
           0
-1.04869e-08
 5.79999e-09
 1.05174e-08
-5.81689e-09
-1.13386e-05
           0
           0
 1.13387e-05
           0
           0
-5.12082e-09
           0
           0
           0
           0
           0
           0
 6.55453e-06
   0.0942885
  -0.0923213
-0.000989783
           0
           0
pk 0.999939
       1
       1
0.999938
       1
       1
0.999983
0.999996
       1
0.999908
0.999999
       1
0.999906
0.999999
       1
0.999971
0.999995
       1
0.999816
0.999999
       1
0.999849
0.999999
       1
0.999985
       1
0.999957
0.999049
0.999992
0.998249
 1.00058
       1
 1.00126
0.999809
       1
       1
count 27
(curr.pk-pk_prev).cwiseAbs().sum() 0.000183306
(curr.pk-p0).cwiseAbs().sum() 0.0054964
stable?: 1 converged?: 0 G: 3.23981e-08
tp: 4
Elapsed Time d2w: 121042 us
Elapsed Time dG: 8078 us
vz_norm: 1.39225e-07vp_norm: 8.65196e-09
zk   0.00190572
 -0.00151624
  1.2158e-05
  0.00209554
  0.00199969
-1.58066e-05
 0.000958378
-0.000762937
 6.34842e-06
 0.000328192
 0.000337183
 1.94868e-05
           0
           0
           0
           0
           0
           0
-3.02032e-06
           0
           0
-3.42708e-05
           0
 3.42177e-05
           0
 -3.5692e-06
           0
           0
  1.7264e-07
-1.70866e-05
           0
           0
-1.71125e-05
           0
           0
 2.86509e-08
           0
           0
 -1.0478e-08
 5.79202e-09
-1.05096e-08
 5.80947e-09
 -1.1334e-05
           0
           0
-1.13342e-05
           0
           0
 3.97373e-09
           0
           0
           0
           0
           0
           0
 6.48906e-06
   0.0942053
   0.0922476
  0.00102404
           0
           0
pk 0.999937
       1
       1
0.999936
       1
       1
0.999983
0.999996
       1
0.999905
0.999999
       1
0.999903
0.999999
       1
 0.99997
0.999995
       1
0.999811
0.999999
       1
0.999844
0.999999
       1
0.999984
       1
0.999956
0.999014
0.999992
0.998192
  1.0006
       1
  1.0013
0.999803
       1
       1
count 28
(curr.pk-pk_prev).cwiseAbs().sum() 0.000182975
(curr.pk-p0).cwiseAbs().sum() 0.00567938
stable?: 1 converged?: 0 G: 3.23981e-08
tp: 4
Elapsed Time d2w: 116972 us
Elapsed Time dG: 7680 us
vz_norm: 1.39343e-07vp_norm: 8.65121e-09
zk   -0.0019047
 -0.00151582
 8.74288e-06
  0.00209317
 -0.00199885
 1.30014e-05
 -0.00095786
-0.000762723
 4.63489e-06
 0.000328043
-0.000337047
-2.00802e-05
           0
           0
           0
           0
           0
           0
-2.16695e-06
           0
           0
 3.42575e-05
           0
 3.42025e-05
           0
-2.54635e-06
           0
           0
-1.23522e-07
-1.70791e-05
           0
           0
 1.71059e-05
           0
           0
-2.04672e-08
           0
           0
-1.04693e-08
 5.78412e-09
 1.05018e-08
-5.80211e-09
-1.13295e-05
           0
           0
 1.13296e-05
           0
           0
-2.83495e-09
           0
           0
           0
           0
           0
           0
 6.42407e-06
   0.0941227
  -0.0921745
 -0.00105806
           0
           0
pk 0.999935
       1
       1
0.999934
       1
       1
0.999982
0.999996
       1
0.999902
0.999999
       1
  0.9999
0.999999
       1
0.999969
0.999995
       1
0.999805
0.999999
       1
0.999839
0.999999
       1
0.999984
       1
0.999955
0.998978
0.999992
0.998134
 1.00061
       1
 1.00134
0.999798
       1
       1
count 29
(curr.pk-pk_prev).cwiseAbs().sum() 0.000182647
(curr.pk-p0).cwiseAbs().sum() 0.00586203
stable?: 1 converged?: 0 G: 3.2398e-08
tp: 4
Elapsed Time d2w: 124109 us
Elapsed Time dG: 8106 us
vz_norm: 1.3946e-07vp_norm: 8.65047e-09
zk   0.00190368
  -0.0015154
 5.35227e-06
  0.00209081
  0.00199801
-1.02164e-05
 0.000957346
-0.000762508
 2.93367e-06
 0.000327894
 0.000336911
 2.06694e-05
           0
           0
           0
           0
           0
           0
-1.31971e-06
           0
           0
-3.42442e-05
           0
 3.41873e-05
           0
-1.53084e-06
           0
           0
 7.47579e-08
-1.70716e-05
           0
           0
-1.70994e-05
           0
           0
 1.23424e-08
           0
           0
-1.04605e-08
 5.77627e-09
-1.04941e-08
 5.79481e-09
 -1.1325e-05
           0
           0
-1.13251e-05
           0
           0
 1.70434e-09
           0
           0
           0
           0
           0
           0
 6.35956e-06
   0.0940407
   0.0921019
  0.00109184
           0
           0
pk 0.999933
       1
       1
0.999932
       1
       1
0.999982
0.999995
       1
  0.9999
0.999999
       1
0.999897
0.999999
       1
0.999968
0.999995
       1
0.999799
0.999999
       1
0.999834
0.999999
       1
0.999983
       1
0.999954
0.998943
0.999991
0.998077
 1.00063
       1
 1.00138
0.999792
       1
       1
count 30
(curr.pk-pk_prev).cwiseAbs().sum() 0.000182322
(curr.pk-p0).cwiseAbs().sum() 0.00604435
stable?: 1 converged?: 0 G: 3.2398e-08
tp: 4
Elapsed Time d2w: 118779 us
Elapsed Time dG: 7843 us
vz_norm: 1.39576e-07vp_norm: 8.64974e-09
zk  -0.00190266
 -0.00151498
 1.98581e-06
  0.00208847
 -0.00199718
 7.45123e-06
-0.000956834
-0.000762294
 1.24457e-06
 0.000327746
-0.000336776
-2.12545e-05
           0
           0
           0
           0
           0
           0
-4.78497e-07
           0
           0
 3.42309e-05
           0
 3.41722e-05
           0
-5.22562e-07
           0
           0
-2.63413e-08
-1.70642e-05
           0
           0
 1.70929e-05
           0
           0
-4.27549e-09
           0
           0
-1.04518e-08
 5.76849e-09
 1.04864e-08
-5.78757e-09
-1.13205e-05
           0
           0
 1.13206e-05
           0
           0
-5.81789e-10
           0
           0
           0
           0
           0
           0
 6.29552e-06
   0.0939592
  -0.0920298
 -0.00112537
           0
           0
pk 0.999932
       1
       1
 0.99993
       1
       1
0.999981
0.999995
       1
0.999897
0.999999
       1
0.999894
0.999999
       1
0.999967
0.999994
       1
0.999793
0.999999
       1
 0.99983
0.999999
       1
0.999983
       1
0.999952
0.998908
0.999991
 0.99802
 1.00065
       1
 1.00142
0.999786
       1
       1
count 31
(curr.pk-pk_prev).cwiseAbs().sum() 0.000181999
(curr.pk-p0).cwiseAbs().sum() 0.00622635
stable?: 1 converged?: 0 G: 3.23979e-08
tp: 4
Elapsed Time d2w: 133434 us
Elapsed Time dG: 8045 us
vz_norm: 1.39692e-07vp_norm: 8.64901e-09
zk   0.00190165
 -0.00151455
-1.35685e-06
  0.00208614
  0.00199635
-4.70569e-06
 0.000956326
 -0.00076208
-4.32597e-07
 0.000327598
 0.000336642
 2.18354e-05
           0
           0
           0
           0
           0
           0
 3.56765e-07
           0
           0
-3.42177e-05
           0
 3.41572e-05
           0
 4.78591e-07
           0
           0
-2.17326e-08
-1.70568e-05
           0
           0
-1.70864e-05
           0
           0
 -3.7343e-09
           0
           0
-1.04432e-08
 5.76076e-09
-1.04788e-08
 5.78039e-09
 -1.1316e-05
           0
           0
-1.13161e-05
           0
           0
-5.32835e-10
           0
           0
           0
           0
           0
           0
 6.23194e-06
   0.0938783
   0.0919582
  0.00115868
           0
           0
pk  0.99993
       1
       1
0.999928
       1
       1
0.999981
0.999995
       1
0.999894
0.999999
       1
0.999891
0.999999
       1
0.999967
0.999994
       1
0.999787
0.999999
       1
0.999825
0.999999
       1
0.999983
       1
0.999951
0.998873
0.999991
0.997963
 1.00067
       1
 1.00146
0.999781
       1
       1
count 32
(curr.pk-pk_prev).cwiseAbs().sum() 0.000181678
(curr.pk-p0).cwiseAbs().sum() 0.00640802
stable?: 1 converged?: 0 G: 3.23979e-08
tp: 4
Elapsed Time d2w: 117037 us
Elapsed Time dG: 7498 us
vz_norm: 1.39807e-07vp_norm: 8.64828e-09
zk  -0.00190064
 -0.00151413
-4.67607e-06
  0.00208383
 -0.00199553
 1.97947e-06
 -0.00095582
-0.000761866
  -2.098e-06
 0.000327451
-0.000336508
-2.24123e-05
           0
           0
           0
           0
           0
           0
 1.18617e-06
           0
           0
 3.42046e-05
           0
 3.41422e-05
           0
 1.47273e-06
           0
           0
 6.94688e-08
-1.70494e-05
           0
           0
 1.70799e-05
           0
           0
 1.16879e-08
           0
           0
-1.04347e-08
  5.7531e-09
 1.04712e-08
-5.77326e-09
-1.13115e-05
           0
           0
 1.13117e-05
           0
           0
 1.63964e-09
           0
           0
           0
           0
           0
           0
 6.16883e-06
   0.0937979
  -0.0918871
 -0.00119175
           0
           0
pk 0.999928
       1
       1
0.999926
       1
       1
 0.99998
0.999995
       1
0.999891
0.999999
       1
0.999889
0.999999
       1
0.999966
0.999994
       1
0.999781
0.999999
       1
 0.99982
0.999999
       1
0.999982
       1
 0.99995
0.998837
0.999991
0.997906
 1.00069
       1
  1.0015
0.999775
       1
       1
count 33
(curr.pk-pk_prev).cwiseAbs().sum() 0.00018136
(curr.pk-p0).cwiseAbs().sum() 0.00658938
stable?: 1 converged?: 0 G: 3.23979e-08
tp: 4
Elapsed Time d2w: 122777 us
Elapsed Time dG: 7446 us
vz_norm: 1.39922e-07vp_norm: 8.64756e-09
zk   0.00189965
 -0.00151371
-7.97218e-06
  0.00208154
  0.00199471
 7.27714e-07
 0.000955316
-0.000761652
-3.75181e-06
 0.000327305
 0.000336375
 2.29853e-05
           0
           0
           0
           0
           0
           0
  2.0098e-06
           0
           0
-3.41915e-05
           0
 3.41272e-05
           0
 2.45994e-06
           0
           0
-1.16872e-07
 -1.7042e-05
           0
           0
-1.70735e-05
           0
           0
 -1.9586e-08
           0
           0
-1.04262e-08
 5.74549e-09
-1.04637e-08
 5.76619e-09
-1.13071e-05
           0
           0
-1.13072e-05
           0
           0
-2.73875e-09
           0
           0
           0
           0
           0
           0
 6.10616e-06
    0.093718
   0.0918164
  0.00122459
           0
           0
pk 0.999926
       1
       1
0.999924
       1
       1
 0.99998
0.999995
       1
0.999888
0.999998
       1
0.999886
0.999998
       1
0.999965
0.999994
       1
0.999776
0.999999
       1
0.999815
0.999999
       1
0.999982
       1
0.999949
0.998802
 0.99999
0.997849
 1.00071
       1
 1.00154
 0.99977
       1
       1
count 34
(curr.pk-pk_prev).cwiseAbs().sum() 0.000181044
(curr.pk-p0).cwiseAbs().sum() 0.00677043
stable?: 1 converged?: 0 G: 3.23978e-08
tp: 4
Elapsed Time d2w: 123999 us
Elapsed Time dG: 8663 us
vz_norm: 1.40036e-07vp_norm: 8.64685e-09
zk  -0.00189865
 -0.00151329
-1.12455e-05
  0.00207926
 -0.00199389
-3.41614e-06
-0.000954816
-0.000761439
 -5.3942e-06
 0.000327159
-0.000336243
-2.35543e-05
           0
           0
           0
           0
           0
           0
 2.82774e-06
           0
           0
 3.41785e-05
           0
 3.41123e-05
           0
 3.44034e-06
           0
           0
 1.63948e-07
-1.70347e-05
           0
           0
 1.70671e-05
           0
           0
 2.74295e-08
           0
           0
-1.04177e-08
 5.73794e-09
 1.04562e-08
-5.75917e-09
-1.13027e-05
           0
           0
 1.13028e-05
           0
           0
 3.83027e-09
           0
           0
           0
           0
           0
           0
 6.04393e-06
   0.0936386
  -0.0917463
 -0.00125721
           0
           0
pk 0.999924
       1
       1
0.999922
       1
       1
0.999979
0.999995
       1
0.999885
0.999998
       1
0.999883
0.999998
       1
0.999964
0.999994
       1
 0.99977
0.999999
       1
 0.99981
0.999999
       1
0.999981
       1
0.999948
0.998767
 0.99999
0.997792
 1.00073
       1
 1.00158
0.999764
       1
       1
count 35
(curr.pk-pk_prev).cwiseAbs().sum() 0.00018073
(curr.pk-p0).cwiseAbs().sum() 0.00695116
stable?: 1 converged?: 0 G: 3.23978e-08
tp: 4
Elapsed Time d2w: 120536 us
Elapsed Time dG: 7658 us
vz_norm: 1.4015e-07vp_norm: 8.64613e-09
zk   0.00189766
 -0.00151287
-1.44964e-05
    0.002077
  0.00199308
 6.08609e-06
 0.000954318
-0.000761225
-7.02533e-06
 0.000327014
 0.000336111
 2.41195e-05
           0
           0
           0
           0
           0
           0
 3.64008e-06
           0
           0
-3.41655e-05
           0
 3.40975e-05
           0
 4.41402e-06
           0
           0
  -2.107e-07
-1.70274e-05
           0
           0
-1.70607e-05
           0
           0
-3.52191e-08
           0
           0
-1.04093e-08
 5.73044e-09
-1.04488e-08
  5.7522e-09
-1.12983e-05
           0
           0
-1.12984e-05
           0
           0
-4.91431e-09
           0
           0
           0
           0
           0
           0
 5.98214e-06
   0.0935598
   0.0916766
  0.00128961
           0
           0
pk 0.999922
       1
       1
 0.99992
       1
       1
0.999979
0.999995
       1
0.999882
0.999998
       1
 0.99988
0.999998
       1
0.999963
0.999994
       1
0.999764
0.999999
       1
0.999806
0.999999
       1
0.999981
       1
0.999946
0.998732
 0.99999
0.997735
 1.00075
       1
 1.00162
0.999759
       1
       1
count 36
(curr.pk-pk_prev).cwiseAbs().sum() 0.000180419
(curr.pk-p0).cwiseAbs().sum() 0.00713158
stable?: 1 converged?: 0 G: 3.23977e-08
tp: 4
Elapsed Time d2w: 116131 us
Elapsed Time dG: 7957 us
vz_norm: 1.40262e-07vp_norm: 8.64543e-09
zk  -0.00189668
 -0.00151245
-1.77252e-05
  0.00207475
 -0.00199227
 -8.7378e-06
-0.000953823
-0.000761012
-8.64536e-06
  0.00032687
-0.000335979
-2.46808e-05
           0
           0
           0
           0
           0
           0
 4.44689e-06
           0
           0
 3.41526e-05
           0
 3.40828e-05
           0
 5.38108e-06
           0
           0
 2.57134e-07
-1.70202e-05
           0
           0
 1.70543e-05
           0
           0
 4.29557e-08
           0
           0
-1.04009e-08
   5.723e-09
 1.04415e-08
-5.74529e-09
-1.12939e-05
           0
           0
  1.1294e-05
           0
           0
 5.99097e-09
           0
           0
           0
           0
           0
           0
 5.92079e-06
   0.0934814
  -0.0916074
 -0.00132179
           0
           0
pk  0.99992
       1
       1
0.999918
       1
       1
0.999978
0.999995
       1
0.999879
0.999998
       1
0.999877
0.999998
       1
0.999962
0.999994
       1
0.999758
0.999999
       1
0.999801
0.999999
       1
 0.99998
       1
0.999945
0.998697
 0.99999
0.997679
 1.00077
       1
 1.00166
0.999753
       1
       1
count 37
(curr.pk-pk_prev).cwiseAbs().sum() 0.00018011
(curr.pk-p0).cwiseAbs().sum() 0.00731169
stable?: 1 converged?: 0 G: 3.23977e-08
tp: 4
Elapsed Time d2w: 120060 us
Elapsed Time dG: 8283 us
vz_norm: 1.40375e-07vp_norm: 8.64472e-09
zk    0.0018957
 -0.00151203
-2.09321e-05
  0.00207252
  0.00199146
 1.13716e-05
 0.000953331
-0.000760799
-1.02545e-05
 0.000326726
 0.000335848
 2.52384e-05
           0
           0
           0
           0
           0
           0
 5.24824e-06
           0
           0
-3.41397e-05
           0
  3.4068e-05
           0
  6.3416e-06
           0
           0
-3.03254e-07
-1.70129e-05
           0
           0
 -1.7048e-05
           0
           0
-5.06399e-08
           0
           0
-1.03926e-08
 5.71562e-09
-1.04341e-08
 5.73843e-09
-1.12895e-05
           0
           0
-1.12897e-05
           0
           0
-7.06036e-09
           0
           0
           0
           0
           0
           0
 5.85985e-06
   0.0934036
   0.0915387
  0.00135375
           0
           0
pk 0.999918
       1
       1
0.999916
       1
       1
0.999978
0.999995
       1
0.999876
0.999998
       1
0.999874
0.999998
       1
0.999961
0.999993
       1
0.999752
0.999999
       1
0.999796
0.999999
       1
 0.99998
       1
0.999944
0.998662
0.999989
0.997622
 1.00079
       1
  1.0017
0.999748
       1
       1
count 38
(curr.pk-pk_prev).cwiseAbs().sum() 0.000179803
(curr.pk-p0).cwiseAbs().sum() 0.00749149
stable?: 1 converged?: 0 G: 3.23977e-08
tp: 4
Elapsed Time d2w: 119600 us
Elapsed Time dG: 7384 us
vz_norm: 1.40486e-07vp_norm: 8.64402e-09
zk  -0.00189473
 -0.00151161
-2.41176e-05
   0.0020703
 -0.00199066
-1.39876e-05
-0.000952841
-0.000760586
-1.18527e-05
 0.000326582
-0.000335718
-2.57923e-05
           0
           0
           0
           0
           0
           0
 6.04423e-06
           0
           0
 3.41269e-05
           0
 3.40534e-05
           0
 7.29568e-06
           0
           0
 3.49064e-07
-1.70057e-05
           0
           0
 1.70417e-05
           0
           0
 5.82726e-08
           0
           0
-1.03844e-08
 5.70828e-09
 1.04269e-08
-5.73162e-09
-1.12851e-05
           0
           0
 1.12853e-05
           0
           0
 8.12258e-09
           0
           0
           0
           0
           0
           0
 5.79934e-06
   0.0933262
  -0.0914704
 -0.00138551
           0
           0
pk 0.999916
       1
       1
0.999914
       1
       1
0.999977
0.999994
       1
0.999873
0.999998
       1
0.999871
0.999998
       1
0.999961
0.999993
       1
0.999747
0.999999
       1
0.999792
0.999999
       1
0.999979
       1
0.999943
0.998627
0.999989
0.997566
  1.0008
       1
 1.00174
0.999743
       1
       1
count 39
(curr.pk-pk_prev).cwiseAbs().sum() 0.000179498
(curr.pk-p0).cwiseAbs().sum() 0.00767099
stable?: 1 converged?: 0 G: 3.23976e-08
tp: 4
Elapsed Time d2w: 117557 us
Elapsed Time dG: 7766 us
vz_norm: 1.40597e-07vp_norm: 8.64333e-09
zk   0.00189376
 -0.00151119
-2.72818e-05
   0.0020681
  0.00198986
 1.65861e-05
 0.000952354
-0.000760373
-1.34404e-05
 0.000326439
 0.000335588
 2.63426e-05
           0
           0
           0
           0
           0
           0
 6.83491e-06
           0
           0
-3.41141e-05
           0
 3.40388e-05
           0
 8.24342e-06
           0
           0
-3.94568e-07
-1.69985e-05
           0
           0
-1.70354e-05
           0
           0
-6.58543e-08
           0
           0
-1.03762e-08
   5.701e-09
-1.04196e-08
 5.72487e-09
-1.12808e-05
           0
           0
 -1.1281e-05
           0
           0
-9.17773e-09
           0
           0
           0
           0
           0
           0
 5.73924e-06
   0.0932494
   0.0914025
  0.00141705
           0
           0
pk 0.999914
       1
       1
0.999912
       1
       1
0.999977
0.999994
       1
0.999871
0.999998
       1
0.999868
0.999998
       1
 0.99996
0.999993
       1
0.999741
0.999999
       1
0.999787
0.999999
       1
0.999979
       1
0.999941
0.998592
0.999989
 0.99751
 1.00082
       1
 1.00178
0.999737
       1
       1
count 40
(curr.pk-pk_prev).cwiseAbs().sum() 0.000179196
(curr.pk-p0).cwiseAbs().sum() 0.00785018
stable?: 1 converged?: 0 G: 3.23976e-08
tp: 4
Elapsed Time d2w: 125004 us
Elapsed Time dG: 8321 us
vz_norm: 1.40708e-07vp_norm: 8.64264e-09
zk   -0.0018928
 -0.00151077
-3.04252e-05
  0.00206591
 -0.00198906
-1.91675e-05
-0.000951869
-0.000760161
-1.50176e-05
 0.000326297
-0.000335459
-2.68892e-05
           0
           0
           0
           0
           0
           0
 7.62037e-06
           0
           0
 3.41014e-05
           0
 3.40243e-05
           0
 9.18489e-06
           0
           0
 4.39772e-07
-1.69914e-05
           0
           0
 1.70291e-05
           0
           0
 7.33859e-08
           0
           0
-1.03681e-08
 5.69378e-09
 1.04125e-08
-5.71816e-09
-1.12765e-05
           0
           0
 1.12766e-05
           0
           0
 1.02259e-08
           0
           0
           0
           0
           0
           0
 5.67954e-06
    0.093173
  -0.0913351
 -0.00144838
           0
           0
pk 0.999912
       1
       1
 0.99991
       1
       1
0.999977
0.999994
       1
0.999868
0.999998
       1
0.999865
0.999998
       1
0.999959
0.999993
       1
0.999735
0.999999
       1
0.999782
0.999999
       1
0.999979
       1
 0.99994
0.998557
0.999989
0.997454
 1.00084
       1
 1.00182
0.999732
       1
       1
count 41
(curr.pk-pk_prev).cwiseAbs().sum() 0.000178895
(curr.pk-p0).cwiseAbs().sum() 0.00802908
stable?: 1 converged?: 0 G: 3.23975e-08
tp: 4
Elapsed Time d2w: 118900 us
Elapsed Time dG: 8609 us
vz_norm: 1.40818e-07vp_norm: 8.64195e-09
zk   0.00189184
 -0.00151035
-3.35478e-05
  0.00206374
  0.00198827
 2.17318e-05
 0.000951387
-0.000759948
-1.65844e-05
 0.000326155
  0.00033533
 2.74323e-05
           0
           0
           0
           0
           0
           0
 8.40067e-06
           0
           0
-3.40887e-05
           0
 3.40098e-05
           0
 1.01202e-05
           0
           0
-4.84678e-07
-1.69843e-05
           0
           0
-1.70229e-05
           0
           0
 -8.0868e-08
           0
           0
  -1.036e-08
  5.6866e-09
-1.04053e-08
  5.7115e-09
-1.12722e-05
           0
           0
-1.12723e-05
           0
           0
-1.12672e-08
           0
           0
           0
           0
           0
           0
 5.62025e-06
   0.0930971
   0.0912681
  0.00147952
           0
           0
pk  0.99991
       1
       1
0.999908
       1
       1
0.999976
0.999994
       1
0.999865
0.999998
       1
0.999862
0.999998
       1
0.999958
0.999993
       1
0.999729
0.999999
       1
0.999777
0.999999
       1
0.999978
       1
0.999939
0.998522
0.999988
0.997397
 1.00086
       1
 1.00186
0.999727
       1
       1
count 42
(curr.pk-pk_prev).cwiseAbs().sum() 0.000178597
(curr.pk-p0).cwiseAbs().sum() 0.00820767
stable?: 1 converged?: 0 G: 3.23975e-08
tp: 4
Elapsed Time d2w: 119579 us
Elapsed Time dG: 8786 us
vz_norm: 1.40928e-07vp_norm: 8.64127e-09
zk  -0.00189089
 -0.00150993
-3.66502e-05
  0.00206158
 -0.00198748
-2.42794e-05
-0.000950907
-0.000759736
 -1.8141e-05
 0.000326014
-0.000335202
-2.79719e-05
           0
           0
           0
           0
           0
           0
 9.17588e-06
           0
           0
 3.40761e-05
           0
 3.39953e-05
           0
 1.10494e-05
           0
           0
 5.29291e-07
-1.69772e-05
           0
           0
 1.70167e-05
           0
           0
 8.83012e-08
           0
           0
-1.03519e-08
 5.67947e-09
 1.03982e-08
-5.70489e-09
-1.12679e-05
           0
           0
 1.12681e-05
           0
           0
 1.23017e-08
           0
           0
           0
           0
           0
           0
 5.56135e-06
   0.0930216
  -0.0912016
 -0.00151045
           0
           0
pk 0.999909
       1
       1
0.999907
       1
       1
0.999976
0.999994
       1
0.999862
0.999998
       1
0.999859
0.999998
       1
0.999957
0.999993
       1
0.999724
0.999999
       1
0.999773
0.999999
       1
0.999978
       1
0.999938
0.998487
0.999988
0.997341
 1.00088
 1.00001
  1.0019
0.999721
       1
       1
count 43
(curr.pk-pk_prev).cwiseAbs().sum() 0.000178301
(curr.pk-p0).cwiseAbs().sum() 0.00838598
stable?: 1 converged?: 0 G: 3.23975e-08
tp: 4
Elapsed Time d2w: 117306 us
Elapsed Time dG: 7602 us
vz_norm: 1.41036e-07vp_norm: 8.64059e-09
zk   0.00188994
 -0.00150951
-3.97324e-05
  0.00205943
   0.0019867
 2.68104e-05
  0.00095043
-0.000759524
-1.96875e-05
 0.000325873
 0.000335074
  2.8508e-05
           0
           0
           0
           0
           0
           0
 9.94608e-06
           0
           0
-3.40636e-05
           0
 3.39809e-05
           0
 1.19726e-05
           0
           0
-5.73614e-07
-1.69701e-05
           0
           0
-1.70105e-05
           0
           0
-9.56862e-08
           0
           0
-1.03439e-08
  5.6724e-09
-1.03912e-08
 5.69833e-09
-1.12636e-05
           0
           0
-1.12638e-05
           0
           0
-1.33295e-08
           0
           0
           0
           0
           0
           0
 5.50284e-06
   0.0929466
   0.0911355
  0.00154118
           0
           0
pk 0.999907
       1
       1
0.999905
       1
       1
0.999975
0.999994
       1
0.999859
0.999998
       1
0.999856
0.999998
       1
0.999957
0.999993
       1
0.999718
0.999999
       1
0.999768
0.999999
       1
0.999977
       1
0.999937
0.998453
0.999988
0.997286
  1.0009
 1.00001
 1.00194
0.999716
       1
       1
count 44
(curr.pk-pk_prev).cwiseAbs().sum() 0.000178006
(curr.pk-p0).cwiseAbs().sum() 0.00856398
stable?: 1 converged?: 0 G: 3.23974e-08
tp: 4
Elapsed Time d2w: 119841 us
Elapsed Time dG: 7184 us
vz_norm: 1.41145e-07vp_norm: 8.63991e-09
zk    -0.001889
 -0.00150909
-4.27949e-05
   0.0020573
 -0.00198591
-2.93251e-05
-0.000949955
-0.000759312
-2.12241e-05
 0.000325733
-0.000334947
-2.90408e-05
           0
           0
           0
           0
           0
           0
 1.07113e-05
           0
           0
 3.40511e-05
           0
 3.39666e-05
           0
 1.28898e-05
           0
           0
 6.17653e-07
-1.69631e-05
           0
           0
 1.70044e-05
           0
           0
 1.03024e-07
           0
           0
-1.03359e-08
 5.66537e-09
 1.03842e-08
-5.69181e-09
-1.12593e-05
           0
           0
 1.12595e-05
           0
           0
 1.43508e-08
           0
           0
           0
           0
           0
           0
 5.44471e-06
    0.092872
  -0.0910698
 -0.00157172
           0
           0
pk 0.999905
       1
       1
0.999903
       1
       1
0.999975
0.999994
       1
0.999856
0.999998
       1
0.999853
0.999998
       1
0.999956
0.999992
       1
0.999712
0.999999
       1
0.999763
0.999999
       1
0.999977
       1
0.999936
0.998418
0.999988
 0.99723
 1.00092
 1.00001
 1.00198
0.999711
       1
       1
count 45
(curr.pk-pk_prev).cwiseAbs().sum() 0.000177714
(curr.pk-p0).cwiseAbs().sum() 0.0087417
stable?: 1 converged?: 0 G: 3.23974e-08
tp: 4
Elapsed Time d2w: 126654 us
Elapsed Time dG: 7987 us
vz_norm: 1.41253e-07vp_norm: 8.63924e-09
zk   0.00188806
 -0.00150867
-4.58377e-05
  0.00205518
  0.00198514
 3.18237e-05
 0.000949482
  -0.0007591
-2.27508e-05
 0.000325593
  0.00033482
 2.95701e-05
           0
           0
           0
           0
           0
           0
 1.14717e-05
           0
           0
-3.40386e-05
           0
 3.39523e-05
           0
 1.38012e-05
           0
           0
 -6.6141e-07
 -1.6956e-05
           0
           0
-1.69982e-05
           0
           0
-1.10314e-07
           0
           0
 -1.0328e-08
 5.65839e-09
-1.03772e-08
 5.68534e-09
-1.12551e-05
           0
           0
-1.12553e-05
           0
           0
-1.53655e-08
           0
           0
           0
           0
           0
           0
 5.38697e-06
   0.0927979
   0.0910044
  0.00160207
           0
           0
pk 0.999903
       1
       1
0.999901
       1
       1
0.999974
0.999994
       1
0.999853
0.999998
       1
 0.99985
0.999998
       1
0.999955
0.999992
       1
0.999706
0.999999
       1
0.999759
0.999999
       1
0.999977
       1
0.999934
0.998383
0.999987
0.997174
 1.00094
 1.00001
 1.00202
0.999705
       1
       1
count 46
(curr.pk-pk_prev).cwiseAbs().sum() 0.000177424
(curr.pk-p0).cwiseAbs().sum() 0.00891912
stable?: 1 converged?: 0 G: 3.23973e-08
tp: 4
Elapsed Time d2w: 118066 us
Elapsed Time dG: 7814 us
vz_norm: 1.4136e-07vp_norm: 8.63858e-09
zk  -0.00188712
 -0.00150825
-4.88613e-05
  0.00205307
 -0.00198436
-3.43064e-05
-0.000949012
-0.000758889
-2.42679e-05
 0.000325454
-0.000334694
-3.00961e-05
           0
           0
           0
           0
           0
           0
 1.22272e-05
           0
           0
 3.40262e-05
           0
 3.39381e-05
           0
 1.47068e-05
           0
           0
 7.04889e-07
 -1.6949e-05
           0
           0
 1.69921e-05
           0
           0
 1.17559e-07
           0
           0
-1.03202e-08
 5.65146e-09
 1.03703e-08
-5.67892e-09
-1.12509e-05
           0
           0
 1.12511e-05
           0
           0
 1.63737e-08
           0
           0
           0
           0
           0
           0
  5.3296e-06
   0.0927242
  -0.0909396
 -0.00163222
           0
           0
pk 0.999901
       1
       1
0.999899
       1
       1
0.999974
0.999994
       1
0.999851
0.999998
       1
0.999848
0.999998
       1
0.999954
0.999992
       1
0.999701
0.999999
       1
0.999754
0.999999
       1
0.999976
       1
0.999933
0.998348
0.999987
0.997118
 1.00096
 1.00001
 1.00206
  0.9997
       1
       1
count 47
(curr.pk-pk_prev).cwiseAbs().sum() 0.000177136
(curr.pk-p0).cwiseAbs().sum() 0.00909626
stable?: 1 converged?: 0 G: 3.23973e-08
tp: 4
Elapsed Time d2w: 114863 us
Elapsed Time dG: 8058 us
vz_norm: 1.41467e-07vp_norm: 8.63791e-09
zk   0.00188619
 -0.00150784
-5.18659e-05
  0.00205097
  0.00198359
 3.67734e-05
 0.000948544
-0.000758677
-2.57755e-05
 0.000325316
 0.000334568
 3.06189e-05
           0
           0
           0
           0
           0
           0
  1.2978e-05
           0
           0
-3.40138e-05
           0
 3.39239e-05
           0
 1.56067e-05
           0
           0
-7.48093e-07
-1.69421e-05
           0
           0
 -1.6986e-05
           0
           0
-1.24757e-07
           0
           0
-1.03123e-08
 5.64457e-09
-1.03634e-08
 5.67254e-09
-1.12467e-05
           0
           0
-1.12469e-05
           0
           0
-1.73756e-08
           0
           0
           0
           0
           0
           0
  5.2726e-06
    0.092651
   0.0908751
  0.00166219
           0
           0
pk 0.999899
       1
       1
0.999897
       1
       1
0.999973
0.999993
       1
0.999848
0.999998
       1
0.999845
0.999998
       1
0.999953
0.999992
       1
0.999695
0.999999
       1
0.999749
0.999999
       1
0.999976
       1
0.999932
0.998314
0.999987
0.997063
 1.00097
 1.00001
  1.0021
0.999695
       1
       1
count 48
(curr.pk-pk_prev).cwiseAbs().sum() 0.000176849
(curr.pk-p0).cwiseAbs().sum() 0.0092731
stable?: 1 converged?: 0 G: 3.23973e-08
tp: 4
Elapsed Time d2w: 121371 us
Elapsed Time dG: 8395 us
vz_norm: 1.41573e-07vp_norm: 8.63725e-09
zk  -0.00188527
 -0.00150742
-5.48516e-05
  0.00204889
 -0.00198282
-3.92249e-05
-0.000948078
-0.000758466
-2.72736e-05
 0.000325178
-0.000334443
-3.11384e-05
           0
           0
           0
           0
           0
           0
 1.37241e-05
           0
           0
 3.40015e-05
           0
 3.39098e-05
           0
  1.6501e-05
           0
           0
 7.91027e-07
-1.69351e-05
           0
           0
   1.698e-05
           0
           0
 1.31911e-07
           0
           0
-1.03046e-08
 5.63773e-09
 1.03566e-08
-5.66621e-09
-1.12425e-05
           0
           0
 1.12427e-05
           0
           0
 1.83713e-08
           0
           0
           0
           0
           0
           0
 5.21597e-06
   0.0925782
  -0.0908109
 -0.00169197
           0
           0
pk 0.999897
       1
       1
0.999895
       1
       1
0.999973
0.999993
       1
0.999845
0.999998
       1
0.999842
0.999998
       1
0.999953
0.999992
       1
0.999689
0.999999
       1
0.999745
0.999999
       1
0.999975
       1
0.999931
0.998279
0.999987
0.997008
 1.00099
 1.00001
 1.00214
 0.99969
       1
       1
count 49
(curr.pk-pk_prev).cwiseAbs().sum() 0.000176565
(curr.pk-p0).cwiseAbs().sum() 0.00944967
stable?: 1 converged?: 0 G: 3.23972e-08
tp: 4
Elapsed Time d2w: 114723 us
Elapsed Time dG: 7516 us
vz_norm: 1.41679e-07vp_norm: 8.63659e-09
zk   0.00188435
   -0.001507
-5.78188e-05
  0.00204682
  0.00198205
 4.16612e-05
 0.000947615
-0.000758255
-2.87624e-05
  0.00032504
 0.000334318
 3.16547e-05
           0
           0
           0
           0
           0
           0
 1.44655e-05
           0
           0
-3.39892e-05
           0
 3.38957e-05
           0
 1.73898e-05
           0
           0
-8.33694e-07
-1.69282e-05
           0
           0
-1.69739e-05
           0
           0
 -1.3902e-07
           0
           0
-1.02968e-08
 5.63094e-09
-1.03498e-08
 5.65991e-09
-1.12383e-05
           0
           0
-1.12385e-05
           0
           0
-1.93608e-08
           0
           0
           0
           0
           0
           0
 5.15969e-06
   0.0925058
   0.0907472
  0.00172157
           0
           0
pk 0.999895
       1
       1
0.999893
       1
       1
0.999973
0.999993
       1
0.999842
0.999998
       1
0.999839
0.999998
       1
0.999952
0.999992
       1
0.999684
0.999999
       1
 0.99974
0.999999
       1
0.999975
       1
 0.99993
0.998244
0.999986
0.996952
 1.00101
 1.00001
 1.00218
0.999685
       1
       1
count 50
(curr.pk-pk_prev).cwiseAbs().sum() 0.000176282
(curr.pk-p0).cwiseAbs().sum() 0.00962595
stable?: 1 converged?: 0 G: 3.23972e-08
tp: 4
Elapsed Time d2w: 127043 us
Elapsed Time dG: 7616 us
vz_norm: 1.41785e-07vp_norm: 8.63594e-09
zk  -0.00188343
 -0.00150658
-6.07676e-05
  0.00204477
 -0.00198129
-4.40823e-05
-0.000947154
-0.000758045
 -3.0242e-05
 0.000324903
-0.000334194
-3.21678e-05
           0
           0
           0
           0
           0
           0
 1.52024e-05
           0
           0
  3.3977e-05
           0
 3.38817e-05
           0
  1.8273e-05
           0
           0
 8.76097e-07
-1.69213e-05
           0
           0
 1.69679e-05
           0
           0
 1.46085e-07
           0
           0
-1.02891e-08
 5.62419e-09
  1.0343e-08
-5.65367e-09
-1.12341e-05
           0
           0
 1.12343e-05
           0
           0
 2.03441e-08
           0
           0
           0
           0
           0
           0
 5.10377e-06
   0.0924338
  -0.0906839
 -0.00175098
           0
           0
pk 0.999894
       1
       1
0.999891
       1
       1
0.999972
0.999993
       1
0.999839
0.999998
       1
0.999836
0.999998
       1
0.999951
0.999992
       1
0.999678
0.999999
       1
0.999735
0.999999
       1
0.999974
       1
0.999929
 0.99821
0.999986
0.996897
 1.00103
 1.00001
 1.00222
0.999679
       1
       1
count 51
(curr.pk-pk_prev).cwiseAbs().sum() 0.000176001
(curr.pk-p0).cwiseAbs().sum() 0.00980195
stable?: 1 converged?: 0 G: 3.23971e-08
tp: 4
Elapsed Time d2w: 127329 us
Elapsed Time dG: 7779 us
vz_norm: 1.4189e-07vp_norm: 8.63529e-09
zk   0.00188252
 -0.00150617
-6.36984e-05
  0.00204272
  0.00198053
 4.64886e-05
 0.000946695
-0.000757834
-3.17125e-05
 0.000324767
  0.00033407
 3.26778e-05
           0
           0
           0
           0
           0
           0
 1.59348e-05
           0
           0
-3.39648e-05
           0
 3.38677e-05
           0
 1.91508e-05
           0
           0
-9.18239e-07
-1.69144e-05
           0
           0
-1.69619e-05
           0
           0
-1.53107e-07
           0
           0
-1.02815e-08
 5.61749e-09
-1.03363e-08
 5.64746e-09
  -1.123e-05
           0
           0
-1.12302e-05
           0
           0
-2.13214e-08
           0
           0
           0
           0
           0
           0
 5.04821e-06
   0.0923623
   0.0906209
  0.00178022
           0
           0
pk 0.999892
       1
       1
0.999889
       1
       1
0.999972
0.999993
       1
0.999836
0.999998
       1
0.999833
0.999998
       1
 0.99995
0.999992
       1
0.999672
0.999999
       1
0.999731
0.999999
       1
0.999974
       1
0.999927
0.998175
0.999986
0.996842
 1.00105
 1.00001
 1.00225
0.999674
       1
       1
count 52
(curr.pk-pk_prev).cwiseAbs().sum() 0.000175722
(curr.pk-p0).cwiseAbs().sum() 0.00997767
stable?: 1 converged?: 0 G: 3.23971e-08
tp: 4
Elapsed Time d2w: 117387 us
Elapsed Time dG: 7596 us
vz_norm: 1.41994e-07vp_norm: 8.63465e-09
zk  -0.00188161
 -0.00150575
-6.66113e-05
  0.00204069
 -0.00197977
-4.88801e-05
-0.000946238
-0.000757624
-3.31741e-05
  0.00032463
-0.000333947
-3.31848e-05
           0
           0
           0
           0
           0
           0
 1.66626e-05
           0
           0
 3.39526e-05
           0
 3.38538e-05
           0
 2.00233e-05
           0
           0
 9.60124e-07
-1.69076e-05
           0
           0
 1.69559e-05
           0
           0
 1.60085e-07
           0
           0
-1.02739e-08
 5.61083e-09
 1.03297e-08
 -5.6413e-09
-1.12259e-05
           0
           0
 1.12261e-05
           0
           0
 2.22928e-08
           0
           0
           0
           0
           0
           0
 4.99299e-06
   0.0922911
  -0.0905584
 -0.00180928
           0
           0
pk  0.99989
       1
       1
0.999887
       1
       1
0.999971
0.999993
       1
0.999834
0.999998
       1
 0.99983
0.999998
       1
0.999949
0.999991
       1
0.999667
0.999999
       1
0.999726
0.999999
       1
0.999974
       1
0.999926
0.998141
0.999986
0.996787
 1.00107
 1.00001
 1.00229
0.999669
       1
       1
count 53
(curr.pk-pk_prev).cwiseAbs().sum() 0.000175445
(curr.pk-p0).cwiseAbs().sum() 0.0101531
stable?: 1 converged?: 0 G: 3.23971e-08
tp: 4
Elapsed Time d2w: 121712 us
Elapsed Time dG: 8623 us
vz_norm: 1.42098e-07vp_norm: 8.634e-09
zk   0.00188071
 -0.00150534
-6.95066e-05
  0.00203867
  0.00197902
 5.12572e-05
 0.000945784
-0.000757414
-3.46268e-05
 0.000324495
 0.000333824
 3.36887e-05
           0
           0
           0
           0
           0
           0
 1.73861e-05
           0
           0
-3.39405e-05
           0
 3.38399e-05
           0
 2.08905e-05
           0
           0
-1.00176e-06
-1.69007e-05
           0
           0
  -1.695e-05
           0
           0
-1.67022e-07
           0
           0
-1.02663e-08
 5.60422e-09
 -1.0323e-08
 5.63518e-09
-1.12217e-05
           0
           0
 -1.1222e-05
           0
           0
-2.32583e-08
           0
           0
           0
           0
           0
           0
 4.93811e-06
   0.0922204
   0.0904961
  0.00183817
           0
           0
pk 0.999888
       1
       1
0.999885
       1
       1
0.999971
0.999993
       1
0.999831
0.999998
       1
0.999827
0.999998
       1
0.999949
0.999991
       1
0.999661
0.999999
       1
0.999721
0.999999
       1
0.999973
       1
0.999925
0.998106
0.999985
0.996732
 1.00109
 1.00001
 1.00233
0.999664
       1
       1
count 54
(curr.pk-pk_prev).cwiseAbs().sum() 0.00017517
(curr.pk-p0).cwiseAbs().sum() 0.0103283
stable?: 1 converged?: 0 G: 3.2397e-08
tp: 4
Elapsed Time d2w: 118444 us
Elapsed Time dG: 7723 us
vz_norm: 1.42201e-07vp_norm: 8.63336e-09
zk  -0.00187981
 -0.00150492
-7.23844e-05
  0.00203666
 -0.00197827
-5.36198e-05
-0.000945331
-0.000757204
-3.60707e-05
  0.00032436
-0.000333702
-3.41896e-05
           0
           0
           0
           0
           0
           0
 1.81052e-05
           0
           0
 3.39285e-05
           0
 3.38261e-05
           0
 2.17525e-05
           0
           0
 1.04314e-06
-1.68939e-05
           0
           0
 1.69441e-05
           0
           0
 1.73916e-07
           0
           0
-1.02588e-08
 5.59764e-09
 1.03164e-08
 -5.6291e-09
-1.12176e-05
           0
           0
 1.12179e-05
           0
           0
  2.4218e-08
           0
           0
           0
           0
           0
           0
 4.88357e-06
     0.09215
  -0.0904343
 -0.00186689
           0
           0
pk 0.999886
       1
       1
0.999884
       1
       1
 0.99997
0.999993
       1
0.999828
0.999998
       1
0.999824
0.999998
       1
0.999948
0.999991
       1
0.999655
0.999998
       1
0.999717
0.999999
       1
0.999973
       1
0.999924
0.998072
0.999985
0.996677
  1.0011
 1.00001
 1.00237
0.999659
       1
       1
count 55
(curr.pk-pk_prev).cwiseAbs().sum() 0.000174896
(curr.pk-p0).cwiseAbs().sum() 0.0105032
stable?: 1 converged?: 0 G: 3.2397e-08
tp: 4
Elapsed Time d2w: 117859 us
Elapsed Time dG: 8606 us
vz_norm: 1.42304e-07vp_norm: 8.63273e-09
zk   0.00187892
 -0.00150451
 -7.5245e-05
  0.00203467
  0.00197752
 5.59683e-05
 0.000944881
-0.000756994
-3.75061e-05
 0.000324225
  0.00033358
 3.46875e-05
           0
           0
           0
           0
           0
           0
 1.88201e-05
           0
           0
-3.39165e-05
           0
 3.38123e-05
           0
 2.26093e-05
           0
           0
-1.08427e-06
-1.68872e-05
           0
           0
-1.69382e-05
           0
           0
 -1.8077e-07
           0
           0
-1.02513e-08
 5.59111e-09
-1.03099e-08
 5.62306e-09
-1.12135e-05
           0
           0
-1.12138e-05
           0
           0
-2.51719e-08
           0
           0
           0
           0
           0
           0
 4.82936e-06
     0.09208
   0.0903728
  0.00189543
           0
           0
pk 0.999884
       1
       1
0.999882
       1
       1
 0.99997
0.999993
       1
0.999825
0.999998
       1
0.999822
0.999998
       1
0.999947
0.999991
       1
 0.99965
0.999998
       1
0.999712
0.999999
       1
0.999972
       1
0.999923
0.998038
0.999985
0.996622
 1.00112
 1.00001
 1.00241
0.999654
       1
       1
count 56
(curr.pk-pk_prev).cwiseAbs().sum() 0.000174624
(curr.pk-p0).cwiseAbs().sum() 0.0106778
stable?: 1 converged?: 0 G: 3.23969e-08
tp: 4
Elapsed Time d2w: 117988 us
Elapsed Time dG: 7961 us
vz_norm: 1.42407e-07vp_norm: 8.63209e-09
zk  -0.00187803
 -0.00150409
-7.80886e-05
  0.00203268
 -0.00197678
-5.83028e-05
-0.000944433
-0.000756785
-3.89329e-05
 0.000324091
-0.000333458
-3.51825e-05
           0
           0
           0
           0
           0
           0
 1.95306e-05
           0
           0
 3.39045e-05
           0
 3.37985e-05
           0
 2.34611e-05
           0
           0
 1.12516e-06
-1.68804e-05
           0
           0
 1.69323e-05
           0
           0
 1.87582e-07
           0
           0
-1.02439e-08
 5.58462e-09
 1.03034e-08
-5.61706e-09
-1.12095e-05
           0
           0
 1.12097e-05
           0
           0
 2.61202e-08
           0
           0
           0
           0
           0
           0
 4.77548e-06
   0.0920105
  -0.0903117
 -0.00192381
           0
           0
pk 0.999882
       1
       1
 0.99988
       1
       1
0.999969
0.999992
       1
0.999822
0.999998
       1
0.999819
0.999998
       1
0.999946
0.999991
       1
0.999644
0.999998
       1
0.999707
0.999998
       1
0.999972
       1
0.999922
0.998003
0.999985
0.996567
 1.00114
 1.00001
 1.00245
0.999649
       1
       1
count 57
(curr.pk-pk_prev).cwiseAbs().sum() 0.000174354
(curr.pk-p0).cwiseAbs().sum() 0.0108522
stable?: 1 converged?: 0 G: 3.23969e-08
tp: 4
Elapsed Time d2w: 116672 us
Elapsed Time dG: 7954 us
vz_norm: 1.42509e-07vp_norm: 8.63146e-09
zk   0.00187714
 -0.00150368
-8.09155e-05
  0.00203071
  0.00197603
 6.06235e-05
 0.000943987
-0.000756576
-4.03513e-05
 0.000323957
 0.000333337
 3.56746e-05
           0
           0
           0
           0
           0
           0
  2.0237e-05
           0
           0
-3.38926e-05
           0
 3.37848e-05
           0
 2.43078e-05
           0
           0
 -1.1658e-06
-1.68737e-05
           0
           0
-1.69264e-05
           0
           0
-1.94355e-07
           0
           0
-1.02365e-08
 5.57818e-09
-1.02969e-08
  5.6111e-09
-1.12054e-05
           0
           0
-1.12056e-05
           0
           0
-2.70629e-08
           0
           0
           0
           0
           0
           0
 4.72193e-06
   0.0919413
   0.0902509
  0.00195202
           0
           0
pk 0.999881
       1
       1
0.999878
       1
       1
0.999969
0.999992
       1
 0.99982
0.999998
       1
0.999816
0.999998
       1
0.999945
0.999991
       1
0.999639
0.999998
       1
0.999703
0.999998
       1
0.999972
       1
0.999921
0.997969
0.999984
0.996513
 1.00116
 1.00001
 1.00249
0.999644
       1
       1
count 58
(curr.pk-pk_prev).cwiseAbs().sum() 0.000174085
(curr.pk-p0).cwiseAbs().sum() 0.0110262
stable?: 1 converged?: 0 G: 3.23969e-08
tp: 4
Elapsed Time d2w: 116245 us
Elapsed Time dG: 8259 us
vz_norm: 1.42611e-07vp_norm: 8.63083e-09
zk  -0.00187626
 -0.00150327
-8.37257e-05
  0.00202875
  -0.0019753
-6.29304e-05
-0.000943542
-0.000756367
-4.17613e-05
 0.000323824
-0.000333217
-3.61638e-05
           0
           0
           0
           0
           0
           0
 2.09392e-05
           0
           0
 3.38807e-05
           0
 3.37712e-05
           0
 2.51495e-05
           0
           0
 1.20621e-06
 -1.6867e-05
           0
           0
 1.69206e-05
           0
           0
 2.01087e-07
           0
           0
-1.02291e-08
 5.57177e-09
 1.02904e-08
-5.60517e-09
-1.12014e-05
           0
           0
 1.12016e-05
           0
           0
     2.8e-08
           0
           0
           0
           0
           0
           0
  4.6687e-06
   0.0918724
  -0.0901905
 -0.00198007
           0
           0
pk 0.999879
       1
       1
0.999876
       1
       1
0.999969
0.999992
       1
0.999817
0.999998
       1
0.999813
0.999998
       1
0.999945
0.999991
       1
0.999633
0.999998
       1
0.999698
0.999998
       1
0.999971
       1
0.999919
0.997935
0.999984
0.996458
 1.00118
 1.00001
 1.00253
0.999639
       1
       1
count 59
(curr.pk-pk_prev).cwiseAbs().sum() 0.000173818
(curr.pk-p0).cwiseAbs().sum() 0.0112001
stable?: 1 converged?: 0 G: 3.23968e-08
tp: 4
Elapsed Time d2w: 117628 us
Elapsed Time dG: 8293 us
vz_norm: 1.42712e-07vp_norm: 8.63021e-09
zk   0.00187538
 -0.00150285
-8.65195e-05
   0.0020268
  0.00197456
 6.52239e-05
   0.0009431
-0.000756158
-4.31631e-05
 0.000323691
 0.000333097
 3.66502e-05
           0
           0
           0
           0
           0
           0
 2.16374e-05
           0
           0
-3.38688e-05
           0
 3.37576e-05
           0
 2.59863e-05
           0
           0
-1.24638e-06
-1.68603e-05
           0
           0
-1.69147e-05
           0
           0
 -2.0778e-07
           0
           0
-1.02218e-08
  5.5654e-09
 -1.0284e-08
 5.59929e-09
-1.11973e-05
           0
           0
-1.11976e-05
           0
           0
-2.89317e-08
           0
           0
           0
           0
           0
           0
 4.61578e-06
    0.091804
   0.0901304
  0.00200795
           0
           0
pk 0.999877
       1
       1
0.999874
       1
       1
0.999968
0.999992
       1
0.999814
0.999997
       1
 0.99981
0.999997
       1
0.999944
0.999991
       1
0.999627
0.999998
       1
0.999694
0.999998
       1
0.999971
       1
0.999918
  0.9979
0.999984
0.996404
  1.0012
 1.00001
 1.00256
0.999634
       1
       1
count 60
(curr.pk-pk_prev).cwiseAbs().sum() 0.000173553
(curr.pk-p0).cwiseAbs().sum() 0.0113736
stable?: 1 converged?: 0 G: 3.23968e-08
tp: 4
Elapsed Time d2w: 116699 us
Elapsed Time dG: 7724 us
vz_norm: 1.42813e-07vp_norm: 8.62959e-09
zk   -0.0018745
 -0.00150244
-8.92972e-05
  0.00202486
 -0.00197383
-6.75041e-05
 -0.00094266
-0.000755949
-4.45568e-05
 0.000323559
-0.000332977
-3.71339e-05
           0
           0
           0
           0
           0
           0
 2.23315e-05
           0
           0
  3.3857e-05
           0
  3.3744e-05
           0
 2.68183e-05
           0
           0
 1.28632e-06
-1.68536e-05
           0
           0
 1.69089e-05
           0
           0
 2.14435e-07
           0
           0
-1.02145e-08
 5.55907e-09
 1.02776e-08
-5.59344e-09
-1.11933e-05
           0
           0
 1.11936e-05
           0
           0
  2.9858e-08
           0
           0
           0
           0
           0
           0
 4.56318e-06
   0.0917359
  -0.0900706
 -0.00203567
           0
           0
pk 0.999875
       1
       1
0.999872
       1
       1
0.999968
0.999992
       1
0.999811
0.999997
       1
0.999807
0.999997
       1
0.999943
 0.99999
       1
0.999622
0.999998
       1
0.999689
0.999998
       1
 0.99997
       1
0.999917
0.997866
0.999984
0.996349
 1.00121
 1.00001
  1.0026
0.999629
       1
       1
count 61
(curr.pk-pk_prev).cwiseAbs().sum() 0.00017329
(curr.pk-p0).cwiseAbs().sum() 0.0115469
stable?: 1 converged?: 0 G: 3.23967e-08
tp: 4
Elapsed Time d2w: 121749 us
Elapsed Time dG: 7560 us
vz_norm: 1.42913e-07vp_norm: 8.62897e-09
zk   0.00187363
 -0.00150203
-9.20588e-05
  0.00202293
   0.0019731
  6.9771e-05
 0.000942222
-0.000755741
-4.59425e-05
 0.000323427
 0.000332858
 3.76147e-05
           0
           0
           0
           0
           0
           0
 2.30216e-05
           0
           0
-3.38453e-05
           0
 3.37305e-05
           0
 2.76455e-05
           0
           0
-1.32602e-06
 -1.6847e-05
           0
           0
-1.69032e-05
           0
           0
 -2.2105e-07
           0
           0
-1.02072e-08
 5.55279e-09
-1.02713e-08
 5.58764e-09
-1.11893e-05
           0
           0
-1.11896e-05
           0
           0
 -3.0779e-08
           0
           0
           0
           0
           0
           0
 4.51089e-06
   0.0916682
   0.0900112
  0.00206324
           0
           0
pk 0.999873
       1
       1
 0.99987
       1
       1
0.999967
0.999992
       1
0.999809
0.999997
       1
0.999805
0.999997
       1
0.999942
 0.99999
       1
0.999616
0.999998
       1
0.999684
0.999998
       1
 0.99997
       1
0.999916
0.997832
0.999983
0.996295
 1.00123
 1.00001
 1.00264
0.999624
       1
       1
count 62
(curr.pk-pk_prev).cwiseAbs().sum() 0.000173028
(curr.pk-p0).cwiseAbs().sum() 0.0117199
stable?: 1 converged?: 0 G: 3.23967e-08
tp: 4
Elapsed Time d2w: 121461 us
Elapsed Time dG: 9219 us
vz_norm: 1.43013e-07vp_norm: 8.62835e-09
zk  -0.00187277
 -0.00150162
-9.48046e-05
  0.00202101
 -0.00197237
 -7.2025e-05
-0.000941786
-0.000755533
-4.73202e-05
 0.000323296
-0.000332739
-3.80928e-05
           0
           0
           0
           0
           0
           0
 2.37077e-05
           0
           0
 3.38336e-05
           0
  3.3717e-05
           0
  2.8468e-05
           0
           0
  1.3655e-06
-1.68403e-05
           0
           0
 1.68974e-05
           0
           0
 2.27628e-07
           0
           0
   -1.02e-08
 5.54654e-09
  1.0265e-08
-5.58186e-09
-1.11853e-05
           0
           0
 1.11856e-05
           0
           0
 3.16946e-08
           0
           0
           0
           0
           0
           0
 4.45891e-06
   0.0916008
  -0.0899521
 -0.00209065
           0
           0
pk 0.999871
       1
       1
0.999868
       1
       1
0.999967
0.999992
       1
0.999806
0.999997
       1
0.999802
0.999997
       1
0.999942
 0.99999
       1
0.999611
0.999998
       1
 0.99968
0.999998
       1
 0.99997
       1
0.999915
0.997798
0.999983
0.996241
 1.00125
 1.00001
 1.00268
0.999619
       1
       1
count 63
(curr.pk-pk_prev).cwiseAbs().sum() 0.000172767
(curr.pk-p0).cwiseAbs().sum() 0.0118927
stable?: 1 converged?: 0 G: 3.23967e-08
tp: 4
Elapsed Time d2w: 120235 us
Elapsed Time dG: 10008 us
vz_norm: 1.43112e-07vp_norm: 8.62774e-09
zk    0.0018719
 -0.00150121
-9.75347e-05
   0.0020191
  0.00197164
  7.4266e-05
 0.000941352
-0.000755325
-4.86901e-05
 0.000323165
 0.000332621
 3.85682e-05
           0
           0
           0
           0
           0
           0
 2.43899e-05
           0
           0
-3.38219e-05
           0
 3.37036e-05
           0
 2.92857e-05
           0
           0
-1.40475e-06
-1.68337e-05
           0
           0
-1.68916e-05
           0
           0
-2.34169e-07
           0
           0
-1.01929e-08
 5.54032e-09
-1.02587e-08
 5.57613e-09
-1.11813e-05
           0
           0
-1.11816e-05
           0
           0
-3.26051e-08
           0
           0
           0
           0
           0
           0
 4.40723e-06
   0.0915338
   0.0898933
   0.0021179
           0
           0
pk 0.999869
       1
       1
0.999867
       1
       1
0.999967
0.999992
       1
0.999803
0.999997
       1
0.999799
0.999997
       1
0.999941
 0.99999
       1
0.999605
0.999998
       1
0.999675
0.999998
       1
0.999969
       1
0.999914
0.997764
0.999983
0.996187
 1.00127
 1.00001
 1.00272
0.999614
       1
       1
count 64
(curr.pk-pk_prev).cwiseAbs().sum() 0.000172508
(curr.pk-p0).cwiseAbs().sum() 0.0120652
stable?: 1 converged?: 0 G: 3.23966e-08
tp: 4
Elapsed Time d2w: 116495 us
Elapsed Time dG: 8306 us
vz_norm: 1.43211e-07vp_norm: 8.62713e-09
zk  -0.00187104
  -0.0015008
-0.000100249
  0.00201721
 -0.00197092
-7.64943e-05
-0.000940919
-0.000755117
-5.00522e-05
 0.000323034
-0.000332503
 -3.9041e-05
           0
           0
           0
           0
           0
           0
 2.50683e-05
           0
           0
 3.38103e-05
           0
 3.36902e-05
           0
 3.00989e-05
           0
           0
 1.44379e-06
-1.68271e-05
           0
           0
 1.68859e-05
           0
           0
 2.40672e-07
           0
           0
-1.01857e-08
 5.53415e-09
 1.02525e-08
-5.57043e-09
-1.11774e-05
           0
           0
 1.11776e-05
           0
           0
 3.35104e-08
           0
           0
           0
           0
           0
           0
 4.35585e-06
   0.0914672
  -0.0898349
 -0.00214501
           0
           0
pk 0.999868
       1
       1
0.999865
       1
       1
0.999966
0.999992
       1
  0.9998
0.999997
       1
0.999796
0.999997
       1
 0.99994
 0.99999
       1
  0.9996
0.999998
       1
0.999671
0.999998
       1
0.999969
       1
0.999913
 0.99773
0.999983
0.996133
 1.00129
 1.00001
 1.00276
0.999609
       1
       1
count 65
(curr.pk-pk_prev).cwiseAbs().sum() 0.000172251
(curr.pk-p0).cwiseAbs().sum() 0.0122375
stable?: 1 converged?: 0 G: 3.23966e-08
tp: 4
Elapsed Time d2w: 121557 us
Elapsed Time dG: 7973 us
vz_norm: 1.4331e-07vp_norm: 8.62653e-09
zk   0.00187019
 -0.00150038
-0.000102949
  0.00201532
   0.0019702
   7.871e-05
 0.000940489
 -0.00075491
-5.14067e-05
 0.000322904
 0.000332385
 3.95111e-05
           0
           0
           0
           0
           0
           0
 2.57428e-05
           0
           0
-3.37987e-05
           0
 3.36769e-05
           0
 3.09074e-05
           0
           0
 -1.4826e-06
-1.68206e-05
           0
           0
-1.68802e-05
           0
           0
-2.47139e-07
           0
           0
-1.01786e-08
 5.52801e-09
-1.02463e-08
 5.56477e-09
-1.11734e-05
           0
           0
-1.11737e-05
           0
           0
-3.44106e-08
           0
           0
           0
           0
           0
           0
 4.30476e-06
   0.0914009
   0.0897768
  0.00217196
           0
           0
pk 0.999866
       1
       1
0.999863
       1
       1
0.999966
0.999992
       1
0.999797
0.999997
       1
0.999793
0.999997
       1
0.999939
 0.99999
       1
0.999594
0.999998
       1
0.999666
0.999998
       1
0.999969
       1
0.999912
0.997696
0.999983
0.996079
 1.00131
 1.00001
 1.00279
0.999604
       1
       1
count 66
(curr.pk-pk_prev).cwiseAbs().sum() 0.000171995
(curr.pk-p0).cwiseAbs().sum() 0.0124095
stable?: 1 converged?: 0 G: 3.23965e-08
tp: 4
Elapsed Time d2w: 119926 us
Elapsed Time dG: 8332 us
vz_norm: 1.43408e-07vp_norm: 8.62592e-09
zk  -0.00186934
 -0.00149997
-0.000105633
  0.00201344
 -0.00196948
-8.09133e-05
 -0.00094006
-0.000754703
-5.27536e-05
 0.000322775
-0.000332268
-3.99786e-05
           0
           0
           0
           0
           0
           0
 2.64136e-05
           0
           0
 3.37871e-05
           0
 3.36636e-05
           0
 3.17114e-05
           0
           0
 1.52119e-06
 -1.6814e-05
           0
           0
 1.68745e-05
           0
           0
 2.53569e-07
           0
           0
-1.01715e-08
 5.52191e-09
 1.02401e-08
-5.55914e-09
-1.11695e-05
           0
           0
 1.11697e-05
           0
           0
 3.53058e-08
           0
           0
           0
           0
           0
           0
 4.25397e-06
   0.0913349
   -0.089719
 -0.00219876
           0
           0
pk 0.999864
       1
       1
0.999861
       1
       1
0.999965
0.999991
       1
0.999795
0.999997
       1
 0.99979
0.999997
       1
0.999939
 0.99999
       1
0.999588
0.999998
       1
0.999662
0.999998
       1
0.999968
       1
0.999911
0.997662
0.999982
0.996025
 1.00132
 1.00001
 1.00283
0.999599
       1
       1
count 67
(curr.pk-pk_prev).cwiseAbs().sum() 0.000171741
(curr.pk-p0).cwiseAbs().sum() 0.0125812
stable?: 1 converged?: 0 G: 3.23965e-08
tp: 4
Elapsed Time d2w: 121078 us
Elapsed Time dG: 7982 us
vz_norm: 1.43506e-07vp_norm: 8.62532e-09
zk   0.00186849
 -0.00149957
-0.000108303
  0.00201158
  0.00196877
 8.31043e-05
 0.000939633
-0.000754496
 -5.4093e-05
 0.000322646
 0.000332151
 4.04435e-05
           0
           0
           0
           0
           0
           0
 2.70806e-05
           0
           0
-3.37756e-05
           0
 3.36503e-05
           0
  3.2511e-05
           0
           0
-1.55957e-06
-1.68075e-05
           0
           0
-1.68689e-05
           0
           0
-2.59964e-07
           0
           0
-1.01645e-08
 5.51585e-09
 -1.0234e-08
 5.55354e-09
-1.11655e-05
           0
           0
-1.11658e-05
           0
           0
 -3.6196e-08
           0
           0
           0
           0
           0
           0
 4.20347e-06
   0.0912693
   0.0896615
  0.00222541
           0
           0
pk 0.999862
       1
       1
0.999859
       1
       1
0.999965
0.999991
       1
0.999792
0.999997
       1
0.999788
0.999997
       1
0.999938
 0.99999
       1
0.999583
0.999998
       1
0.999657
0.999998
       1
0.999968
       1
0.999909
0.997628
0.999982
0.995971
 1.00134
 1.00001
 1.00287
0.999595
       1
       1
count 68
(curr.pk-pk_prev).cwiseAbs().sum() 0.000171488
(curr.pk-p0).cwiseAbs().sum() 0.0127527
stable?: 1 converged?: 0 G: 3.23965e-08
tp: 4
Elapsed Time d2w: 117465 us
Elapsed Time dG: 7259 us
vz_norm: 1.43603e-07vp_norm: 8.62472e-09
zk  -0.00186764
 -0.00149916
-0.000110957
  0.00200972
 -0.00196806
-8.52831e-05
-0.000939209
-0.000754289
-5.54249e-05
 0.000322517
-0.000332035
-4.09059e-05
           0
           0
           0
           0
           0
           0
  2.7744e-05
           0
           0
 3.37641e-05
           0
 3.36371e-05
           0
 3.33062e-05
           0
           0
 1.59773e-06
 -1.6801e-05
           0
           0
 1.68632e-05
           0
           0
 2.66323e-07
           0
           0
-1.01575e-08
 5.50982e-09
 1.02279e-08
-5.54798e-09
-1.11616e-05
           0
           0
 1.11619e-05
           0
           0
 3.70812e-08
           0
           0
           0
           0
           0
           0
 4.15325e-06
    0.091204
  -0.0896043
 -0.00225192
           0
           0
pk  0.99986
       1
       1
0.999857
       1
       1
0.999964
0.999991
       1
0.999789
0.999997
       1
0.999785
0.999997
       1
0.999937
0.999989
       1
0.999577
0.999998
       1
0.999653
0.999998
       1
0.999967
       1
0.999908
0.997594
0.999982
0.995918
 1.00136
 1.00001
 1.00291
 0.99959
       1
       1
count 69
(curr.pk-pk_prev).cwiseAbs().sum() 0.000171237
(curr.pk-p0).cwiseAbs().sum() 0.0129239
stable?: 1 converged?: 0 G: 3.23964e-08
tp: 4
Elapsed Time d2w: 117697 us
Elapsed Time dG: 8130 us
vz_norm: 1.437e-07vp_norm: 8.62413e-09
zk    0.0018668
 -0.00149875
-0.000113597
  0.00200787
  0.00196735
 8.74499e-05
 0.000938785
-0.000754083
-5.67496e-05
 0.000322388
 0.000331919
 4.13657e-05
           0
           0
           0
           0
           0
           0
 2.84037e-05
           0
           0
-3.37527e-05
           0
 3.36239e-05
           0
 3.40969e-05
           0
           0
-1.63569e-06
-1.67946e-05
           0
           0
-1.68576e-05
           0
           0
-2.72647e-07
           0
           0
-1.01506e-08
 5.50383e-09
-1.02218e-08
 5.54246e-09
-1.11577e-05
           0
           0
 -1.1158e-05
           0
           0
-3.79616e-08
           0
           0
           0
           0
           0
           0
 4.10331e-06
    0.091139
   0.0895474
  0.00227828
           0
           0
pk 0.999858
       1
       1
0.999855
       1
       1
0.999964
0.999991
       1
0.999786
0.999997
       1
0.999782
0.999997
       1
0.999936
0.999989
       1
0.999572
0.999998
       1
0.999648
0.999998
       1
0.999967
       1
0.999907
 0.99756
0.999982
0.995864
 1.00138
 1.00001
 1.00295
0.999585
       1
       1
count 70
(curr.pk-pk_prev).cwiseAbs().sum() 0.000170987
(curr.pk-p0).cwiseAbs().sum() 0.0130949
stable?: 1 converged?: 0 G: 3.23964e-08
tp: 4
Elapsed Time d2w: 117633 us
Elapsed Time dG: 7645 us
vz_norm: 1.43797e-07vp_norm: 8.62353e-09
zk  -0.00186597
 -0.00149834
-0.000116223
  0.00200604
 -0.00196664
-8.96048e-05
-0.000938364
-0.000753876
 -5.8067e-05
  0.00032226
-0.000331803
-4.18231e-05
           0
           0
           0
           0
           0
           0
 2.90598e-05
           0
           0
 3.37413e-05
           0
 3.36108e-05
           0
 3.48834e-05
           0
           0
 1.67344e-06
-1.67881e-05
           0
           0
  1.6852e-05
           0
           0
 2.78936e-07
           0
           0
-1.01436e-08
 5.49787e-09
 1.02158e-08
-5.53696e-09
-1.11538e-05
           0
           0
 1.11541e-05
           0
           0
 3.88372e-08
           0
           0
           0
           0
           0
           0
 4.05366e-06
   0.0910744
  -0.0894908
  -0.0023045
           0
           0
pk 0.999857
       1
       1
0.999853
       1
       1
0.999964
0.999991
       1
0.999784
0.999997
       1
0.999779
0.999997
       1
0.999936
0.999989
       1
0.999566
0.999998
       1
0.999643
0.999998
       1
0.999967
       1
0.999906
0.997526
0.999981
 0.99581
  1.0014
 1.00001
 1.00298
 0.99958
       1
       1
count 71
(curr.pk-pk_prev).cwiseAbs().sum() 0.000170738
(curr.pk-p0).cwiseAbs().sum() 0.0132656
stable?: 1 converged?: 0 G: 3.23963e-08
tp: 4
Elapsed Time d2w: 121844 us
Elapsed Time dG: 7977 us
vz_norm: 1.43893e-07vp_norm: 8.62294e-09
zk   0.00186513
 -0.00149793
-0.000118834
  0.00200421
  0.00196594
  9.1748e-05
 0.000937945
 -0.00075367
-5.93772e-05
 0.000322133
 0.000331688
  4.2278e-05
           0
           0
           0
           0
           0
           0
 2.97123e-05
           0
           0
-3.37299e-05
           0
 3.35977e-05
           0
 3.56655e-05
           0
           0
-1.71098e-06
-1.67817e-05
           0
           0
-1.68464e-05
           0
           0
-2.85192e-07
           0
           0
-1.01367e-08
 5.49195e-09
-1.02097e-08
 5.53151e-09
  -1.115e-05
           0
           0
-1.11503e-05
           0
           0
 -3.9708e-08
           0
           0
           0
           0
           0
           0
 4.00428e-06
   0.0910101
   0.0894345
  0.00233058
           0
           0
pk 0.999855
       1
       1
0.999852
       1
       1
0.999963
0.999991
       1
0.999781
0.999997
       1
0.999776
0.999997
       1
0.999935
0.999989
       1
0.999561
0.999998
       1
0.999639
0.999998
       1
0.999966
       1
0.999905
0.997492
0.999981
0.995757
 1.00142
 1.00001
 1.00302
0.999575
       1
       1
count 72
(curr.pk-pk_prev).cwiseAbs().sum() 0.000170491
(curr.pk-p0).cwiseAbs().sum() 0.0134361
stable?: 1 converged?: 0 G: 3.23963e-08
tp: 4
Elapsed Time d2w: 118525 us
Elapsed Time dG: 8610 us
vz_norm: 1.43989e-07vp_norm: 8.62235e-09
zk   -0.0018643
 -0.00149752
-0.000121431
  0.00200239
 -0.00196524
-9.38795e-05
-0.000937527
-0.000753465
-6.06803e-05
 0.000322006
-0.000331573
-4.27304e-05
           0
           0
           0
           0
           0
           0
 3.03613e-05
           0
           0
 3.37186e-05
           0
 3.35846e-05
           0
 3.64435e-05
           0
           0
 1.74832e-06
-1.67752e-05
           0
           0
 1.68408e-05
           0
           0
 2.91413e-07
           0
           0
-1.01299e-08
 5.48606e-09
 1.02038e-08
-5.52608e-09
-1.11461e-05
           0
           0
 1.11464e-05
           0
           0
 4.05742e-08
           0
           0
           0
           0
           0
           0
 3.95517e-06
   0.0909461
  -0.0893785
 -0.00235652
           0
           0
pk 0.999853
       1
       1
 0.99985
       1
       1
0.999963
0.999991
       1
0.999778
0.999997
       1
0.999774
0.999997
       1
0.999934
0.999989
       1
0.999555
0.999998
       1
0.999634
0.999998
       1
0.999966
       1
0.999904
0.997458
0.999981
0.995704
 1.00143
 1.00001
 1.00306
0.999571
       1
       1
count 73
(curr.pk-pk_prev).cwiseAbs().sum() 0.000170245
(curr.pk-p0).cwiseAbs().sum() 0.0136064
stable?: 1 converged?: 0 G: 3.23963e-08
tp: 4
Elapsed Time d2w: 122960 us
Elapsed Time dG: 7981 us
vz_norm: 1.44085e-07vp_norm: 8.62177e-09
zk   0.00186347
 -0.00149712
-0.000124014
  0.00200059
  0.00196454
 9.59995e-05
 0.000937111
-0.000753259
-6.19765e-05
 0.000321879
 0.000331459
 4.31805e-05
           0
           0
           0
           0
           0
           0
 3.10068e-05
           0
           0
-3.37073e-05
           0
 3.35716e-05
           0
 3.72172e-05
           0
           0
-1.78545e-06
-1.67688e-05
           0
           0
-1.68353e-05
           0
           0
-2.97601e-07
           0
           0
 -1.0123e-08
  5.4802e-09
-1.01978e-08
 5.52068e-09
-1.11422e-05
           0
           0
-1.11426e-05
           0
           0
-4.14356e-08
           0
           0
           0
           0
           0
           0
 3.90633e-06
   0.0908824
   0.0893228
  0.00238232
           0
           0
pk 0.999851
       1
       1
0.999848
       1
       1
0.999962
0.999991
       1
0.999775
0.999997
       1
0.999771
0.999997
       1
0.999933
0.999989
       1
 0.99955
0.999998
       1
 0.99963
0.999998
       1
0.999965
       1
0.999903
0.997424
0.999981
 0.99565
 1.00145
 1.00001
  1.0031
0.999566
       1
       1
count 74
(curr.pk-pk_prev).cwiseAbs().sum() 0.000170001
(curr.pk-p0).cwiseAbs().sum() 0.0137764
stable?: 1 converged?: 0 G: 3.23962e-08
tp: 4
Elapsed Time d2w: 117461 us
Elapsed Time dG: 7737 us
vz_norm: 1.4418e-07vp_norm: 8.62119e-09
zk  -0.00186265
 -0.00149671
-0.000126583
  0.00199879
 -0.00196384
-9.81081e-05
-0.000936697
-0.000753054
-6.32657e-05
 0.000321753
-0.000331345
-4.36281e-05
           0
           0
           0
           0
           0
           0
 3.16488e-05
           0
           0
 3.36961e-05
           0
 3.35587e-05
           0
 3.79868e-05
           0
           0
 1.82239e-06
-1.67625e-05
           0
           0
 1.68298e-05
           0
           0
 3.03755e-07
           0
           0
-1.01162e-08
 5.47438e-09
 1.01919e-08
-5.51532e-09
-1.11384e-05
           0
           0
 1.11387e-05
           0
           0
 4.22925e-08
           0
           0
           0
           0
           0
           0
 3.85776e-06
   0.0908191
  -0.0892674
 -0.00240798
           0
           0
pk 0.999849
       1
       1
0.999846
       1
       1
0.999962
0.999991
       1
0.999773
0.999997
       1
0.999768
0.999997
       1
0.999933
0.999989
       1
0.999544
0.999998
       1
0.999625
0.999998
       1
0.999965
       1
0.999902
 0.99739
 0.99998
0.995597
 1.00147
 1.00001
 1.00313
0.999561
       1
       1
count 75
(curr.pk-pk_prev).cwiseAbs().sum() 0.000169758
(curr.pk-p0).cwiseAbs().sum() 0.0139461
stable?: 1 converged?: 0 G: 3.23962e-08
tp: 4
Elapsed Time d2w: 120722 us
Elapsed Time dG: 7865 us
vz_norm: 1.44275e-07vp_norm: 8.62061e-09
zk   0.00186183
  -0.0014963
-0.000129139
    0.001997
  0.00196315
 0.000100205
 0.000936284
-0.000752849
 -6.4548e-05
 0.000321627
 0.000331231
 4.40734e-05
           0
           0
           0
           0
           0
           0
 3.22874e-05
           0
           0
-3.36848e-05
           0
 3.35457e-05
           0
 3.87523e-05
           0
           0
-1.85913e-06
-1.67561e-05
           0
           0
-1.68242e-05
           0
           0
-3.09877e-07
           0
           0
-1.01095e-08
 5.46859e-09
 -1.0186e-08
 5.50999e-09
-1.11346e-05
           0
           0
-1.11349e-05
           0
           0
-4.31447e-08
           0
           0
           0
           0
           0
           0
 3.80945e-06
    0.090756
   0.0892122
  0.00243351
           0
           0
pk 0.999848
       1
       1
0.999844
       1
       1
0.999962
 0.99999
       1
 0.99977
0.999997
       1
0.999765
0.999997
       1
0.999932
0.999989
       1
0.999539
0.999998
       1
0.999621
0.999998
       1
0.999965
       1
0.999901
0.997357
 0.99998
0.995544
 1.00149
 1.00001
 1.00317
0.999556
       1
       1
count 76
(curr.pk-pk_prev).cwiseAbs().sum() 0.000169517
(curr.pk-p0).cwiseAbs().sum() 0.0141157
stable?: 1 converged?: 0 G: 3.23961e-08
tp: 4
Elapsed Time d2w: 122706 us
Elapsed Time dG: 8565 us
vz_norm: 1.44369e-07vp_norm: 8.62003e-09
zk  -0.00186101
  -0.0014959
-0.000131681
  0.00199522
 -0.00196246
-0.000102292
-0.000935873
-0.000752644
-6.58235e-05
 0.000321501
-0.000331118
-4.45164e-05
           0
           0
           0
           0
           0
           0
 3.29227e-05
           0
           0
 3.36737e-05
           0
 3.35328e-05
           0
 3.95138e-05
           0
           0
 1.89568e-06
-1.67498e-05
           0
           0
 1.68187e-05
           0
           0
 3.15966e-07
           0
           0
-1.01027e-08
 5.46284e-09
 1.01802e-08
-5.50469e-09
-1.11308e-05
           0
           0
 1.11311e-05
           0
           0
 4.39925e-08
           0
           0
           0
           0
           0
           0
 3.76141e-06
   0.0906933
  -0.0891574
  -0.0024589
           0
           0
pk 0.999846
       1
       1
0.999842
       1
       1
0.999961
 0.99999
       1
0.999767
0.999997
       1
0.999762
0.999997
       1
0.999931
0.999988
       1
0.999534
0.999998
       1
0.999616
0.999998
       1
0.999964
       1
  0.9999
0.997323
 0.99998
0.995491
 1.00151
 1.00001
 1.00321
0.999552
       1
       1
count 77
(curr.pk-pk_prev).cwiseAbs().sum() 0.000169277
(curr.pk-p0).cwiseAbs().sum() 0.0142849
stable?: 1 converged?: 0 G: 3.23961e-08
tp: 4
Elapsed Time d2w: 119691 us
Elapsed Time dG: 8582 us
vz_norm: 1.44463e-07vp_norm: 8.61945e-09
zk    0.0018602
 -0.00149549
 -0.00013421
  0.00199345
  0.00196177
 0.000104367
 0.000935464
-0.000752439
-6.70924e-05
 0.000321376
 0.000331005
  4.4957e-05
           0
           0
           0
           0
           0
           0
 3.35546e-05
           0
           0
-3.36625e-05
           0
   3.352e-05
           0
 4.02712e-05
           0
           0
-1.93203e-06
-1.67434e-05
           0
           0
-1.68133e-05
           0
           0
-3.22024e-07
           0
           0
 -1.0096e-08
 5.45711e-09
-1.01743e-08
 5.49942e-09
 -1.1127e-05
           0
           0
-1.11273e-05
           0
           0
-4.48358e-08
           0
           0
           0
           0
           0
           0
 3.71362e-06
   0.0906308
   0.0891028
  0.00248417
           0
           0
pk 0.999844
       1
       1
0.999841
       1
       1
0.999961
 0.99999
       1
0.999764
0.999997
       1
 0.99976
0.999997
       1
 0.99993
0.999988
       1
0.999528
0.999998
       1
0.999612
0.999998
       1
0.999964
       1
0.999899
0.997289
 0.99998
0.995438
 1.00152
 1.00001
 1.00325
0.999547
       1
       1
count 78
(curr.pk-pk_prev).cwiseAbs().sum() 0.000169038
(curr.pk-p0).cwiseAbs().sum() 0.014454
stable?: 1 converged?: 0 G: 3.23961e-08
tp: 4
Elapsed Time d2w: 122907 us
Elapsed Time dG: 7451 us
vz_norm: 1.44557e-07vp_norm: 8.61888e-09
zk  -0.00185939
 -0.00149509
-0.000136725
  0.00199168
 -0.00196108
-0.000106431
-0.000935056
-0.000752235
-6.83546e-05
 0.000321251
-0.000330893
-4.53953e-05
           0
           0
           0
           0
           0
           0
 3.41831e-05
           0
           0
 3.36514e-05
           0
 3.35072e-05
           0
 4.10247e-05
           0
           0
 1.96819e-06
-1.67371e-05
           0
           0
 1.68078e-05
           0
           0
 3.28049e-07
           0
           0
-1.00894e-08
 5.45142e-09
 1.01685e-08
-5.49418e-09
-1.11232e-05
           0
           0
 1.11235e-05
           0
           0
 4.56747e-08
           0
           0
           0
           0
           0
           0
 3.66609e-06
   0.0905687
  -0.0890485
  -0.0025093
           0
           0
pk 0.999842
       1
       1
0.999839
       1
       1
 0.99996
 0.99999
       1
0.999762
0.999997
       1
0.999757
0.999997
       1
 0.99993
0.999988
       1
0.999523
0.999998
       1
0.999607
0.999998
       1
0.999964
       1
0.999898
0.997256
0.999979
0.995385
 1.00154
 1.00001
 1.00328
0.999542
       1
       1
count 79
(curr.pk-pk_prev).cwiseAbs().sum() 0.0001688
(curr.pk-p0).cwiseAbs().sum() 0.0146228
stable?: 1 converged?: 0 G: 3.2396e-08
tp: 4
Elapsed Time d2w: 119812 us
Elapsed Time dG: 7734 us
vz_norm: 1.4465e-07vp_norm: 8.61831e-09
zk   0.00185858
 -0.00149469
-0.000139228
  0.00198993
   0.0019604
 0.000108485
  0.00093465
-0.000752031
-6.96102e-05
 0.000321127
 0.000330781
 4.58314e-05
           0
           0
           0
           0
           0
           0
 3.48085e-05
           0
           0
-3.36403e-05
           0
 3.34944e-05
           0
 4.17743e-05
           0
           0
-2.00417e-06
-1.67309e-05
           0
           0
-1.68024e-05
           0
           0
-3.34043e-07
           0
           0
-1.00827e-08
 5.44576e-09
-1.01628e-08
 5.48897e-09
-1.11194e-05
           0
           0
-1.11197e-05
           0
           0
-4.65093e-08
           0
           0
           0
           0
           0
           0
 3.61881e-06
   0.0905068
   0.0889945
   0.0025343
           0
           0
pk  0.99984
       1
       1
0.999837
       1
       1
 0.99996
 0.99999
       1
0.999759
0.999997
       1
0.999754
0.999997
       1
0.999929
0.999988
       1
0.999517
0.999998
       1
0.999603
0.999998
       1
0.999963
       1
0.999897
0.997222
0.999979
0.995332
 1.00156
 1.00001
 1.00332
0.999538
       1
       1
count 80
(curr.pk-pk_prev).cwiseAbs().sum() 0.000168564
(curr.pk-p0).cwiseAbs().sum() 0.0147913
stable?: 1 converged?: 0 G: 3.2396e-08
tp: 4
Elapsed Time d2w: 117722 us
Elapsed Time dG: 8229 us
vz_norm: 1.44743e-07vp_norm: 8.61774e-09
zk  -0.00185778
 -0.00149428
-0.000141717
  0.00198819
 -0.00195971
-0.000110527
-0.000934246
-0.000751827
-7.08593e-05
 0.000321003
-0.000330669
-4.62653e-05
           0
           0
           0
           0
           0
           0
 3.54305e-05
           0
           0
 3.36293e-05
           0
 3.34816e-05
           0
   4.252e-05
           0
           0
 2.03996e-06
-1.67246e-05
           0
           0
 1.67969e-05
           0
           0
 3.40006e-07
           0
           0
-1.00761e-08
 5.44013e-09
  1.0157e-08
-5.48379e-09
-1.11156e-05
           0
           0
  1.1116e-05
           0
           0
 4.73395e-08
           0
           0
           0
           0
           0
           0
 3.57179e-06
   0.0904453
  -0.0889407
 -0.00255917
           0
           0
pk 0.999839
       1
       1
0.999835
       1
       1
 0.99996
 0.99999
       1
0.999756
0.999997
       1
0.999751
0.999997
       1
0.999928
0.999988
       1
0.999512
0.999998
       1
0.999598
0.999998
       1
0.999963
       1
0.999896
0.997188
0.999979
0.995279
 1.00158
 1.00001
 1.00336
0.999533
       1
       1
count 81
(curr.pk-pk_prev).cwiseAbs().sum() 0.000168329
(curr.pk-p0).cwiseAbs().sum() 0.0149597
stable?: 1 converged?: 0 G: 3.23959e-08
tp: 4
Elapsed Time d2w: 136081 us
Elapsed Time dG: 9351 us
vz_norm: 1.44835e-07vp_norm: 8.61717e-09
zk   0.00185698
 -0.00149388
-0.000144194
  0.00198645
  0.00195903
  0.00011256
 0.000933843
-0.000751624
-7.21019e-05
  0.00032088
 0.000330558
 4.66969e-05
           0
           0
           0
           0
           0
           0
 3.60494e-05
           0
           0
-3.36183e-05
           0
 3.34689e-05
           0
 4.32618e-05
           0
           0
-2.07556e-06
-1.67184e-05
           0
           0
-1.67915e-05
           0
           0
-3.45938e-07
           0
           0
-1.00696e-08
 5.43453e-09
-1.01513e-08
 5.47864e-09
-1.11119e-05
           0
           0
-1.11122e-05
           0
           0
-4.81654e-08
           0
           0
           0
           0
           0
           0
 3.52501e-06
    0.090384
   0.0888872
  0.00258391
           0
           0
pk 0.999837
       1
       1
0.999833
       1
       1
0.999959
 0.99999
       1
0.999754
0.999997
       1
0.999749
0.999997
       1
0.999927
0.999988
       1
0.999506
0.999998
       1
0.999594
0.999998
       1
0.999962
       1
0.999895
0.997155
0.999979
0.995227
  1.0016
 1.00001
 1.00339
0.999529
       1
       1
count 82
(curr.pk-pk_prev).cwiseAbs().sum() 0.000168095
(curr.pk-p0).cwiseAbs().sum() 0.0151278
stable?: 1 converged?: 0 G: 3.23959e-08
tp: 4
Elapsed Time d2w: 123491 us
Elapsed Time dG: 7940 us
vz_norm: 1.44928e-07vp_norm: 8.61661e-09
zk  -0.00185618
 -0.00149348
-0.000146658
  0.00198472
 -0.00195836
-0.000114582
-0.000933442
 -0.00075142
-7.33382e-05
 0.000320756
-0.000330447
-4.71263e-05
           0
           0
           0
           0
           0
           0
 3.66651e-05
           0
           0
 3.36073e-05
           0
 3.34563e-05
           0
 4.39999e-05
           0
           0
 2.11098e-06
-1.67121e-05
           0
           0
 1.67861e-05
           0
           0
  3.5184e-07
           0
           0
 -1.0063e-08
 5.42897e-09
 1.01456e-08
-5.47352e-09
-1.11081e-05
           0
           0
 1.11085e-05
           0
           0
 4.89871e-08
           0
           0
           0
           0
           0
           0
 3.47847e-06
   0.0903231
   -0.088834
 -0.00260853
           0
           0
pk 0.999835
       1
       1
0.999831
       1
       1
0.999959
 0.99999
       1
0.999751
0.999997
       1
0.999746
0.999997
       1
0.999927
0.999988
       1
0.999501
0.999998
       1
 0.99959
0.999998
       1
0.999962
       1
0.999894
0.997121
0.999978
0.995174
 1.00161
 1.00001
 1.00343
0.999524
       1
       1
count 83
(curr.pk-pk_prev).cwiseAbs().sum() 0.000167863
(curr.pk-p0).cwiseAbs().sum() 0.0152956
stable?: 1 converged?: 0 G: 3.23959e-08
tp: 4
Elapsed Time d2w: 127326 us
Elapsed Time dG: 8310 us
vz_norm: 1.45019e-07vp_norm: 8.61605e-09
zk   0.00185539
 -0.00149307
-0.000149109
  0.00198301
  0.00195768
 0.000116593
 0.000933043
-0.000751217
-7.45682e-05
 0.000320633
 0.000330336
 4.75535e-05
           0
           0
           0
           0
           0
           0
 3.72777e-05
           0
           0
-3.35964e-05
           0
 3.34436e-05
           0
 4.47341e-05
           0
           0
-2.14622e-06
-1.67059e-05
           0
           0
-1.67807e-05
           0
           0
-3.57711e-07
           0
           0
-1.00565e-08
 5.42343e-09
-1.01399e-08
 5.46843e-09
-1.11044e-05
           0
           0
-1.11047e-05
           0
           0
-4.98046e-08
           0
           0
           0
           0
           0
           0
 3.43218e-06
   0.0902624
    0.088781
  0.00263303
           0
           0
pk 0.999833
       1
       1
 0.99983
       1
       1
0.999958
 0.99999
       1
0.999748
0.999997
       1
0.999743
0.999997
       1
0.999926
0.999988
       1
0.999495
0.999998
       1
0.999585
0.999998
       1
0.999962
       1
0.999893
0.997088
0.999978
0.995122
 1.00163
 1.00001
 1.00347
0.999519
       1
       1
count 84
(curr.pk-pk_prev).cwiseAbs().sum() 0.000167631
(curr.pk-p0).cwiseAbs().sum() 0.0154633
stable?: 1 converged?: 0 G: 3.23958e-08
tp: 4
Elapsed Time d2w: 118260 us
Elapsed Time dG: 7835 us
vz_norm: 1.45111e-07vp_norm: 8.61549e-09
zk   -0.0018546
 -0.00149267
-0.000151548
   0.0019813
 -0.00195701
-0.000118594
-0.000932645
-0.000751014
 -7.5792e-05
 0.000320511
-0.000330226
-4.79786e-05
           0
           0
           0
           0
           0
           0
 3.78871e-05
           0
           0
 3.35855e-05
           0
  3.3431e-05
           0
 4.54647e-05
           0
           0
 2.18128e-06
-1.66997e-05
           0
           0
 1.67754e-05
           0
           0
 3.63553e-07
           0
           0
  -1.005e-08
 5.41792e-09
 1.01343e-08
-5.46337e-09
-1.11007e-05
           0
           0
  1.1101e-05
           0
           0
  5.0618e-08
           0
           0
           0
           0
           0
           0
 3.38613e-06
    0.090202
  -0.0887283
  -0.0026574
           0
           0
pk 0.999831
       1
       1
0.999828
       1
       1
0.999958
 0.99999
       1
0.999746
0.999997
       1
 0.99974
0.999997
       1
0.999925
0.999987
       1
 0.99949
0.999998
       1
0.999581
0.999998
       1
0.999961
       1
0.999891
0.997054
0.999978
0.995069
 1.00165
 1.00001
 1.00351
0.999515
       1
       1
count 85
(curr.pk-pk_prev).cwiseAbs().sum() 0.000167401
(curr.pk-p0).cwiseAbs().sum() 0.0156307
stable?: 1 converged?: 0 G: 3.23958e-08
tp: 4
Elapsed Time d2w: 116665 us
Elapsed Time dG: 8194 us
vz_norm: 1.45202e-07vp_norm: 8.61493e-09
zk   0.00185381
 -0.00149227
-0.000153974
  0.00197959
  0.00195634
 0.000120585
 0.000932248
-0.000750812
-7.70095e-05
 0.000320389
 0.000330116
 4.84016e-05
           0
           0
           0
           0
           0
           0
 3.84935e-05
           0
           0
-3.35746e-05
           0
 3.34185e-05
           0
 4.61915e-05
           0
           0
-2.21616e-06
-1.66936e-05
           0
           0
  -1.677e-05
           0
           0
-3.69365e-07
           0
           0
-1.00435e-08
 5.41244e-09
-1.01287e-08
 5.45833e-09
 -1.1097e-05
           0
           0
-1.10973e-05
           0
           0
-5.14272e-08
           0
           0
           0
           0
           0
           0
 3.34031e-06
   0.0901418
   0.0886758
  0.00268165
           0
           0
pk  0.99983
       1
       1
0.999826
       1
       1
0.999958
 0.99999
       1
0.999743
0.999997
       1
0.999738
0.999997
       1
0.999925
0.999987
       1
0.999485
0.999998
       1
0.999576
0.999998
       1
0.999961
       1
 0.99989
0.997021
0.999978
0.995017
 1.00167
 1.00001
 1.00354
 0.99951
       1
       1
count 86
(curr.pk-pk_prev).cwiseAbs().sum() 0.000167173
(curr.pk-p0).cwiseAbs().sum() 0.0157978
stable?: 1 converged?: 0 G: 3.23957e-08
tp: 4
Elapsed Time d2w: 116301 us
Elapsed Time dG: 7657 us
vz_norm: 1.45293e-07vp_norm: 8.61438e-09
zk  -0.00185302
 -0.00149187
-0.000156389
   0.0019779
 -0.00195567
-0.000122566
-0.000931854
-0.000750609
 -7.8221e-05
 0.000320267
-0.000330006
-4.88225e-05
           0
           0
           0
           0
           0
           0
 3.90968e-05
           0
           0
 3.35638e-05
           0
  3.3406e-05
           0
 4.69147e-05
           0
           0
 2.25086e-06
-1.66874e-05
           0
           0
 1.67647e-05
           0
           0
 3.75148e-07
           0
           0
-1.00371e-08
 5.40699e-09
 1.01231e-08
-5.45333e-09
-1.10933e-05
           0
           0
 1.10936e-05
           0
           0
 5.22324e-08
           0
           0
           0
           0
           0
           0
 3.29473e-06
    0.090082
  -0.0886236
 -0.00270578
           0
           0
pk 0.999828
       1
       1
0.999824
       1
       1
0.999957
0.999989
       1
 0.99974
0.999996
       1
0.999735
0.999997
       1
0.999924
0.999987
       1
0.999479
0.999998
       1
0.999572
0.999998
       1
0.999961
       1
0.999889
0.996987
0.999977
0.994964
 1.00168
 1.00001
 1.00358
0.999506
       1
       1
count 87
(curr.pk-pk_prev).cwiseAbs().sum() 0.000166945
(curr.pk-p0).cwiseAbs().sum() 0.0159648
stable?: 1 converged?: 0 G: 3.23957e-08
tp: 4
Elapsed Time d2w: 124642 us
Elapsed Time dG: 7723 us
vz_norm: 1.45384e-07vp_norm: 8.61382e-09
zk   0.00185224
 -0.00149147
-0.000158791
  0.00197621
    0.001955
 0.000124537
  0.00093146
-0.000750407
-7.94264e-05
 0.000320146
 0.000329897
 4.92412e-05
           0
           0
           0
           0
           0
           0
 3.96971e-05
           0
           0
 -3.3553e-05
           0
 3.33935e-05
           0
 4.76343e-05
           0
           0
 -2.2854e-06
-1.66813e-05
           0
           0
-1.67594e-05
           0
           0
-3.80902e-07
           0
           0
-1.00307e-08
 5.40157e-09
-1.01176e-08
 5.44835e-09
-1.10896e-05
           0
           0
-1.10899e-05
           0
           0
-5.30336e-08
           0
           0
           0
           0
           0
           0
 3.24939e-06
   0.0900224
   0.0885717
  0.00272978
           0
           0
pk 0.999826
       1
       1
0.999822
       1
       1
0.999957
0.999989
       1
0.999737
0.999996
       1
0.999732
0.999996
       1
0.999923
0.999987
       1
0.999474
0.999998
       1
0.999567
0.999998
       1
 0.99996
       1
0.999888
0.996954
0.999977
0.994912
  1.0017
 1.00001
 1.00362
0.999501
       1
       1
count 88
(curr.pk-pk_prev).cwiseAbs().sum() 0.000166719
(curr.pk-p0).cwiseAbs().sum() 0.0161315
stable?: 1 converged?: 0 G: 3.23957e-08
tp: 4
Elapsed Time d2w: 133969 us
Elapsed Time dG: 9022 us
vz_norm: 1.45474e-07vp_norm: 8.61327e-09
zk  -0.00185146
 -0.00149107
-0.000161181
  0.00197454
 -0.00195434
-0.000126499
-0.000931068
-0.000750205
-8.06258e-05
 0.000320025
-0.000329788
-4.96579e-05
           0
           0
           0
           0
           0
           0
 4.02944e-05
           0
           0
 3.35422e-05
           0
  3.3381e-05
           0
 4.83503e-05
           0
           0
 2.31976e-06
-1.66751e-05
           0
           0
 1.67541e-05
           0
           0
 3.86627e-07
           0
           0
-1.00243e-08
 5.39618e-09
  1.0112e-08
-5.44339e-09
-1.10859e-05
           0
           0
 1.10863e-05
           0
           0
 5.38307e-08
           0
           0
           0
           0
           0
           0
 3.20427e-06
   0.0899631
    -0.08852
 -0.00275367
           0
           0
pk 0.999824
       1
       1
 0.99982
       1
       1
0.999957
0.999989
       1
0.999735
0.999996
       1
0.999729
0.999996
       1
0.999922
0.999987
       1
0.999469
0.999998
       1
0.999563
0.999998
       1
 0.99996
       1
0.999887
0.996921
0.999977
 0.99486
 1.00172
 1.00001
 1.00365
0.999497
       1
       1
count 89
(curr.pk-pk_prev).cwiseAbs().sum() 0.000166493
(curr.pk-p0).cwiseAbs().sum() 0.016298
stable?: 1 converged?: 0 G: 3.23956e-08
tp: 4
Elapsed Time d2w: 128232 us
Elapsed Time dG: 7791 us
vz_norm: 1.45564e-07vp_norm: 8.61272e-09
zk   0.00185069
 -0.00149067
 -0.00016356
  0.00197287
  0.00195368
  0.00012845
 0.000930678
-0.000750003
-8.18192e-05
 0.000319904
 0.000329679
 5.00726e-05
           0
           0
           0
           0
           0
           0
 4.08888e-05
           0
           0
-3.35315e-05
           0
 3.33686e-05
           0
 4.90628e-05
           0
           0
-2.35395e-06
 -1.6669e-05
           0
           0
-1.67488e-05
           0
           0
-3.92324e-07
           0
           0
 -1.0018e-08
 5.39082e-09
-1.01065e-08
 5.43847e-09
-1.10822e-05
           0
           0
-1.10826e-05
           0
           0
 -5.4624e-08
           0
           0
           0
           0
           0
           0
 3.15938e-06
   0.0899041
   0.0884685
  0.00277745
           0
           0
pk 0.999823
       1
       1
0.999819
       1
       1
0.999956
0.999989
       1
0.999732
0.999996
       1
0.999727
0.999996
       1
0.999922
0.999987
       1
0.999463
0.999998
       1
0.999558
0.999998
       1
 0.99996
       1
0.999886
0.996887
0.999977
0.994808
 1.00174
 1.00001
 1.00369
0.999492
       1
       1
count 90
(curr.pk-pk_prev).cwiseAbs().sum() 0.000166269
(curr.pk-p0).cwiseAbs().sum() 0.0164643
stable?: 1 converged?: 0 G: 3.23956e-08
tp: 4
Elapsed Time d2w: 119617 us
Elapsed Time dG: 8448 us
vz_norm: 1.45653e-07vp_norm: 8.61218e-09
zk  -0.00184991
 -0.00149027
-0.000165927
  0.00197121
 -0.00195302
-0.000130392
-0.000930289
-0.000749802
-8.30068e-05
 0.000319784
-0.000329571
-5.04852e-05
           0
           0
           0
           0
           0
           0
 4.14802e-05
           0
           0
 3.35208e-05
           0
 3.33562e-05
           0
 4.97718e-05
           0
           0
 2.38797e-06
 -1.6663e-05
           0
           0
 1.67436e-05
           0
           0
 3.97993e-07
           0
           0
-1.00117e-08
 5.38549e-09
 1.01011e-08
-5.43357e-09
-1.10786e-05
           0
           0
 1.10789e-05
           0
           0
 5.54133e-08
           0
           0
           0
           0
           0
           0
 3.11472e-06
   0.0898453
  -0.0884173
  -0.0028011
           0
           0
pk 0.999821
       1
       1
0.999817
       1
       1
0.999956
0.999989
       1
0.999729
0.999996
       1
0.999724
0.999996
       1
0.999921
0.999987
       1
0.999458
0.999998
       1
0.999554
0.999998
       1
0.999959
       1
0.999885
0.996854
0.999977
0.994756
 1.00176
 1.00001
 1.00373
0.999488
       1
       1
count 91
(curr.pk-pk_prev).cwiseAbs().sum() 0.000166046
(curr.pk-p0).cwiseAbs().sum() 0.0166303
stable?: 1 converged?: 0 G: 3.23955e-08
tp: 4
Elapsed Time d2w: 124736 us
Elapsed Time dG: 8258 us
vz_norm: 1.45742e-07vp_norm: 8.61163e-09
zk   0.00184914
 -0.00148987
-0.000168282
  0.00196955
  0.00195236
 0.000132324
 0.000929902
-0.000749601
-8.41885e-05
 0.000319664
 0.000329463
 5.08959e-05
           0
           0
           0
           0
           0
           0
 4.20687e-05
           0
           0
-3.35101e-05
           0
 3.33439e-05
           0
 5.04773e-05
           0
           0
-2.42182e-06
-1.66569e-05
           0
           0
-1.67383e-05
           0
           0
-4.03633e-07
           0
           0
-1.00054e-08
 5.38018e-09
-1.00956e-08
  5.4287e-09
-1.10749e-05
           0
           0
-1.10753e-05
           0
           0
-5.61988e-08
           0
           0
           0
           0
           0
           0
 3.07028e-06
   0.0897868
   0.0883663
  0.00282465
           0
           0
pk 0.999819
       1
       1
0.999815
       1
       1
0.999955
0.999989
       1
0.999727
0.999996
       1
0.999721
0.999996
       1
 0.99992
0.999987
       1
0.999452
0.999998
       1
 0.99955
0.999998
       1
0.999959
       1
0.999884
0.996821
0.999976
0.994704
 1.00177
 1.00001
 1.00376
0.999483
       1
       1
count 92
(curr.pk-pk_prev).cwiseAbs().sum() 0.000165825
(curr.pk-p0).cwiseAbs().sum() 0.0167961
stable?: 1 converged?: 0 G: 3.23955e-08
tp: 4
Elapsed Time d2w: 118386 us
Elapsed Time dG: 7722 us
vz_norm: 1.45831e-07vp_norm: 8.61109e-09
zk  -0.00184837
 -0.00148947
-0.000170625
  0.00196791
 -0.00195171
-0.000134247
-0.000929516
  -0.0007494
-8.53645e-05
 0.000319544
-0.000329355
-5.13045e-05
           0
           0
           0
           0
           0
           0
 4.26544e-05
           0
           0
 3.34995e-05
           0
 3.33316e-05
           0
 5.11793e-05
           0
           0
 2.45551e-06
-1.66508e-05
           0
           0
 1.67331e-05
           0
           0
 4.09247e-07
           0
           0
-9.99913e-09
  5.3749e-09
 1.00902e-08
-5.42385e-09
-1.10713e-05
           0
           0
 1.10717e-05
           0
           0
 5.69804e-08
           0
           0
           0
           0
           0
           0
 3.02606e-06
   0.0897285
  -0.0883156
 -0.00284807
           0
           0
pk 0.999817
       1
       1
0.999813
       1
       1
0.999955
0.999989
       1
0.999724
0.999996
       1
0.999718
0.999996
       1
 0.99992
0.999987
       1
0.999447
0.999998
       1
0.999545
0.999998
       1
0.999959
       1
0.999883
0.996787
0.999976
0.994652
 1.00179
 1.00001
  1.0038
0.999479
       1
       1
count 93
(curr.pk-pk_prev).cwiseAbs().sum() 0.000165604
(curr.pk-p0).cwiseAbs().sum() 0.0169617
stable?: 1 converged?: 0 G: 3.23955e-08
tp: 4
Elapsed Time d2w: 120115 us
Elapsed Time dG: 8277 us
vz_norm: 1.4592e-07vp_norm: 8.61055e-09
zk   0.00184761
 -0.00148907
-0.000172958
  0.00196627
  0.00195105
 0.000136161
 0.000929131
-0.000749199
-8.65348e-05
 0.000319425
 0.000329248
 5.17112e-05
           0
           0
           0
           0
           0
           0
 4.32372e-05
           0
           0
-3.34889e-05
           0
 3.33193e-05
           0
 5.18779e-05
           0
           0
-2.48904e-06
-1.66448e-05
           0
           0
-1.67279e-05
           0
           0
-4.14833e-07
           0
           0
-9.99289e-09
 5.36965e-09
-1.00848e-08
 5.41903e-09
-1.10677e-05
           0
           0
-1.10681e-05
           0
           0
-5.77582e-08
           0
           0
           0
           0
           0
           0
 2.98206e-06
   0.0896706
   0.0882651
  0.00287139
           0
           0
pk 0.999815
       1
       1
0.999811
       1
       1
0.999955
0.999989
       1
0.999721
0.999996
       1
0.999716
0.999996
       1
0.999919
0.999986
       1
0.999442
0.999998
       1
0.999541
0.999998
       1
0.999958
       1
0.999882
0.996754
0.999976
  0.9946
 1.00181
 1.00001
 1.00384
0.999475
       1
       1
count 94
(curr.pk-pk_prev).cwiseAbs().sum() 0.000165384
(curr.pk-p0).cwiseAbs().sum() 0.0171271
stable?: 1 converged?: 0 G: 3.23954e-08
tp: 4
Elapsed Time d2w: 128129 us
Elapsed Time dG: 8040 us
vz_norm: 1.46008e-07vp_norm: 8.61001e-09
zk  -0.00184685
 -0.00148868
-0.000175279
  0.00196464
  -0.0019504
-0.000138065
-0.000928748
-0.000748999
-8.76994e-05
 0.000319306
-0.000329141
-5.21159e-05
           0
           0
           0
           0
           0
           0
 4.38172e-05
           0
           0
 3.34783e-05
           0
 3.33071e-05
           0
 5.25732e-05
           0
           0
  2.5224e-06
-1.66388e-05
           0
           0
 1.67227e-05
           0
           0
 4.20392e-07
           0
           0
-9.98668e-09
 5.36442e-09
 1.00794e-08
-5.41423e-09
-1.10641e-05
           0
           0
 1.10644e-05
           0
           0
 5.85323e-08
           0
           0
           0
           0
           0
           0
 2.93828e-06
   0.0896128
  -0.0882148
 -0.00289459
           0
           0
pk 0.999814
       1
       1
 0.99981
       1
       1
0.999954
0.999989
       1
0.999719
0.999996
       1
0.999713
0.999996
       1
0.999918
0.999986
       1
0.999436
0.999998
       1
0.999536
0.999998
       1
0.999958
       1
0.999881
0.996721
0.999976
0.994548
 1.00183
 1.00001
 1.00387
 0.99947
       1
       1
count 95
(curr.pk-pk_prev).cwiseAbs().sum() 0.000165166
(curr.pk-p0).cwiseAbs().sum() 0.0172923
stable?: 1 converged?: 0 G: 3.23954e-08
tp: 4
Elapsed Time d2w: 121387 us
Elapsed Time dG: 7904 us
vz_norm: 1.46096e-07vp_norm: 8.60947e-09
zk   0.00184609
 -0.00148828
-0.000177589
  0.00196302
  0.00194975
  0.00013996
 0.000928367
-0.000748799
-8.88585e-05
 0.000319187
 0.000329035
 5.25187e-05
           0
           0
           0
           0
           0
           0
 4.43944e-05
           0
           0
-3.34678e-05
           0
 3.32949e-05
           0
 5.32651e-05
           0
           0
 -2.5556e-06
-1.66328e-05
           0
           0
-1.67175e-05
           0
           0
-4.25924e-07
           0
           0
 -9.9805e-09
 5.35922e-09
-1.00741e-08
 5.40946e-09
-1.10605e-05
           0
           0
-1.10608e-05
           0
           0
-5.93027e-08
           0
           0
           0
           0
           0
           0
 2.89471e-06
   0.0895553
   0.0881647
  0.00291768
           0
           0
pk 0.999812
       1
       1
0.999808
       1
       1
0.999954
0.999989
       1
0.999716
0.999996
       1
 0.99971
0.999996
       1
0.999918
0.999986
       1
0.999431
0.999997
       1
0.999532
0.999998
       1
0.999957
       1
 0.99988
0.996688
0.999975
0.994497
 1.00184
 1.00001
 1.00391
0.999466
       1
       1
count 96
(curr.pk-pk_prev).cwiseAbs().sum() 0.000164949
(curr.pk-p0).cwiseAbs().sum() 0.0174572
stable?: 1 converged?: 0 G: 3.23953e-08
tp: 4
Elapsed Time d2w: 121018 us
Elapsed Time dG: 8418 us
vz_norm: 1.46184e-07vp_norm: 8.60894e-09
zk  -0.00184533
 -0.00148788
-0.000179887
   0.0019614
  -0.0019491
-0.000141846
-0.000927986
-0.000748599
-9.00119e-05
 0.000319069
-0.000328928
-5.29196e-05
           0
           0
           0
           0
           0
           0
 4.49689e-05
           0
           0
 3.34573e-05
           0
 3.32827e-05
           0
 5.39537e-05
           0
           0
 2.58864e-06
-1.66268e-05
           0
           0
 1.67123e-05
           0
           0
  4.3143e-07
           0
           0
-9.97434e-09
 5.35405e-09
 1.00687e-08
-5.40472e-09
-1.10569e-05
           0
           0
 1.10573e-05
           0
           0
 6.00693e-08
           0
           0
           0
           0
           0
           0
 2.85136e-06
   0.0894981
  -0.0881149
 -0.00294067
           0
           0
pk  0.99981
       1
       1
0.999806
       1
       1
0.999954
0.999988
       1
0.999713
0.999996
       1
0.999708
0.999996
       1
0.999917
0.999986
       1
0.999426
0.999997
       1
0.999528
0.999998
       1
0.999957
       1
0.999879
0.996655
0.999975
0.994445
 1.00186
 1.00001
 1.00394
0.999461
       1
       1
count 97
(curr.pk-pk_prev).cwiseAbs().sum() 0.000164732
(curr.pk-p0).cwiseAbs().sum() 0.017622
stable?: 1 converged?: 0 G: 3.23953e-08
tp: 4
Elapsed Time d2w: 126604 us
Elapsed Time dG: 8008 us
vz_norm: 1.46271e-07vp_norm: 8.60841e-09
zk   0.00184458
 -0.00148749
-0.000182175
  0.00195979
  0.00194846
 0.000143723
 0.000927607
-0.000748399
-9.11599e-05
 0.000318951
 0.000328822
 5.33185e-05
           0
           0
           0
           0
           0
           0
 4.55406e-05
           0
           0
-3.34468e-05
           0
 3.32706e-05
           0
 5.46391e-05
           0
           0
-2.62153e-06
-1.66208e-05
           0
           0
-1.67072e-05
           0
           0
-4.36909e-07
           0
           0
-9.96821e-09
  5.3489e-09
-1.00634e-08
     5.4e-09
-1.10533e-05
           0
           0
-1.10537e-05
           0
           0
-6.08323e-08
           0
           0
           0
           0
           0
           0
 2.80822e-06
   0.0894411
   0.0880653
  0.00296354
           0
           0
pk 0.999808
       1
       1
0.999804
       1
       1
0.999953
0.999988
       1
0.999711
0.999996
       1
0.999705
0.999996
       1
0.999916
0.999986
       1
 0.99942
0.999997
       1
0.999523
0.999998
       1
0.999957
       1
0.999878
0.996622
0.999975
0.994394
 1.00188
 1.00001
 1.00398
0.999457
       1
       1
count 98
(curr.pk-pk_prev).cwiseAbs().sum() 0.000164517
(curr.pk-p0).cwiseAbs().sum() 0.0177865
stable?: 1 converged?: 0 G: 3.23953e-08
tp: 4
Elapsed Time d2w: 120584 us
Elapsed Time dG: 8275 us
vz_norm: 1.46358e-07vp_norm: 8.60788e-09
zk  -0.00184383
 -0.00148709
-0.000184452
  0.00195819
 -0.00194782
-0.000145591
 -0.00092723
  -0.0007482
-9.23025e-05
 0.000318834
-0.000328717
-5.37156e-05
           0
           0
           0
           0
           0
           0
 4.61096e-05
           0
           0
 3.34363e-05
           0
 3.32584e-05
           0
 5.53212e-05
           0
           0
 2.65426e-06
-1.66149e-05
           0
           0
  1.6702e-05
           0
           0
 4.42363e-07
           0
           0
-9.96211e-09
 5.34378e-09
 1.00582e-08
-5.39531e-09
-1.10497e-05
           0
           0
 1.10501e-05
           0
           0
 6.15918e-08
           0
           0
           0
           0
           0
           0
 2.76528e-06
   0.0893844
   -0.088016
 -0.00298631
           0
           0
pk 0.999807
       1
       1
0.999802
       1
       1
0.999953
0.999988
       1
0.999708
0.999996
       1
0.999702
0.999996
       1
0.999916
0.999986
       1
0.999415
0.999997
       1
0.999519
0.999998
       1
0.999956
       1
0.999877
0.996588
0.999975
0.994342
  1.0019
 1.00001
 1.00402
0.999453
       1
       1
count 99
(curr.pk-pk_prev).cwiseAbs().sum() 0.000164303
(curr.pk-p0).cwiseAbs().sum() 0.0179508
stable?: 1 converged?: 0 G: 3.23952e-08
tp: 4
Elapsed Time d2w: 119099 us
Elapsed Time dG: 7652 us
vz_norm: 1.46445e-07vp_norm: 8.60735e-09
zk   0.00184308
  -0.0014867
-0.000186719
   0.0019566
  0.00194717
  0.00014745
 0.000926854
-0.000748001
-9.34396e-05
 0.000318716
 0.000328611
 5.41109e-05
           0
           0
           0
           0
           0
           0
 4.66759e-05
           0
           0
-3.34259e-05
           0
 3.32464e-05
           0
     5.6e-05
           0
           0
-2.68683e-06
-1.66089e-05
           0
           0
-1.66969e-05
           0
           0
 -4.4779e-07
           0
           0
-9.95603e-09
 5.33869e-09
-1.00529e-08
 5.39063e-09
-1.10461e-05
           0
           0
-1.10465e-05
           0
           0
-6.23476e-08
           0
           0
           0
           0
           0
           0
 2.72256e-06
   0.0893279
   0.0879668
  0.00300897
           0
           0
pk 0.999805
       1
       1
0.999801
       1
       1
0.999952
0.999988
       1
0.999705
0.999996
       1
  0.9997
0.999996
       1
0.999915
0.999986
       1
 0.99941
0.999997
       1
0.999514
0.999997
       1
0.999956
       1
0.999876
0.996555
0.999974
0.994291
 1.00191
 1.00001
 1.00405
0.999448
       1
       1
count 100
(curr.pk-pk_prev).cwiseAbs().sum() 0.00016409
(curr.pk-p0).cwiseAbs().sum() 0.0181149
stable?: 1 converged?: 0 G: 3.23952e-08
tp: 4
Elapsed Time d2w: 126553 us
Elapsed Time dG: 8847 us
vz_norm: 1.46532e-07vp_norm: 8.60682e-09
zk  -0.00184233
  -0.0014863
-0.000188974
  0.00195501
 -0.00194654
  -0.0001493
-0.000926479
-0.000747802
-9.45714e-05
   0.0003186
-0.000328506
-5.45043e-05
           0
           0
           0
           0
           0
           0
 4.72396e-05
           0
           0
 3.34155e-05
           0
 3.32343e-05
           0
 5.66757e-05
           0
           0
 2.71926e-06
 -1.6603e-05
           0
           0
 1.66918e-05
           0
           0
 4.53193e-07
           0
           0
-9.94997e-09
 5.33362e-09
 1.00477e-08
-5.38599e-09
-1.10426e-05
           0
           0
  1.1043e-05
           0
           0
 6.30998e-08
           0
           0
           0
           0
           0
           0
 2.68003e-06
   0.0892716
  -0.0879179
 -0.00303152
           0
           0
pk 0.999803
       1
       1
0.999799
       1
       1
0.999952
0.999988
       1
0.999703
0.999996
       1
0.999697
0.999996
       1
0.999914
0.999986
       1
0.999404
0.999997
       1
 0.99951
0.999997
       1
0.999956
       1
0.999875
0.996522
0.999974
0.994239
 1.00193
 1.00001
 1.00409
0.999444
       1
       1
count 101
(curr.pk-pk_prev).cwiseAbs().sum() 0.000163878
(curr.pk-p0).cwiseAbs().sum() 0.0182788
stable?: 1 converged?: 0 G: 3.23952e-08
tp: 4
Elapsed Time d2w: 116806 us
Elapsed Time dG: 7873 us
vz_norm: 1.46618e-07vp_norm: 8.60629e-09
zk   0.00184159
 -0.00148591
-0.000191219
  0.00195343
   0.0019459
 0.000151142
 0.000926106
-0.000747603
 -9.5698e-05
 0.000318483
 0.000328402
 5.48958e-05
           0
           0
           0
           0
           0
           0
 4.78006e-05
           0
           0
-3.34052e-05
           0
 3.32223e-05
           0
 5.73482e-05
           0
           0
-2.75152e-06
-1.65971e-05
           0
           0
-1.66867e-05
           0
           0
-4.58569e-07
           0
           0
-9.94394e-09
 5.32857e-09
-1.00425e-08
 5.38136e-09
-1.10391e-05
           0
           0
-1.10395e-05
           0
           0
-6.38486e-08
           0
           0
           0
           0
           0
           0
 2.63771e-06
   0.0892156
   0.0878692
  0.00305397
           0
           0
pk 0.999801
       1
       1
0.999797
       1
       1
0.999952
0.999988
       1
  0.9997
0.999996
       1
0.999694
0.999996
       1
0.999913
0.999986
       1
0.999399
0.999997
       1
0.999506
0.999997
       1
0.999955
       1
0.999874
0.996489
0.999974
0.994188
 1.00195
 1.00001
 1.00413
 0.99944
       1
       1
count 102
(curr.pk-pk_prev).cwiseAbs().sum() 0.000163667
(curr.pk-p0).cwiseAbs().sum() 0.0184424
stable?: 1 converged?: 0 G: 3.23951e-08
tp: 4
Elapsed Time d2w: 117371 us
Elapsed Time dG: 7662 us
vz_norm: 1.46704e-07vp_norm: 8.60577e-09
zk  -0.00184085
 -0.00148552
-0.000193454
  0.00195186
 -0.00194526
-0.000152975
-0.000925734
-0.000747405
-9.68192e-05
 0.000318367
-0.000328297
-5.52856e-05
           0
           0
           0
           0
           0
           0
  4.8359e-05
           0
           0
 3.33948e-05
           0
 3.32103e-05
           0
 5.80176e-05
           0
           0
 2.78364e-06
-1.65912e-05
           0
           0
 1.66816e-05
           0
           0
 4.63921e-07
           0
           0
-9.93794e-09
 5.32355e-09
 1.00373e-08
-5.37676e-09
-1.10355e-05
           0
           0
 1.10359e-05
           0
           0
 6.45939e-08
           0
           0
           0
           0
           0
           0
  2.5956e-06
   0.0891598
  -0.0878207
 -0.00307632
           0
           0
pk   0.9998
       1
       1
0.999795
       1
       1
0.999951
0.999988
       1
0.999697
0.999996
       1
0.999691
0.999996
       1
0.999913
0.999985
       1
0.999394
0.999997
       1
0.999501
0.999997
       1
0.999955
       1
0.999874
0.996456
0.999974
0.994137
 1.00197
 1.00001
 1.00416
0.999436
       1
       1
count 103
(curr.pk-pk_prev).cwiseAbs().sum() 0.000163457
(curr.pk-p0).cwiseAbs().sum() 0.0186059
stable?: 1 converged?: 0 G: 3.23951e-08
tp: 4
Elapsed Time d2w: 119191 us
Elapsed Time dG: 8586 us
vz_norm: 1.46789e-07vp_norm: 8.60525e-09
zk   0.00184011
 -0.00148512
-0.000195678
   0.0019503
  0.00194463
 0.000154799
 0.000925363
-0.000747206
-9.79353e-05
 0.000318251
 0.000328193
 5.56736e-05
           0
           0
           0
           0
           0
           0
 4.89148e-05
           0
           0
-3.33845e-05
           0
 3.31984e-05
           0
 5.86839e-05
           0
           0
-2.81561e-06
-1.65854e-05
           0
           0
-1.66766e-05
           0
           0
-4.69248e-07
           0
           0
-9.93196e-09
 5.31856e-09
-1.00321e-08
 5.37219e-09
 -1.1032e-05
           0
           0
-1.10324e-05
           0
           0
-6.53357e-08
           0
           0
           0
           0
           0
           0
 2.55368e-06
   0.0891043
   0.0877724
  0.00309856
           0
           0
pk 0.999798
       1
       1
0.999793
       1
       1
0.999951
0.999988
       1
0.999695
0.999996
       1
0.999689
0.999996
       1
0.999912
0.999985
       1
0.999389
0.999997
       1
0.999497
0.999997
       1
0.999955
       1
0.999873
0.996423
0.999974
0.994086
 1.00198
 1.00001
  1.0042
0.999431
       1
       1
count 104
(curr.pk-pk_prev).cwiseAbs().sum() 0.000163248
(curr.pk-p0).cwiseAbs().sum() 0.0187691
stable?: 1 converged?: 0 G: 3.2395e-08
tp: 4
Elapsed Time d2w: 119895 us
Elapsed Time dG: 8472 us
vz_norm: 1.46875e-07vp_norm: 8.60473e-09
zk  -0.00183938
 -0.00148473
-0.000197892
  0.00194874
   -0.001944
-0.000156615
-0.000924993
-0.000747009
-9.90462e-05
 0.000318135
-0.000328089
-5.60598e-05
           0
           0
           0
           0
           0
           0
 4.94681e-05
           0
           0
 3.33743e-05
           0
 3.31865e-05
           0
 5.93471e-05
           0
           0
 2.84743e-06
-1.65795e-05
           0
           0
 1.66715e-05
           0
           0
  4.7455e-07
           0
           0
  -9.926e-09
 5.31359e-09
  1.0027e-08
-5.36764e-09
-1.10285e-05
           0
           0
 1.10289e-05
           0
           0
 6.60741e-08
           0
           0
           0
           0
           0
           0
 2.51195e-06
    0.089049
  -0.0877244
  -0.0031207
           0
           0
pk 0.999796
       1
       1
0.999792
       1
       1
0.999951
0.999988
       1
0.999692
0.999996
       1
0.999686
0.999996
       1
0.999911
0.999985
       1
0.999383
0.999997
       1
0.999493
0.999997
       1
0.999954
       1
0.999872
 0.99639
0.999973
0.994035
   1.002
 1.00001
 1.00423
0.999427
       1
       1
count 105
(curr.pk-pk_prev).cwiseAbs().sum() 0.00016304
(curr.pk-p0).cwiseAbs().sum() 0.0189322
stable?: 1 converged?: 0 G: 3.2395e-08
tp: 4
Elapsed Time d2w: 123866 us
Elapsed Time dG: 8607 us
vz_norm: 1.4696e-07vp_norm: 8.60421e-09
zk   0.00183865
 -0.00148434
-0.000200096
  0.00194719
  0.00194337
 0.000158423
 0.000924625
-0.000746811
-0.000100152
  0.00031802
 0.000327986
 5.64442e-05
           0
           0
           0
           0
           0
           0
 5.00188e-05
           0
           0
 -3.3364e-05
           0
 3.31746e-05
           0
 6.00073e-05
           0
           0
-2.87911e-06
-1.65737e-05
           0
           0
-1.66665e-05
           0
           0
-4.79828e-07
           0
           0
-9.92007e-09
 5.30864e-09
-1.00218e-08
 5.36311e-09
 -1.1025e-05
           0
           0
-1.10254e-05
           0
           0
-6.68091e-08
           0
           0
           0
           0
           0
           0
 2.47043e-06
   0.0889939
   0.0876765
  0.00314274
           0
           0
pk 0.999794
       1
       1
 0.99979
       1
       1
 0.99995
0.999988
       1
 0.99969
0.999996
       1
0.999683
0.999996
       1
0.999911
0.999985
       1
0.999378
0.999997
       1
0.999488
0.999997
       1
0.999954
       1
0.999871
0.996358
0.999973
0.993984
 1.00202
 1.00001
 1.00427
0.999423
       1
       1
count 106
(curr.pk-pk_prev).cwiseAbs().sum() 0.000162833
(curr.pk-p0).cwiseAbs().sum() 0.019095
stable?: 1 converged?: 0 G: 3.2395e-08
tp: 4
Elapsed Time d2w: 120981 us
Elapsed Time dG: 8247 us
vz_norm: 1.47045e-07vp_norm: 8.6037e-09
zk  -0.00183792
 -0.00148395
 -0.00020229
  0.00194564
 -0.00194274
-0.000160223
-0.000924258
-0.000746613
-0.000101253
 0.000317905
-0.000327883
-5.68269e-05
           0
           0
           0
           0
           0
           0
  5.0567e-05
           0
           0
 3.33538e-05
           0
 3.31627e-05
           0
 6.06645e-05
           0
           0
 2.91064e-06
-1.65678e-05
           0
           0
 1.66615e-05
           0
           0
 4.85082e-07
           0
           0
-9.91416e-09
 5.30372e-09
 1.00167e-08
 -5.3586e-09
-1.10215e-05
           0
           0
 1.10219e-05
           0
           0
 6.75408e-08
           0
           0
           0
           0
           0
           0
 2.42909e-06
    0.088939
  -0.0876289
 -0.00316468
           0
           0
pk 0.999793
       1
       1
0.999788
       1
       1
 0.99995
0.999988
       1
0.999687
0.999996
       1
0.999681
0.999996
       1
 0.99991
0.999985
       1
0.999373
0.999997
       1
0.999484
0.999997
       1
0.999954
       1
 0.99987
0.996325
0.999973
0.993933
 1.00204
 1.00001
  1.0043
0.999419
       1
       1
count 107
(curr.pk-pk_prev).cwiseAbs().sum() 0.000162627
(curr.pk-p0).cwiseAbs().sum() 0.0192576
stable?: 1 converged?: 0 G: 3.23949e-08
tp: 4
Elapsed Time d2w: 126323 us
Elapsed Time dG: 8584 us
vz_norm: 1.47129e-07vp_norm: 8.60318e-09
zk   0.00183719
 -0.00148356
-0.000204474
   0.0019441
  0.00194212
 0.000162014
 0.000923893
-0.000746416
-0.000102349
  0.00031779
  0.00032778
 5.72079e-05
           0
           0
           0
           0
           0
           0
 5.11127e-05
           0
           0
-3.33436e-05
           0
 3.31509e-05
           0
 6.13186e-05
           0
           0
-2.94203e-06
 -1.6562e-05
           0
           0
-1.66564e-05
           0
           0
-4.90312e-07
           0
           0
-9.90827e-09
 5.29882e-09
-1.00117e-08
 5.35411e-09
 -1.1018e-05
           0
           0
-1.10184e-05
           0
           0
-6.82691e-08
           0
           0
           0
           0
           0
           0
 2.38795e-06
   0.0888844
   0.0875814
  0.00318652
           0
           0
pk 0.999791
       1
       1
0.999786
       1
       1
0.999949
0.999987
       1
0.999684
0.999996
       1
0.999678
0.999996
       1
0.999909
0.999985
       1
0.999368
0.999997
       1
 0.99948
0.999997
       1
0.999953
       1
0.999869
0.996292
0.999973
0.993882
 1.00205
 1.00001
 1.00434
0.999415
       1
       1
count 108
(curr.pk-pk_prev).cwiseAbs().sum() 0.000162422
(curr.pk-p0).cwiseAbs().sum() 0.01942
stable?: 1 converged?: 0 G: 3.23949e-08
tp: 4
Elapsed Time d2w: 127354 us
Elapsed Time dG: 8435 us
vz_norm: 1.47213e-07vp_norm: 8.60267e-09
zk  -0.00183647
 -0.00148317
-0.000206647
  0.00194257
 -0.00194149
-0.000163797
-0.000923528
-0.000746219
-0.000103439
 0.000317676
-0.000327677
-5.75871e-05
           0
           0
           0
           0
           0
           0
 5.16559e-05
           0
           0
 3.33334e-05
           0
 3.31391e-05
           0
 6.19698e-05
           0
           0
 2.97327e-06
-1.65562e-05
           0
           0
 1.66515e-05
           0
           0
 4.95518e-07
           0
           0
-9.90241e-09
 5.29394e-09
 1.00066e-08
-5.34965e-09
-1.10145e-05
           0
           0
  1.1015e-05
           0
           0
 6.89941e-08
           0
           0
           0
           0
           0
           0
   2.347e-06
     0.08883
  -0.0875342
 -0.00320827
           0
           0
pk 0.999789
       1
       1
0.999785
       1
       1
0.999949
0.999987
       1
0.999682
0.999996
       1
0.999675
0.999996
       1
0.999909
0.999985
       1
0.999362
0.999997
       1
0.999475
0.999997
       1
0.999953
       1
0.999868
0.996259
0.999972
0.993831
 1.00207
 1.00001
 1.00438
 0.99941
       1
       1
count 109
(curr.pk-pk_prev).cwiseAbs().sum() 0.000162218
(curr.pk-p0).cwiseAbs().sum() 0.0195823
stable?: 1 converged?: 0 G: 3.23948e-08
tp: 4
Elapsed Time d2w: 119600 us
Elapsed Time dG: 7837 us
vz_norm: 1.47297e-07vp_norm: 8.60216e-09
zk   0.00183574
 -0.00148278
-0.000208812
  0.00194105
  0.00194087
 0.000165572
 0.000923165
-0.000746023
-0.000104525
 0.000317562
 0.000327575
 5.79647e-05
           0
           0
           0
           0
           0
           0
 5.21967e-05
           0
           0
-3.33233e-05
           0
 3.31274e-05
           0
 6.26181e-05
           0
           0
-3.00438e-06
-1.65505e-05
           0
           0
-1.66465e-05
           0
           0
-5.00701e-07
           0
           0
-9.89657e-09
 5.28909e-09
-1.00016e-08
 5.34521e-09
-1.10111e-05
           0
           0
-1.10115e-05
           0
           0
-6.97159e-08
           0
           0
           0
           0
           0
           0
 2.30624e-06
   0.0887758
   0.0874872
  0.00322991
           0
           0
pk 0.999787
       1
       1
0.999783
       1
       1
0.999949
0.999987
       1
0.999679
0.999996
       1
0.999673
0.999996
       1
0.999908
0.999985
       1
0.999357
0.999997
       1
0.999471
0.999997
       1
0.999953
       1
0.999867
0.996226
0.999972
 0.99378
 1.00209
 1.00001
 1.00441
0.999406
       1
       1
count 110
(curr.pk-pk_prev).cwiseAbs().sum() 0.000162015
(curr.pk-p0).cwiseAbs().sum() 0.0197443
stable?: 1 converged?: 0 G: 3.23948e-08
tp: 4
Elapsed Time d2w: 120633 us
Elapsed Time dG: 7640 us
vz_norm: 1.47381e-07vp_norm: 8.60165e-09
zk  -0.00183502
 -0.00148239
-0.000210966
  0.00193953
 -0.00194025
-0.000167339
-0.000922803
-0.000745826
-0.000105606
 0.000317448
-0.000327473
-5.83405e-05
           0
           0
           0
           0
           0
           0
 5.27351e-05
           0
           0
 3.33132e-05
           0
 3.31157e-05
           0
 6.32635e-05
           0
           0
 3.03534e-06
-1.65447e-05
           0
           0
 1.66415e-05
           0
           0
  5.0586e-07
           0
           0
-9.89076e-09
 5.28426e-09
 9.99657e-09
-5.34079e-09
-1.10076e-05
           0
           0
  1.1008e-05
           0
           0
 7.04344e-08
           0
           0
           0
           0
           0
           0
 2.26566e-06
   0.0887218
  -0.0874403
 -0.00325146
           0
           0
pk 0.999786
       1
       1
0.999781
       1
       1
0.999948
0.999987
       1
0.999676
0.999996
       1
 0.99967
0.999996
       1
0.999907
0.999985
       1
0.999352
0.999997
       1
0.999467
0.999997
       1
0.999952
       1
0.999866
0.996193
0.999972
 0.99373
 1.00211
 1.00001
 1.00445
0.999402
       1
       1
count 111
(curr.pk-pk_prev).cwiseAbs().sum() 0.000161812
(curr.pk-p0).cwiseAbs().sum() 0.0199061
stable?: 1 converged?: 0 G: 3.23948e-08
tp: 4
Elapsed Time d2w: 121593 us
Elapsed Time dG: 7998 us
vz_norm: 1.47464e-07vp_norm: 8.60114e-09
zk   0.00183431
   -0.001482
-0.000213111
  0.00193802
  0.00193963
 0.000169098
 0.000922443
 -0.00074563
-0.000106683
 0.000317335
 0.000327371
 5.87147e-05
           0
           0
           0
           0
           0
           0
  5.3271e-05
           0
           0
-3.33031e-05
           0
  3.3104e-05
           0
  6.3906e-05
           0
           0
-3.06617e-06
-1.65389e-05
           0
           0
-1.66366e-05
           0
           0
-5.10996e-07
           0
           0
-9.88497e-09
 5.27945e-09
-9.99158e-09
 5.33639e-09
-1.10042e-05
           0
           0
-1.10046e-05
           0
           0
-7.11497e-08
           0
           0
           0
           0
           0
           0
 2.22527e-06
   0.0886681
   0.0873937
  0.00327292
           0
           0
pk 0.999784
       1
       1
0.999779
       1
       1
0.999948
0.999987
       1
0.999674
0.999996
       1
0.999667
0.999996
       1
0.999907
0.999984
       1
0.999347
0.999997
       1
0.999462
0.999997
       1
0.999952
       1
0.999865
0.996161
0.999972
0.993679
 1.00212
 1.00001
 1.00448
0.999398
       1
       1
count 112
(curr.pk-pk_prev).cwiseAbs().sum() 0.000161611
(curr.pk-p0).cwiseAbs().sum() 0.0200677
stable?: 1 converged?: 0 G: 3.23947e-08
tp: 4
Elapsed Time d2w: 118227 us
Elapsed Time dG: 7422 us
vz_norm: 1.47547e-07vp_norm: 8.60063e-09
zk  -0.00183359
 -0.00148161
-0.000215246
  0.00193651
 -0.00193902
-0.000170849
-0.000922083
-0.000745434
-0.000107754
 0.000317221
-0.000327269
-5.90873e-05
           0
           0
           0
           0
           0
           0
 5.38046e-05
           0
           0
 3.32931e-05
           0
 3.30923e-05
           0
 6.45456e-05
           0
           0
 3.09685e-06
-1.65332e-05
           0
           0
 1.66316e-05
           0
           0
 5.16109e-07
           0
           0
 -9.8792e-09
 5.27467e-09
 9.98661e-09
-5.33202e-09
-1.10007e-05
           0
           0
 1.10012e-05
           0
           0
 7.18618e-08
           0
           0
           0
           0
           0
           0
 2.18506e-06
   0.0886145
  -0.0873473
 -0.00329428
           0
           0
pk 0.999782
       1
       1
0.999777
       1
       1
0.999948
0.999987
       1
0.999671
0.999996
       1
0.999665
0.999996
       1
0.999906
0.999984
       1
0.999341
0.999997
       1
0.999458
0.999997
       1
0.999952
       1
0.999864
0.996128
0.999971
0.993628
 1.00214
 1.00001
 1.00452
0.999394
       1
       1
count 113
(curr.pk-pk_prev).cwiseAbs().sum() 0.000161411
(curr.pk-p0).cwiseAbs().sum() 0.0202291
stable?: 1 converged?: 0 G: 3.23947e-08
tp: 4
Elapsed Time d2w: 118974 us
Elapsed Time dG: 8687 us
vz_norm: 1.4763e-07vp_norm: 8.60013e-09
zk   0.00183288
 -0.00148122
-0.000217372
  0.00193501
   0.0019384
 0.000172593
 0.000921725
-0.000745238
-0.000108821
 0.000317109
 0.000327168
 5.94582e-05
           0
           0
           0
           0
           0
           0
 5.43358e-05
           0
           0
-3.32831e-05
           0
 3.30806e-05
           0
 6.51824e-05
           0
           0
 -3.1274e-06
-1.65275e-05
           0
           0
-1.66267e-05
           0
           0
  -5.212e-07
           0
           0
-9.87345e-09
  5.2699e-09
-9.98166e-09
 5.32766e-09
-1.09973e-05
           0
           0
-1.09977e-05
           0
           0
-7.25708e-08
           0
           0
           0
           0
           0
           0
 2.14504e-06
   0.0885612
    0.087301
  0.00331554
           0
           0
pk  0.99978
       1
       1
0.999776
       1
       1
0.999947
0.999987
       1
0.999669
0.999996
       1
0.999662
0.999996
       1
0.999906
0.999984
       1
0.999336
0.999997
       1
0.999454
0.999997
       1
0.999951
       1
0.999863
0.996095
0.999971
0.993578
 1.00216
 1.00001
 1.00455
 0.99939
       1
       1
count 114
(curr.pk-pk_prev).cwiseAbs().sum() 0.000161212
(curr.pk-p0).cwiseAbs().sum() 0.0203903
stable?: 1 converged?: 0 G: 3.23946e-08
tp: 4
Elapsed Time d2w: 117908 us
Elapsed Time dG: 7551 us
vz_norm: 1.47713e-07vp_norm: 8.59963e-09
zk  -0.00183217
 -0.00148083
-0.000219488
  0.00193352
 -0.00193779
-0.000174329
-0.000921368
-0.000745043
-0.000109882
 0.000316996
-0.000327067
-5.98275e-05
           0
           0
           0
           0
           0
           0
 5.48647e-05
           0
           0
 3.32731e-05
           0
  3.3069e-05
           0
 6.58163e-05
           0
           0
 3.15782e-06
-1.65218e-05
           0
           0
 1.66218e-05
           0
           0
 5.26268e-07
           0
           0
-9.86772e-09
 5.26516e-09
 9.97673e-09
-5.32333e-09
-1.09939e-05
           0
           0
 1.09943e-05
           0
           0
 7.32766e-08
           0
           0
           0
           0
           0
           0
 2.10519e-06
   0.0885081
   -0.087255
 -0.00333671
           0
           0
pk 0.999779
       1
       1
0.999774
       1
       1
0.999947
0.999987
       1
0.999666
0.999995
       1
0.999659
0.999996
       1
0.999905
0.999984
       1
0.999331
0.999997
       1
0.999449
0.999997
       1
0.999951
       1
0.999862
0.996063
0.999971
0.993527
 1.00218
 1.00001
 1.00459
0.999386
       1
       1
count 115
(curr.pk-pk_prev).cwiseAbs().sum() 0.000161013
(curr.pk-p0).cwiseAbs().sum() 0.0205513
stable?: 1 converged?: 0 G: 3.23946e-08
tp: 4
Elapsed Time d2w: 118233 us
Elapsed Time dG: 8233 us
vz_norm: 1.47795e-07vp_norm: 8.59913e-09
zk   0.00183146
 -0.00148045
-0.000221595
  0.00193204
  0.00193718
 0.000176057
 0.000921013
-0.000744848
 -0.00011094
 0.000316884
 0.000326967
 6.01951e-05
           0
           0
           0
           0
           0
           0
 5.53912e-05
           0
           0
-3.32631e-05
           0
 3.30575e-05
           0
 6.64475e-05
           0
           0
 -3.1881e-06
-1.65161e-05
           0
           0
-1.66169e-05
           0
           0
-5.31314e-07
           0
           0
-9.86202e-09
 5.26045e-09
-9.97182e-09
 5.31901e-09
-1.09905e-05
           0
           0
-1.09909e-05
           0
           0
-7.39794e-08
           0
           0
           0
           0
           0
           0
 2.06553e-06
   0.0884552
   0.0872091
  0.00335779
           0
           0
pk 0.999777
       1
       1
0.999772
       1
       1
0.999947
0.999987
       1
0.999663
0.999995
       1
0.999657
0.999995
       1
0.999904
0.999984
       1
0.999326
0.999997
       1
0.999445
0.999997
       1
0.999951
       1
0.999861
 0.99603
0.999971
0.993477
 1.00219
 1.00001
 1.00462
0.999382
       1
       1
count 116
(curr.pk-pk_prev).cwiseAbs().sum() 0.000160815
(curr.pk-p0).cwiseAbs().sum() 0.0207122
stable?: 1 converged?: 0 G: 3.23946e-08
tp: 4
Elapsed Time d2w: 116000 us
Elapsed Time dG: 7666 us
vz_norm: 1.47877e-07vp_norm: 8.59863e-09
zk  -0.00183076
 -0.00148006
-0.000223693
  0.00193056
 -0.00193657
-0.000177777
-0.000920658
-0.000744653
-0.000111992
 0.000316772
-0.000326866
-6.05612e-05
           0
           0
           0
           0
           0
           0
 5.59154e-05
           0
           0
 3.32532e-05
           0
 3.30459e-05
           0
 6.70759e-05
           0
           0
 3.21825e-06
-1.65104e-05
           0
           0
  1.6612e-05
           0
           0
 5.36338e-07
           0
           0
-9.85634e-09
 5.25575e-09
 9.96693e-09
-5.31472e-09
-1.09871e-05
           0
           0
 1.09875e-05
           0
           0
 7.46791e-08
           0
           0
           0
           0
           0
           0
 2.02604e-06
   0.0884025
  -0.0871634
 -0.00337878
           0
           0
pk 0.999775
       1
       1
 0.99977
       1
       1
0.999946
0.999987
       1
0.999661
0.999995
       1
0.999654
0.999995
       1
0.999904
0.999984
       1
 0.99932
0.999997
       1
0.999441
0.999997
       1
 0.99995
       1
 0.99986
0.995997
0.999971
0.993427
 1.00221
 1.00001
 1.00466
0.999377
       1
       1
count 117
(curr.pk-pk_prev).cwiseAbs().sum() 0.000160619
(curr.pk-p0).cwiseAbs().sum() 0.0208728
stable?: 1 converged?: 0 G: 3.23945e-08
tp: 4
Elapsed Time d2w: 121575 us
Elapsed Time dG: 8166 us
vz_norm: 1.47959e-07vp_norm: 8.59813e-09
zk   0.00183005
 -0.00147967
-0.000225781
  0.00192908
  0.00193596
  0.00017949
 0.000920305
-0.000744458
 -0.00011304
  0.00031666
 0.000326766
 6.09257e-05
           0
           0
           0
           0
           0
           0
 5.64374e-05
           0
           0
-3.32433e-05
           0
 3.30344e-05
           0
 6.77016e-05
           0
           0
-3.24827e-06
-1.65048e-05
           0
           0
-1.66071e-05
           0
           0
-5.41339e-07
           0
           0
-9.85068e-09
 5.25107e-09
-9.96206e-09
 5.31045e-09
-1.09837e-05
           0
           0
-1.09841e-05
           0
           0
-7.53757e-08
           0
           0
           0
           0
           0
           0
 1.98672e-06
     0.08835
    0.087118
  0.00339968
           0
           0
pk 0.999774
       1
       1
0.999769
       1
       1
0.999946
0.999987
       1
0.999658
0.999995
       1
0.999651
0.999995
       1
0.999903
0.999984
       1
0.999315
0.999997
       1
0.999436
0.999997
       1
 0.99995
       1
0.999859
0.995965
 0.99997
0.993377
 1.00223
 1.00001
 1.00469
0.999373
       1
       1
count 118
(curr.pk-pk_prev).cwiseAbs().sum() 0.000160423
(curr.pk-p0).cwiseAbs().sum() 0.0210332
stable?: 1 converged?: 0 G: 3.23945e-08
tp: 4
Elapsed Time d2w: 121668 us
Elapsed Time dG: 7946 us
vz_norm: 1.48041e-07vp_norm: 8.59763e-09
zk  -0.00182935
 -0.00147929
-0.000227861
  0.00192761
 -0.00193536
-0.000181196
-0.000919953
-0.000744264
-0.000114084
 0.000316549
-0.000326667
-6.12886e-05
           0
           0
           0
           0
           0
           0
  5.6957e-05
           0
           0
 3.32334e-05
           0
 3.30229e-05
           0
 6.83246e-05
           0
           0
 3.27816e-06
-1.64991e-05
           0
           0
 1.66023e-05
           0
           0
 5.46319e-07
           0
           0
-9.84504e-09
 5.24642e-09
 9.95721e-09
 -5.3062e-09
-1.09803e-05
           0
           0
 1.09807e-05
           0
           0
 7.60693e-08
           0
           0
           0
           0
           0
           0
 1.94758e-06
   0.0882978
  -0.0870727
 -0.00342048
           0
           0
pk 0.999772
       1
       1
0.999767
       1
       1
0.999946
0.999986
       1
0.999656
0.999995
       1
0.999649
0.999995
       1
0.999902
0.999984
       1
 0.99931
0.999997
       1
0.999432
0.999997
       1
 0.99995
       1
0.999858
0.995932
 0.99997
0.993326
 1.00224
 1.00001
 1.00473
0.999369
       1
       1
count 119
(curr.pk-pk_prev).cwiseAbs().sum() 0.000160228
(curr.pk-p0).cwiseAbs().sum() 0.0211934
stable?: 1 converged?: 0 G: 3.23944e-08
tp: 4
Elapsed Time d2w: 125058 us
Elapsed Time dG: 8076 us
vz_norm: 1.48122e-07vp_norm: 8.59714e-09
zk   0.00182865
  -0.0014789
-0.000229932
  0.00192615
  0.00193475
 0.000182894
 0.000919601
-0.000744069
-0.000115123
 0.000316438
 0.000326567
   6.165e-05
           0
           0
           0
           0
           0
           0
 5.74745e-05
           0
           0
-3.32235e-05
           0
 3.30114e-05
           0
 6.89449e-05
           0
           0
-3.30791e-06
-1.64935e-05
           0
           0
-1.65974e-05
           0
           0
-5.51278e-07
           0
           0
-9.83942e-09
 5.24179e-09
-9.95238e-09
 5.30196e-09
-1.09769e-05
           0
           0
-1.09774e-05
           0
           0
-7.67599e-08
           0
           0
           0
           0
           0
           0
 1.90861e-06
   0.0882457
   0.0870276
   0.0034412
           0
           0
pk  0.99977
       1
       1
0.999765
       1
       1
0.999945
0.999986
       1
0.999653
0.999995
       1
0.999646
0.999995
       1
0.999902
0.999984
       1
0.999305
0.999997
       1
0.999428
0.999997
       1
0.999949
       1
0.999858
  0.9959
 0.99997
0.993276
 1.00226
 1.00001
 1.00477
0.999365
       1
       1
count 120
(curr.pk-pk_prev).cwiseAbs().sum() 0.000160034
(curr.pk-p0).cwiseAbs().sum() 0.0213535
stable?: 1 converged?: 0 G: 3.23944e-08
tp: 4
Elapsed Time d2w: 119723 us
Elapsed Time dG: 8623 us
vz_norm: 1.48203e-07vp_norm: 8.59664e-09
zk  -0.00182796
 -0.00147852
-0.000231993
   0.0019247
 -0.00193415
-0.000184584
-0.000919252
-0.000743875
-0.000116157
 0.000316327
-0.000326468
-6.20098e-05
           0
           0
           0
           0
           0
           0
 5.79897e-05
           0
           0
 3.32137e-05
           0
     3.3e-05
           0
 6.95625e-05
           0
           0
 3.33754e-06
-1.64878e-05
           0
           0
 1.65926e-05
           0
           0
 5.56215e-07
           0
           0
-9.83383e-09
 5.23718e-09
 9.94757e-09
-5.29775e-09
-1.09735e-05
           0
           0
  1.0974e-05
           0
           0
 7.74475e-08
           0
           0
           0
           0
           0
           0
 1.86982e-06
   0.0881938
  -0.0869826
 -0.00346183
           0
           0
pk 0.999768
       1
       1
0.999763
       1
       1
0.999945
0.999986
       1
 0.99965
0.999995
       1
0.999644
0.999995
       1
0.999901
0.999983
       1
  0.9993
0.999997
       1
0.999424
0.999997
       1
0.999949
       1
0.999857
0.995867
 0.99997
0.993226
 1.00228
 1.00001
  1.0048
0.999361
       1
       1
count 121
(curr.pk-pk_prev).cwiseAbs().sum() 0.000159841
(curr.pk-p0).cwiseAbs().sum() 0.0215133
stable?: 1 converged?: 0 G: 3.23944e-08
tp: 4
Elapsed Time d2w: 130515 us
Elapsed Time dG: 8170 us
vz_norm: 1.48284e-07vp_norm: 8.59615e-09
zk   0.00182726
 -0.00147813
-0.000234046
  0.00192325
  0.00193355
 0.000186268
 0.000918903
-0.000743682
-0.000117188
 0.000316216
 0.000326369
  6.2368e-05
           0
           0
           0
           0
           0
           0
 5.85027e-05
           0
           0
-3.32039e-05
           0
 3.29886e-05
           0
 7.01775e-05
           0
           0
-3.36705e-06
-1.64822e-05
           0
           0
-1.65878e-05
           0
           0
-5.61131e-07
           0
           0
-9.82825e-09
 5.23258e-09
-9.94278e-09
 5.29356e-09
-1.09702e-05
           0
           0
-1.09707e-05
           0
           0
-7.81322e-08
           0
           0
           0
           0
           0
           0
 1.83119e-06
   0.0881422
   0.0869379
  0.00348237
           0
           0
pk 0.999767
       1
       1
0.999762
       1
       1
0.999945
0.999986
       1
0.999648
0.999995
       1
0.999641
0.999995
       1
  0.9999
0.999983
       1
0.999295
0.999997
       1
0.999419
0.999997
       1
0.999949
       1
0.999856
0.995835
0.999969
0.993176
  1.0023
 1.00001
 1.00484
0.999357
       1
       1
count 122
(curr.pk-pk_prev).cwiseAbs().sum() 0.000159649
(curr.pk-p0).cwiseAbs().sum() 0.0216729
stable?: 1 converged?: 0 G: 3.23943e-08
tp: 4
Elapsed Time d2w: 121278 us
Elapsed Time dG: 8147 us
vz_norm: 1.48365e-07vp_norm: 8.59566e-09
zk  -0.00182657
 -0.00147775
 -0.00023609
   0.0019218
 -0.00193295
-0.000187944
-0.000918555
-0.000743488
-0.000118213
 0.000316106
 -0.00032627
-6.27248e-05
           0
           0
           0
           0
           0
           0
 5.90135e-05
           0
           0
 3.31941e-05
           0
 3.29772e-05
           0
 7.07898e-05
           0
           0
 3.39642e-06
-1.64766e-05
           0
           0
  1.6583e-05
           0
           0
 5.66025e-07
           0
           0
 -9.8227e-09
 5.22801e-09
 9.93801e-09
-5.28939e-09
-1.09668e-05
           0
           0
 1.09673e-05
           0
           0
 7.88139e-08
           0
           0
           0
           0
           0
           0
 1.79273e-06
   0.0880907
  -0.0868933
 -0.00350283
           0
           0
pk 0.999765
       1
       1
 0.99976
       1
       1
0.999944
0.999986
       1
0.999645
0.999995
       1
0.999638
0.999995
       1
  0.9999
0.999983
       1
0.999289
0.999997
       1
0.999415
0.999997
       1
0.999948
       1
0.999855
0.995802
0.999969
0.993126
 1.00231
 1.00001
 1.00487
0.999353
       1
       1
count 123
(curr.pk-pk_prev).cwiseAbs().sum() 0.000159457
(curr.pk-p0).cwiseAbs().sum() 0.0218324
stable?: 1 converged?: 0 G: 3.23943e-08
tp: 4
Elapsed Time d2w: 120761 us
Elapsed Time dG: 8578 us
vz_norm: 1.48445e-07vp_norm: 8.59517e-09
zk   0.00182588
 -0.00147736
-0.000238126
  0.00192037
  0.00193235
 0.000189613
 0.000918209
-0.000743295
-0.000119235
 0.000315996
 0.000326172
 6.30801e-05
           0
           0
           0
           0
           0
           0
 5.95221e-05
           0
           0
-3.31844e-05
           0
 3.29659e-05
           0
 7.13995e-05
           0
           0
-3.42567e-06
-1.64711e-05
           0
           0
-1.65782e-05
           0
           0
-5.70899e-07
           0
           0
-9.81716e-09
 5.22346e-09
-9.93325e-09
 5.28523e-09
-1.09635e-05
           0
           0
 -1.0964e-05
           0
           0
-7.94928e-08
           0
           0
           0
           0
           0
           0
 1.75444e-06
   0.0880394
   0.0868489
   0.0035232
           0
           0
pk 0.999763
       1
       1
0.999758
       1
       1
0.999944
0.999986
       1
0.999643
0.999995
       1
0.999636
0.999995
       1
0.999899
0.999983
       1
0.999284
0.999997
       1
0.999411
0.999997
       1
0.999948
       1
0.999854
 0.99577
0.999969
0.993076
 1.00233
 1.00001
 1.00491
0.999349
       1
       1
count 124
(curr.pk-pk_prev).cwiseAbs().sum() 0.000159266
(curr.pk-p0).cwiseAbs().sum() 0.0219917
stable?: 1 converged?: 0 G: 3.23942e-08
tp: 4
Elapsed Time d2w: 121060 us
Elapsed Time dG: 8019 us
vz_norm: 1.48525e-07vp_norm: 8.59468e-09
zk   -0.0018252
 -0.00147698
-0.000240152
  0.00191893
 -0.00193176
-0.000191275
-0.000917863
-0.000743102
-0.000120252
 0.000315886
-0.000326073
-6.34338e-05
           0
           0
           0
           0
           0
           0
 6.00286e-05
           0
           0
 3.31746e-05
           0
 3.29545e-05
           0
 7.20067e-05
           0
           0
  3.4548e-06
-1.64655e-05
           0
           0
 1.65734e-05
           0
           0
 5.75753e-07
           0
           0
-9.81165e-09
 5.21893e-09
 9.92852e-09
 -5.2811e-09
-1.09602e-05
           0
           0
 1.09606e-05
           0
           0
 8.01688e-08
           0
           0
           0
           0
           0
           0
 1.71631e-06
   0.0879883
  -0.0868047
 -0.00354348
           0
           0
pk 0.999762
       1
       1
0.999756
       1
       1
0.999944
0.999986
       1
 0.99964
0.999995
       1
0.999633
0.999995
       1
0.999898
0.999983
       1
0.999279
0.999997
       1
0.999407
0.999997
       1
0.999948
       1
0.999853
0.995737
0.999969
0.993027
 1.00235
 1.00001
 1.00494
0.999346
       1
       1
count 125
(curr.pk-pk_prev).cwiseAbs().sum() 0.000159077
(curr.pk-p0).cwiseAbs().sum() 0.0221507
stable?: 1 converged?: 0 G: 3.23942e-08
tp: 4
Elapsed Time d2w: 119904 us
Elapsed Time dG: 8340 us
vz_norm: 1.48605e-07vp_norm: 8.5942e-09
zk   0.00182451
  -0.0014766
-0.000242171
  0.00191751
  0.00193116
  0.00019293
 0.000917519
-0.000742909
-0.000121264
 0.000315777
 0.000325976
 6.37861e-05
           0
           0
           0
           0
           0
           0
 6.05329e-05
           0
           0
-3.31649e-05
           0
 3.29432e-05
           0
 7.26113e-05
           0
           0
 -3.4838e-06
  -1.646e-05
           0
           0
-1.65686e-05
           0
           0
-5.80586e-07
           0
           0
-9.80616e-09
 5.21443e-09
 -9.9238e-09
 5.27698e-09
-1.09568e-05
           0
           0
-1.09573e-05
           0
           0
-8.08419e-08
           0
           0
           0
           0
           0
           0
 1.67835e-06
   0.0879374
   0.0867607
  0.00356368
           0
           0
pk  0.99976
       1
       1
0.999755
       1
       1
0.999943
0.999986
       1
0.999637
0.999995
       1
 0.99963
0.999995
       1
0.999898
0.999983
       1
0.999274
0.999997
       1
0.999402
0.999997
       1
0.999947
       1
0.999852
0.995705
0.999968
0.992977
 1.00236
 1.00001
 1.00497
0.999342
       1
       1
count 126
(curr.pk-pk_prev).cwiseAbs().sum() 0.000158888
(curr.pk-p0).cwiseAbs().sum() 0.0223096
stable?: 1 converged?: 0 G: 3.23942e-08
tp: 4
Elapsed Time d2w: 123100 us
Elapsed Time dG: 8433 us
vz_norm: 1.48685e-07vp_norm: 8.59371e-09
zk  -0.00182383
 -0.00147622
 -0.00024418
  0.00191609
 -0.00193057
-0.000194578
-0.000917176
-0.000742717
-0.000122273
 0.000315668
-0.000325878
-6.41369e-05
           0
           0
           0
           0
           0
           0
 6.10352e-05
           0
           0
 3.31552e-05
           0
  3.2932e-05
           0
 7.32134e-05
           0
           0
 3.51269e-06
-1.64544e-05
           0
           0
 1.65638e-05
           0
           0
 5.85398e-07
           0
           0
-9.80068e-09
 5.20994e-09
 9.91911e-09
-5.27289e-09
-1.09535e-05
           0
           0
  1.0954e-05
           0
           0
 8.15122e-08
           0
           0
           0
           0
           0
           0
 1.64055e-06
   0.0878867
  -0.0867168
 -0.00358379
           0
           0
pk 0.999758
       1
       1
0.999753
       1
       1
0.999943
0.999986
       1
0.999635
0.999995
       1
0.999628
0.999995
       1
0.999897
0.999983
       1
0.999269
0.999997
       1
0.999398
0.999997
       1
0.999947
       1
0.999851
0.995673
0.999968
0.992927
 1.00238
 1.00001
 1.00501
0.999338
       1
       1
count 127
(curr.pk-pk_prev).cwiseAbs().sum() 0.000158699
(curr.pk-p0).cwiseAbs().sum() 0.0224683
stable?: 1 converged?: 0 G: 3.23941e-08
tp: 4
Elapsed Time d2w: 124644 us
Elapsed Time dG: 8310 us
vz_norm: 1.48764e-07vp_norm: 8.59323e-09
zk   0.00182315
 -0.00147583
-0.000246182
  0.00191467
  0.00192998
  0.00019622
 0.000916834
-0.000742524
-0.000123277
 0.000315559
  0.00032578
 6.44863e-05
           0
           0
           0
           0
           0
           0
 6.15353e-05
           0
           0
-3.31456e-05
           0
 3.29207e-05
           0
 7.38129e-05
           0
           0
-3.54145e-06
-1.64489e-05
           0
           0
-1.65591e-05
           0
           0
 -5.9019e-07
           0
           0
-9.79523e-09
 5.20547e-09
-9.91443e-09
 5.26881e-09
-1.09502e-05
           0
           0
-1.09507e-05
           0
           0
-8.21797e-08
           0
           0
           0
           0
           0
           0
 1.60291e-06
   0.0878362
   0.0866732
  0.00360382
           0
           0
pk 0.999756
       1
       1
0.999751
       1
       1
0.999943
0.999986
       1
0.999632
0.999995
       1
0.999625
0.999995
       1
0.999897
0.999983
       1
0.999264
0.999997
       1
0.999394
0.999997
       1
0.999947
       1
 0.99985
 0.99564
0.999968
0.992877
  1.0024
 1.00001
 1.00504
0.999334
       1
       1
count 128
(curr.pk-pk_prev).cwiseAbs().sum() 0.000158512
(curr.pk-p0).cwiseAbs().sum() 0.0226268
stable?: 1 converged?: 0 G: 3.23941e-08
tp: 4
Elapsed Time d2w: 117104 us
Elapsed Time dG: 8458 us
vz_norm: 1.48843e-07vp_norm: 8.59275e-09
zk  -0.00182247
 -0.00147545
-0.000248175
  0.00191326
 -0.00192939
-0.000197854
-0.000916493
-0.000742332
-0.000124277
  0.00031545
-0.000325683
-6.48342e-05
           0
           0
           0
           0
           0
           0
 6.20333e-05
           0
           0
  3.3136e-05
           0
 3.29095e-05
           0
 7.44099e-05
           0
           0
 3.57009e-06
-1.64434e-05
           0
           0
 1.65544e-05
           0
           0
 5.94963e-07
           0
           0
 -9.7898e-09
 5.20101e-09
 9.90976e-09
-5.26475e-09
-1.09469e-05
           0
           0
 1.09474e-05
           0
           0
 8.28445e-08
           0
           0
           0
           0
           0
           0
 1.56543e-06
   0.0877859
  -0.0866296
 -0.00362377
           0
           0
pk 0.999755
       1
       1
0.999749
       1
       1
0.999942
0.999986
       1
 0.99963
0.999995
       1
0.999623
0.999995
       1
0.999896
0.999983
       1
0.999258
0.999997
       1
 0.99939
0.999997
       1
0.999947
       1
0.999849
0.995608
0.999968
0.992828
 1.00242
 1.00001
 1.00508
 0.99933
       1
       1
count 129
(curr.pk-pk_prev).cwiseAbs().sum() 0.000158326
(curr.pk-p0).cwiseAbs().sum() 0.0227852
stable?: 1 converged?: 0 G: 3.23941e-08
tp: 4
Elapsed Time d2w: 125479 us
Elapsed Time dG: 9031 us
vz_norm: 1.48922e-07vp_norm: 8.59227e-09
zk   0.00182179
 -0.00147507
 -0.00025016
  0.00191186
   0.0019288
 0.000199481
 0.000916153
-0.000742141
-0.000125273
 0.000315342
 0.000325586
 6.51806e-05
           0
           0
           0
           0
           0
           0
 6.25293e-05
           0
           0
-3.31263e-05
           0
 3.28983e-05
           0
 7.50045e-05
           0
           0
-3.59861e-06
-1.64379e-05
           0
           0
-1.65496e-05
           0
           0
-5.99715e-07
           0
           0
-9.78438e-09
 5.19658e-09
-9.90512e-09
 5.26071e-09
-1.09436e-05
           0
           0
-1.09441e-05
           0
           0
-8.35064e-08
           0
           0
           0
           0
           0
           0
 1.52811e-06
   0.0877358
   0.0865863
  0.00364363
           0
           0
pk 0.999753
       1
       1
0.999748
       1
       1
0.999942
0.999986
       1
0.999627
0.999995
       1
 0.99962
0.999995
       1
0.999895
0.999983
       1
0.999253
0.999997
       1
0.999385
0.999997
       1
0.999946
       1
0.999849
0.995576
0.999968
0.992778
 1.00243
 1.00001
 1.00511
0.999326
       1
       1
count 130
(curr.pk-pk_prev).cwiseAbs().sum() 0.00015814
(curr.pk-p0).cwiseAbs().sum() 0.0229433
stable?: 1 converged?: 0 G: 3.2394e-08
tp: 4
Elapsed Time d2w: 120175 us
Elapsed Time dG: 7911 us
vz_norm: 1.49001e-07vp_norm: 8.59179e-09
zk  -0.00182112
 -0.00147469
-0.000252136
  0.00191046
 -0.00192822
-0.000201102
-0.000915814
-0.000741949
-0.000126265
 0.000315234
 -0.00032549
-6.55257e-05
           0
           0
           0
           0
           0
           0
 6.30232e-05
           0
           0
 3.31168e-05
           0
 3.28872e-05
           0
 7.55966e-05
           0
           0
 3.62701e-06
-1.64324e-05
           0
           0
 1.65449e-05
           0
           0
 6.04448e-07
           0
           0
-9.77899e-09
 5.19217e-09
  9.9005e-09
-5.25668e-09
-1.09403e-05
           0
           0
 1.09409e-05
           0
           0
 8.41657e-08
           0
           0
           0
           0
           0
           0
 1.49094e-06
   0.0876858
  -0.0865431
 -0.00366341
           0
           0
pk 0.999751
       1
       1
0.999746
       1
       1
0.999942
0.999985
       1
0.999625
0.999995
       1
0.999617
0.999995
       1
0.999895
0.999982
       1
0.999248
0.999997
       1
0.999381
0.999997
       1
0.999946
       1
0.999848
0.995543
0.999967
0.992729
 1.00245
 1.00001
 1.00515
0.999322
       1
       1
count 131
(curr.pk-pk_prev).cwiseAbs().sum() 0.000157955
(curr.pk-p0).cwiseAbs().sum() 0.0231013
stable?: 1 converged?: 0 G: 3.2394e-08
tp: 4
Elapsed Time d2w: 122799 us
Elapsed Time dG: 8410 us
vz_norm: 1.49079e-07vp_norm: 8.59131e-09
zk   0.00182045
 -0.00147431
-0.000254104
  0.00190907
  0.00192763
 0.000202716
 0.000915476
-0.000741758
-0.000127252
 0.000315126
 0.000325393
 6.58693e-05
           0
           0
           0
           0
           0
           0
 6.35151e-05
           0
           0
-3.31072e-05
           0
  3.2876e-05
           0
 7.61863e-05
           0
           0
 -3.6553e-06
-1.64269e-05
           0
           0
-1.65402e-05
           0
           0
-6.09161e-07
           0
           0
-9.77361e-09
 5.18778e-09
-9.89589e-09
 5.25268e-09
-1.09371e-05
           0
           0
-1.09376e-05
           0
           0
-8.48222e-08
           0
           0
           0
           0
           0
           0
 1.45393e-06
   0.0876361
   0.0865001
  0.00368312
           0
           0
pk  0.99975
       1
       1
0.999744
       1
       1
0.999941
0.999985
       1
0.999622
0.999995
       1
0.999615
0.999995
       1
0.999894
0.999982
       1
0.999243
0.999997
       1
0.999377
0.999997
       1
0.999946
       1
0.999847
0.995511
0.999967
0.992679
 1.00247
 1.00001
 1.00518
0.999318
       1
       1
count 132
(curr.pk-pk_prev).cwiseAbs().sum() 0.000157771
(curr.pk-p0).cwiseAbs().sum() 0.023259
stable?: 1 converged?: 0 G: 3.23939e-08
tp: 4
Elapsed Time d2w: 119393 us
Elapsed Time dG: 8088 us
vz_norm: 1.49157e-07vp_norm: 8.59084e-09
zk  -0.00181978
 -0.00147393
-0.000256065
  0.00190768
 -0.00192705
-0.000204323
 -0.00091514
-0.000741567
-0.000128236
 0.000315019
-0.000325297
-6.62116e-05
           0
           0
           0
           0
           0
           0
  6.4005e-05
           0
           0
 3.30977e-05
           0
 3.28649e-05
           0
 7.67735e-05
           0
           0
 3.68347e-06
-1.64215e-05
           0
           0
 1.65356e-05
           0
           0
 6.13855e-07
           0
           0
-9.76826e-09
  5.1834e-09
  9.8913e-09
-5.24869e-09
-1.09338e-05
           0
           0
 1.09343e-05
           0
           0
  8.5476e-08
           0
           0
           0
           0
           0
           0
 1.41708e-06
   0.0875865
  -0.0864573
 -0.00370274
           0
           0
pk 0.999748
       1
       1
0.999743
       1
       1
0.999941
0.999985
       1
 0.99962
0.999995
       1
0.999612
0.999995
       1
0.999893
0.999982
       1
0.999238
0.999997
       1
0.999373
0.999997
       1
0.999945
       1
0.999846
0.995479
0.999967
 0.99263
 1.00248
 1.00001
 1.00522
0.999315
       1
       1
count 133
(curr.pk-pk_prev).cwiseAbs().sum() 0.000157587
(curr.pk-p0).cwiseAbs().sum() 0.0234166
stable?: 1 converged?: 0 G: 3.23939e-08
tp: 4
Elapsed Time d2w: 117301 us
Elapsed Time dG: 7450 us
vz_norm: 1.49235e-07vp_norm: 8.59036e-09
zk   0.00181911
 -0.00147356
-0.000258017
   0.0019063
  0.00192647
 0.000205924
 0.000914804
-0.000741376
-0.000129216
 0.000314911
 0.000325201
 6.65524e-05
           0
           0
           0
           0
           0
           0
 6.44929e-05
           0
           0
-3.30882e-05
           0
 3.28538e-05
           0
 7.73584e-05
           0
           0
-3.71152e-06
 -1.6416e-05
           0
           0
-1.65309e-05
           0
           0
 -6.1853e-07
           0
           0
-9.76292e-09
 5.17905e-09
-9.88672e-09
 5.24472e-09
-1.09306e-05
           0
           0
-1.09311e-05
           0
           0
-8.61272e-08
           0
           0
           0
           0
           0
           0
 1.38038e-06
   0.0875371
   0.0864146
  0.00372228
           0
           0
pk 0.999746
       1
       1
0.999741
       1
       1
0.999941
0.999985
       1
0.999617
0.999995
       1
0.999609
0.999995
       1
0.999893
0.999982
       1
0.999233
0.999997
       1
0.999368
0.999997
       1
0.999945
       1
0.999845
0.995447
0.999967
0.992581
  1.0025
 1.00001
 1.00525
0.999311
       1
       1
count 134
(curr.pk-pk_prev).cwiseAbs().sum() 0.000157405
(curr.pk-p0).cwiseAbs().sum() 0.023574
stable?: 1 converged?: 0 G: 3.23939e-08
tp: 4
Elapsed Time d2w: 120596 us
Elapsed Time dG: 8737 us
vz_norm: 1.49313e-07vp_norm: 8.58989e-09
zk  -0.00181844
 -0.00147318
-0.000259961
  0.00190492
 -0.00192589
-0.000207518
-0.000914469
-0.000741185
-0.000130191
 0.000314804
-0.000325106
-6.68919e-05
           0
           0
           0
           0
           0
           0
 6.49787e-05
           0
           0
 3.30787e-05
           0
 3.28428e-05
           0
 7.79409e-05
           0
           0
 3.73946e-06
-1.64106e-05
           0
           0
 1.65262e-05
           0
           0
 6.23186e-07
           0
           0
 -9.7576e-09
 5.17471e-09
 9.88217e-09
-5.24077e-09
-1.09273e-05
           0
           0
 1.09278e-05
           0
           0
 8.67757e-08
           0
           0
           0
           0
           0
           0
 1.34383e-06
   0.0874879
  -0.0863721
 -0.00374174
           0
           0
pk 0.999745
       1
       1
0.999739
       1
       1
 0.99994
0.999985
       1
0.999614
0.999995
       1
0.999607
0.999995
       1
0.999892
0.999982
       1
0.999228
0.999997
       1
0.999364
0.999997
       1
0.999945
       1
0.999844
0.995414
0.999966
0.992532
 1.00252
 1.00001
 1.00529
0.999307
       1
       1
count 135
(curr.pk-pk_prev).cwiseAbs().sum() 0.000157223
(curr.pk-p0).cwiseAbs().sum() 0.0237312
stable?: 1 converged?: 0 G: 3.23938e-08
tp: 4
Elapsed Time d2w: 118691 us
Elapsed Time dG: 7124 us
vz_norm: 1.49391e-07vp_norm: 8.58942e-09
zk   0.00181778
  -0.0014728
-0.000261898
  0.00190355
  0.00192531
 0.000209106
 0.000914136
-0.000740995
-0.000131163
 0.000314698
  0.00032501
   6.723e-05
           0
           0
           0
           0
           0
           0
 6.54627e-05
           0
           0
-3.30692e-05
           0
 3.28318e-05
           0
  7.8521e-05
           0
           0
-3.76729e-06
-1.64052e-05
           0
           0
-1.65216e-05
           0
           0
-6.27822e-07
           0
           0
 -9.7523e-09
 5.17039e-09
-9.87763e-09
 5.23684e-09
-1.09241e-05
           0
           0
-1.09246e-05
           0
           0
-8.74216e-08
           0
           0
           0
           0
           0
           0
 1.30744e-06
   0.0874388
   0.0863297
  0.00376113
           0
           0
pk 0.999743
       1
       1
0.999737
       1
       1
 0.99994
0.999985
       1
0.999612
0.999995
       1
0.999604
0.999995
       1
0.999892
0.999982
       1
0.999223
0.999997
       1
 0.99936
0.999997
       1
0.999944
       1
0.999843
0.995382
0.999966
0.992482
 1.00253
 1.00001
 1.00532
0.999303
       1
       1
count 136
(curr.pk-pk_prev).cwiseAbs().sum() 0.000157042
(curr.pk-p0).cwiseAbs().sum() 0.0238883
stable?: 1 converged?: 0 G: 3.23938e-08
tp: 4
Elapsed Time d2w: 120563 us
Elapsed Time dG: 7490 us
vz_norm: 1.49468e-07vp_norm: 8.58895e-09
zk  -0.00181712
 -0.00147242
-0.000263826
  0.00190219
 -0.00192474
-0.000210687
-0.000913803
-0.000740805
-0.000132131
 0.000314591
-0.000324915
-6.75667e-05
           0
           0
           0
           0
           0
           0
 6.59446e-05
           0
           0
 3.30598e-05
           0
 3.28208e-05
           0
 7.90988e-05
           0
           0
 3.79501e-06
-1.63998e-05
           0
           0
 1.65169e-05
           0
           0
  6.3244e-07
           0
           0
-9.74702e-09
 5.16609e-09
 9.87311e-09
-5.23292e-09
-1.09208e-05
           0
           0
 1.09213e-05
           0
           0
 8.80648e-08
           0
           0
           0
           0
           0
           0
 1.27119e-06
     0.08739
  -0.0862875
 -0.00378043
           0
           0
pk 0.999741
       1
       1
0.999736
       1
       1
 0.99994
0.999985
       1
0.999609
0.999995
       1
0.999602
0.999995
       1
0.999891
0.999982
       1
0.999218
0.999997
       1
0.999356
0.999997
       1
0.999944
       1
0.999842
 0.99535
0.999966
0.992433
 1.00255
 1.00001
 1.00536
0.999299
       1
       1
count 137
(curr.pk-pk_prev).cwiseAbs().sum() 0.000156861
(curr.pk-p0).cwiseAbs().sum() 0.0240452
stable?: 1 converged?: 0 G: 3.23937e-08
tp: 4
Elapsed Time d2w: 120496 us
Elapsed Time dG: 8388 us
vz_norm: 1.49545e-07vp_norm: 8.58848e-09
zk   0.00181646
 -0.00147204
-0.000265747
  0.00190083
  0.00192416
 0.000212262
 0.000913471
-0.000740615
-0.000133095
 0.000314485
  0.00032482
 6.79021e-05
           0
           0
           0
           0
           0
           0
 6.64246e-05
           0
           0
-3.30504e-05
           0
 3.28098e-05
           0
 7.96742e-05
           0
           0
-3.82261e-06
-1.63944e-05
           0
           0
-1.65123e-05
           0
           0
 -6.3704e-07
           0
           0
-9.74176e-09
 5.16181e-09
 -9.8686e-09
 5.22902e-09
-1.09176e-05
           0
           0
-1.09181e-05
           0
           0
-8.87055e-08
           0
           0
           0
           0
           0
           0
 1.23509e-06
   0.0873413
   0.0862455
  0.00379966
           0
           0
pk 0.999739
       1
       1
0.999734
       1
       1
0.999939
0.999985
       1
0.999607
0.999995
       1
0.999599
0.999995
       1
 0.99989
0.999982
       1
0.999212
0.999997
       1
0.999352
0.999997
       1
0.999944
       1
0.999842
0.995318
0.999966
0.992384
 1.00257
 1.00001
 1.00539
0.999296
       1
       1
count 138
(curr.pk-pk_prev).cwiseAbs().sum() 0.000156682
(curr.pk-p0).cwiseAbs().sum() 0.0242018
stable?: 1 converged?: 0 G: 3.23937e-08
tp: 4
Elapsed Time d2w: 123718 us
Elapsed Time dG: 8211 us
vz_norm: 1.49622e-07vp_norm: 8.58801e-09
zk   -0.0018158
 -0.00147167
-0.000267661
  0.00189947
 -0.00192359
-0.000213831
-0.000913141
-0.000740425
-0.000134055
 0.000314379
-0.000324726
-6.82362e-05
           0
           0
           0
           0
           0
           0
 6.69027e-05
           0
           0
  3.3041e-05
           0
 3.27988e-05
           0
 8.02473e-05
           0
           0
  3.8501e-06
 -1.6389e-05
           0
           0
 1.65077e-05
           0
           0
 6.41621e-07
           0
           0
-9.73652e-09
 5.15755e-09
 9.86412e-09
-5.22514e-09
-1.09144e-05
           0
           0
 1.09149e-05
           0
           0
 8.93436e-08
           0
           0
           0
           0
           0
           0
 1.19914e-06
   0.0872928
  -0.0862036
 -0.00381882
           0
           0
pk 0.999738
       1
       1
0.999732
       1
       1
0.999939
0.999985
       1
0.999604
0.999995
       1
0.999597
0.999995
       1
 0.99989
0.999982
       1
0.999207
0.999997
       1
0.999347
0.999997
       1
0.999943
       1
0.999841
0.995286
0.999966
0.992335
 1.00259
 1.00001
 1.00542
0.999292
       1
       1
count 139
(curr.pk-pk_prev).cwiseAbs().sum() 0.000156503
(curr.pk-p0).cwiseAbs().sum() 0.0243583
stable?: 1 converged?: 0 G: 3.23937e-08
tp: 4
Elapsed Time d2w: 123064 us
Elapsed Time dG: 8762 us
vz_norm: 1.49699e-07vp_norm: 8.58754e-09
zk   0.00181514
 -0.00147129
-0.000269566
  0.00189812
  0.00192302
 0.000215393
 0.000912811
-0.000740236
-0.000135011
 0.000314273
 0.000324631
 6.85689e-05
           0
           0
           0
           0
           0
           0
 6.73789e-05
           0
           0
-3.30316e-05
           0
 3.27879e-05
           0
 8.08182e-05
           0
           0
-3.87748e-06
-1.63836e-05
           0
           0
-1.65031e-05
           0
           0
-6.46183e-07
           0
           0
-9.73129e-09
  5.1533e-09
-9.85964e-09
 5.22127e-09
-1.09112e-05
           0
           0
-1.09117e-05
           0
           0
-8.99792e-08
           0
           0
           0
           0
           0
           0
 1.16334e-06
   0.0872444
   0.0861619
  0.00383789
           0
           0
pk 0.999736
       1
       1
 0.99973
       1
       1
0.999939
0.999985
       1
0.999602
0.999995
       1
0.999594
0.999995
       1
0.999889
0.999982
       1
0.999202
0.999996
       1
0.999343
0.999997
       1
0.999943
       1
 0.99984
0.995254
0.999965
0.992286
  1.0026
 1.00001
 1.00546
0.999288
       1
       1
count 140
(curr.pk-pk_prev).cwiseAbs().sum() 0.000156325
(curr.pk-p0).cwiseAbs().sum() 0.0245147
stable?: 1 converged?: 0 G: 3.23936e-08
tp: 4
Elapsed Time d2w: 117095 us
Elapsed Time dG: 7922 us
vz_norm: 1.49775e-07vp_norm: 8.58708e-09
zk  -0.00181449
 -0.00147092
-0.000271464
  0.00189677
 -0.00192245
-0.000216949
-0.000912483
-0.000740047
-0.000135963
 0.000314168
-0.000324537
-6.89003e-05
           0
           0
           0
           0
           0
           0
 6.78532e-05
           0
           0
 3.30223e-05
           0
  3.2777e-05
           0
 8.13868e-05
           0
           0
 3.90476e-06
-1.63783e-05
           0
           0
 1.64985e-05
           0
           0
 6.50728e-07
           0
           0
-9.72608e-09
 5.14907e-09
 9.85519e-09
-5.21742e-09
 -1.0908e-05
           0
           0
 1.09085e-05
           0
           0
 9.06123e-08
           0
           0
           0
           0
           0
           0
 1.12768e-06
   0.0871962
  -0.0861203
  -0.0038569
           0
           0
pk 0.999734
       1
       1
0.999729
       1
       1
0.999938
0.999985
       1
0.999599
0.999995
       1
0.999591
0.999995
       1
0.999889
0.999981
       1
0.999197
0.999996
       1
0.999339
0.999997
       1
0.999943
       1
0.999839
0.995222
0.999965
0.992237
 1.00262
 1.00001
 1.00549
0.999284
       1
       1
count 141
(curr.pk-pk_prev).cwiseAbs().sum() 0.000156147
(curr.pk-p0).cwiseAbs().sum() 0.0246708
stable?: 1 converged?: 0 G: 3.23936e-08
tp: 4
Elapsed Time d2w: 119750 us
Elapsed Time dG: 8373 us
vz_norm: 1.49851e-07vp_norm: 8.58661e-09
zk   0.00181384
 -0.00147054
-0.000273354
  0.00189543
  0.00192188
 0.000218499
 0.000912155
-0.000739858
-0.000136912
 0.000314062
 0.000324443
 6.92304e-05
           0
           0
           0
           0
           0
           0
 6.83256e-05
           0
           0
 -3.3013e-05
           0
 3.27661e-05
           0
 8.19531e-05
           0
           0
-3.93192e-06
-1.63729e-05
           0
           0
-1.64939e-05
           0
           0
-6.55254e-07
           0
           0
-9.72089e-09
 5.14486e-09
-9.85075e-09
 5.21359e-09
-1.09048e-05
           0
           0
-1.09053e-05
           0
           0
-9.12428e-08
           0
           0
           0
           0
           0
           0
 1.09216e-06
   0.0871482
   0.0860789
  0.00387582
           0
           0
pk 0.999733
       1
       1
0.999727
       1
       1
0.999938
0.999985
       1
0.999597
0.999995
       1
0.999589
0.999995
       1
0.999888
0.999981
       1
0.999192
0.999996
       1
0.999335
0.999997
       1
0.999943
       1
0.999838
 0.99519
0.999965
0.992188
 1.00264
 1.00001
 1.00553
0.999281
       1
       1
count 142
(curr.pk-pk_prev).cwiseAbs().sum() 0.000155971
(curr.pk-p0).cwiseAbs().sum() 0.0248268
stable?: 1 converged?: 0 G: 3.23935e-08
tp: 4
Elapsed Time d2w: 125729 us
Elapsed Time dG: 8180 us
vz_norm: 1.49927e-07vp_norm: 8.58615e-09
zk  -0.00181319
 -0.00147017
-0.000275237
   0.0018941
 -0.00192131
-0.000220043
-0.000911829
-0.000739669
-0.000137857
 0.000313957
-0.000324349
-6.95592e-05
           0
           0
           0
           0
           0
           0
 6.87962e-05
           0
           0
 3.30037e-05
           0
 3.27553e-05
           0
 8.25172e-05
           0
           0
 3.95898e-06
-1.63676e-05
           0
           0
 1.64893e-05
           0
           0
 6.59762e-07
           0
           0
-9.71572e-09
 5.14066e-09
 9.84633e-09
-5.20977e-09
-1.09016e-05
           0
           0
 1.09021e-05
           0
           0
 9.18708e-08
           0
           0
           0
           0
           0
           0
 1.05679e-06
   0.0871004
  -0.0860377
 -0.00389468
           0
           0
pk 0.999731
       1
       1
0.999725
       1
       1
0.999938
0.999984
       1
0.999594
0.999995
       1
0.999586
0.999995
       1
0.999887
0.999981
       1
0.999187
0.999996
       1
0.999331
0.999997
       1
0.999942
       1
0.999837
0.995158
0.999965
 0.99214
 1.00265
 1.00001
 1.00556
0.999277
       1
       1
count 143
(curr.pk-pk_prev).cwiseAbs().sum() 0.000155795
(curr.pk-p0).cwiseAbs().sum() 0.0249826
stable?: 1 converged?: 0 G: 3.23935e-08
tp: 4
Elapsed Time d2w: 125014 us
Elapsed Time dG: 8875 us
vz_norm: 1.50003e-07vp_norm: 8.58569e-09
zk   0.00181254
 -0.00146979
-0.000277113
  0.00189277
  0.00192074
  0.00022158
 0.000911503
-0.000739481
-0.000138798
 0.000313853
 0.000324256
 6.98868e-05
           0
           0
           0
           0
           0
           0
 6.92649e-05
           0
           0
-3.29944e-05
           0
 3.27444e-05
           0
 8.30791e-05
           0
           0
-3.98593e-06
-1.63623e-05
           0
           0
-1.64848e-05
           0
           0
-6.64253e-07
           0
           0
-9.71057e-09
 5.13649e-09
-9.84192e-09
 5.20597e-09
-1.08984e-05
           0
           0
 -1.0899e-05
           0
           0
-9.24964e-08
           0
           0
           0
           0
           0
           0
 1.02156e-06
   0.0870527
   0.0859966
  0.00391345
           0
           0
pk 0.999729
       1
       1
0.999724
       1
       1
0.999937
0.999984
       1
0.999592
0.999994
       1
0.999584
0.999995
       1
0.999887
0.999981
       1
0.999182
0.999996
       1
0.999326
0.999997
       1
0.999942
       1
0.999836
0.995126
0.999964
0.992091
 1.00267
 1.00001
 1.00559
0.999273
       1
       1
count 144
(curr.pk-pk_prev).cwiseAbs().sum() 0.000155619
(curr.pk-p0).cwiseAbs().sum() 0.0251382
stable?: 1 converged?: 0 G: 3.23935e-08
tp: 4
Elapsed Time d2w: 122293 us
Elapsed Time dG: 8470 us
vz_norm: 1.50079e-07vp_norm: 8.58523e-09
zk  -0.00181189
 -0.00146942
-0.000278981
  0.00189144
 -0.00192018
-0.000223112
-0.000911178
-0.000739293
-0.000139735
 0.000313748
-0.000324163
 -7.0213e-05
           0
           0
           0
           0
           0
           0
 6.97317e-05
           0
           0
 3.29851e-05
           0
 3.27336e-05
           0
 8.36387e-05
           0
           0
 4.01277e-06
-1.63569e-05
           0
           0
 1.64802e-05
           0
           0
 6.68726e-07
           0
           0
-9.70543e-09
 5.13233e-09
 9.83753e-09
-5.20218e-09
-1.08952e-05
           0
           0
 1.08958e-05
           0
           0
 9.31195e-08
           0
           0
           0
           0
           0
           0
 9.86469e-07
   0.0870052
  -0.0859556
 -0.00393216
           0
           0
pk 0.999728
       1
       1
0.999722
       1
       1
0.999937
0.999984
       1
0.999589
0.999994
       1
0.999581
0.999994
       1
0.999886
0.999981
       1
0.999177
0.999996
       1
0.999322
0.999996
       1
0.999942
       1
0.999836
0.995094
0.999964
0.992042
 1.00269
 1.00002
 1.00563
 0.99927
       1
       1
count 145
(curr.pk-pk_prev).cwiseAbs().sum() 0.000155445
(curr.pk-p0).cwiseAbs().sum() 0.0252936
stable?: 1 converged?: 0 G: 3.23934e-08
tp: 4
Elapsed Time d2w: 126691 us
Elapsed Time dG: 9128 us
vz_norm: 1.50154e-07vp_norm: 8.58477e-09
zk   0.00181125
 -0.00146905
-0.000280842
  0.00189012
  0.00191962
 0.000224637
 0.000910855
-0.000739105
-0.000140669
 0.000313644
  0.00032407
  7.0538e-05
           0
           0
           0
           0
           0
           0
 7.01967e-05
           0
           0
-3.29759e-05
           0
 3.27229e-05
           0
 8.41962e-05
           0
           0
-4.03951e-06
-1.63516e-05
           0
           0
-1.64757e-05
           0
           0
-6.73182e-07
           0
           0
-9.70031e-09
 5.12818e-09
-9.83316e-09
 5.19841e-09
-1.08921e-05
           0
           0
-1.08926e-05
           0
           0
-9.37402e-08
           0
           0
           0
           0
           0
           0
 9.51519e-07
   0.0869579
   0.0859148
  0.00395079
           0
           0
pk 0.999726
       1
       1
 0.99972
       1
       1
0.999937
0.999984
       1
0.999586
0.999994
       1
0.999578
0.999994
       1
0.999886
0.999981
       1
0.999172
0.999996
       1
0.999318
0.999996
       1
0.999941
       1
0.999835
0.995062
0.999964
0.991994
  1.0027
 1.00002
 1.00566
0.999266
       1
       1
count 146
(curr.pk-pk_prev).cwiseAbs().sum() 0.000155271
(curr.pk-p0).cwiseAbs().sum() 0.0254489
stable?: 1 converged?: 0 G: 3.23934e-08
tp: 4
Elapsed Time d2w: 125895 us
Elapsed Time dG: 8705 us
vz_norm: 1.5023e-07vp_norm: 8.58431e-09
zk  -0.00181061
 -0.00146867
-0.000282696
  0.00188881
 -0.00191905
-0.000226157
-0.000910532
-0.000738917
-0.000141599
  0.00031354
-0.000323977
-7.08617e-05
           0
           0
           0
           0
           0
           0
   7.066e-05
           0
           0
 3.29667e-05
           0
 3.27121e-05
           0
 8.47515e-05
           0
           0
 4.06615e-06
-1.63464e-05
           0
           0
 1.64712e-05
           0
           0
  6.7762e-07
           0
           0
-9.69521e-09
 5.12406e-09
  9.8288e-09
-5.19466e-09
-1.08889e-05
           0
           0
 1.08895e-05
           0
           0
 9.43585e-08
           0
           0
           0
           0
           0
           0
 9.16707e-07
   0.0869107
  -0.0858742
 -0.00396935
           0
           0
pk 0.999724
       1
       1
0.999718
       1
       1
0.999936
0.999984
       1
0.999584
0.999994
       1
0.999576
0.999994
       1
0.999885
0.999981
       1
0.999167
0.999996
       1
0.999314
0.999996
       1
0.999941
       1
0.999834
 0.99503
0.999964
0.991945
 1.00272
 1.00002
  1.0057
0.999262
       1
       1
count 147
(curr.pk-pk_prev).cwiseAbs().sum() 0.000155098
(curr.pk-p0).cwiseAbs().sum() 0.025604
stable?: 1 converged?: 0 G: 3.23934e-08
tp: 4
Elapsed Time d2w: 117139 us
Elapsed Time dG: 8153 us
vz_norm: 1.50305e-07vp_norm: 8.58386e-09
zk   0.00180997
  -0.0014683
-0.000284542
   0.0018875
  0.00191849
 0.000227671
  0.00091021
 -0.00073873
-0.000142526
 0.000313436
 0.000323884
 7.11842e-05
           0
           0
           0
           0
           0
           0
 7.11214e-05
           0
           0
-3.29575e-05
           0
 3.27014e-05
           0
 8.53047e-05
           0
           0
-4.09268e-06
-1.63411e-05
           0
           0
-1.64667e-05
           0
           0
-6.82041e-07
           0
           0
-9.69012e-09
 5.11995e-09
-9.82445e-09
 5.19093e-09
-1.08858e-05
           0
           0
-1.08863e-05
           0
           0
-9.49743e-08
           0
           0
           0
           0
           0
           0
 8.82032e-07
   0.0868637
   0.0858337
  0.00398784
           0
           0
pk 0.999723
       1
       1
0.999717
       1
       1
0.999936
0.999984
       1
0.999581
0.999994
       1
0.999573
0.999994
       1
0.999884
0.999981
       1
0.999162
0.999996
       1
 0.99931
0.999996
       1
0.999941
       1
0.999833
0.994998
0.999964
0.991897
 1.00274
 1.00002
 1.00573
0.999259
       1
       1
count 148
(curr.pk-pk_prev).cwiseAbs().sum() 0.000154925
(curr.pk-p0).cwiseAbs().sum() 0.0257589
stable?: 1 converged?: 0 G: 3.23933e-08
tp: 4
Elapsed Time d2w: 115965 us
Elapsed Time dG: 8339 us
vz_norm: 1.50379e-07vp_norm: 8.5834e-09
zk  -0.00180933
 -0.00146793
-0.000286381
  0.00188619
 -0.00191794
-0.000229178
-0.000909889
-0.000738543
-0.000143449
 0.000313333
-0.000323792
-7.15055e-05
           0
           0
           0
           0
           0
           0
  7.1581e-05
           0
           0
 3.29483e-05
           0
 3.26907e-05
           0
 8.58557e-05
           0
           0
 4.11911e-06
-1.63358e-05
           0
           0
 1.64622e-05
           0
           0
 6.86445e-07
           0
           0
-9.68505e-09
 5.11585e-09
 9.82013e-09
 -5.1872e-09
-1.08826e-05
           0
           0
 1.08832e-05
           0
           0
 9.55878e-08
           0
           0
           0
           0
           0
           0
 8.47494e-07
   0.0868169
  -0.0857933
 -0.00400626
           0
           0
pk 0.999721
       1
       1
0.999715
       1
       1
0.999936
0.999984
       1
0.999579
0.999994
       1
0.999571
0.999994
       1
0.999884
0.999981
       1
0.999157
0.999996
       1
0.999306
0.999996
       1
 0.99994
       1
0.999832
0.994966
0.999963
0.991848
 1.00275
 1.00002
 1.00576
0.999255
       1
       1
count 149
(curr.pk-pk_prev).cwiseAbs().sum() 0.000154754
(curr.pk-p0).cwiseAbs().sum() 0.0259137
stable?: 1 converged?: 0 G: 3.23933e-08
tp: 4
Elapsed Time d2w: 123327 us
Elapsed Time dG: 8670 us
vz_norm: 1.50454e-07vp_norm: 8.58295e-09
zk   0.00180869
 -0.00146756
-0.000288214
  0.00188489
  0.00191738
  0.00023068
 0.000909569
-0.000738356
-0.000144368
 0.000313229
   0.0003237
 7.18255e-05
           0
           0
           0
           0
           0
           0
 7.20389e-05
           0
           0
-3.29392e-05
           0
   3.268e-05
           0
 8.64046e-05
           0
           0
-4.14543e-06
-1.63306e-05
           0
           0
-1.64577e-05
           0
           0
-6.90831e-07
           0
           0
   -9.68e-09
 5.11178e-09
-9.81581e-09
  5.1835e-09
-1.08795e-05
           0
           0
  -1.088e-05
           0
           0
 -9.6199e-08
           0
           0
           0
           0
           0
           0
 8.13092e-07
   0.0867702
   0.0857531
  0.00402461
           0
           0
pk 0.999719
       1
       1
0.999713
       1
       1
0.999935
0.999984
       1
0.999576
0.999994
       1
0.999568
0.999994
       1
0.999883
0.999981
       1
0.999152
0.999996
       1
0.999301
0.999996
       1
 0.99994
       1
0.999831
0.994935
0.999963
  0.9918
 1.00277
 1.00002
  1.0058
0.999252
       1
       1
count 150
(curr.pk-pk_prev).cwiseAbs().sum() 0.000154583
(curr.pk-p0).cwiseAbs().sum() 0.0260683
stable?: 1 converged?: 0 G: 3.23932e-08
tp: 4
Elapsed Time d2w: 126635 us
Elapsed Time dG: 7666 us
vz_norm: 1.50528e-07vp_norm: 8.58249e-09
zk  -0.00180805
 -0.00146719
-0.000290039
  0.00188359
 -0.00191682
-0.000232177
 -0.00090925
-0.000738169
-0.000145284
 0.000313126
-0.000323608
-7.21443e-05
           0
           0
           0
           0
           0
           0
  7.2495e-05
           0
           0
 3.29301e-05
           0
 3.26693e-05
           0
 8.69514e-05
           0
           0
 4.17166e-06
-1.63253e-05
           0
           0
 1.64532e-05
           0
           0
 6.95201e-07
           0
           0
-9.67496e-09
 5.10772e-09
 9.81152e-09
-5.17981e-09
-1.08764e-05
           0
           0
 1.08769e-05
           0
           0
 9.68078e-08
           0
           0
           0
           0
           0
           0
 7.78824e-07
   0.0867237
   -0.085713
 -0.00404289
           0
           0
pk 0.999718
       1
       1
0.999712
       1
       1
0.999935
0.999984
       1
0.999574
0.999994
       1
0.999566
0.999994
       1
0.999883
0.999981
       1
0.999147
0.999996
       1
0.999297
0.999996
       1
 0.99994
       1
0.999831
0.994903
0.999963
0.991751
 1.00279
 1.00002
 1.00583
0.999248
       1
       1
count 151
(curr.pk-pk_prev).cwiseAbs().sum() 0.000154412
(curr.pk-p0).cwiseAbs().sum() 0.0262227
stable?: 1 converged?: 0 G: 3.23932e-08
tp: 4
Elapsed Time d2w: 126138 us
Elapsed Time dG: 8929 us
vz_norm: 1.50603e-07vp_norm: 8.58204e-09
zk   0.00180742
 -0.00146682
-0.000291857
   0.0018823
  0.00191627
 0.000233667
 0.000908932
-0.000737982
-0.000146196
 0.000313024
 0.000323516
 7.24619e-05
           0
           0
           0
           0
           0
           0
 7.29494e-05
           0
           0
 -3.2921e-05
           0
 3.26587e-05
           0
 8.74961e-05
           0
           0
-4.19778e-06
-1.63201e-05
           0
           0
-1.64487e-05
           0
           0
-6.99555e-07
           0
           0
-9.66995e-09
 5.10367e-09
-9.80723e-09
 5.17613e-09
-1.08732e-05
           0
           0
-1.08738e-05
           0
           0
-9.74142e-08
           0
           0
           0
           0
           0
           0
 7.44689e-07
   0.0866773
   0.0856731
   0.0040611
           0
           0
pk 0.999716
       1
       1
 0.99971
       1
       1
0.999935
0.999984
       1
0.999571
0.999994
       1
0.999563
0.999994
       1
0.999882
 0.99998
       1
0.999142
0.999996
       1
0.999293
0.999996
       1
 0.99994
       1
 0.99983
0.994871
0.999963
0.991703
  1.0028
 1.00002
 1.00587
0.999244
       1
       1
count 152
(curr.pk-pk_prev).cwiseAbs().sum() 0.000154242
(curr.pk-p0).cwiseAbs().sum() 0.0263769
stable?: 1 converged?: 0 G: 3.23932e-08
tp: 4
Elapsed Time d2w: 122036 us
Elapsed Time dG: 8016 us
vz_norm: 1.50677e-07vp_norm: 8.58159e-09
zk  -0.00180679
 -0.00146645
-0.000293668
  0.00188101
 -0.00191572
-0.000235152
-0.000908615
-0.000737796
-0.000147105
 0.000312921
-0.000323425
-7.27782e-05
           0
           0
           0
           0
           0
           0
  7.3402e-05
           0
           0
 3.29119e-05
           0
 3.26481e-05
           0
 8.80388e-05
           0
           0
 4.22381e-06
-1.63149e-05
           0
           0
 1.64443e-05
           0
           0
 7.03891e-07
           0
           0
-9.66494e-09
 5.09965e-09
 9.80297e-09
-5.17247e-09
-1.08701e-05
           0
           0
 1.08707e-05
           0
           0
 9.80184e-08
           0
           0
           0
           0
           0
           0
 7.10686e-07
   0.0866311
  -0.0856333
 -0.00407924
           0
           0
pk 0.999714
       1
       1
0.999708
       1
       1
0.999934
0.999984
       1
0.999569
0.999994
       1
0.999561
0.999994
       1
0.999882
 0.99998
       1
0.999137
0.999996
       1
0.999289
0.999996
       1
0.999939
       1
0.999829
0.994839
0.999962
0.991655
 1.00282
 1.00002
  1.0059
0.999241
       1
       1
count 153
(curr.pk-pk_prev).cwiseAbs().sum() 0.000154073
(curr.pk-p0).cwiseAbs().sum() 0.026531
stable?: 1 converged?: 0 G: 3.23931e-08
tp: 4
Elapsed Time d2w: 127090 us
Elapsed Time dG: 7623 us
vz_norm: 1.5075e-07vp_norm: 8.58114e-09
zk   0.00180616
 -0.00146608
-0.000295473
  0.00187973
  0.00191516
 0.000236631
 0.000908299
 -0.00073761
-0.000148011
 0.000312819
 0.000323333
 7.30934e-05
           0
           0
           0
           0
           0
           0
 7.38529e-05
           0
           0
-3.29028e-05
           0
 3.26375e-05
           0
 8.85793e-05
           0
           0
-4.24974e-06
-1.63097e-05
           0
           0
-1.64398e-05
           0
           0
-7.08211e-07
           0
           0
-9.65996e-09
 5.09563e-09
-9.79871e-09
 5.16883e-09
 -1.0867e-05
           0
           0
-1.08676e-05
           0
           0
-9.86202e-08
           0
           0
           0
           0
           0
           0
 6.76815e-07
    0.086585
   0.0855936
  0.00409731
           0
           0
pk 0.999713
       1
       1
0.999707
       1
       1
0.999934
0.999984
       1
0.999566
0.999994
       1
0.999558
0.999994
       1
0.999881
 0.99998
       1
0.999132
0.999996
       1
0.999285
0.999996
       1
0.999939
       1
0.999828
0.994808
0.999962
0.991607
 1.00284
 1.00002
 1.00593
0.999237
       1
       1
count 154
(curr.pk-pk_prev).cwiseAbs().sum() 0.000153905
(curr.pk-p0).cwiseAbs().sum() 0.0266849
stable?: 1 converged?: 0 G: 3.23931e-08
tp: 4
Elapsed Time d2w: 120805 us
Elapsed Time dG: 8870 us
vz_norm: 1.50824e-07vp_norm: 8.58069e-09
zk  -0.00180553
 -0.00146571
 -0.00029727
  0.00187845
 -0.00191461
-0.000238104
-0.000907983
-0.000737424
-0.000148913
 0.000312717
-0.000323242
-7.34074e-05
           0
           0
           0
           0
           0
           0
 7.43021e-05
           0
           0
 3.28938e-05
           0
 3.26269e-05
           0
 8.91179e-05
           0
           0
 4.27556e-06
-1.63045e-05
           0
           0
 1.64354e-05
           0
           0
 7.12515e-07
           0
           0
-9.65499e-09
 5.09164e-09
 9.79448e-09
 -5.1652e-09
-1.08639e-05
           0
           0
 1.08645e-05
           0
           0
 9.92198e-08
           0
           0
           0
           0
           0
           0
 6.43075e-07
   0.0865391
  -0.0855541
 -0.00411531
           0
           0
pk 0.999711
       1
       1
0.999705
       1
       1
0.999934
0.999984
       1
0.999564
0.999994
       1
0.999555
0.999994
       1
 0.99988
 0.99998
       1
0.999127
0.999996
       1
0.999281
0.999996
       1
0.999939
       1
0.999827
0.994776
0.999962
0.991558
 1.00285
 1.00002
 1.00597
0.999234
       1
       1
count 155
(curr.pk-pk_prev).cwiseAbs().sum() 0.000153737
(curr.pk-p0).cwiseAbs().sum() 0.0268386
stable?: 1 converged?: 0 G: 3.2393e-08
tp: 4
Elapsed Time d2w: 122635 us
Elapsed Time dG: 8376 us
vz_norm: 1.50301e-07vp_norm: 8.5456e-09
zk   0.00182155
 -0.00147924
-0.000306076
  0.00189617
  0.00193171
 0.000245288
 0.000916001
-0.000744198
-0.000153328
 0.000315549
 0.000326089
 7.49947e-05
           0
           0
           0
           0
           0
           0
 7.65029e-05
           0
           0
-3.31919e-05
           0
  3.2921e-05
           0
 9.17567e-05
           0
           0
-4.40217e-06
-1.64517e-05
           0
           0
-1.65846e-05
           0
           0
-7.33612e-07
           0
           0
-9.70391e-09
 5.08103e-09
-9.84491e-09
 5.15486e-09
-1.09628e-05
           0
           0
-1.09634e-05
           0
           0
-1.02158e-07
           0
           0
           0
           0
           0
           0
 5.40469e-07
   0.0868367
   0.0858473
  0.00420433
           0
           0
pk 0.999709
       1
       1
0.999703
       1
       1
0.999934
0.999983
       1
0.999561
0.999994
       1
0.999553
0.999994
       1
 0.99988
 0.99998
       1
0.999122
0.999996
       1
0.999276
0.999996
       1
0.999938
       1
0.999827
0.994744
0.999962
 0.99151
 1.00287
 1.00002
   1.006
 0.99923
       1
       1
count 156
(curr.pk-pk_prev).cwiseAbs().sum() 0.000154385
(curr.pk-p0).cwiseAbs().sum() 0.026993
stable?: 1 converged?: 0 G: 3.2393e-08
tp: 4
Elapsed Time d2w: 127246 us
Elapsed Time dG: 7583 us
vz_norm: 1.5054e-07vp_norm: 8.58917e-09
zk  -0.00181995
 -0.00147896
-0.000305989
  0.00189441
 -0.00193047
-0.000245157
-0.000915194
-0.000744051
-0.000153285
 0.000315357
-0.000325911
-7.50034e-05
           0
           0
           0
           0
           0
           0
 7.64812e-05
           0
           0
  3.3174e-05
           0
 3.29016e-05
           0
 9.17305e-05
           0
           0
  4.4009e-06
-1.64422e-05
           0
           0
 1.65757e-05
           0
           0
 7.33401e-07
           0
           0
 -9.6892e-09
 5.06621e-09
 9.83079e-09
-5.14025e-09
-1.09569e-05
           0
           0
 1.09575e-05
           0
           0
 1.02129e-07
           0
           0
           0
           0
           0
           0
 5.21616e-07
   0.0866958
  -0.0857149
 -0.00420537
           0
           0
pk 0.999708
       1
       1
0.999702
       1
       1
0.999933
0.999983
       1
0.999559
0.999994
       1
 0.99955
0.999994
       1
0.999879
 0.99998
       1
0.999117
0.999996
       1
0.999272
0.999996
       1
0.999938
       1
0.999826
0.994712
0.999962
0.991462
 1.00289
 1.00002
 1.00603
0.999227
       1
       1
count 157
(curr.pk-pk_prev).cwiseAbs().sum() 0.000154637
(curr.pk-p0).cwiseAbs().sum() 0.0271477
stable?: 1 converged?: 0 G: 3.2393e-08
tp: 4
Elapsed Time d2w: 116102 us
Elapsed Time dG: 7499 us
vz_norm: 1.50573e-07vp_norm: 8.57684e-09
zk   0.00181955
 -0.00147857
-0.000308171
  0.00189328
  0.00193009
 0.000246945
 0.000914996
-0.000743854
-0.000154379
 0.000315276
 0.000325841
 7.53751e-05
           0
           0
           0
           0
           0
           0
 7.70263e-05
           0
           0
-3.31671e-05
           0
 3.28931e-05
           0
 9.23841e-05
           0
           0
-4.43225e-06
 -1.6438e-05
           0
           0
-1.65723e-05
           0
           0
-7.38624e-07
           0
           0
-9.68658e-09
 5.06484e-09
-9.82894e-09
 5.13928e-09
-1.09545e-05
           0
           0
-1.09551e-05
           0
           0
-1.02856e-07
           0
           0
           0
           0
           0
           0
  4.8539e-07
   0.0866729
   0.0856979
  0.00422654
           0
           0
pk 0.999706
       1
       1
  0.9997
       1
       1
0.999933
0.999983
       1
0.999556
0.999994
       1
0.999548
0.999994
       1
0.999879
 0.99998
       1
0.999112
0.999996
       1
0.999268
0.999996
       1
0.999938
       1
0.999825
 0.99468
0.999961
0.991414
  1.0029
 1.00002
 1.00607
0.999223
       1
       1
count 158
(curr.pk-pk_prev).cwiseAbs().sum() 0.000154348
(curr.pk-p0).cwiseAbs().sum() 0.027302
stable?: 1 converged?: 0 G: 3.23929e-08
tp: 4
Elapsed Time d2w: 124230 us
Elapsed Time dG: 10092 us
vz_norm: 1.50653e-07vp_norm: 8.57914e-09
zk  -0.00181889
  -0.0014782
 -0.00030985
  0.00189198
 -0.00192951
-0.000248322
-0.000914662
-0.000743671
-0.000155222
 0.000315171
-0.000325747
-7.56711e-05
           0
           0
           0
           0
           0
           0
  7.7446e-05
           0
           0
 3.31578e-05
           0
 3.28822e-05
           0
 9.28873e-05
           0
           0
 4.45638e-06
-1.64326e-05
           0
           0
 1.65677e-05
           0
           0
 7.42645e-07
           0
           0
-9.68122e-09
 5.06041e-09
 9.82431e-09
-5.13521e-09
-1.09513e-05
           0
           0
 1.09519e-05
           0
           0
 1.03417e-07
           0
           0
           0
           0
           0
           0
 4.52905e-07
   0.0866232
  -0.0856548
 -0.00424355
           0
           0
pk 0.999704
       1
       1
0.999698
       1
       1
0.999933
0.999983
       1
0.999554
0.999994
       1
0.999545
0.999994
       1
0.999878
 0.99998
       1
0.999107
0.999996
       1
0.999264
0.999996
       1
0.999938
       1
0.999824
0.994647
0.999961
0.991366
 1.00292
 1.00002
  1.0061
 0.99922
       1
       1
count 159
(curr.pk-pk_prev).cwiseAbs().sum() 0.000154213
(curr.pk-p0).cwiseAbs().sum() 0.0274562
stable?: 1 converged?: 0 G: 3.23929e-08
tp: 4
Elapsed Time d2w: 121060 us
Elapsed Time dG: 8250 us
vz_norm: 1.50724e-07vp_norm: 8.57817e-09
zk   0.00181828
 -0.00147783
-0.000311639
  0.00189072
  0.00192897
 0.000249787
 0.000914354
-0.000743484
 -0.00015612
  0.00031507
 0.000325657
 7.59832e-05
           0
           0
           0
           0
           0
           0
 7.78929e-05
           0
           0
-3.31489e-05
           0
 3.28718e-05
           0
 9.34231e-05
           0
           0
-4.48207e-06
-1.64275e-05
           0
           0
-1.65634e-05
           0
           0
-7.46927e-07
           0
           0
-9.67642e-09
 5.05662e-09
-9.82024e-09
 5.13177e-09
-1.09482e-05
           0
           0
-1.09488e-05
           0
           0
-1.04013e-07
           0
           0
           0
           0
           0
           0
 4.19563e-07
    0.086579
   0.0856169
  0.00426144
           0
           0
pk 0.999703
       1
       1
0.999696
       1
       1
0.999932
0.999983
       1
0.999551
0.999994
       1
0.999543
0.999994
       1
0.999877
 0.99998
       1
0.999102
0.999996
       1
 0.99926
0.999996
       1
0.999937
       1
0.999823
0.994615
0.999961
0.991318
 1.00294
 1.00002
 1.00613
0.999216
       1
       1
count 160
(curr.pk-pk_prev).cwiseAbs().sum() 0.000154042
(curr.pk-p0).cwiseAbs().sum() 0.0276103
stable?: 1 converged?: 0 G: 3.23928e-08
tp: 4
Elapsed Time d2w: 122509 us
Elapsed Time dG: 8102 us
vz_norm: 1.50796e-07vp_norm: 8.57787e-09
zk  -0.00181765
 -0.00147746
-0.000313398
  0.00188945
 -0.00192842
-0.000251229
-0.000914041
-0.000743297
-0.000157002
 0.000314968
-0.000325567
-7.62908e-05
           0
           0
           0
           0
           0
           0
 7.83326e-05
           0
           0
 3.31399e-05
           0
 3.28612e-05
           0
 9.39501e-05
           0
           0
 4.50735e-06
-1.64223e-05
           0
           0
  1.6559e-05
           0
           0
 7.51138e-07
           0
           0
-9.67151e-09
 5.05269e-09
 9.81605e-09
-5.12821e-09
-1.09451e-05
           0
           0
 1.09457e-05
           0
           0
   1.046e-07
           0
           0
           0
           0
           0
           0
 3.86507e-07
   0.0865337
   -0.085578
 -0.00427908
           0
           0
pk 0.999701
       1
       1
0.999695
       1
       1
0.999932
0.999983
       1
0.999549
0.999994
       1
 0.99954
0.999994
       1
0.999877
 0.99998
       1
0.999097
0.999996
       1
0.999256
0.999996
       1
0.999937
       1
0.999822
0.994583
0.999961
 0.99127
 1.00295
 1.00002
 1.00617
0.999213
       1
       1
count 161
(curr.pk-pk_prev).cwiseAbs().sum() 0.000153878
(curr.pk-p0).cwiseAbs().sum() 0.0277641
stable?: 1 converged?: 0 G: 3.23928e-08
tp: 4
Elapsed Time d2w: 121422 us
Elapsed Time dG: 8477 us
vz_norm: 1.50868e-07vp_norm: 8.57742e-09
zk   0.00181703
 -0.00147709
-0.000315156
  0.00188819
  0.00192788
  0.00025267
  0.00091373
 -0.00074311
-0.000157884
 0.000314866
 0.000325477
 7.65979e-05
           0
           0
           0
           0
           0
           0
 7.87719e-05
           0
           0
-3.31309e-05
           0
 3.28507e-05
           0
 9.44768e-05
           0
           0
-4.53261e-06
-1.64172e-05
           0
           0
-1.65546e-05
           0
           0
-7.55347e-07
           0
           0
-9.66663e-09
 5.04881e-09
-9.81191e-09
 5.12468e-09
 -1.0942e-05
           0
           0
-1.09427e-05
           0
           0
-1.05186e-07
           0
           0
           0
           0
           0
           0
 3.53529e-07
   0.0864888
   0.0855394
  0.00429669
           0
           0
pk 0.999699
       1
       1
0.999693
       1
       1
0.999932
0.999983
       1
0.999546
0.999994
       1
0.999538
0.999994
       1
0.999876
 0.99998
       1
0.999092
0.999996
       1
0.999252
0.999996
       1
0.999937
       1
0.999822
0.994551
 0.99996
0.991222
 1.00297
 1.00002
  1.0062
0.999209
       1
       1
count 162
(curr.pk-pk_prev).cwiseAbs().sum() 0.000153714
(curr.pk-p0).cwiseAbs().sum() 0.0279179
stable?: 1 converged?: 0 G: 3.23928e-08
tp: 4
Elapsed Time d2w: 120058 us
Elapsed Time dG: 7713 us
vz_norm: 1.5094e-07vp_norm: 8.577e-09
zk  -0.00181642
 -0.00147672
-0.000316906
  0.00188694
 -0.00192734
-0.000254104
 -0.00091342
-0.000742924
-0.000158763
 0.000314765
-0.000325387
-7.69039e-05
           0
           0
           0
           0
           0
           0
 7.92093e-05
           0
           0
  3.3122e-05
           0
 3.28402e-05
           0
 9.50012e-05
           0
           0
 4.55776e-06
 -1.6412e-05
           0
           0
 1.65502e-05
           0
           0
 7.59538e-07
           0
           0
-9.66177e-09
 5.04493e-09
 9.80777e-09
-5.12117e-09
 -1.0939e-05
           0
           0
 1.09396e-05
           0
           0
  1.0577e-07
           0
           0
           0
           0
           0
           0
 3.20682e-07
    0.086444
  -0.0855009
 -0.00431423
           0
           0
pk 0.999698
       1
       1
0.999691
       1
       1
0.999931
0.999983
       1
0.999544
0.999994
       1
0.999535
0.999994
       1
0.999876
0.999979
       1
0.999087
0.999996
       1
0.999247
0.999996
       1
0.999936
       1
0.999821
0.994519
 0.99996
0.991174
 1.00299
 1.00002
 1.00623
0.999206
       1
       1
count 163
(curr.pk-pk_prev).cwiseAbs().sum() 0.00015355
(curr.pk-p0).cwiseAbs().sum() 0.0280714
stable?: 1 converged?: 0 G: 3.23927e-08
tp: 4
Elapsed Time d2w: 117112 us
Elapsed Time dG: 8686 us
vz_norm: 1.51011e-07vp_norm: 8.57657e-09
zk    0.0018158
 -0.00147635
-0.000318651
  0.00188569
   0.0019268
 0.000255534
  0.00091311
-0.000742738
-0.000159638
 0.000314664
 0.000325297
 7.72087e-05
           0
           0
           0
           0
           0
           0
 7.96453e-05
           0
           0
-3.31131e-05
           0
 3.28297e-05
           0
 9.55238e-05
           0
           0
-4.58282e-06
-1.64069e-05
           0
           0
-1.65458e-05
           0
           0
-7.63714e-07
           0
           0
-9.65692e-09
 5.04107e-09
-9.80365e-09
 5.11767e-09
-1.09359e-05
           0
           0
-1.09365e-05
           0
           0
-1.06352e-07
           0
           0
           0
           0
           0
           0
 2.87955e-07
   0.0863993
   0.0854625
  0.00433172
           0
           0
pk 0.999696
       1
       1
 0.99969
       1
       1
0.999931
0.999983
       1
0.999541
0.999994
       1
0.999533
0.999994
       1
0.999875
0.999979
       1
0.999082
0.999996
       1
0.999243
0.999996
       1
0.999936
       1
 0.99982
0.994487
 0.99996
0.991126
 1.00301
 1.00002
 1.00627
0.999202
       1
       1
count 164
(curr.pk-pk_prev).cwiseAbs().sum() 0.000153387
(curr.pk-p0).cwiseAbs().sum() 0.0282248
stable?: 1 converged?: 0 G: 3.23927e-08
tp: 4
Elapsed Time d2w: 119326 us
Elapsed Time dG: 8493 us
vz_norm: 1.51083e-07vp_norm: 8.57615e-09
zk  -0.00181518
 -0.00147598
-0.000320389
  0.00188444
 -0.00192625
-0.000256958
-0.000912801
-0.000742552
 -0.00016051
 0.000314563
-0.000325207
-7.75124e-05
           0
           0
           0
           0
           0
           0
 8.00796e-05
           0
           0
 3.31042e-05
           0
 3.28193e-05
           0
 9.60445e-05
           0
           0
 4.60779e-06
-1.64017e-05
           0
           0
 1.65414e-05
           0
           0
 7.67875e-07
           0
           0
-9.65209e-09
 5.03723e-09
 9.79954e-09
-5.11418e-09
-1.09329e-05
           0
           0
 1.09335e-05
           0
           0
 1.06932e-07
           0
           0
           0
           0
           0
           0
  2.5535e-07
   0.0863548
  -0.0854243
 -0.00434913
           0
           0
pk 0.999694
       1
       1
0.999688
       1
       1
0.999931
0.999983
       1
0.999539
0.999994
       1
 0.99953
0.999994
       1
0.999875
0.999979
       1
0.999077
0.999996
       1
0.999239
0.999996
       1
0.999936
       1
0.999819
0.994456
 0.99996
0.991078
 1.00302
 1.00002
  1.0063
0.999199
       1
       1
count 165
(curr.pk-pk_prev).cwiseAbs().sum() 0.000153224
(curr.pk-p0).cwiseAbs().sum() 0.028378
stable?: 1 converged?: 0 G: 3.23927e-08
tp: 4
Elapsed Time d2w: 120921 us
Elapsed Time dG: 8164 us
vz_norm: 1.51154e-07vp_norm: 8.57573e-09
zk   0.00181457
 -0.00147561
 -0.00032212
  0.00188319
  0.00192571
 0.000258377
 0.000912494
-0.000742367
-0.000161379
 0.000314462
 0.000325118
  7.7815e-05
           0
           0
           0
           0
           0
           0
 8.05123e-05
           0
           0
-3.30953e-05
           0
 3.28089e-05
           0
 9.65632e-05
           0
           0
-4.63267e-06
-1.63966e-05
           0
           0
-1.65371e-05
           0
           0
 -7.7202e-07
           0
           0
-9.64727e-09
  5.0334e-09
-9.79544e-09
 5.11071e-09
-1.09298e-05
           0
           0
-1.09304e-05
           0
           0
-1.07509e-07
           0
           0
           0
           0
           0
           0
 2.22866e-07
   0.0863104
   0.0853862
  0.00436649
           0
           0
pk 0.999693
       1
       1
0.999686
       1
       1
 0.99993
0.999983
       1
0.999536
0.999994
       1
0.999527
0.999994
       1
0.999874
0.999979
       1
0.999072
0.999996
       1
0.999235
0.999996
       1
0.999936
       1
0.999818
0.994424
 0.99996
0.991031
 1.00304
 1.00002
 1.00633
0.999195
       1
       1
count 166
(curr.pk-pk_prev).cwiseAbs().sum() 0.000153062
(curr.pk-p0).cwiseAbs().sum() 0.0285311
stable?: 1 converged?: 0 G: 3.23926e-08
tp: 4
Elapsed Time d2w: 114944 us
Elapsed Time dG: 7549 us
vz_norm: 1.51225e-07vp_norm: 8.5753e-09
zk  -0.00181396
 -0.00147524
-0.000323846
  0.00188196
 -0.00192518
-0.000259791
-0.000912186
-0.000742181
-0.000162245
 0.000314362
-0.000325029
-7.81165e-05
           0
           0
           0
           0
           0
           0
 8.09434e-05
           0
           0
 3.30864e-05
           0
 3.27985e-05
           0
 9.70801e-05
           0
           0
 4.65746e-06
-1.63915e-05
           0
           0
 1.65327e-05
           0
           0
 7.76151e-07
           0
           0
-9.64247e-09
 5.02958e-09
 9.79136e-09
-5.10725e-09
-1.09268e-05
           0
           0
 1.09274e-05
           0
           0
 1.08085e-07
           0
           0
           0
           0
           0
           0
 1.90503e-07
   0.0862661
  -0.0853482
 -0.00438378
           0
           0
pk 0.999691
       1
       1
0.999685
       1
       1
 0.99993
0.999983
       1
0.999534
0.999994
       1
0.999525
0.999994
       1
0.999873
0.999979
       1
0.999067
0.999996
       1
0.999231
0.999996
       1
0.999935
       1
0.999818
0.994392
0.999959
0.990983
 1.00306
 1.00002
 1.00637
0.999192
       1
       1
count 167
(curr.pk-pk_prev).cwiseAbs().sum() 0.000152901
(curr.pk-p0).cwiseAbs().sum() 0.028684
stable?: 1 converged?: 0 G: 3.23926e-08
tp: 4
Elapsed Time d2w: 118434 us
Elapsed Time dG: 8121 us
vz_norm: 1.51296e-07vp_norm: 8.57488e-09
zk   0.00181335
 -0.00147488
-0.000325565
  0.00188072
  0.00192464
   0.0002612
  0.00091188
-0.000741996
-0.000163108
 0.000314262
  0.00032494
  7.8417e-05
           0
           0
           0
           0
           0
           0
  8.1373e-05
           0
           0
-3.30776e-05
           0
 3.27881e-05
           0
 9.75951e-05
           0
           0
-4.68215e-06
-1.63864e-05
           0
           0
-1.65284e-05
           0
           0
-7.80266e-07
           0
           0
-9.63768e-09
 5.02578e-09
-9.78729e-09
  5.1038e-09
-1.09237e-05
           0
           0
-1.09244e-05
           0
           0
-1.08658e-07
           0
           0
           0
           0
           0
           0
 1.58258e-07
    0.086222
   0.0853104
    0.004401
           0
           0
pk 0.999689
       1
       1
0.999683
       1
       1
 0.99993
0.999983
       1
0.999531
0.999994
       1
0.999522
0.999994
       1
0.999873
0.999979
       1
0.999062
0.999996
       1
0.999227
0.999996
       1
0.999935
       1
0.999817
 0.99436
0.999959
0.990935
 1.00307
 1.00002
  1.0064
0.999189
       1
       1
count 168
(curr.pk-pk_prev).cwiseAbs().sum() 0.00015274
(curr.pk-p0).cwiseAbs().sum() 0.0288367
stable?: 1 converged?: 0 G: 3.23925e-08
tp: 4
Elapsed Time d2w: 124028 us
Elapsed Time dG: 8720 us
vz_norm: 1.51367e-07vp_norm: 8.57446e-09
zk  -0.00181274
 -0.00147451
-0.000327278
  0.00187949
  -0.0019241
-0.000262603
-0.000911575
-0.000741811
-0.000163967
 0.000314162
-0.000324851
-7.87163e-05
           0
           0
           0
           0
           0
           0
 8.18011e-05
           0
           0
 3.30688e-05
           0
 3.27777e-05
           0
 9.81083e-05
           0
           0
 4.70676e-06
-1.63813e-05
           0
           0
  1.6524e-05
           0
           0
 7.84366e-07
           0
           0
-9.63291e-09
 5.02199e-09
 9.78324e-09
-5.10037e-09
-1.09207e-05
           0
           0
 1.09213e-05
           0
           0
 1.09229e-07
           0
           0
           0
           0
           0
           0
 1.26132e-07
    0.086178
  -0.0852727
 -0.00441817
           0
           0
pk 0.999688
       1
       1
0.999681
       1
       1
 0.99993
0.999982
       1
0.999529
0.999994
       1
 0.99952
0.999994
       1
0.999872
0.999979
       1
0.999057
0.999996
       1
0.999223
0.999996
       1
0.999935
       1
0.999816
0.994328
0.999959
0.990888
 1.00309
 1.00002
 1.00643
0.999185
       1
       1
count 169
(curr.pk-pk_prev).cwiseAbs().sum() 0.00015258
(curr.pk-p0).cwiseAbs().sum() 0.0289893
stable?: 1 converged?: 0 G: 3.23925e-08
tp: 4
Elapsed Time d2w: 118911 us
Elapsed Time dG: 8332 us
vz_norm: 1.51437e-07vp_norm: 8.57404e-09
zk   0.00181214
 -0.00147414
-0.000328984
  0.00187826
  0.00192357
 0.000264002
  0.00091127
-0.000741627
-0.000164823
 0.000314062
 0.000324763
 7.90146e-05
           0
           0
           0
           0
           0
           0
 8.22276e-05
           0
           0
  -3.306e-05
           0
 3.27674e-05
           0
 9.86196e-05
           0
           0
-4.73128e-06
-1.63762e-05
           0
           0
-1.65197e-05
           0
           0
-7.88452e-07
           0
           0
-9.62815e-09
 5.01822e-09
 -9.7792e-09
 5.09695e-09
-1.09177e-05
           0
           0
-1.09183e-05
           0
           0
-1.09799e-07
           0
           0
           0
           0
           0
           0
 9.41239e-08
   0.0861342
   0.0852351
  0.00443528
           0
           0
pk 0.999686
       1
       1
 0.99968
       1
       1
0.999929
0.999982
       1
0.999526
0.999994
       1
0.999517
0.999994
       1
0.999872
0.999979
       1
0.999052
0.999996
       1
0.999219
0.999996
       1
0.999934
       1
0.999815
0.994296
0.999959
 0.99084
 1.00311
 1.00002
 1.00647
0.999182
       1
       1
count 170
(curr.pk-pk_prev).cwiseAbs().sum() 0.00015242
(curr.pk-p0).cwiseAbs().sum() 0.0291417
stable?: 1 converged?: 0 G: 3.23925e-08
tp: 4
Elapsed Time d2w: 119753 us
Elapsed Time dG: 8347 us
vz_norm: 1.51508e-07vp_norm: 8.57363e-09
zk  -0.00181153
 -0.00147378
-0.000330685
  0.00187704
 -0.00192304
-0.000265396
-0.000910967
-0.000741442
-0.000165677
 0.000313962
-0.000324675
-7.93118e-05
           0
           0
           0
           0
           0
           0
 8.26525e-05
           0
           0
 3.30512e-05
           0
 3.27571e-05
           0
  9.9129e-05
           0
           0
 4.75571e-06
-1.63712e-05
           0
           0
 1.65154e-05
           0
           0
 7.92523e-07
           0
           0
 -9.6234e-09
 5.01446e-09
 9.77517e-09
-5.09354e-09
-1.09147e-05
           0
           0
 1.09153e-05
           0
           0
 1.10366e-07
           0
           0
           0
           0
           0
           0
 6.22323e-08
   0.0860905
  -0.0851976
 -0.00445232
           0
           0
pk 0.999685
       1
       1
0.999678
       1
       1
0.999929
0.999982
       1
0.999524
0.999994
       1
0.999515
0.999994
       1
0.999871
0.999979
       1
0.999047
0.999996
       1
0.999215
0.999996
       1
0.999934
       1
0.999815
0.994264
0.999959
0.990793
 1.00312
 1.00002
  1.0065
0.999178
       1
       1
count 171
(curr.pk-pk_prev).cwiseAbs().sum() 0.000152261
(curr.pk-p0).cwiseAbs().sum() 0.029294
stable?: 1 converged?: 0 G: 3.23924e-08
tp: 4
Elapsed Time d2w: 130017 us
Elapsed Time dG: 8651 us
vz_norm: 1.51578e-07vp_norm: 8.57321e-09
zk   0.00181093
 -0.00147341
-0.000332379
  0.00187582
  0.00192251
 0.000266784
 0.000910664
-0.000741258
-0.000166527
 0.000313863
 0.000324586
  7.9608e-05
           0
           0
           0
           0
           0
           0
  8.3076e-05
           0
           0
-3.30424e-05
           0
 3.27468e-05
           0
 9.96367e-05
           0
           0
-4.78006e-06
-1.63661e-05
           0
           0
-1.65111e-05
           0
           0
 -7.9658e-07
           0
           0
-9.61867e-09
 5.01072e-09
-9.77115e-09
 5.09015e-09
-1.09116e-05
           0
           0
-1.09123e-05
           0
           0
-1.10931e-07
           0
           0
           0
           0
           0
           0
 3.04567e-08
   0.0860469
   0.0851603
   0.0044693
           0
           0
pk 0.999683
       1
       1
0.999676
       1
       1
0.999929
0.999982
       1
0.999521
0.999994
       1
0.999512
0.999994
       1
0.999871
0.999979
       1
0.999042
0.999996
       1
 0.99921
0.999996
       1
0.999934
       1
0.999814
0.994233
0.999958
0.990745
 1.00314
 1.00002
 1.00653
0.999175
       1
       1
count 172
(curr.pk-pk_prev).cwiseAbs().sum() 0.000152103
(curr.pk-p0).cwiseAbs().sum() 0.0294461
stable?: 1 converged?: 0 G: 3.23924e-08
tp: 4
Elapsed Time d2w: 121499 us
Elapsed Time dG: 7601 us
vz_norm: 1.51648e-07vp_norm: 8.57279e-09
zk  -0.00181033
 -0.00147304
-0.000334068
  0.00187461
 -0.00192197
-0.000268168
-0.000910361
-0.000741074
-0.000167374
 0.000313764
-0.000324499
-7.99031e-05
           0
           0
           0
           0
           0
           0
 8.34979e-05
           0
           0
 3.30337e-05
           0
 3.27365e-05
           0
 0.000100143
           0
           0
 4.80431e-06
-1.63611e-05
           0
           0
 1.65068e-05
           0
           0
 8.00622e-07
           0
           0
-9.61396e-09
 5.00698e-09
 9.76715e-09
-5.08677e-09
-1.09086e-05
           0
           0
 1.09093e-05
           0
           0
 1.11494e-07
           0
           0
           0
           0
           0
           0
 -1.2037e-09
   0.0860035
   -0.085123
 -0.00448623
           0
           0
pk 0.999681
       1
       1
0.999675
       1
       1
0.999928
0.999982
       1
0.999519
0.999993
       1
 0.99951
0.999994
       1
 0.99987
0.999979
       1
0.999037
0.999996
       1
0.999206
0.999996
       1
0.999934
       1
0.999813
0.994201
0.999958
0.990698
 1.00316
 1.00002
 1.00657
0.999172
       1
       1
count 173
(curr.pk-pk_prev).cwiseAbs().sum() 0.000151945
(curr.pk-p0).cwiseAbs().sum() 0.029598
stable?: 1 converged?: 0 G: 3.23923e-08
tp: 4
Elapsed Time d2w: 121094 us
Elapsed Time dG: 8652 us
vz_norm: 1.51718e-07vp_norm: 8.57238e-09
zk   0.00180973
 -0.00147268
 -0.00033575
   0.0018734
  0.00192145
 0.000269546
  0.00091006
 -0.00074089
-0.000168219
 0.000313665
 0.000324411
 8.01972e-05
           0
           0
           0
           0
           0
           0
 8.39183e-05
           0
           0
 -3.3025e-05
           0
 3.27263e-05
           0
 0.000100647
           0
           0
-4.82848e-06
 -1.6356e-05
           0
           0
-1.65025e-05
           0
           0
-8.04649e-07
           0
           0
-9.60926e-09
 5.00327e-09
-9.76316e-09
  5.0834e-09
-1.09056e-05
           0
           0
-1.09063e-05
           0
           0
-1.12056e-07
           0
           0
           0
           0
           0
           0
-3.27497e-08
   0.0859602
   0.0850859
  0.00450309
           0
           0
pk  0.99968
       1
       1
0.999673
       1
       1
0.999928
0.999982
       1
0.999516
0.999993
       1
0.999507
0.999994
       1
 0.99987
0.999978
       1
0.999032
0.999996
       1
0.999202
0.999996
       1
0.999933
       1
0.999812
0.994169
0.999958
0.990651
 1.00317
 1.00002
  1.0066
0.999169
       1
       1
count 174
(curr.pk-pk_prev).cwiseAbs().sum() 0.000151788
(curr.pk-p0).cwiseAbs().sum() 0.0297498
stable?: 1 converged?: 0 G: 3.23923e-08
tp: 4
Elapsed Time d2w: 123834 us
Elapsed Time dG: 8289 us
vz_norm: 1.51787e-07vp_norm: 8.57197e-09
zk  -0.00180913
 -0.00147231
-0.000337426
  0.00187219
 -0.00192092
 -0.00027092
 -0.00090976
-0.000740707
 -0.00016906
 0.000313566
-0.000324323
-8.04902e-05
           0
           0
           0
           0
           0
           0
 8.43373e-05
           0
           0
 3.30163e-05
           0
  3.2716e-05
           0
 0.000101149
           0
           0
 4.85257e-06
 -1.6351e-05
           0
           0
 1.64982e-05
           0
           0
 8.08663e-07
           0
           0
-9.60457e-09
 4.99956e-09
 9.75919e-09
-5.08005e-09
-1.09026e-05
           0
           0
 1.09033e-05
           0
           0
 1.12615e-07
           0
           0
           0
           0
           0
           0
-6.41822e-08
   0.0859171
   -0.085049
  -0.0045199
           0
           0
pk 0.999678
       1
       1
0.999671
       1
       1
0.999928
0.999982
       1
0.999514
0.999993
       1
0.999505
0.999993
       1
0.999869
0.999978
       1
0.999027
0.999996
       1
0.999198
0.999996
       1
0.999933
       1
0.999811
0.994137
0.999958
0.990603
 1.00319
 1.00002
 1.00663
0.999165
       1
       1
count 175
(curr.pk-pk_prev).cwiseAbs().sum() 0.000151631
(curr.pk-p0).cwiseAbs().sum() 0.0299014
stable?: 1 converged?: 0 G: 3.23923e-08
tp: 4
Elapsed Time d2w: 124484 us
Elapsed Time dG: 8781 us
vz_norm: 1.51857e-07vp_norm: 8.57155e-09
zk   0.00180853
 -0.00147195
-0.000339097
  0.00187099
  0.00192039
 0.000272289
  0.00090946
-0.000740523
-0.000169898
 0.000313467
 0.000324236
 8.07822e-05
           0
           0
           0
           0
           0
           0
 8.47548e-05
           0
           0
-3.30076e-05
           0
 3.27058e-05
           0
 0.000101649
           0
           0
-4.87657e-06
 -1.6346e-05
           0
           0
 -1.6494e-05
           0
           0
-8.12662e-07
           0
           0
 -9.5999e-09
 4.99587e-09
-9.75522e-09
  5.0767e-09
-1.08997e-05
           0
           0
-1.09003e-05
           0
           0
-1.13172e-07
           0
           0
           0
           0
           0
           0
-9.55018e-08
   0.0858741
   0.0850121
  0.00453664
           0
           0
pk 0.999676
       1
       1
 0.99967
       1
       1
0.999928
0.999982
       1
0.999511
0.999993
       1
0.999502
0.999993
       1
0.999868
0.999978
       1
0.999022
0.999996
       1
0.999194
0.999996
       1
0.999933
       1
0.999811
0.994106
0.999957
0.990556
 1.00321
 1.00002
 1.00666
0.999162
       1
       1
count 176
(curr.pk-pk_prev).cwiseAbs().sum() 0.000151475
(curr.pk-p0).cwiseAbs().sum() 0.0300529
stable?: 1 converged?: 0 G: 3.23922e-08
tp: 4
Elapsed Time d2w: 117568 us
Elapsed Time dG: 8753 us
vz_norm: 1.51926e-07vp_norm: 8.57114e-09
zk  -0.00180794
 -0.00147159
-0.000340762
  0.00186979
 -0.00191986
-0.000273653
-0.000909161
 -0.00074034
-0.000170733
 0.000313369
-0.000324149
-8.10732e-05
           0
           0
           0
           0
           0
           0
 8.51708e-05
           0
           0
 3.29989e-05
           0
 3.26956e-05
           0
 0.000102148
           0
           0
 4.90048e-06
 -1.6341e-05
           0
           0
 1.64897e-05
           0
           0
 8.16647e-07
           0
           0
-9.59524e-09
 4.99219e-09
 9.75127e-09
-5.07337e-09
-1.08967e-05
           0
           0
 1.08973e-05
           0
           0
 1.13727e-07
           0
           0
           0
           0
           0
           0
-1.26709e-07
   0.0858312
  -0.0849754
 -0.00455333
           0
           0
pk 0.999675
       1
       1
0.999668
       1
       1
0.999927
0.999982
       1
0.999509
0.999993
       1
  0.9995
0.999993
       1
0.999868
0.999978
       1
0.999017
0.999996
       1
 0.99919
0.999996
       1
0.999932
       1
 0.99981
0.994074
0.999957
0.990509
 1.00322
 1.00002
  1.0067
0.999159
       1
       1
count 177
(curr.pk-pk_prev).cwiseAbs().sum() 0.000151319
(curr.pk-p0).cwiseAbs().sum() 0.0302042
stable?: 1 converged?: 0 G: 3.23922e-08
tp: 4
Elapsed Time d2w: 125036 us
Elapsed Time dG: 7632 us
vz_norm: 1.51995e-07vp_norm: 8.57072e-09
zk   0.00180734
 -0.00147122
-0.000342421
  0.00186861
  0.00191934
 0.000275013
 0.000908863
-0.000740157
-0.000171566
 0.000313271
 0.000324062
 8.13633e-05
           0
           0
           0
           0
           0
           0
 8.55855e-05
           0
           0
-3.29903e-05
           0
 3.26855e-05
           0
 0.000102645
           0
           0
-4.92432e-06
 -1.6336e-05
           0
           0
-1.64855e-05
           0
           0
-8.20619e-07
           0
           0
 -9.5906e-09
 4.98853e-09
-9.74734e-09
 5.07006e-09
-1.08937e-05
           0
           0
-1.08944e-05
           0
           0
-1.14281e-07
           0
           0
           0
           0
           0
           0
-1.57811e-07
   0.0857885
   0.0849388
  0.00456996
           0
           0
pk 0.999673
       1
       1
0.999666
       1
       1
0.999927
0.999982
       1
0.999506
0.999993
       1
0.999497
0.999993
       1
0.999867
0.999978
       1
0.999012
0.999996
       1
0.999186
0.999996
       1
0.999932
       1
0.999809
0.994042
0.999957
0.990462
 1.00324
 1.00002
 1.00673
0.999155
       1
       1
count 178
(curr.pk-pk_prev).cwiseAbs().sum() 0.000151164
(curr.pk-p0).cwiseAbs().sum() 0.0303554
stable?: 1 converged?: 0 G: 3.23921e-08
tp: 4
Elapsed Time d2w: 126214 us
Elapsed Time dG: 8716 us
vz_norm: 1.52064e-07vp_norm: 8.57032e-09
zk  -0.00180675
 -0.00147086
-0.000344074
  0.00186741
 -0.00191882
-0.000276367
-0.000908566
-0.000739975
-0.000172396
 0.000313173
-0.000323975
-8.16522e-05
           0
           0
           0
           0
           0
           0
 8.59985e-05
           0
           0
 3.29817e-05
           0
 3.26753e-05
           0
  0.00010314
           0
           0
 4.94807e-06
 -1.6331e-05
           0
           0
 1.64812e-05
           0
           0
 8.24576e-07
           0
           0
-9.58597e-09
 4.98488e-09
 9.74341e-09
-5.06676e-09
-1.08907e-05
           0
           0
 1.08914e-05
           0
           0
 1.14832e-07
           0
           0
           0
           0
           0
           0
-1.88794e-07
   0.0857458
  -0.0849023
 -0.00458653
           0
           0
pk 0.999671
       1
       1
0.999665
       1
       1
0.999927
0.999982
       1
0.999504
0.999993
       1
0.999495
0.999993
       1
0.999867
0.999978
       1
0.999007
0.999996
       1
0.999182
0.999996
       1
0.999932
       1
0.999808
0.994011
0.999957
0.990415
 1.00326
 1.00002
 1.00676
0.999152
       1
       1
count 179
(curr.pk-pk_prev).cwiseAbs().sum() 0.00015101
(curr.pk-p0).cwiseAbs().sum() 0.0305064
stable?: 1 converged?: 0 G: 3.23921e-08
tp: 4
Elapsed Time d2w: 120279 us
Elapsed Time dG: 7902 us
vz_norm: 1.52133e-07vp_norm: 8.56991e-09
zk   0.00180616
  -0.0014705
-0.000345721
  0.00186623
   0.0019183
 0.000277717
 0.000908269
-0.000739792
-0.000173222
 0.000313075
 0.000323889
 8.19402e-05
           0
           0
           0
           0
           0
           0
 8.64102e-05
           0
           0
-3.29731e-05
           0
 3.26652e-05
           0
 0.000103634
           0
           0
-4.97173e-06
 -1.6326e-05
           0
           0
 -1.6477e-05
           0
           0
-8.28519e-07
           0
           0
-9.58135e-09
 4.98124e-09
 -9.7395e-09
 5.06346e-09
-1.08878e-05
           0
           0
-1.08884e-05
           0
           0
-1.15382e-07
           0
           0
           0
           0
           0
           0
 -2.1967e-07
   0.0857033
   0.0848659
  0.00460305
           0
           0
pk  0.99967
       1
       1
0.999663
       1
       1
0.999926
0.999982
       1
0.999502
0.999993
       1
0.999492
0.999993
       1
0.999866
0.999978
       1
0.999003
0.999996
       1
0.999178
0.999996
       1
0.999932
       1
0.999808
0.993979
0.999957
0.990368
 1.00327
 1.00002
 1.00679
0.999149
       1
       1
count 180
(curr.pk-pk_prev).cwiseAbs().sum() 0.000150856
(curr.pk-p0).cwiseAbs().sum() 0.0306573
stable?: 1 converged?: 0 G: 3.23921e-08
tp: 4
Elapsed Time d2w: 124058 us
Elapsed Time dG: 8593 us
vz_norm: 1.52202e-07vp_norm: 8.5695e-09
zk  -0.00180557
 -0.00147013
-0.000347363
  0.00186505
 -0.00191777
-0.000279062
-0.000907973
 -0.00073961
-0.000174046
 0.000312978
-0.000323802
-8.22271e-05
           0
           0
           0
           0
           0
           0
 8.68204e-05
           0
           0
 3.29645e-05
           0
 3.26551e-05
           0
 0.000104126
           0
           0
 4.99532e-06
-1.63211e-05
           0
           0
 1.64728e-05
           0
           0
 8.32449e-07
           0
           0
-9.57675e-09
 4.97762e-09
  9.7356e-09
-5.06018e-09
-1.08848e-05
           0
           0
 1.08855e-05
           0
           0
 1.15929e-07
           0
           0
           0
           0
           0
           0
-2.50437e-07
    0.085661
  -0.0848296
  -0.0046195
           0
           0
pk 0.999668
       1
       1
0.999661
       1
       1
0.999926
0.999982
       1
0.999499
0.999993
       1
 0.99949
0.999993
       1
0.999866
0.999978
       1
0.998998
0.999996
       1
0.999174
0.999996
       1
0.999931
       1
0.999807
0.993947
0.999956
0.990321
 1.00329
 1.00002
 1.00683
0.999146
       1
       1
count 181
(curr.pk-pk_prev).cwiseAbs().sum() 0.000150702
(curr.pk-p0).cwiseAbs().sum() 0.030808
stable?: 1 converged?: 0 G: 3.2392e-08
tp: 4
Elapsed Time d2w: 123386 us
Elapsed Time dG: 8667 us
vz_norm: 1.5227e-07vp_norm: 8.56909e-09
zk   0.00180498
 -0.00146977
-0.000348999
  0.00186387
  0.00191725
 0.000280402
 0.000907678
-0.000739428
-0.000174867
  0.00031288
 0.000323716
 8.25131e-05
           0
           0
           0
           0
           0
           0
 8.72292e-05
           0
           0
-3.29559e-05
           0
  3.2645e-05
           0
 0.000104616
           0
           0
-5.01882e-06
-1.63161e-05
           0
           0
-1.64686e-05
           0
           0
-8.36365e-07
           0
           0
-9.57216e-09
 4.97401e-09
-9.73171e-09
 5.05692e-09
-1.08819e-05
           0
           0
-1.08826e-05
           0
           0
-1.16475e-07
           0
           0
           0
           0
           0
           0
-2.81096e-07
   0.0856187
   0.0847935
   0.0046359
           0
           0
pk 0.999667
       1
       1
 0.99966
       1
       1
0.999926
0.999982
       1
0.999497
0.999993
       1
0.999487
0.999993
       1
0.999865
0.999978
       1
0.998993
0.999996
       1
 0.99917
0.999996
       1
0.999931
       1
0.999806
0.993916
0.999956
0.990274
 1.00331
 1.00002
 1.00686
0.999142
       1
       1
count 182
(curr.pk-pk_prev).cwiseAbs().sum() 0.000150549
(curr.pk-p0).cwiseAbs().sum() 0.0309585
stable?: 1 converged?: 0 G: 3.2392e-08
tp: 4
Elapsed Time d2w: 118717 us
Elapsed Time dG: 7629 us
vz_norm: 1.52339e-07vp_norm: 8.56869e-09
zk   -0.0018044
 -0.00146941
-0.000350629
  0.00186269
 -0.00191674
-0.000281737
-0.000907384
-0.000739246
-0.000175685
 0.000312783
 -0.00032363
-8.27981e-05
           0
           0
           0
           0
           0
           0
 8.76366e-05
           0
           0
 3.29473e-05
           0
  3.2635e-05
           0
 0.000105104
           0
           0
 5.04224e-06
-1.63112e-05
           0
           0
 1.64644e-05
           0
           0
 8.40267e-07
           0
           0
-9.56758e-09
 4.97041e-09
 9.72783e-09
-5.05366e-09
-1.08789e-05
           0
           0
 1.08796e-05
           0
           0
 1.17019e-07
           0
           0
           0
           0
           0
           0
-3.11647e-07
   0.0855766
  -0.0847574
 -0.00465225
           0
           0
pk 0.999665
       1
       1
0.999658
       1
       1
0.999926
0.999981
       1
0.999494
0.999993
       1
0.999485
0.999993
       1
0.999865
0.999978
       1
0.998988
0.999996
       1
0.999166
0.999996
       1
0.999931
       1
0.999805
0.993884
0.999956
0.990227
 1.00332
 1.00002
 1.00689
0.999139
       1
       1
count 183
(curr.pk-pk_prev).cwiseAbs().sum() 0.000150397
(curr.pk-p0).cwiseAbs().sum() 0.0311089
stable?: 1 converged?: 0 G: 3.2392e-08
tp: 4
Elapsed Time d2w: 118154 us
Elapsed Time dG: 7620 us
vz_norm: 1.52407e-07vp_norm: 8.56828e-09
zk   0.00180381
 -0.00146905
-0.000352253
  0.00186152
  0.00191622
 0.000283069
  0.00090709
-0.000739065
  -0.0001765
 0.000312686
 0.000323544
 8.30821e-05
           0
           0
           0
           0
           0
           0
 8.80426e-05
           0
           0
-3.29388e-05
           0
 3.26249e-05
           0
 0.000105591
           0
           0
-5.06557e-06
-1.63062e-05
           0
           0
-1.64602e-05
           0
           0
-8.44156e-07
           0
           0
-9.56302e-09
 4.96682e-09
-9.72397e-09
 5.05042e-09
 -1.0876e-05
           0
           0
-1.08767e-05
           0
           0
 -1.1756e-07
           0
           0
           0
           0
           0
           0
-3.42091e-07
   0.0855346
   0.0847215
  0.00466853
           0
           0
pk 0.999663
       1
       1
0.999656
       1
       1
0.999925
0.999981
       1
0.999492
0.999993
       1
0.999482
0.999993
       1
0.999864
0.999978
       1
0.998983
0.999996
       1
0.999161
0.999996
       1
0.999931
       1
0.999805
0.993853
0.999956
 0.99018
 1.00334
 1.00002
 1.00693
0.999136
       1
       1
count 184
(curr.pk-pk_prev).cwiseAbs().sum() 0.000150245
(curr.pk-p0).cwiseAbs().sum() 0.0312592
stable?: 1 converged?: 0 G: 3.23919e-08
tp: 4
Elapsed Time d2w: 122297 us
Elapsed Time dG: 7668 us
vz_norm: 1.52475e-07vp_norm: 8.56788e-09
zk  -0.00180323
 -0.00146869
-0.000353872
  0.00186035
  -0.0019157
-0.000284395
-0.000906797
-0.000738884
-0.000177312
  0.00031259
-0.000323459
-8.33651e-05
           0
           0
           0
           0
           0
           0
 8.84471e-05
           0
           0
 3.29303e-05
           0
 3.26149e-05
           0
 0.000106076
           0
           0
 5.08883e-06
-1.63013e-05
           0
           0
  1.6456e-05
           0
           0
 8.48032e-07
           0
           0
-9.55847e-09
 4.96325e-09
 9.72011e-09
-5.04718e-09
-1.08731e-05
           0
           0
 1.08738e-05
           0
           0
 1.18101e-07
           0
           0
           0
           0
           0
           0
-3.72429e-07
   0.0854928
  -0.0846857
 -0.00468476
           0
           0
pk 0.999662
       1
       1
0.999655
       1
       1
0.999925
0.999981
       1
0.999489
0.999993
       1
 0.99948
0.999993
       1
0.999864
0.999977
       1
0.998978
0.999995
       1
0.999157
0.999996
       1
 0.99993
       1
0.999804
0.993821
0.999956
0.990133
 1.00335
 1.00002
 1.00696
0.999133
       1
       1
count 185
(curr.pk-pk_prev).cwiseAbs().sum() 0.000150094
(curr.pk-p0).cwiseAbs().sum() 0.0314093
stable?: 1 converged?: 0 G: 3.23919e-08
tp: 4
Elapsed Time d2w: 123051 us
Elapsed Time dG: 7690 us
vz_norm: 1.52543e-07vp_norm: 8.56747e-09
zk   0.00180265
 -0.00146833
-0.000355486
  0.00185919
  0.00191519
 0.000285717
 0.000906505
-0.000738703
-0.000178122
 0.000312493
 0.000323373
 8.36472e-05
           0
           0
           0
           0
           0
           0
 8.88504e-05
           0
           0
-3.29218e-05
           0
 3.26049e-05
           0
 0.000106559
           0
           0
-5.11201e-06
-1.62964e-05
           0
           0
-1.64518e-05
           0
           0
-8.51894e-07
           0
           0
-9.55393e-09
 4.95969e-09
-9.71627e-09
 5.04396e-09
-1.08702e-05
           0
           0
-1.08708e-05
           0
           0
-1.18639e-07
           0
           0
           0
           0
           0
           0
-4.02661e-07
   0.0854511
     0.08465
  0.00470094
           0
           0
pk  0.99966
       1
       1
0.999653
       1
       1
0.999925
0.999981
       1
0.999487
0.999993
       1
0.999477
0.999993
       1
0.999863
0.999977
       1
0.998973
0.999995
       1
0.999153
0.999996
       1
 0.99993
       1
0.999803
 0.99379
0.999955
0.990086
 1.00337
 1.00002
 1.00699
 0.99913
       1
       1
count 186
(curr.pk-pk_prev).cwiseAbs().sum() 0.000149943
(curr.pk-p0).cwiseAbs().sum() 0.0315592
stable?: 1 converged?: 0 G: 3.23918e-08
tp: 4
Elapsed Time d2w: 124434 us
Elapsed Time dG: 7146 us
vz_norm: 1.5261e-07vp_norm: 8.56707e-09
zk  -0.00180207
 -0.00146797
-0.000357094
  0.00185803
 -0.00191467
-0.000287034
-0.000906214
-0.000738522
-0.000178929
 0.000312397
-0.000323288
-8.39283e-05
           0
           0
           0
           0
           0
           0
 8.92522e-05
           0
           0
 3.29133e-05
           0
 3.25949e-05
           0
 0.000107041
           0
           0
 5.13511e-06
-1.62915e-05
           0
           0
 1.64477e-05
           0
           0
 8.55743e-07
           0
           0
-9.54941e-09
 4.95614e-09
 9.71245e-09
-5.04076e-09
-1.08672e-05
           0
           0
 1.08679e-05
           0
           0
 1.19175e-07
           0
           0
           0
           0
           0
           0
-4.32789e-07
   0.0854094
  -0.0846144
 -0.00471706
           0
           0
pk 0.999658
       1
       1
0.999651
       1
       1
0.999924
0.999981
       1
0.999484
0.999993
       1
0.999475
0.999993
       1
0.999863
0.999977
       1
0.998968
0.999995
       1
0.999149
0.999996
       1
 0.99993
       1
0.999802
0.993758
0.999955
0.990039
 1.00339
 1.00002
 1.00702
0.999126
       1
       1
count 187
(curr.pk-pk_prev).cwiseAbs().sum() 0.000149793
(curr.pk-p0).cwiseAbs().sum() 0.031709
stable?: 1 converged?: 0 G: 3.23918e-08
tp: 4
Elapsed Time d2w: 128172 us
Elapsed Time dG: 7872 us
vz_norm: 1.52678e-07vp_norm: 8.56667e-09
zk   0.00180149
 -0.00146761
-0.000358696
  0.00185687
  0.00191416
 0.000288347
 0.000905924
-0.000738341
-0.000179733
 0.000312301
 0.000323203
 8.42085e-05
           0
           0
           0
           0
           0
           0
 8.96526e-05
           0
           0
-3.29049e-05
           0
 3.25849e-05
           0
 0.000107521
           0
           0
-5.15813e-06
-1.62866e-05
           0
           0
-1.64435e-05
           0
           0
-8.59579e-07
           0
           0
-9.54489e-09
  4.9526e-09
-9.70863e-09
 5.03756e-09
-1.08643e-05
           0
           0
 -1.0865e-05
           0
           0
 -1.1971e-07
           0
           0
           0
           0
           0
           0
-4.62812e-07
    0.085368
    0.084579
  0.00473313
           0
           0
pk 0.999657
       1
       1
 0.99965
       1
       1
0.999924
0.999981
       1
0.999482
0.999993
       1
0.999472
0.999993
       1
0.999862
0.999977
       1
0.998963
0.999995
       1
0.999145
0.999996
       1
 0.99993
       1
0.999802
0.993727
0.999955
0.989993
  1.0034
 1.00002
 1.00706
0.999123
       1
       1
count 188
(curr.pk-pk_prev).cwiseAbs().sum() 0.000149643
(curr.pk-p0).cwiseAbs().sum() 0.0318586
stable?: 1 converged?: 0 G: 3.23918e-08
tp: 4
Elapsed Time d2w: 121565 us
Elapsed Time dG: 8581 us
vz_norm: 1.52745e-07vp_norm: 8.56627e-09
zk  -0.00180091
 -0.00146725
-0.000360293
  0.00185572
 -0.00191365
-0.000289656
-0.000905634
-0.000738161
-0.000180535
 0.000312205
-0.000323118
-8.44877e-05
           0
           0
           0
           0
           0
           0
 9.00518e-05
           0
           0
 3.28964e-05
           0
  3.2575e-05
           0
    0.000108
           0
           0
 5.18107e-06
-1.62817e-05
           0
           0
 1.64394e-05
           0
           0
 8.63402e-07
           0
           0
 -9.5404e-09
 4.94908e-09
 9.70482e-09
-5.03438e-09
-1.08614e-05
           0
           0
 1.08621e-05
           0
           0
 1.20242e-07
           0
           0
           0
           0
           0
           0
-4.92732e-07
   0.0853266
  -0.0845436
 -0.00474914
           0
           0
pk 0.999655
       1
       1
0.999648
       1
       1
0.999924
0.999981
       1
0.999479
0.999993
       1
 0.99947
0.999993
       1
0.999861
0.999977
       1
0.998959
0.999995
       1
0.999141
0.999996
       1
0.999929
       1
0.999801
0.993695
0.999955
0.989946
 1.00342
 1.00002
 1.00709
 0.99912
       1
       1
count 189
(curr.pk-pk_prev).cwiseAbs().sum() 0.000149494
(curr.pk-p0).cwiseAbs().sum() 0.0320081
stable?: 1 converged?: 0 G: 3.23917e-08
tp: 4
Elapsed Time d2w: 120320 us
Elapsed Time dG: 7927 us
vz_norm: 1.52812e-07vp_norm: 8.56587e-09
zk   0.00180033
 -0.00146689
-0.000361885
  0.00185457
  0.00191314
  0.00029096
 0.000905345
 -0.00073798
-0.000181333
 0.000312109
 0.000323034
  8.4766e-05
           0
           0
           0
           0
           0
           0
 9.04495e-05
           0
           0
 -3.2888e-05
           0
  3.2565e-05
           0
 0.000108477
           0
           0
-5.20394e-06
-1.62768e-05
           0
           0
-1.64352e-05
           0
           0
-8.67212e-07
           0
           0
-9.53591e-09
 4.94557e-09
-9.70103e-09
  5.0312e-09
-1.08585e-05
           0
           0
-1.08592e-05
           0
           0
-1.20773e-07
           0
           0
           0
           0
           0
           0
-5.22549e-07
   0.0852854
   0.0845083
   0.0047651
           0
           0
pk 0.999654
       1
       1
0.999646
       1
       1
0.999924
0.999981
       1
0.999477
0.999993
       1
0.999467
0.999993
       1
0.999861
0.999977
       1
0.998954
0.999995
       1
0.999137
0.999996
       1
0.999929
       1
  0.9998
0.993664
0.999954
  0.9899
 1.00344
 1.00002
 1.00712
0.999117
       1
       1
count 190
(curr.pk-pk_prev).cwiseAbs().sum() 0.000149345
(curr.pk-p0).cwiseAbs().sum() 0.0321575
stable?: 1 converged?: 0 G: 3.23917e-08
tp: 4
Elapsed Time d2w: 125557 us
Elapsed Time dG: 8221 us
vz_norm: 1.5288e-07vp_norm: 8.56547e-09
zk  -0.00179976
 -0.00146654
-0.000363471
  0.00185343
 -0.00191263
-0.000292259
-0.000905056
  -0.0007378
-0.000182129
 0.000312013
-0.000322949
-8.50434e-05
           0
           0
           0
           0
           0
           0
 9.08459e-05
           0
           0
 3.28796e-05
           0
 3.25551e-05
           0
 0.000108952
           0
           0
 5.22673e-06
-1.62719e-05
           0
           0
 1.64311e-05
           0
           0
 8.71009e-07
           0
           0
-9.53144e-09
 4.94207e-09
 9.69725e-09
-5.02804e-09
-1.08556e-05
           0
           0
 1.08563e-05
           0
           0
 1.21302e-07
           0
           0
           0
           0
           0
           0
-5.52264e-07
   0.0852442
  -0.0844732
 -0.00478101
           0
           0
pk 0.999652
       1
       1
0.999645
       1
       1
0.999923
0.999981
       1
0.999475
0.999993
       1
0.999465
0.999993
       1
 0.99986
0.999977
       1
0.998949
0.999995
       1
0.999133
0.999996
       1
0.999929
       1
0.999799
0.993633
0.999954
0.989853
 1.00345
 1.00002
 1.00715
0.999114
       1
       1
count 191
(curr.pk-pk_prev).cwiseAbs().sum() 0.000149197
(curr.pk-p0).cwiseAbs().sum() 0.0323067
stable?: 1 converged?: 0 G: 3.23916e-08
tp: 4
Elapsed Time d2w: 124334 us
Elapsed Time dG: 8847 us
vz_norm: 1.52946e-07vp_norm: 8.56507e-09
zk   0.00179919
 -0.00146618
-0.000365052
  0.00185229
  0.00191212
 0.000293554
 0.000904768
-0.000737621
-0.000182923
 0.000311918
 0.000322865
 8.53198e-05
           0
           0
           0
           0
           0
           0
  9.1241e-05
           0
           0
-3.28712e-05
           0
 3.25452e-05
           0
 0.000109425
           0
           0
-5.24944e-06
-1.62671e-05
           0
           0
 -1.6427e-05
           0
           0
-8.74794e-07
           0
           0
-9.52698e-09
 4.93858e-09
-9.69348e-09
 5.02489e-09
-1.08527e-05
           0
           0
-1.08534e-05
           0
           0
 -1.2183e-07
           0
           0
           0
           0
           0
           0
-5.81878e-07
   0.0852032
   0.0844382
  0.00479686
           0
           0
pk  0.99965
       1
       1
0.999643
       1
       1
0.999923
0.999981
       1
0.999472
0.999993
       1
0.999462
0.999993
       1
 0.99986
0.999977
       1
0.998944
0.999995
       1
0.999129
0.999995
       1
0.999928
       1
0.999799
0.993601
0.999954
0.989807
 1.00347
 1.00002
 1.00718
0.999111
       1
       1
count 192
(curr.pk-pk_prev).cwiseAbs().sum() 0.000149049
(curr.pk-p0).cwiseAbs().sum() 0.0324557
stable?: 1 converged?: 0 G: 3.23916e-08
tp: 4
Elapsed Time d2w: 120225 us
Elapsed Time dG: 8560 us
vz_norm: 1.53013e-07vp_norm: 8.56467e-09
zk  -0.00179862
 -0.00146582
-0.000366628
  0.00185115
 -0.00191161
-0.000294845
-0.000904482
-0.000737441
-0.000183713
 0.000311823
-0.000322781
-8.55953e-05
           0
           0
           0
           0
           0
           0
 9.16348e-05
           0
           0
 3.28628e-05
           0
 3.25354e-05
           0
 0.000109898
           0
           0
 5.27207e-06
-1.62622e-05
           0
           0
 1.64229e-05
           0
           0
 8.78565e-07
           0
           0
-9.52253e-09
 4.93511e-09
 9.68972e-09
-5.02175e-09
-1.08499e-05
           0
           0
 1.08506e-05
           0
           0
 1.22355e-07
           0
           0
           0
           0
           0
           0
-6.11391e-07
   0.0851624
  -0.0844032
 -0.00481266
           0
           0
pk 0.999649
       1
       1
0.999641
       1
       1
0.999923
0.999981
       1
 0.99947
0.999993
       1
 0.99946
0.999993
       1
0.999859
0.999977
       1
0.998939
0.999995
       1
0.999125
0.999995
       1
0.999928
       1
0.999798
 0.99357
0.999954
 0.98976
 1.00349
 1.00002
 1.00722
0.999108
       1
       1
count 193
(curr.pk-pk_prev).cwiseAbs().sum() 0.000148902
(curr.pk-p0).cwiseAbs().sum() 0.0326046
stable?: 1 converged?: 0 G: 3.23916e-08
tp: 4
Elapsed Time d2w: 124269 us
Elapsed Time dG: 8625 us
vz_norm: 1.5308e-07vp_norm: 8.56428e-09
zk   0.00179805
 -0.00146546
-0.000368198
  0.00185001
  0.00191111
 0.000296132
 0.000904195
-0.000737262
-0.000184501
 0.000311728
 0.000322697
 8.58699e-05
           0
           0
           0
           0
           0
           0
 9.20272e-05
           0
           0
-3.28544e-05
           0
 3.25255e-05
           0
 0.000110368
           0
           0
-5.29463e-06
-1.62574e-05
           0
           0
-1.64187e-05
           0
           0
-8.82324e-07
           0
           0
 -9.5181e-09
 4.93164e-09
-9.68597e-09
 5.01862e-09
 -1.0847e-05
           0
           0
-1.08477e-05
           0
           0
-1.22879e-07
           0
           0
           0
           0
           0
           0
-6.40804e-07
   0.0851216
   0.0843684
  0.00482841
           0
           0
pk 0.999647
       1
       1
 0.99964
       1
       1
0.999922
0.999981
       1
0.999467
0.999993
       1
0.999457
0.999993
       1
0.999859
0.999977
       1
0.998934
0.999995
       1
0.999121
0.999995
       1
0.999928
       1
0.999797
0.993539
0.999954
0.989714
  1.0035
 1.00002
 1.00725
0.999105
       1
       1
count 194
(curr.pk-pk_prev).cwiseAbs().sum() 0.000148756
(curr.pk-p0).cwiseAbs().sum() 0.0327534
stable?: 1 converged?: 0 G: 3.23915e-08
tp: 4
Elapsed Time d2w: 125526 us
Elapsed Time dG: 7602 us
vz_norm: 1.53146e-07vp_norm: 8.56388e-09
zk  -0.00179748
 -0.00146511
-0.000369763
  0.00184888
  -0.0019106
-0.000297414
 -0.00090391
-0.000737083
-0.000185287
 0.000311633
-0.000322613
-8.61436e-05
           0
           0
           0
           0
           0
           0
 9.24184e-05
           0
           0
 3.28461e-05
           0
 3.25157e-05
           0
 0.000110837
           0
           0
 5.31711e-06
-1.62526e-05
           0
           0
 1.64147e-05
           0
           0
 8.86071e-07
           0
           0
-9.51368e-09
 4.92819e-09
 9.68224e-09
 -5.0155e-09
-1.08441e-05
           0
           0
 1.08448e-05
           0
           0
 1.23401e-07
           0
           0
           0
           0
           0
           0
-6.70117e-07
    0.085081
  -0.0843337
  -0.0048441
           0
           0
pk 0.999646
       1
       1
0.999638
       1
       1
0.999922
0.999981
       1
0.999465
0.999993
       1
0.999455
0.999993
       1
0.999858
0.999977
       1
0.998929
0.999995
       1
0.999117
0.999995
       1
0.999928
       1
0.999797
0.993507
0.999953
0.989667
 1.00352
 1.00002
 1.00728
0.999102
       1
       1
count 195
(curr.pk-pk_prev).cwiseAbs().sum() 0.000148609
(curr.pk-p0).cwiseAbs().sum() 0.032902
stable?: 1 converged?: 0 G: 3.23915e-08
tp: 4
Elapsed Time d2w: 121792 us
Elapsed Time dG: 7826 us
vz_norm: 1.53213e-07vp_norm: 8.56349e-09
zk   0.00179691
 -0.00146475
-0.000371323
  0.00184775
   0.0019101
 0.000298692
 0.000903625
-0.000736904
 -0.00018607
 0.000311539
 0.000322529
 8.64164e-05
           0
           0
           0
           0
           0
           0
 9.28082e-05
           0
           0
-3.28378e-05
           0
 3.25059e-05
           0
 0.000111304
           0
           0
-5.33952e-06
-1.62477e-05
           0
           0
-1.64106e-05
           0
           0
-8.89805e-07
           0
           0
-9.50927e-09
 4.92475e-09
-9.67851e-09
  5.0124e-09
-1.08412e-05
           0
           0
 -1.0842e-05
           0
           0
-1.23922e-07
           0
           0
           0
           0
           0
           0
-6.99331e-07
   0.0850404
   0.0842991
  0.00485974
           0
           0
pk 0.999644
       1
       1
0.999636
       1
       1
0.999922
0.999981
       1
0.999462
0.999993
       1
0.999452
0.999993
       1
0.999858
0.999977
       1
0.998925
0.999995
       1
0.999113
0.999995
       1
0.999927
       1
0.999796
0.993476
0.999953
0.989621
 1.00354
 1.00002
 1.00731
0.999099
       1
       1
count 196
(curr.pk-pk_prev).cwiseAbs().sum() 0.000148464
(curr.pk-p0).cwiseAbs().sum() 0.0330505
stable?: 1 converged?: 0 G: 3.23914e-08
tp: 4
Elapsed Time d2w: 123697 us
Elapsed Time dG: 8255 us
vz_norm: 1.53279e-07vp_norm: 8.56309e-09
zk  -0.00179634
  -0.0014644
-0.000372878
  0.00184663
  -0.0019096
-0.000299966
-0.000903341
-0.000736725
 -0.00018685
 0.000311444
-0.000322446
-8.66882e-05
           0
           0
           0
           0
           0
           0
 9.31967e-05
           0
           0
 3.28295e-05
           0
 3.24961e-05
           0
  0.00011177
           0
           0
 5.36186e-06
-1.62429e-05
           0
           0
 1.64065e-05
           0
           0
 8.93527e-07
           0
           0
-9.50487e-09
 4.92132e-09
  9.6748e-09
 -5.0093e-09
-1.08384e-05
           0
           0
 1.08391e-05
           0
           0
  1.2444e-07
           0
           0
           0
           0
           0
           0
-7.28447e-07
       0.085
  -0.0842646
 -0.00487533
           0
           0
pk 0.999642
       1
       1
0.999635
       1
       1
0.999922
0.999981
       1
 0.99946
0.999993
       1
 0.99945
0.999993
       1
0.999857
0.999976
       1
 0.99892
0.999995
       1
0.999109
0.999995
       1
0.999927
       1
0.999795
0.993445
0.999953
0.989575
 1.00355
 1.00002
 1.00735
0.999096
       1
       1
count 197
(curr.pk-pk_prev).cwiseAbs().sum() 0.000148318
(curr.pk-p0).cwiseAbs().sum() 0.0331988
stable?: 1 converged?: 0 G: 3.23914e-08
tp: 4
Elapsed Time d2w: 121454 us
Elapsed Time dG: 8213 us
vz_norm: 1.53345e-07vp_norm: 8.5627e-09
zk   0.00179578
 -0.00146404
-0.000374428
  0.00184551
  0.00190909
 0.000301235
 0.000903057
-0.000736547
-0.000187627
  0.00031135
 0.000322362
 8.69592e-05
           0
           0
           0
           0
           0
           0
  9.3584e-05
           0
           0
-3.28212e-05
           0
 3.24863e-05
           0
 0.000112234
           0
           0
-5.38412e-06
-1.62381e-05
           0
           0
-1.64024e-05
           0
           0
-8.97236e-07
           0
           0
-9.50049e-09
 4.91791e-09
-9.67109e-09
 5.00622e-09
-1.08355e-05
           0
           0
-1.08362e-05
           0
           0
-1.24957e-07
           0
           0
           0
           0
           0
           0
-7.57466e-07
   0.0849597
   0.0842302
  0.00489087
           0
           0
pk 0.999641
       1
       1
0.999633
       1
       1
0.999921
 0.99998
       1
0.999458
0.999993
       1
0.999448
0.999993
       1
0.999857
0.999976
       1
0.998915
0.999995
       1
0.999105
0.999995
       1
0.999927
       1
0.999794
0.993413
0.999953
0.989529
 1.00357
 1.00002
 1.00738
0.999093
       1
       1
count 198
(curr.pk-pk_prev).cwiseAbs().sum() 0.000148174
(curr.pk-p0).cwiseAbs().sum() 0.0333469
stable?: 1 converged?: 0 G: 3.23914e-08
tp: 4
Elapsed Time d2w: 130278 us
Elapsed Time dG: 8153 us
vz_norm: 1.53411e-07vp_norm: 8.56231e-09
zk  -0.00179522
 -0.00146369
-0.000375972
  0.00184439
 -0.00190859
  -0.0003025
-0.000902775
-0.000736368
-0.000188402
 0.000311256
-0.000322279
-8.72293e-05
           0
           0
           0
           0
           0
           0
   9.397e-05
           0
           0
 3.28129e-05
           0
 3.24766e-05
           0
 0.000112697
           0
           0
 5.40631e-06
-1.62333e-05
           0
           0
 1.63983e-05
           0
           0
 9.00933e-07
           0
           0
-9.49611e-09
  4.9145e-09
  9.6674e-09
-5.00315e-09
-1.08327e-05
           0
           0
 1.08334e-05
           0
           0
 1.25472e-07
           0
           0
           0
           0
           0
           0
-7.86387e-07
   0.0849196
  -0.0841959
 -0.00490636
           0
           0
pk 0.999639
       1
       1
0.999632
       1
       1
0.999921
 0.99998
       1
0.999455
0.999993
       1
0.999445
0.999993
       1
0.999856
0.999976
       1
 0.99891
0.999995
       1
0.999101
0.999995
       1
0.999927
       1
0.999794
0.993382
0.999953
0.989482
 1.00358
 1.00002
 1.00741
0.999089
       1
       1
count 199
(curr.pk-pk_prev).cwiseAbs().sum() 0.000148029
(curr.pk-p0).cwiseAbs().sum() 0.033495
stable?: 1 converged?: 0 G: 3.23913e-08
tp: 4
Elapsed Time d2w: 122661 us
Elapsed Time dG: 7025 us
vz_norm: 1.53476e-07vp_norm: 8.56192e-09
zk   0.00179465
 -0.00146333
-0.000377512
  0.00184328
  0.00190809
 0.000303762
 0.000902493
 -0.00073619
-0.000189175
 0.000311162
 0.000322196
 8.74985e-05
           0
           0
           0
           0
           0
           0
 9.43547e-05
           0
           0
-3.28047e-05
           0
 3.24668e-05
           0
 0.000113158
           0
           0
-5.42842e-06
-1.62286e-05
           0
           0
-1.63943e-05
           0
           0
-9.04618e-07
           0
           0
-9.49175e-09
 4.91111e-09
-9.66372e-09
 5.00008e-09
-1.08298e-05
           0
           0
-1.08306e-05
           0
           0
-1.25986e-07
           0
           0
           0
           0
           0
           0
-8.15212e-07
   0.0848795
   0.0841617
   0.0049218
           0
           0
pk 0.999637
       1
       1
 0.99963
       1
       1
0.999921
 0.99998
       1
0.999453
0.999993
       1
0.999443
0.999993
       1
0.999856
0.999976
       1
0.998905
0.999995
       1
0.999097
0.999995
       1
0.999926
       1
0.999793
0.993351
0.999952
0.989436
  1.0036
 1.00002
 1.00744
0.999086
       1
       1
count 200
(curr.pk-pk_prev).cwiseAbs().sum() 0.000147886
(curr.pk-p0).cwiseAbs().sum() 0.0336429
stable?: 1 converged?: 0 G: 3.23913e-08
tp: 4
Elapsed Time d2w: 128753 us
Elapsed Time dG: 7837 us
vz_norm: 1.53542e-07vp_norm: 8.56152e-09
zk  -0.00179409
 -0.00146298
-0.000379046
  0.00184217
  -0.0019076
-0.000305019
-0.000902211
-0.000736013
-0.000189945
 0.000311068
-0.000322114
-8.77669e-05
           0
           0
           0
           0
           0
           0
 9.47382e-05
           0
           0
 3.27964e-05
           0
 3.24571e-05
           0
 0.000113618
           0
           0
 5.45046e-06
-1.62238e-05
           0
           0
 1.63902e-05
           0
           0
 9.08291e-07
           0
           0
-9.48741e-09
 4.90772e-09
 9.66005e-09
-4.99703e-09
 -1.0827e-05
           0
           0
 1.08277e-05
           0
           0
 1.26498e-07
           0
           0
           0
           0
           0
           0
-8.43942e-07
   0.0848395
  -0.0841276
 -0.00493719
           0
           0
pk 0.999636
       1
       1
0.999628
       1
       1
0.999921
 0.99998
       1
 0.99945
0.999993
       1
 0.99944
0.999993
       1
0.999855
0.999976
       1
  0.9989
0.999995
       1
0.999093
0.999995
       1
0.999926
       1
0.999792
 0.99332
0.999952
 0.98939
 1.00362
 1.00002
 1.00747
0.999083
       1
       1
count 201
(curr.pk-pk_prev).cwiseAbs().sum() 0.000147742
(curr.pk-p0).cwiseAbs().sum() 0.0337906
stable?: 1 converged?: 0 G: 3.23913e-08
tp: 4
Elapsed Time d2w: 121672 us
Elapsed Time dG: 8809 us
vz_norm: 1.53607e-07vp_norm: 8.56113e-09
zk   0.00179353
 -0.00146263
-0.000380576
  0.00184106
   0.0019071
 0.000306271
 0.000901931
-0.000735835
-0.000190712
 0.000310975
 0.000322031
 8.80343e-05
           0
           0
           0
           0
           0
           0
 9.51204e-05
           0
           0
-3.27882e-05
           0
 3.24474e-05
           0
 0.000114076
           0
           0
-5.47243e-06
 -1.6219e-05
           0
           0
-1.63862e-05
           0
           0
-9.11952e-07
           0
           0
-9.48307e-09
 4.90435e-09
-9.65639e-09
 4.99399e-09
-1.08242e-05
           0
           0
-1.08249e-05
           0
           0
-1.27008e-07
           0
           0
           0
           0
           0
           0
-8.72576e-07
   0.0847997
   0.0840936
  0.00495253
           0
           0
pk 0.999634
       1
       1
0.999627
       1
       1
 0.99992
 0.99998
       1
0.999448
0.999993
       1
0.999438
0.999993
       1
0.999855
0.999976
       1
0.998896
0.999995
       1
0.999089
0.999995
       1
0.999926
       1
0.999792
0.993289
0.999952
0.989344
 1.00363
 1.00002
 1.00751
0.999081
       1
       1
count 202
(curr.pk-pk_prev).cwiseAbs().sum() 0.0001476
(curr.pk-p0).cwiseAbs().sum() 0.0339382
stable?: 1 converged?: 0 G: 3.23912e-08
tp: 4
Elapsed Time d2w: 118234 us
Elapsed Time dG: 7559 us
vz_norm: 1.53673e-07vp_norm: 8.56075e-09
zk  -0.00179298
 -0.00146227
  -0.0003821
  0.00183996
  -0.0019066
 -0.00030752
-0.000901651
-0.000735658
-0.000191477
 0.000310882
-0.000321949
-8.83009e-05
           0
           0
           0
           0
           0
           0
 9.55014e-05
           0
           0
   3.278e-05
           0
 3.24377e-05
           0
 0.000114533
           0
           0
 5.49433e-06
-1.62143e-05
           0
           0
 1.63822e-05
           0
           0
 9.15601e-07
           0
           0
-9.47874e-09
 4.90099e-09
 9.65274e-09
-4.99096e-09
-1.08213e-05
           0
           0
 1.08221e-05
           0
           0
 1.27517e-07
           0
           0
           0
           0
           0
           0
-9.01115e-07
     0.08476
  -0.0840597
 -0.00496782
           0
           0
pk 0.999633
       1
       1
0.999625
       1
       1
 0.99992
 0.99998
       1
0.999445
0.999992
       1
0.999435
0.999993
       1
0.999854
0.999976
       1
0.998891
0.999995
       1
0.999085
0.999995
       1
0.999926
       1
0.999791
0.993257
0.999952
0.989298
 1.00365
 1.00002
 1.00754
0.999078
       1
       1
count 203
(curr.pk-pk_prev).cwiseAbs().sum() 0.000147457
(curr.pk-p0).cwiseAbs().sum() 0.0340857
stable?: 1 converged?: 0 G: 3.23912e-08
tp: 4
Elapsed Time d2w: 126133 us
Elapsed Time dG: 8441 us
vz_norm: 1.53738e-07vp_norm: 8.56036e-09
zk   0.00179242
 -0.00146192
 -0.00038362
  0.00183886
  0.00190611
 0.000308765
 0.000901371
 -0.00073548
 -0.00019224
 0.000310788
 0.000321866
 8.85667e-05
           0
           0
           0
           0
           0
           0
 9.58811e-05
           0
           0
-3.27718e-05
           0
 3.24281e-05
           0
 0.000114988
           0
           0
-5.51616e-06
-1.62095e-05
           0
           0
-1.63782e-05
           0
           0
-9.19238e-07
           0
           0
-9.47443e-09
 4.89764e-09
-9.64911e-09
 4.98794e-09
-1.08185e-05
           0
           0
-1.08193e-05
           0
           0
-1.28023e-07
           0
           0
           0
           0
           0
           0
-9.29561e-07
   0.0847204
   0.0840259
  0.00498306
           0
           0
pk 0.999631
       1
       1
0.999623
       1
       1
 0.99992
 0.99998
       1
0.999443
0.999992
       1
0.999433
0.999993
       1
0.999854
0.999976
       1
0.998886
0.999995
       1
0.999081
0.999995
       1
0.999925
       1
 0.99979
0.993226
0.999952
0.989252
 1.00367
 1.00002
 1.00757
0.999075
       1
       1
count 204
(curr.pk-pk_prev).cwiseAbs().sum() 0.000147315
(curr.pk-p0).cwiseAbs().sum() 0.034233
stable?: 1 converged?: 0 G: 3.23911e-08
tp: 4
Elapsed Time d2w: 118096 us
Elapsed Time dG: 8018 us
vz_norm: 1.53803e-07vp_norm: 8.55997e-09
zk  -0.00179187
 -0.00146157
-0.000385134
  0.00183776
 -0.00190561
-0.000310005
-0.000901093
-0.000735303
   -0.000193
 0.000310695
-0.000321784
-8.88315e-05
           0
           0
           0
           0
           0
           0
 9.62596e-05
           0
           0
 3.27636e-05
           0
 3.24184e-05
           0
 0.000115442
           0
           0
 5.53791e-06
-1.62048e-05
           0
           0
 1.63741e-05
           0
           0
 9.22864e-07
           0
           0
-9.47013e-09
 4.89431e-09
 9.64548e-09
-4.98493e-09
-1.08157e-05
           0
           0
 1.08165e-05
           0
           0
 1.28529e-07
           0
           0
           0
           0
           0
           0
-9.57913e-07
   0.0846809
  -0.0839922
 -0.00499825
           0
           0
pk 0.999629
       1
       1
0.999622
       1
       1
0.999919
 0.99998
       1
0.999441
0.999992
       1
 0.99943
0.999992
       1
0.999853
0.999976
       1
0.998881
0.999995
       1
0.999077
0.999995
       1
0.999925
       1
 0.99979
0.993195
0.999951
0.989206
 1.00368
 1.00002
  1.0076
0.999072
       1
       1
count 205
(curr.pk-pk_prev).cwiseAbs().sum() 0.000147174
(curr.pk-p0).cwiseAbs().sum() 0.0343801
stable?: 1 converged?: 0 G: 3.23911e-08
tp: 4
Elapsed Time d2w: 121079 us
Elapsed Time dG: 8556 us
vz_norm: 1.53868e-07vp_norm: 8.55958e-09
zk   0.00179131
 -0.00146122
-0.000386644
  0.00183667
  0.00190512
 0.000311242
 0.000900815
-0.000735127
-0.000193758
 0.000310603
 0.000321702
 8.90956e-05
           0
           0
           0
           0
           0
           0
 9.66369e-05
           0
           0
-3.27555e-05
           0
 3.24088e-05
           0
 0.000115894
           0
           0
 -5.5596e-06
   -1.62e-05
           0
           0
-1.63701e-05
           0
           0
-9.26477e-07
           0
           0
-9.46584e-09
 4.89098e-09
-9.64186e-09
 4.98193e-09
-1.08129e-05
           0
           0
-1.08136e-05
           0
           0
-1.29032e-07
           0
           0
           0
           0
           0
           0
-9.86172e-07
   0.0846415
   0.0839586
  0.00501339
           0
           0
pk 0.999628
       1
       1
 0.99962
       1
       1
0.999919
 0.99998
       1
0.999438
0.999992
       1
0.999428
0.999992
       1
0.999853
0.999976
       1
0.998876
0.999995
       1
0.999073
0.999995
       1
0.999925
       1
0.999789
0.993164
0.999951
 0.98916
  1.0037
 1.00002
 1.00763
0.999069
       1
       1
count 206
(curr.pk-pk_prev).cwiseAbs().sum() 0.000147033
(curr.pk-p0).cwiseAbs().sum() 0.0345272
stable?: 1 converged?: 0 G: 3.23911e-08
tp: 4
Elapsed Time d2w: 125701 us
Elapsed Time dG: 9028 us
vz_norm: 1.53932e-07vp_norm: 8.5592e-09
zk  -0.00179076
 -0.00146087
-0.000388149
  0.00183558
 -0.00190463
-0.000312475
-0.000900537
 -0.00073495
-0.000194513
  0.00031051
-0.000321621
-8.93588e-05
           0
           0
           0
           0
           0
           0
  9.7013e-05
           0
           0
 3.27473e-05
           0
 3.23992e-05
           0
 0.000116345
           0
           0
 5.58122e-06
-1.61953e-05
           0
           0
 1.63661e-05
           0
           0
 9.30079e-07
           0
           0
-9.46156e-09
 4.88766e-09
 9.63826e-09
-4.97894e-09
-1.08101e-05
           0
           0
 1.08108e-05
           0
           0
 1.29534e-07
           0
           0
           0
           0
           0
           0
-1.01434e-06
   0.0846022
  -0.0839251
 -0.00502848
           0
           0
pk 0.999626
       1
       1
0.999619
       1
       1
0.999919
 0.99998
       1
0.999436
0.999992
       1
0.999425
0.999992
       1
0.999852
0.999976
       1
0.998871
0.999995
       1
0.999069
0.999995
       1
0.999925
       1
0.999788
0.993133
0.999951
0.989114
 1.00371
 1.00002
 1.00766
0.999066
       1
       1
count 207
(curr.pk-pk_prev).cwiseAbs().sum() 0.000146892
(curr.pk-p0).cwiseAbs().sum() 0.0346741
stable?: 1 converged?: 0 G: 3.2391e-08
tp: 4
Elapsed Time d2w: 125933 us
Elapsed Time dG: 8703 us
vz_norm: 1.53997e-07vp_norm: 8.55881e-09
zk   0.00179021
 -0.00146052
-0.000389649
  0.00183449
  0.00190414
 0.000313703
 0.000900261
-0.000734774
-0.000195266
 0.000310418
 0.000321539
 8.96211e-05
           0
           0
           0
           0
           0
           0
 9.73878e-05
           0
           0
-3.27392e-05
           0
 3.23896e-05
           0
 0.000116795
           0
           0
-5.60276e-06
-1.61906e-05
           0
           0
-1.63621e-05
           0
           0
 -9.3367e-07
           0
           0
 -9.4573e-09
 4.88436e-09
-9.63466e-09
 4.97596e-09
-1.08073e-05
           0
           0
-1.08081e-05
           0
           0
-1.30035e-07
           0
           0
           0
           0
           0
           0
-1.04241e-06
    0.084563
   0.0838917
  0.00504353
           0
           0
pk 0.999625
       1
       1
0.999617
       1
       1
0.999919
 0.99998
       1
0.999433
0.999992
       1
0.999423
0.999992
       1
0.999852
0.999976
       1
0.998867
0.999995
       1
0.999065
0.999995
       1
0.999924
       1
0.999787
0.993102
0.999951
0.989069
 1.00373
 1.00002
  1.0077
0.999063
       1
       1
count 208
(curr.pk-pk_prev).cwiseAbs().sum() 0.000146752
(curr.pk-p0).cwiseAbs().sum() 0.0348208
stable?: 1 converged?: 0 G: 3.2391e-08
tp: 4
Elapsed Time d2w: 119584 us
Elapsed Time dG: 7888 us
vz_norm: 1.54061e-07vp_norm: 8.55843e-09
zk  -0.00178966
 -0.00146017
-0.000391144
   0.0018334
 -0.00190365
-0.000314928
-0.000899985
-0.000734598
-0.000196016
 0.000310325
-0.000321458
-8.98826e-05
           0
           0
           0
           0
           0
           0
 9.77615e-05
           0
           0
 3.27311e-05
           0
   3.238e-05
           0
 0.000117243
           0
           0
 5.62424e-06
-1.61859e-05
           0
           0
 1.63582e-05
           0
           0
 9.37249e-07
           0
           0
-9.45304e-09
 4.88107e-09
 9.63107e-09
-4.97299e-09
-1.08045e-05
           0
           0
 1.08053e-05
           0
           0
 1.30533e-07
           0
           0
           0
           0
           0
           0
 -1.0704e-06
    0.084524
  -0.0838584
 -0.00505853
           0
           0
pk 0.999623
       1
       1
0.999615
       1
       1
0.999918
 0.99998
       1
0.999431
0.999992
       1
0.999421
0.999992
       1
0.999851
0.999976
       1
0.998862
0.999995
       1
0.999061
0.999995
       1
0.999924
       1
0.999787
0.993071
 0.99995
0.989023
 1.00375
 1.00002
 1.00773
 0.99906
       1
       1
count 209
(curr.pk-pk_prev).cwiseAbs().sum() 0.000146613
(curr.pk-p0).cwiseAbs().sum() 0.0349674
stable?: 1 converged?: 0 G: 3.23909e-08
tp: 4
Elapsed Time d2w: 122941 us
Elapsed Time dG: 8583 us
vz_norm: 1.54126e-07vp_norm: 8.55804e-09
zk   0.00178911
 -0.00145982
-0.000392635
  0.00183232
  0.00190316
 0.000316149
 0.000899709
-0.000734422
-0.000196764
 0.000310233
 0.000321376
 9.01433e-05
           0
           0
           0
           0
           0
           0
  9.8134e-05
           0
           0
 -3.2723e-05
           0
 3.23704e-05
           0
 0.000117689
           0
           0
-5.64565e-06
-1.61812e-05
           0
           0
-1.63542e-05
           0
           0
-9.40816e-07
           0
           0
 -9.4488e-09
 4.87778e-09
 -9.6275e-09
 4.97003e-09
-1.08017e-05
           0
           0
-1.08025e-05
           0
           0
-1.31031e-07
           0
           0
           0
           0
           0
           0
-1.09829e-06
    0.084485
   0.0838252
  0.00507348
           0
           0
pk 0.999621
       1
       1
0.999614
       1
       1
0.999918
 0.99998
       1
0.999429
0.999992
       1
0.999418
0.999992
       1
0.999851
0.999975
       1
0.998857
0.999995
       1
0.999057
0.999995
       1
0.999924
       1
0.999786
 0.99304
 0.99995
0.988977
 1.00376
 1.00002
 1.00776
0.999057
       1
       1
count 210
(curr.pk-pk_prev).cwiseAbs().sum() 0.000146474
(curr.pk-p0).cwiseAbs().sum() 0.0351139
stable?: 1 converged?: 0 G: 3.23909e-08
tp: 4
Elapsed Time d2w: 117754 us
Elapsed Time dG: 8131 us
vz_norm: 1.5419e-07vp_norm: 8.55766e-09
zk  -0.00178856
 -0.00145947
 -0.00039412
  0.00183125
 -0.00190267
-0.000317366
-0.000899435
-0.000734246
-0.000197509
 0.000310141
-0.000321295
-9.04032e-05
           0
           0
           0
           0
           0
           0
 9.85052e-05
           0
           0
 3.27149e-05
           0
 3.23609e-05
           0
 0.000118134
           0
           0
 5.66699e-06
-1.61765e-05
           0
           0
 1.63502e-05
           0
           0
 9.44372e-07
           0
           0
-9.44457e-09
 4.87451e-09
 9.62393e-09
-4.96708e-09
-1.07989e-05
           0
           0
 1.07997e-05
           0
           0
 1.31526e-07
           0
           0
           0
           0
           0
           0
-1.12609e-06
   0.0844461
  -0.0837921
 -0.00508838
           0
           0
pk  0.99962
       1
       1
0.999612
       1
       1
0.999918
 0.99998
       1
0.999426
0.999992
       1
0.999416
0.999992
       1
 0.99985
0.999975
       1
0.998852
0.999995
       1
0.999053
0.999995
       1
0.999924
       1
0.999785
0.993009
 0.99995
0.988932
 1.00378
 1.00002
 1.00779
0.999054
       1
       1
count 211
(curr.pk-pk_prev).cwiseAbs().sum() 0.000146335
(curr.pk-p0).cwiseAbs().sum() 0.0352602
stable?: 1 converged?: 0 G: 3.23909e-08
tp: 4
Elapsed Time d2w: 122372 us
Elapsed Time dG: 8605 us
vz_norm: 1.54254e-07vp_norm: 8.55728e-09
zk   0.00178802
 -0.00145912
-0.000395601
  0.00183017
  0.00190218
 0.000318579
  0.00089916
-0.000734071
-0.000198252
  0.00031005
 0.000321214
 9.06622e-05
           0
           0
           0
           0
           0
           0
 9.88754e-05
           0
           0
-3.27069e-05
           0
 3.23514e-05
           0
 0.000118578
           0
           0
-5.68826e-06
-1.61718e-05
           0
           0
-1.63463e-05
           0
           0
-9.47917e-07
           0
           0
-9.44035e-09
 4.87125e-09
-9.62038e-09
 4.96415e-09
-1.07962e-05
           0
           0
-1.07969e-05
           0
           0
 -1.3202e-07
           0
           0
           0
           0
           0
           0
-1.15381e-06
   0.0844074
   0.0837591
  0.00510323
           0
           0
pk 0.999618
       1
       1
 0.99961
       1
       1
0.999918
 0.99998
       1
0.999424
0.999992
       1
0.999413
0.999992
       1
 0.99985
0.999975
       1
0.998848
0.999995
       1
0.999049
0.999995
       1
0.999923
       1
0.999785
0.992978
 0.99995
0.988886
 1.00379
 1.00002
 1.00782
0.999051
       1
       1
count 212
(curr.pk-pk_prev).cwiseAbs().sum() 0.000146197
(curr.pk-p0).cwiseAbs().sum() 0.0354064
stable?: 1 converged?: 0 G: 3.23908e-08
tp: 4
Elapsed Time d2w: 127514 us
Elapsed Time dG: 9377 us
vz_norm: 1.54318e-07vp_norm: 8.5569e-09
zk  -0.00178747
 -0.00145877
-0.000397078
   0.0018291
  -0.0019017
-0.000319788
-0.000898887
-0.000733895
-0.000198993
 0.000309958
-0.000321133
-9.09204e-05
           0
           0
           0
           0
           0
           0
 9.92443e-05
           0
           0
 3.26988e-05
           0
 3.23419e-05
           0
  0.00011902
           0
           0
 5.70947e-06
-1.61672e-05
           0
           0
 1.63423e-05
           0
           0
 9.51451e-07
           0
           0
-9.43614e-09
   4.868e-09
 9.61683e-09
-4.96122e-09
-1.07934e-05
           0
           0
 1.07942e-05
           0
           0
 1.32513e-07
           0
           0
           0
           0
           0
           0
-1.18143e-06
   0.0843688
  -0.0837262
 -0.00511804
           0
           0
pk 0.999617
       1
       1
0.999609
       1
       1
0.999917
0.999979
       1
0.999421
0.999992
       1
0.999411
0.999992
       1
0.999849
0.999975
       1
0.998843
0.999995
       1
0.999045
0.999995
       1
0.999923
       1
0.999784
0.992947
 0.99995
 0.98884
 1.00381
 1.00002
 1.00785
0.999048
       1
       1
count 213
(curr.pk-pk_prev).cwiseAbs().sum() 0.000146059
(curr.pk-p0).cwiseAbs().sum() 0.0355525
stable?: 1 converged?: 0 G: 3.23908e-08
tp: 4
Elapsed Time d2w: 121059 us
Elapsed Time dG: 8118 us
vz_norm: 1.54381e-07vp_norm: 8.55652e-09
zk   0.00178693
 -0.00145842
-0.000398549
  0.00182803
  0.00190121
 0.000320994
 0.000898614
 -0.00073372
-0.000199732
 0.000309867
 0.000321053
 9.11778e-05
           0
           0
           0
           0
           0
           0
 9.96121e-05
           0
           0
-3.26908e-05
           0
 3.23324e-05
           0
 0.000119461
           0
           0
-5.73061e-06
-1.61625e-05
           0
           0
-1.63384e-05
           0
           0
-9.54973e-07
           0
           0
-9.43194e-09
 4.86476e-09
 -9.6133e-09
  4.9583e-09
-1.07906e-05
           0
           0
-1.07914e-05
           0
           0
-1.33004e-07
           0
           0
           0
           0
           0
           0
-1.20897e-06
   0.0843302
   0.0836934
   0.0051328
           0
           0
pk 0.999615
       1
       1
0.999607
       1
       1
0.999917
0.999979
       1
0.999419
0.999992
       1
0.999408
0.999992
       1
0.999849
0.999975
       1
0.998838
0.999995
       1
0.999041
0.999995
       1
0.999923
       1
0.999783
0.992916
0.999949
0.988795
 1.00383
 1.00002
 1.00789
0.999046
       1
       1
count 214
(curr.pk-pk_prev).cwiseAbs().sum() 0.000145921
(curr.pk-p0).cwiseAbs().sum() 0.0356984
stable?: 1 converged?: 0 G: 3.23908e-08
tp: 4
Elapsed Time d2w: 122521 us
Elapsed Time dG: 8299 us
vz_norm: 1.54445e-07vp_norm: 8.55614e-09
zk  -0.00178639
 -0.00145807
-0.000400016
  0.00182697
 -0.00190073
-0.000322195
-0.000898342
-0.000733545
-0.000200468
 0.000309776
-0.000320972
-9.14344e-05
           0
           0
           0
           0
           0
           0
 9.99787e-05
           0
           0
 3.26828e-05
           0
 3.23229e-05
           0
 0.000119901
           0
           0
 5.75168e-06
-1.61579e-05
           0
           0
 1.63344e-05
           0
           0
 9.58485e-07
           0
           0
-9.42775e-09
 4.86152e-09
 9.60977e-09
-4.95539e-09
-1.07879e-05
           0
           0
 1.07886e-05
           0
           0
 1.33493e-07
           0
           0
           0
           0
           0
           0
-1.23642e-06
   0.0842918
  -0.0836607
 -0.00514752
           0
           0
pk 0.999614
       1
       1
0.999606
       1
       1
0.999917
0.999979
       1
0.999417
0.999992
       1
0.999406
0.999992
       1
0.999848
0.999975
       1
0.998833
0.999995
       1
0.999037
0.999995
       1
0.999923
       1
0.999783
0.992885
0.999949
0.988749
 1.00384
 1.00002
 1.00792
0.999043
       1
       1
count 215
(curr.pk-pk_prev).cwiseAbs().sum() 0.000145784
(curr.pk-p0).cwiseAbs().sum() 0.0358442
stable?: 1 converged?: 0 G: 3.23907e-08
tp: 4
Elapsed Time d2w: 121432 us
Elapsed Time dG: 7818 us
vz_norm: 1.54508e-07vp_norm: 8.55576e-09
zk   0.00178584
 -0.00145773
-0.000401479
  0.00182591
  0.00190024
 0.000323393
 0.000898071
-0.000733371
-0.000201202
 0.000309685
 0.000320892
 9.16902e-05
           0
           0
           0
           0
           0
           0
 0.000100344
           0
           0
-3.26748e-05
           0
 3.23135e-05
           0
 0.000120339
           0
           0
-5.77269e-06
-1.61532e-05
           0
           0
-1.63305e-05
           0
           0
-9.61985e-07
           0
           0
-9.42357e-09
  4.8583e-09
-9.60626e-09
 4.95249e-09
-1.07851e-05
           0
           0
-1.07859e-05
           0
           0
-1.33981e-07
           0
           0
           0
           0
           0
           0
-1.26378e-06
   0.0842535
    0.083628
  0.00516219
           0
           0
pk 0.999612
       1
       1
0.999604
       1
       1
0.999917
0.999979
       1
0.999414
0.999992
       1
0.999404
0.999992
       1
0.999848
0.999975
       1
0.998828
0.999995
       1
0.999033
0.999995
       1
0.999922
       1
0.999782
0.992854
0.999949
0.988704
 1.00386
 1.00002
 1.00795
 0.99904
       1
       1
count 216
(curr.pk-pk_prev).cwiseAbs().sum() 0.000145648
(curr.pk-p0).cwiseAbs().sum() 0.0359899
stable?: 1 converged?: 0 G: 3.23907e-08
tp: 4
Elapsed Time d2w: 243657 us
Elapsed Time dG: 10141 us
vz_norm: 1.54572e-07vp_norm: 8.55538e-09
zk  -0.00178531
 -0.00145738
-0.000402937
  0.00182485
 -0.00189976
-0.000324587
  -0.0008978
-0.000733196
-0.000201933
 0.000309594
-0.000320812
-9.19452e-05
           0
           0
           0
           0
           0
           0
 0.000100708
           0
           0
 3.26668e-05
           0
  3.2304e-05
           0
 0.000120776
           0
           0
 5.79363e-06
-1.61486e-05
           0
           0
 1.63266e-05
           0
           0
 9.65474e-07
           0
           0
-9.41941e-09
 4.85509e-09
 9.60276e-09
 -4.9496e-09
-1.07824e-05
           0
           0
 1.07831e-05
           0
           0
 1.34467e-07
           0
           0
           0
           0
           0
           0
-1.29105e-06
   0.0842153
  -0.0835955
 -0.00517681
           0
           0
pk  0.99961
       1
       1
0.999602
       1
       1
0.999916
0.999979
       1
0.999412
0.999992
       1
0.999401
0.999992
       1
0.999847
0.999975
       1
0.998824
0.999995
       1
0.999029
0.999995
       1
0.999922
       1
0.999781
0.992823
0.999949
0.988658
 1.00387
 1.00002
 1.00798
0.999037
       1
       1
count 217
(curr.pk-pk_prev).cwiseAbs().sum() 0.000145512
(curr.pk-p0).cwiseAbs().sum() 0.0361354
stable?: 1 converged?: 0 G: 3.23906e-08
tp: 4
Elapsed Time d2w: 121475 us
Elapsed Time dG: 8718 us
vz_norm: 1.54635e-07vp_norm: 8.555e-09
zk   0.00178477
 -0.00145703
 -0.00040439
  0.00182379
  0.00189928
 0.000325777
 0.000897529
-0.000733022
-0.000202663
 0.000309503
 0.000320732
 9.21994e-05
           0
           0
           0
           0
           0
           0
 0.000101072
           0
           0
-3.26588e-05
           0
 3.22946e-05
           0
 0.000121211
           0
           0
 -5.8145e-06
 -1.6144e-05
           0
           0
-1.63227e-05
           0
           0
-9.68953e-07
           0
           0
-9.41525e-09
 4.85189e-09
-9.59926e-09
 4.94672e-09
-1.07796e-05
           0
           0
-1.07804e-05
           0
           0
-1.34952e-07
           0
           0
           0
           0
           0
           0
-1.31824e-06
   0.0841771
    0.083563
  0.00519139
           0
           0
pk 0.999609
       1
       1
0.999601
       1
       1
0.999916
0.999979
       1
0.999409
0.999992
       1
0.999399
0.999992
       1
0.999847
0.999975
       1
0.998819
0.999995
       1
0.999025
0.999995
       1
0.999922
       1
0.999781
0.992792
0.999949
0.988613
 1.00389
 1.00002
 1.00801
0.999034
       1
       1
count 218
(curr.pk-pk_prev).cwiseAbs().sum() 0.000145376
(curr.pk-p0).cwiseAbs().sum() 0.0362807
stable?: 1 converged?: 0 G: 3.23906e-08
tp: 4
Elapsed Time d2w: 118828 us
Elapsed Time dG: 8327 us
vz_norm: 1.54698e-07vp_norm: 8.55463e-09
zk  -0.00178423
 -0.00145669
-0.000405839
  0.00182274
  -0.0018988
-0.000326964
 -0.00089726
-0.000732848
 -0.00020339
 0.000309413
-0.000320652
-9.24529e-05
           0
           0
           0
           0
           0
           0
 0.000101434
           0
           0
 3.26509e-05
           0
 3.22852e-05
           0
 0.000121645
           0
           0
 5.83531e-06
-1.61393e-05
           0
           0
 1.63188e-05
           0
           0
  9.7242e-07
           0
           0
-9.41111e-09
  4.8487e-09
 9.59577e-09
-4.94385e-09
-1.07769e-05
           0
           0
 1.07777e-05
           0
           0
 1.35435e-07
           0
           0
           0
           0
           0
           0
-1.34534e-06
   0.0841391
  -0.0835307
 -0.00520593
           0
           0
pk 0.999607
       1
       1
0.999599
       1
       1
0.999916
0.999979
       1
0.999407
0.999992
       1
0.999396
0.999992
       1
0.999846
0.999975
       1
0.998814
0.999995
       1
0.999021
0.999995
       1
0.999922
       1
 0.99978
0.992762
0.999948
0.988568
 1.00391
 1.00002
 1.00804
0.999032
       1
       1
count 219
(curr.pk-pk_prev).cwiseAbs().sum() 0.000145241
(curr.pk-p0).cwiseAbs().sum() 0.036426
stable?: 1 converged?: 0 G: 3.23906e-08
tp: 4
Elapsed Time d2w: 114220 us
Elapsed Time dG: 7069 us
vz_norm: 1.54761e-07vp_norm: 8.55425e-09
zk   0.00178369
 -0.00145634
-0.000407283
  0.00182169
  0.00189832
 0.000328147
 0.000896991
-0.000732674
-0.000204114
 0.000309322
 0.000320573
 9.27055e-05
           0
           0
           0
           0
           0
           0
 0.000101795
           0
           0
-3.26429e-05
           0
 3.22758e-05
           0
 0.000122078
           0
           0
-5.85606e-06
-1.61347e-05
           0
           0
-1.63149e-05
           0
           0
-9.75877e-07
           0
           0
-9.40698e-09
 4.84552e-09
 -9.5923e-09
 4.94098e-09
-1.07741e-05
           0
           0
-1.07749e-05
           0
           0
-1.35917e-07
           0
           0
           0
           0
           0
           0
-1.37236e-06
   0.0841012
   0.0834984
  0.00522041
           0
           0
pk 0.999606
       1
       1
0.999598
       1
       1
0.999916
0.999979
       1
0.999405
0.999992
       1
0.999394
0.999992
       1
0.999846
0.999975
       1
0.998809
0.999995
       1
0.999017
0.999995
       1
0.999922
       1
0.999779
0.992731
0.999948
0.988523
 1.00392
 1.00002
 1.00807
0.999029
       1
       1
count 220
(curr.pk-pk_prev).cwiseAbs().sum() 0.000145106
(curr.pk-p0).cwiseAbs().sum() 0.0365711
stable?: 1 converged?: 0 G: 3.23905e-08
tp: 4
Elapsed Time d2w: 126900 us
Elapsed Time dG: 9006 us
vz_norm: 1.54824e-07vp_norm: 8.55388e-09
zk  -0.00178316
 -0.00145599
-0.000408723
  0.00182064
 -0.00189784
-0.000329326
-0.000896722
-0.000732501
-0.000204837
 0.000309232
-0.000320493
-9.29574e-05
           0
           0
           0
           0
           0
           0
 0.000102154
           0
           0
  3.2635e-05
           0
 3.22665e-05
           0
 0.000122509
           0
           0
 5.87674e-06
-1.61301e-05
           0
           0
  1.6311e-05
           0
           0
 9.79323e-07
           0
           0
-9.40286e-09
 4.84235e-09
 9.58883e-09
-4.93813e-09
-1.07714e-05
           0
           0
 1.07722e-05
           0
           0
 1.36397e-07
           0
           0
           0
           0
           0
           0
-1.39929e-06
   0.0840634
  -0.0834662
 -0.00523486
           0
           0
pk 0.999604
       1
       1
0.999596
       1
       1
0.999915
0.999979
       1
0.999402
0.999992
       1
0.999391
0.999992
       1
0.999845
0.999975
       1
0.998805
0.999995
       1
0.999013
0.999995
       1
0.999921
       1
0.999779
  0.9927
0.999948
0.988477
 1.00394
 1.00002
 1.00811
0.999026
       1
       1
count 221
(curr.pk-pk_prev).cwiseAbs().sum() 0.000144971
(curr.pk-p0).cwiseAbs().sum() 0.0367161
stable?: 1 converged?: 0 G: 3.23905e-08
tp: 4
Elapsed Time d2w: 125648 us
Elapsed Time dG: 7556 us
vz_norm: 1.54886e-07vp_norm: 8.5535e-09
zk   0.00178263
 -0.00145565
-0.000410158
   0.0018196
  0.00189737
 0.000330501
 0.000896455
-0.000732327
-0.000205557
 0.000309142
 0.000320414
 9.32085e-05
           0
           0
           0
           0
           0
           0
 0.000102513
           0
           0
-3.26271e-05
           0
 3.22571e-05
           0
  0.00012294
           0
           0
-5.89735e-06
-1.61255e-05
           0
           0
-1.63071e-05
           0
           0
-9.82759e-07
           0
           0
-9.39874e-09
 4.83919e-09
-9.58538e-09
 4.93529e-09
-1.07687e-05
           0
           0
-1.07695e-05
           0
           0
-1.36876e-07
           0
           0
           0
           0
           0
           0
-1.42613e-06
   0.0840257
   0.0834342
  0.00524926
           0
           0
pk 0.999602
       1
       1
0.999594
       1
       1
0.999915
0.999979
       1
  0.9994
0.999992
       1
0.999389
0.999992
       1
0.999845
0.999975
       1
  0.9988
0.999995
       1
 0.99901
0.999995
       1
0.999921
       1
0.999778
0.992669
0.999948
0.988432
 1.00395
 1.00002
 1.00814
0.999023
       1
       1
count 222
(curr.pk-pk_prev).cwiseAbs().sum() 0.000144837
(curr.pk-p0).cwiseAbs().sum() 0.0368609
stable?: 1 converged?: 0 G: 3.23904e-08
tp: 4
Elapsed Time d2w: 123645 us
Elapsed Time dG: 8462 us
vz_norm: 1.54949e-07vp_norm: 8.55313e-09
zk  -0.00178209
  -0.0014553
-0.000411589
  0.00181856
 -0.00189689
-0.000331673
-0.000896187
-0.000732154
-0.000206275
 0.000309052
-0.000320335
-9.34588e-05
           0
           0
           0
           0
           0
           0
 0.000102871
           0
           0
 3.26192e-05
           0
 3.22478e-05
           0
 0.000123368
           0
           0
 5.91791e-06
 -1.6121e-05
           0
           0
 1.63032e-05
           0
           0
 9.86184e-07
           0
           0
-9.39464e-09
 4.83605e-09
 9.58193e-09
-4.93245e-09
 -1.0766e-05
           0
           0
 1.07668e-05
           0
           0
 1.37353e-07
           0
           0
           0
           0
           0
           0
 -1.4529e-06
   0.0839881
  -0.0834022
 -0.00526361
           0
           0
pk 0.999601
       1
       1
0.999593
       1
       1
0.999915
0.999979
       1
0.999397
0.999992
       1
0.999387
0.999992
       1
0.999844
0.999974
       1
0.998795
0.999995
       1
0.999006
0.999995
       1
0.999921
       1
0.999777
0.992638
0.999948
0.988387
 1.00397
 1.00002
 1.00817
0.999021
       1
       1
count 223
(curr.pk-pk_prev).cwiseAbs().sum() 0.000144704
(curr.pk-p0).cwiseAbs().sum() 0.0370056
stable?: 1 converged?: 0 G: 3.23904e-08
tp: 4
Elapsed Time d2w: 149336 us
Elapsed Time dG: 7835 us
vz_norm: 1.55011e-07vp_norm: 8.55275e-09
zk   0.00178156
 -0.00145496
-0.000413016
  0.00181752
  0.00189642
 0.000332842
 0.000895921
-0.000731981
-0.000206991
 0.000308962
 0.000320255
 9.37083e-05
           0
           0
           0
           0
           0
           0
 0.000103227
           0
           0
-3.26113e-05
           0
 3.22385e-05
           0
 0.000123796
           0
           0
 -5.9384e-06
-1.61164e-05
           0
           0
-1.62994e-05
           0
           0
-9.89598e-07
           0
           0
-9.39055e-09
  4.8329e-09
-9.57849e-09
 4.92963e-09
-1.07633e-05
           0
           0
-1.07641e-05
           0
           0
-1.37829e-07
           0
           0
           0
           0
           0
           0
-1.47958e-06
   0.0839506
   0.0833703
  0.00527793
           0
           0
pk 0.999599
       1
       1
0.999591
       1
       1
0.999915
0.999979
       1
0.999395
0.999992
       1
0.999384
0.999992
       1
0.999844
0.999974
       1
 0.99879
0.999995
       1
0.999002
0.999995
       1
0.999921
       1
0.999777
0.992608
0.999947
0.988342
 1.00399
 1.00002
  1.0082
0.999018
       1
       1
count 224
(curr.pk-pk_prev).cwiseAbs().sum() 0.000144571
(curr.pk-p0).cwiseAbs().sum() 0.0371502
stable?: 1 converged?: 0 G: 3.23904e-08
tp: 4
Elapsed Time d2w: 128212 us
Elapsed Time dG: 8398 us
vz_norm: 1.55074e-07vp_norm: 8.55238e-09
zk  -0.00178103
 -0.00145462
-0.000414438
  0.00181648
 -0.00189594
-0.000334006
-0.000895655
-0.000731808
-0.000207705
 0.000308873
-0.000320177
-9.39571e-05
           0
           0
           0
           0
           0
           0
 0.000103583
           0
           0
 3.26035e-05
           0
 3.22292e-05
           0
 0.000124222
           0
           0
 5.95882e-06
-1.61118e-05
           0
           0
 1.62955e-05
           0
           0
 9.93002e-07
           0
           0
-9.38647e-09
 4.82977e-09
 9.57506e-09
-4.92681e-09
-1.07605e-05
           0
           0
 1.07614e-05
           0
           0
 1.38304e-07
           0
           0
           0
           0
           0
           0
-1.50617e-06
   0.0839132
  -0.0833384
 -0.00529219
           0
           0
pk 0.999598
       1
       1
 0.99959
       1
       1
0.999914
0.999979
       1
0.999393
0.999992
       1
0.999382
0.999992
       1
0.999843
0.999974
       1
0.998786
0.999995
       1
0.998998
0.999995
       1
 0.99992
       1
0.999776
0.992577
0.999947
0.988297
   1.004
 1.00002
 1.00823
0.999015
       1
       1
count 225
(curr.pk-pk_prev).cwiseAbs().sum() 0.000144438
(curr.pk-p0).cwiseAbs().sum() 0.0372946
stable?: 1 converged?: 0 G: 3.23903e-08
tp: 4
Elapsed Time d2w: 121022 us
Elapsed Time dG: 7691 us
vz_norm: 1.55136e-07vp_norm: 8.55201e-09
zk    0.0017805
 -0.00145427
-0.000415856
  0.00181545
  0.00189547
 0.000335167
 0.000895389
-0.000731636
-0.000208416
 0.000308784
 0.000320098
 9.42052e-05
           0
           0
           0
           0
           0
           0
 0.000103937
           0
           0
-3.25956e-05
           0
 3.22199e-05
           0
 0.000124647
           0
           0
-5.97919e-06
-1.61072e-05
           0
           0
-1.62916e-05
           0
           0
-9.96395e-07
           0
           0
 -9.3824e-09
 4.82665e-09
-9.57165e-09
 4.92401e-09
-1.07578e-05
           0
           0
-1.07586e-05
           0
           0
-1.38777e-07
           0
           0
           0
           0
           0
           0
-1.53269e-06
   0.0838758
   0.0833067
  0.00530642
           0
           0
pk 0.999596
       1
       1
0.999588
       1
       1
0.999914
0.999979
       1
 0.99939
0.999992
       1
0.999379
0.999992
       1
0.999843
0.999974
       1
0.998781
0.999995
       1
0.998994
0.999995
       1
 0.99992
       1
0.999776
0.992546
0.999947
0.988252
 1.00402
 1.00002
 1.00826
0.999012
       1
       1
count 226
(curr.pk-pk_prev).cwiseAbs().sum() 0.000144306
(curr.pk-p0).cwiseAbs().sum() 0.0374389
stable?: 1 converged?: 0 G: 3.23903e-08
tp: 4
Elapsed Time d2w: 119315 us
Elapsed Time dG: 7595 us
vz_norm: 1.55198e-07vp_norm: 8.55164e-09
zk  -0.00177998
 -0.00145393
-0.000417269
  0.00181442
   -0.001895
-0.000336325
-0.000895125
-0.000731463
-0.000209126
 0.000308694
-0.000320019
-9.44525e-05
           0
           0
           0
           0
           0
           0
  0.00010429
           0
           0
 3.25878e-05
           0
 3.22106e-05
           0
  0.00012507
           0
           0
 5.99949e-06
-1.61027e-05
           0
           0
 1.62878e-05
           0
           0
 9.99779e-07
           0
           0
-9.37834e-09
 4.82354e-09
 9.56824e-09
-4.92121e-09
-1.07551e-05
           0
           0
  1.0756e-05
           0
           0
 1.39248e-07
           0
           0
           0
           0
           0
           0
-1.55912e-06
   0.0838386
  -0.0832751
  -0.0053206
           0
           0
pk 0.999595
       1
       1
0.999586
       1
       1
0.999914
0.999979
       1
0.999388
0.999992
       1
0.999377
0.999992
       1
0.999842
0.999974
       1
0.998776
0.999995
       1
 0.99899
0.999995
       1
 0.99992
       1
0.999775
0.992515
0.999947
0.988207
 1.00403
 1.00002
 1.00829
 0.99901
       1
       1
count 227
(curr.pk-pk_prev).cwiseAbs().sum() 0.000144174
(curr.pk-p0).cwiseAbs().sum() 0.0375831
stable?: 1 converged?: 0 G: 3.23903e-08
tp: 4
Elapsed Time d2w: 124679 us
Elapsed Time dG: 9751 us
vz_norm: 1.5526e-07vp_norm: 8.55127e-09
zk   0.00177945
 -0.00145359
-0.000418678
   0.0018134
  0.00189452
 0.000337479
 0.000894861
-0.000731291
-0.000209833
 0.000308605
 0.000319941
  9.4699e-05
           0
           0
           0
           0
           0
           0
 0.000104642
           0
           0
  -3.258e-05
           0
 3.22014e-05
           0
 0.000125492
           0
           0
-6.01973e-06
-1.60982e-05
           0
           0
 -1.6284e-05
           0
           0
-1.00315e-06
           0
           0
-9.37429e-09
 4.82044e-09
-9.56484e-09
 4.91842e-09
-1.07525e-05
           0
           0
-1.07533e-05
           0
           0
-1.39718e-07
           0
           0
           0
           0
           0
           0
-1.58547e-06
   0.0838015
   0.0832435
  0.00533474
           0
           0
pk 0.999593
       1
       1
0.999585
       1
       1
0.999914
0.999979
       1
0.999386
0.999992
       1
0.999375
0.999992
       1
0.999842
0.999974
       1
0.998772
0.999995
       1
0.998986
0.999995
       1
 0.99992
       1
0.999774
0.992485
0.999947
0.988162
 1.00405
 1.00002
 1.00832
0.999007
       1
       1
count 228
(curr.pk-pk_prev).cwiseAbs().sum() 0.000144042
(curr.pk-p0).cwiseAbs().sum() 0.0377271
stable?: 1 converged?: 0 G: 3.23902e-08
tp: 4
Elapsed Time d2w: 122957 us
Elapsed Time dG: 7990 us
vz_norm: 1.55322e-07vp_norm: 8.5509e-09
zk  -0.00177892
 -0.00145325
-0.000420083
  0.00181237
 -0.00189405
 -0.00033863
-0.000894597
-0.000731119
-0.000210538
 0.000308516
-0.000319863
-9.49448e-05
           0
           0
           0
           0
           0
           0
 0.000104993
           0
           0
 3.25722e-05
           0
 3.21921e-05
           0
 0.000125913
           0
           0
 6.03991e-06
-1.60936e-05
           0
           0
 1.62801e-05
           0
           0
 1.00651e-06
           0
           0
-9.37026e-09
 4.81735e-09
 9.56144e-09
-4.91564e-09
-1.07498e-05
           0
           0
 1.07506e-05
           0
           0
 1.40187e-07
           0
           0
           0
           0
           0
           0
-1.61174e-06
   0.0837645
  -0.0832121
 -0.00534883
           0
           0
pk 0.999591
       1
       1
0.999583
       1
       1
0.999913
0.999978
       1
0.999383
0.999992
       1
0.999372
0.999992
       1
0.999842
0.999974
       1
0.998767
0.999995
       1
0.998982
0.999995
       1
0.999919
       1
0.999774
0.992454
0.999946
0.988117
 1.00407
 1.00002
 1.00836
0.999004
       1
       1
count 229
(curr.pk-pk_prev).cwiseAbs().sum() 0.000143911
(curr.pk-p0).cwiseAbs().sum() 0.037871
stable?: 1 converged?: 0 G: 3.23902e-08
tp: 4
Elapsed Time d2w: 122861 us
Elapsed Time dG: 7113 us
vz_norm: 1.55383e-07vp_norm: 8.55053e-09
zk    0.0017784
  -0.0014529
-0.000421484
  0.00181135
  0.00189358
 0.000339777
 0.000894334
-0.000730947
-0.000211241
 0.000308428
 0.000319784
 9.51898e-05
           0
           0
           0
           0
           0
           0
 0.000105344
           0
           0
-3.25644e-05
           0
 3.21829e-05
           0
 0.000126333
           0
           0
-6.06003e-06
-1.60891e-05
           0
           0
-1.62763e-05
           0
           0
-1.00987e-06
           0
           0
-9.36623e-09
 4.81427e-09
-9.55806e-09
 4.91287e-09
-1.07471e-05
           0
           0
-1.07479e-05
           0
           0
-1.40654e-07
           0
           0
           0
           0
           0
           0
-1.63793e-06
   0.0837275
   0.0831807
  0.00536289
           0
           0
pk  0.99959
       1
       1
0.999582
       1
       1
0.999913
0.999978
       1
0.999381
0.999992
       1
 0.99937
0.999992
       1
0.999841
0.999974
       1
0.998762
0.999995
       1
0.998978
0.999995
       1
0.999919
       1
0.999773
0.992423
0.999946
0.988072
 1.00408
 1.00002
 1.00839
0.999002
       1
       1
count 230
(curr.pk-pk_prev).cwiseAbs().sum() 0.00014378
(curr.pk-p0).cwiseAbs().sum() 0.0380148
stable?: 1 converged?: 0 G: 3.23901e-08
tp: 4
Elapsed Time d2w: 121336 us
Elapsed Time dG: 7821 us
vz_norm: 1.55445e-07vp_norm: 8.55016e-09
zk  -0.00177788
 -0.00145256
 -0.00042288
  0.00181034
 -0.00189312
 -0.00034092
-0.000894071
-0.000730776
-0.000211941
 0.000308339
-0.000319706
-9.54341e-05
           0
           0
           0
           0
           0
           0
 0.000105693
           0
           0
 3.25566e-05
           0
 3.21737e-05
           0
 0.000126751
           0
           0
 6.08008e-06
-1.60846e-05
           0
           0
 1.62725e-05
           0
           0
 1.01321e-06
           0
           0
-9.36221e-09
 4.81119e-09
 9.55469e-09
-4.91011e-09
-1.07444e-05
           0
           0
 1.07452e-05
           0
           0
  1.4112e-07
           0
           0
           0
           0
           0
           0
-1.66404e-06
   0.0836907
  -0.0831494
  -0.0053769
           0
           0
pk 0.999588
       1
       1
 0.99958
       1
       1
0.999913
0.999978
       1
0.999379
0.999992
       1
0.999367
0.999992
       1
0.999841
0.999974
       1
0.998757
0.999995
       1
0.998974
0.999995
       1
0.999919
       1
0.999772
0.992393
0.999946
0.988027
  1.0041
 1.00002
 1.00842
0.998999
       1
       1
count 231
(curr.pk-pk_prev).cwiseAbs().sum() 0.00014365
(curr.pk-p0).cwiseAbs().sum() 0.0381585
stable?: 1 converged?: 0 G: 3.23901e-08
tp: 4
Elapsed Time d2w: 121784 us
Elapsed Time dG: 7593 us
vz_norm: 1.55506e-07vp_norm: 8.5498e-09
zk   0.00177735
 -0.00145222
-0.000424273
  0.00180932
  0.00189265
  0.00034206
  0.00089381
-0.000730604
 -0.00021264
 0.000308251
 0.000319629
 9.56777e-05
           0
           0
           0
           0
           0
           0
  0.00010604
           0
           0
-3.25489e-05
           0
 3.21645e-05
           0
 0.000127168
           0
           0
-6.10008e-06
-1.60801e-05
           0
           0
-1.62687e-05
           0
           0
-1.01654e-06
           0
           0
 -9.3582e-09
 4.80813e-09
-9.55133e-09
 4.90736e-09
-1.07417e-05
           0
           0
-1.07425e-05
           0
           0
-1.41585e-07
           0
           0
           0
           0
           0
           0
-1.69007e-06
    0.083654
   0.0831182
  0.00539087
           0
           0
pk 0.999587
       1
       1
0.999578
       1
       1
0.999913
0.999978
       1
0.999376
0.999992
       1
0.999365
0.999992
       1
 0.99984
0.999974
       1
0.998753
0.999994
       1
 0.99897
0.999995
       1
0.999919
       1
0.999772
0.992362
0.999946
0.987982
 1.00411
 1.00002
 1.00845
0.998996
       1
       1
count 232
(curr.pk-pk_prev).cwiseAbs().sum() 0.00014352
(curr.pk-p0).cwiseAbs().sum() 0.038302
stable?: 1 converged?: 0 G: 3.23901e-08
tp: 4
Elapsed Time d2w: 116782 us
Elapsed Time dG: 7851 us
vz_norm: 1.55567e-07vp_norm: 8.54943e-09
zk  -0.00177683
 -0.00145188
-0.000425661
  0.00180831
 -0.00189218
-0.000343197
-0.000893548
-0.000730433
-0.000213337
 0.000308163
-0.000319551
-9.59206e-05
           0
           0
           0
           0
           0
           0
 0.000106387
           0
           0
 3.25411e-05
           0
 3.21553e-05
           0
 0.000127584
           0
           0
 6.12002e-06
-1.60756e-05
           0
           0
 1.62649e-05
           0
           0
 1.01986e-06
           0
           0
 -9.3542e-09
 4.80508e-09
 9.54797e-09
-4.90461e-09
-1.07391e-05
           0
           0
 1.07399e-05
           0
           0
 1.42048e-07
           0
           0
           0
           0
           0
           0
-1.71602e-06
   0.0836173
   -0.083087
  -0.0054048
           0
           0
pk 0.999585
       1
       1
0.999577
       1
       1
0.999912
0.999978
       1
0.999374
0.999992
       1
0.999363
0.999992
       1
 0.99984
0.999974
       1
0.998748
0.999994
       1
0.998966
0.999995
       1
0.999919
       1
0.999771
0.992332
0.999945
0.987937
 1.00413
 1.00002
 1.00848
0.998994
       1
       1
count 233
(curr.pk-pk_prev).cwiseAbs().sum() 0.00014339
(curr.pk-p0).cwiseAbs().sum() 0.0384454
stable?: 1 converged?: 0 G: 3.239e-08
tp: 4
Elapsed Time d2w: 117528 us
Elapsed Time dG: 7701 us
vz_norm: 1.55629e-07vp_norm: 8.54906e-09
zk   0.00177631
 -0.00145154
-0.000427045
   0.0018073
  0.00189171
  0.00034433
 0.000893288
-0.000730262
-0.000214031
 0.000308075
 0.000319473
 9.61627e-05
           0
           0
           0
           0
           0
           0
 0.000106733
           0
           0
-3.25334e-05
           0
 3.21462e-05
           0
 0.000127999
           0
           0
 -6.1399e-06
-1.60711e-05
           0
           0
-1.62611e-05
           0
           0
-1.02318e-06
           0
           0
-9.35021e-09
 4.80203e-09
-9.54463e-09
 4.90188e-09
-1.07364e-05
           0
           0
-1.07372e-05
           0
           0
-1.42509e-07
           0
           0
           0
           0
           0
           0
-1.74189e-06
   0.0835808
    0.083056
  0.00541868
           0
           0
pk 0.999584
       1
       1
0.999575
       1
       1
0.999912
0.999978
       1
0.999371
0.999991
       1
 0.99936
0.999992
       1
0.999839
0.999974
       1
0.998743
0.999994
       1
0.998962
0.999995
       1
0.999918
       1
 0.99977
0.992301
0.999945
0.987893
 1.00415
 1.00002
 1.00851
0.998991
       1
       1
count 234
(curr.pk-pk_prev).cwiseAbs().sum() 0.000143261
(curr.pk-p0).cwiseAbs().sum() 0.0385886
stable?: 1 converged?: 0 G: 3.239e-08
tp: 4
Elapsed Time d2w: 116325 us
Elapsed Time dG: 8353 us
vz_norm: 1.5569e-07vp_norm: 8.5487e-09
zk   -0.0017758
  -0.0014512
-0.000428424
  0.00180629
 -0.00189125
 -0.00034546
-0.000893028
-0.000730091
-0.000214724
 0.000307987
-0.000319396
-9.64041e-05
           0
           0
           0
           0
           0
           0
 0.000107078
           0
           0
 3.25257e-05
           0
 3.21371e-05
           0
 0.000128412
           0
           0
 6.15971e-06
-1.60666e-05
           0
           0
 1.62573e-05
           0
           0
 1.02648e-06
           0
           0
-9.34624e-09
   4.799e-09
 9.54129e-09
-4.89915e-09
-1.07337e-05
           0
           0
 1.07346e-05
           0
           0
  1.4297e-07
           0
           0
           0
           0
           0
           0
-1.76769e-06
   0.0835443
   -0.083025
 -0.00543253
           0
           0
pk 0.999582
       1
       1
0.999574
       1
       1
0.999912
0.999978
       1
0.999369
0.999991
       1
0.999358
0.999992
       1
0.999839
0.999974
       1
0.998739
0.999994
       1
0.998959
0.999995
       1
0.999918
       1
 0.99977
 0.99227
0.999945
0.987848
 1.00416
 1.00002
 1.00854
0.998988
       1
       1
count 235
(curr.pk-pk_prev).cwiseAbs().sum() 0.000143132
(curr.pk-p0).cwiseAbs().sum() 0.0387318
stable?: 1 converged?: 0 G: 3.23899e-08
tp: 4
Elapsed Time d2w: 130590 us
Elapsed Time dG: 7984 us
vz_norm: 1.55751e-07vp_norm: 8.54833e-09
zk   0.00177528
 -0.00145086
  -0.0004298
  0.00180529
  0.00189079
 0.000346587
 0.000892768
-0.000729921
-0.000215414
 0.000307899
 0.000319319
 9.66448e-05
           0
           0
           0
           0
           0
           0
 0.000107422
           0
           0
 -3.2518e-05
           0
 3.21279e-05
           0
 0.000128825
           0
           0
-6.17947e-06
-1.60621e-05
           0
           0
-1.62535e-05
           0
           0
-1.02977e-06
           0
           0
-9.34227e-09
 4.79597e-09
-9.53796e-09
 4.89643e-09
-1.07311e-05
           0
           0
-1.07319e-05
           0
           0
-1.43428e-07
           0
           0
           0
           0
           0
           0
 -1.7934e-06
    0.083508
   0.0829942
  0.00544633
           0
           0
pk 0.999581
       1
       1
0.999572
       1
       1
0.999912
0.999978
       1
0.999367
0.999991
       1
0.999355
0.999991
       1
0.999838
0.999973
       1
0.998734
0.999994
       1
0.998955
0.999995
       1
0.999918
       1
0.999769
 0.99224
0.999945
0.987803
 1.00418
 1.00002
 1.00857
0.998986
       1
       1
count 236
(curr.pk-pk_prev).cwiseAbs().sum() 0.000143004
(curr.pk-p0).cwiseAbs().sum() 0.0388748
stable?: 1 converged?: 0 G: 3.23899e-08
tp: 4
Elapsed Time d2w: 117510 us
Elapsed Time dG: 7219 us
vz_norm: 1.55811e-07vp_norm: 8.54797e-09
zk  -0.00177476
 -0.00145052
-0.000431172
  0.00180429
 -0.00189032
 -0.00034771
-0.000892509
 -0.00072975
-0.000216102
 0.000307811
-0.000319242
-9.68848e-05
           0
           0
           0
           0
           0
           0
 0.000107765
           0
           0
 3.25103e-05
           0
 3.21188e-05
           0
 0.000129236
           0
           0
 6.19917e-06
-1.60576e-05
           0
           0
 1.62497e-05
           0
           0
 1.03305e-06
           0
           0
-9.33831e-09
 4.79295e-09
 9.53464e-09
-4.89372e-09
-1.07284e-05
           0
           0
 1.07293e-05
           0
           0
 1.43886e-07
           0
           0
           0
           0
           0
           0
-1.81904e-06
   0.0834717
  -0.0829634
  -0.0054601
           0
           0
pk 0.999579
       1
       1
 0.99957
       1
       1
0.999911
0.999978
       1
0.999364
0.999991
       1
0.999353
0.999991
       1
0.999838
0.999973
       1
0.998729
0.999994
       1
0.998951
0.999995
       1
0.999918
       1
0.999769
0.992209
0.999945
0.987759
 1.00419
 1.00002
  1.0086
0.998983
       1
       1
count 237
(curr.pk-pk_prev).cwiseAbs().sum() 0.000142876
(curr.pk-p0).cwiseAbs().sum() 0.0390177
stable?: 1 converged?: 0 G: 3.23899e-08
tp: 4
Elapsed Time d2w: 117514 us
Elapsed Time dG: 8309 us
vz_norm: 1.55872e-07vp_norm: 8.54761e-09
zk   0.00177425
 -0.00145018
-0.000432539
  0.00180329
  0.00188986
  0.00034883
 0.000892251
 -0.00072958
-0.000216789
 0.000307724
 0.000319165
 9.71241e-05
           0
           0
           0
           0
           0
           0
 0.000108106
           0
           0
-3.25026e-05
           0
 3.21097e-05
           0
 0.000129645
           0
           0
-6.21881e-06
-1.60531e-05
           0
           0
 -1.6246e-05
           0
           0
-1.03633e-06
           0
           0
-9.33436e-09
 4.78994e-09
-9.53133e-09
 4.89102e-09
-1.07258e-05
           0
           0
-1.07266e-05
           0
           0
-1.44342e-07
           0
           0
           0
           0
           0
           0
 -1.8446e-06
   0.0834355
   0.0829327
  0.00547382
           0
           0
pk 0.999577
       1
       1
0.999569
       1
       1
0.999911
0.999978
       1
0.999362
0.999991
       1
0.999351
0.999991
       1
0.999837
0.999973
       1
0.998725
0.999994
       1
0.998947
0.999995
       1
0.999917
       1
0.999768
0.992179
0.999944
0.987714
 1.00421
 1.00002
 1.00863
0.998981
       1
       1
count 238
(curr.pk-pk_prev).cwiseAbs().sum() 0.000142748
(curr.pk-p0).cwiseAbs().sum() 0.0391604
stable?: 1 converged?: 0 G: 3.23898e-08
tp: 4
Elapsed Time d2w: 123187 us
Elapsed Time dG: 7824 us
vz_norm: 1.55933e-07vp_norm: 8.54724e-09
zk  -0.00177373
 -0.00144984
-0.000433903
   0.0018023
  -0.0018894
-0.000349946
-0.000891993
 -0.00072941
-0.000217473
 0.000307636
-0.000319088
-9.73627e-05
           0
           0
           0
           0
           0
           0
 0.000108447
           0
           0
 3.24949e-05
           0
 3.21007e-05
           0
 0.000130054
           0
           0
  6.2384e-06
-1.60487e-05
           0
           0
 1.62422e-05
           0
           0
 1.03959e-06
           0
           0
-9.33042e-09
 4.78694e-09
 9.52803e-09
-4.88833e-09
-1.07231e-05
           0
           0
  1.0724e-05
           0
           0
 1.44797e-07
           0
           0
           0
           0
           0
           0
-1.87009e-06
   0.0833994
   -0.082902
  -0.0054875
           0
           0
pk 0.999576
       1
       1
0.999567
       1
       1
0.999911
0.999978
       1
 0.99936
0.999991
       1
0.999348
0.999991
       1
0.999837
0.999973
       1
 0.99872
0.999994
       1
0.998943
0.999995
       1
0.999917
       1
0.999767
0.992148
0.999944
 0.98767
 1.00422
 1.00002
 1.00866
0.998978
       1
       1
count 239
(curr.pk-pk_prev).cwiseAbs().sum() 0.000142621
(curr.pk-p0).cwiseAbs().sum() 0.039303
stable?: 1 converged?: 0 G: 3.23898e-08
tp: 4
Elapsed Time d2w: 119650 us
Elapsed Time dG: 8706 us
vz_norm: 1.55993e-07vp_norm: 8.54688e-09
zk   0.00177322
 -0.00144951
-0.000435262
   0.0018013
  0.00188894
 0.000351059
 0.000891736
 -0.00072924
-0.000218155
 0.000307549
 0.000319011
 9.76006e-05
           0
           0
           0
           0
           0
           0
 0.000108787
           0
           0
-3.24873e-05
           0
 3.20916e-05
           0
 0.000130461
           0
           0
-6.25792e-06
-1.60442e-05
           0
           0
-1.62385e-05
           0
           0
-1.04284e-06
           0
           0
-9.32649e-09
 4.78395e-09
-9.52474e-09
 4.88564e-09
-1.07205e-05
           0
           0
-1.07213e-05
           0
           0
-1.45251e-07
           0
           0
           0
           0
           0
           0
 -1.8955e-06
   0.0833634
   0.0828715
  0.00550114
           0
           0
pk 0.999574
       1
       1
0.999566
       1
       1
0.999911
0.999978
       1
0.999357
0.999991
       1
0.999346
0.999991
       1
0.999836
0.999973
       1
0.998715
0.999994
       1
0.998939
0.999994
       1
0.999917
       1
0.999767
0.992118
0.999944
0.987625
 1.00424
 1.00002
 1.00869
0.998976
       1
       1
count 240
(curr.pk-pk_prev).cwiseAbs().sum() 0.000142494
(curr.pk-p0).cwiseAbs().sum() 0.0394455
stable?: 1 converged?: 0 G: 3.23898e-08
tp: 4
Elapsed Time d2w: 120477 us
Elapsed Time dG: 7868 us
vz_norm: 1.56053e-07vp_norm: 8.54652e-09
zk  -0.00177271
 -0.00144917
-0.000436618
  0.00180031
 -0.00188848
-0.000352169
-0.000891479
-0.000729071
-0.000218835
 0.000307462
-0.000318935
-9.78377e-05
           0
           0
           0
           0
           0
           0
 0.000109126
           0
           0
 3.24797e-05
           0
 3.20826e-05
           0
 0.000130867
           0
           0
 6.27739e-06
-1.60398e-05
           0
           0
 1.62347e-05
           0
           0
 1.04609e-06
           0
           0
-9.32257e-09
 4.78097e-09
 9.52145e-09
-4.88297e-09
-1.07179e-05
           0
           0
 1.07187e-05
           0
           0
 1.45703e-07
           0
           0
           0
           0
           0
           0
-1.92083e-06
   0.0833275
   -0.082841
 -0.00551474
           0
           0
pk 0.999573
       1
       1
0.999564
       1
       1
 0.99991
0.999978
       1
0.999355
0.999991
       1
0.999343
0.999991
       1
0.999836
0.999973
       1
0.998711
0.999994
       1
0.998935
0.999994
       1
0.999917
       1
0.999766
0.992087
0.999944
0.987581
 1.00426
 1.00002
 1.00873
0.998973
       1
       1
count 241
(curr.pk-pk_prev).cwiseAbs().sum() 0.000142367
(curr.pk-p0).cwiseAbs().sum() 0.0395879
stable?: 1 converged?: 0 G: 3.23897e-08
tp: 4
Elapsed Time d2w: 116707 us
Elapsed Time dG: 7707 us
vz_norm: 1.56114e-07vp_norm: 8.54616e-09
zk    0.0017722
 -0.00144883
-0.000437969
  0.00179933
  0.00188802
 0.000353276
 0.000891223
-0.000728901
-0.000219513
 0.000307375
 0.000318858
 9.80742e-05
           0
           0
           0
           0
           0
           0
 0.000109463
           0
           0
-3.24721e-05
           0
 3.20735e-05
           0
 0.000131272
           0
           0
 -6.2968e-06
-1.60354e-05
           0
           0
 -1.6231e-05
           0
           0
-1.04932e-06
           0
           0
-9.31866e-09
   4.778e-09
-9.51818e-09
  4.8803e-09
-1.07152e-05
           0
           0
-1.07161e-05
           0
           0
-1.46154e-07
           0
           0
           0
           0
           0
           0
-1.94609e-06
   0.0832917
   0.0828106
  0.00552831
           0
           0
pk 0.999571
       1
       1
0.999563
       1
       1
 0.99991
0.999978
       1
0.999353
0.999991
       1
0.999341
0.999991
       1
0.999836
0.999973
       1
0.998706
0.999994
       1
0.998931
0.999994
       1
0.999916
       1
0.999766
0.992057
0.999944
0.987536
 1.00427
 1.00002
 1.00876
 0.99897
       1
       1
count 242
(curr.pk-pk_prev).cwiseAbs().sum() 0.000142241
(curr.pk-p0).cwiseAbs().sum() 0.0397301
stable?: 1 converged?: 0 G: 3.23897e-08
tp: 4
Elapsed Time d2w: 125313 us
Elapsed Time dG: 8075 us
vz_norm: 1.56174e-07vp_norm: 8.5458e-09
zk  -0.00177169
 -0.00144849
-0.000439317
  0.00179834
 -0.00188756
-0.000354379
-0.000890967
-0.000728732
 -0.00022019
 0.000307289
-0.000318782
  -9.831e-05
           0
           0
           0
           0
           0
           0
   0.0001098
           0
           0
 3.24645e-05
           0
 3.20645e-05
           0
 0.000131676
           0
           0
 6.31615e-06
-1.60309e-05
           0
           0
 1.62272e-05
           0
           0
 1.05255e-06
           0
           0
-9.31476e-09
 4.77503e-09
 9.51491e-09
-4.87764e-09
-1.07126e-05
           0
           0
 1.07135e-05
           0
           0
 1.46603e-07
           0
           0
           0
           0
           0
           0
-1.97127e-06
    0.083256
  -0.0827803
 -0.00554183
           0
           0
pk  0.99957
       1
       1
0.999561
       1
       1
 0.99991
0.999978
       1
 0.99935
0.999991
       1
0.999339
0.999991
       1
0.999835
0.999973
       1
0.998701
0.999994
       1
0.998927
0.999994
       1
0.999916
       1
0.999765
0.992027
0.999943
0.987492
 1.00429
 1.00002
 1.00879
0.998968
       1
       1
count 243
(curr.pk-pk_prev).cwiseAbs().sum() 0.000142115
(curr.pk-p0).cwiseAbs().sum() 0.0398722
stable?: 1 converged?: 0 G: 3.23896e-08
tp: 4
Elapsed Time d2w: 119297 us
Elapsed Time dG: 7623 us
vz_norm: 1.56234e-07vp_norm: 8.54544e-09
zk   0.00177118
 -0.00144816
 -0.00044066
  0.00179736
   0.0018871
  0.00035548
 0.000890712
-0.000728563
-0.000220864
 0.000307202
 0.000318706
 9.85451e-05
           0
           0
           0
           0
           0
           0
 0.000110136
           0
           0
-3.24569e-05
           0
 3.20555e-05
           0
 0.000132079
           0
           0
-6.33545e-06
-1.60265e-05
           0
           0
-1.62235e-05
           0
           0
-1.05576e-06
           0
           0
-9.31087e-09
 4.77208e-09
-9.51165e-09
 4.87499e-09
  -1.071e-05
           0
           0
-1.07109e-05
           0
           0
-1.47051e-07
           0
           0
           0
           0
           0
           0
-1.99638e-06
   0.0832203
   0.0827501
  0.00555531
           0
           0
pk 0.999568
       1
       1
0.999559
       1
       1
 0.99991
0.999978
       1
0.999348
0.999991
       1
0.999336
0.999991
       1
0.999835
0.999973
       1
0.998697
0.999994
       1
0.998924
0.999994
       1
0.999916
       1
0.999764
0.991996
0.999943
0.987448
  1.0043
 1.00002
 1.00882
0.998965
       1
       1
count 244
(curr.pk-pk_prev).cwiseAbs().sum() 0.00014199
(curr.pk-p0).cwiseAbs().sum() 0.0400142
stable?: 1 converged?: 0 G: 3.23896e-08
tp: 4
Elapsed Time d2w: 116651 us
Elapsed Time dG: 7690 us
vz_norm: 1.56293e-07vp_norm: 8.54508e-09
zk  -0.00177067
 -0.00144782
   -0.000442
  0.00179638
 -0.00188665
-0.000356576
-0.000890457
-0.000728394
-0.000221536
 0.000307116
 -0.00031863
-9.87796e-05
           0
           0
           0
           0
           0
           0
 0.000110471
           0
           0
 3.24493e-05
           0
 3.20465e-05
           0
  0.00013248
           0
           0
 6.35469e-06
-1.60221e-05
           0
           0
 1.62198e-05
           0
           0
 1.05897e-06
           0
           0
-9.30699e-09
 4.76913e-09
  9.5084e-09
-4.87234e-09
-1.07074e-05
           0
           0
 1.07083e-05
           0
           0
 1.47498e-07
           0
           0
           0
           0
           0
           0
-2.02141e-06
   0.0831848
    -0.08272
 -0.00556876
           0
           0
pk 0.999567
       1
       1
0.999558
       1
       1
 0.99991
0.999978
       1
0.999346
0.999991
       1
0.999334
0.999991
       1
0.999834
0.999973
       1
0.998692
0.999994
       1
 0.99892
0.999994
       1
0.999916
       1
0.999764
0.991966
0.999943
0.987403
 1.00432
 1.00002
 1.00885
0.998963
       1
       1
count 245
(curr.pk-pk_prev).cwiseAbs().sum() 0.000141865
(curr.pk-p0).cwiseAbs().sum() 0.0401561
stable?: 1 converged?: 0 G: 3.23896e-08
tp: 4
Elapsed Time d2w: 122658 us
Elapsed Time dG: 7479 us
vz_norm: 1.56353e-07vp_norm: 8.54472e-09
zk   0.00177017
 -0.00144749
-0.000443336
   0.0017954
  0.00188619
  0.00035767
 0.000890203
-0.000728225
-0.000222206
  0.00030703
 0.000318554
 9.90133e-05
           0
           0
           0
           0
           0
           0
 0.000110804
           0
           0
-3.24417e-05
           0
 3.20376e-05
           0
  0.00013288
           0
           0
-6.37388e-06
-1.60177e-05
           0
           0
-1.62161e-05
           0
           0
-1.06217e-06
           0
           0
-9.30311e-09
 4.76619e-09
-9.50516e-09
 4.86971e-09
-1.07048e-05
           0
           0
-1.07056e-05
           0
           0
-1.47944e-07
           0
           0
           0
           0
           0
           0
-2.04637e-06
   0.0831493
   0.0826899
  0.00558216
           0
           0
pk 0.999565
       1
       1
0.999556
       1
       1
0.999909
0.999977
       1
0.999343
0.999991
       1
0.999332
0.999991
       1
0.999834
0.999973
       1
0.998687
0.999994
       1
0.998916
0.999994
       1
0.999916
       1
0.999763
0.991935
0.999943
0.987359
 1.00433
 1.00002
 1.00888
 0.99896
       1
       1
count 246
(curr.pk-pk_prev).cwiseAbs().sum() 0.00014174
(curr.pk-p0).cwiseAbs().sum() 0.0402978
stable?: 1 converged?: 0 G: 3.23895e-08
tp: 4
Elapsed Time d2w: 118130 us
Elapsed Time dG: 7846 us
vz_norm: 1.56413e-07vp_norm: 8.54437e-09
zk  -0.00176966
 -0.00144715
-0.000444668
  0.00179443
 -0.00188574
-0.000358761
 -0.00088995
-0.000728057
-0.000222875
 0.000306944
-0.000318479
-9.92464e-05
           0
           0
           0
           0
           0
           0
 0.000111137
           0
           0
 3.24342e-05
           0
 3.20286e-05
           0
 0.000133279
           0
           0
 6.39301e-06
-1.60133e-05
           0
           0
 1.62124e-05
           0
           0
 1.06535e-06
           0
           0
-9.29925e-09
 4.76326e-09
 9.50192e-09
-4.86708e-09
-1.07022e-05
           0
           0
  1.0703e-05
           0
           0
 1.48388e-07
           0
           0
           0
           0
           0
           0
-2.07126e-06
    0.083114
  -0.0826599
 -0.00559553
           0
           0
pk 0.999563
       1
       1
0.999555
       1
       1
0.999909
0.999977
       1
0.999341
0.999991
       1
0.999329
0.999991
       1
0.999833
0.999973
       1
0.998683
0.999994
       1
0.998912
0.999994
       1
0.999915
       1
0.999763
0.991905
0.999943
0.987315
 1.00435
 1.00002
 1.00891
0.998958
       1
       1
count 247
(curr.pk-pk_prev).cwiseAbs().sum() 0.000141616
(curr.pk-p0).cwiseAbs().sum() 0.0404395
stable?: 1 converged?: 0 G: 3.23895e-08
tp: 4
Elapsed Time d2w: 122998 us
Elapsed Time dG: 7732 us
vz_norm: 1.56472e-07vp_norm: 8.54401e-09
zk   0.00176916
 -0.00144682
-0.000445996
  0.00179346
  0.00188528
 0.000359848
 0.000889697
-0.000727889
-0.000223541
 0.000306858
 0.000318403
 9.94788e-05
           0
           0
           0
           0
           0
           0
 0.000111469
           0
           0
-3.24266e-05
           0
 3.20197e-05
           0
 0.000133677
           0
           0
-6.41208e-06
-1.60089e-05
           0
           0
-1.62087e-05
           0
           0
-1.06853e-06
           0
           0
-9.29539e-09
 4.76034e-09
 -9.4987e-09
 4.86446e-09
-1.06996e-05
           0
           0
-1.07005e-05
           0
           0
-1.48831e-07
           0
           0
           0
           0
           0
           0
-2.09607e-06
   0.0830787
     0.08263
  0.00560886
           0
           0
pk 0.999562
       1
       1
0.999553
       1
       1
0.999909
0.999977
       1
0.999339
0.999991
       1
0.999327
0.999991
       1
0.999833
0.999973
       1
0.998678
0.999994
       1
0.998908
0.999994
       1
0.999915
       1
0.999762
0.991875
0.999942
0.987271
 1.00437
 1.00002
 1.00894
0.998955
       1
       1
count 248
(curr.pk-pk_prev).cwiseAbs().sum() 0.000141492
(curr.pk-p0).cwiseAbs().sum() 0.0405809
stable?: 1 converged?: 0 G: 3.23895e-08
tp: 4
Elapsed Time d2w: 125236 us
Elapsed Time dG: 8442 us
vz_norm: 1.56532e-07vp_norm: 8.54365e-09
zk  -0.00176866
 -0.00144648
 -0.00044732
  0.00179249
 -0.00188483
-0.000360933
-0.000889445
-0.000727721
-0.000224206
 0.000306772
-0.000318328
-9.97105e-05
           0
           0
           0
           0
           0
           0
   0.0001118
           0
           0
 3.24191e-05
           0
 3.20107e-05
           0
 0.000134074
           0
           0
  6.4311e-06
-1.60045e-05
           0
           0
  1.6205e-05
           0
           0
  1.0717e-06
           0
           0
-9.29155e-09
 4.75743e-09
 9.49548e-09
-4.86185e-09
 -1.0697e-05
           0
           0
 1.06979e-05
           0
           0
 1.49273e-07
           0
           0
           0
           0
           0
           0
-2.12081e-06
   0.0830435
  -0.0826002
 -0.00562215
           0
           0
pk  0.99956
       1
       1
0.999552
       1
       1
0.999909
0.999977
       1
0.999336
0.999991
       1
0.999324
0.999991
       1
0.999832
0.999973
       1
0.998673
0.999994
       1
0.998904
0.999994
       1
0.999915
       1
0.999761
0.991845
0.999942
0.987227
 1.00438
 1.00002
 1.00897
0.998953
       1
       1
count 249
(curr.pk-pk_prev).cwiseAbs().sum() 0.000141368
(curr.pk-p0).cwiseAbs().sum() 0.0407223
stable?: 1 converged?: 0 G: 3.23894e-08
tp: 4
Elapsed Time d2w: 115783 us
Elapsed Time dG: 8294 us
vz_norm: 1.56591e-07vp_norm: 8.5433e-09
zk   0.00176815
 -0.00144615
-0.000448641
  0.00179152
  0.00188438
 0.000362014
 0.000889193
-0.000727553
-0.000224869
 0.000306686
 0.000318252
 9.99416e-05
           0
           0
           0
           0
           0
           0
  0.00011213
           0
           0
-3.24116e-05
           0
 3.20018e-05
           0
  0.00013447
           0
           0
-6.45007e-06
-1.60002e-05
           0
           0
-1.62013e-05
           0
           0
-1.07486e-06
           0
           0
-9.28771e-09
 4.75453e-09
-9.49227e-09
 4.85924e-09
-1.06944e-05
           0
           0
-1.06953e-05
           0
           0
-1.49714e-07
           0
           0
           0
           0
           0
           0
-2.14548e-06
   0.0830084
   0.0825704
   0.0056354
           0
           0
pk 0.999559
       1
       1
 0.99955
       1
       1
0.999908
0.999977
       1
0.999334
0.999991
       1
0.999322
0.999991
       1
0.999832
0.999973
       1
0.998669
0.999994
       1
  0.9989
0.999994
       1
0.999915
       1
0.999761
0.991814
0.999942
0.987182
  1.0044
 1.00002
   1.009
 0.99895
       1
       1
count 250
(curr.pk-pk_prev).cwiseAbs().sum() 0.000141245
(curr.pk-p0).cwiseAbs().sum() 0.0408636
stable?: 1 converged?: 0 G: 3.23894e-08
tp: 4
Elapsed Time d2w: 118361 us
Elapsed Time dG: 7957 us
vz_norm: 1.5665e-07vp_norm: 8.54294e-09
zk  -0.00176765
 -0.00144581
-0.000449957
  0.00179056
 -0.00188393
-0.000363092
-0.000888941
-0.000727385
-0.000225529
 0.000306601
-0.000318177
-0.000100172
           0
           0
           0
           0
           0
           0
 0.000112459
           0
           0
 3.24041e-05
           0
 3.19929e-05
           0
 0.000134864
           0
           0
 6.46898e-06
-1.59958e-05
           0
           0
 1.61976e-05
           0
           0
 1.07801e-06
           0
           0
-9.28389e-09
 4.75163e-09
 9.48907e-09
-4.85665e-09
-1.06918e-05
           0
           0
 1.06927e-05
           0
           0
 1.50153e-07
           0
           0
           0
           0
           0
           0
-2.17008e-06
   0.0829733
  -0.0825407
 -0.00564862
           0
           0
pk 0.999557
       1
       1
0.999548
       1
       1
0.999908
0.999977
       1
0.999332
0.999991
       1
 0.99932
0.999991
       1
0.999831
0.999972
       1
0.998664
0.999994
       1
0.998896
0.999994
       1
0.999915
       1
 0.99976
0.991784
0.999942
0.987138
 1.00441
 1.00002
 1.00903
0.998948
       1
       1
count 251
(curr.pk-pk_prev).cwiseAbs().sum() 0.000141122
(curr.pk-p0).cwiseAbs().sum() 0.0410047
stable?: 1 converged?: 0 G: 3.23893e-08
tp: 4
Elapsed Time d2w: 119619 us
Elapsed Time dG: 7441 us
vz_norm: 1.56709e-07vp_norm: 8.54259e-09
zk   0.00176715
 -0.00144548
 -0.00045127
   0.0017896
  0.00188348
 0.000364167
 0.000888691
-0.000727218
-0.000226188
 0.000306515
 0.000318102
 0.000100402
           0
           0
           0
           0
           0
           0
 0.000112787
           0
           0
-3.23966e-05
           0
 3.19841e-05
           0
 0.000135258
           0
           0
-6.48783e-06
-1.59914e-05
           0
           0
-1.61939e-05
           0
           0
-1.08115e-06
           0
           0
-9.28007e-09
 4.74874e-09
-9.48588e-09
 4.85406e-09
-1.06892e-05
           0
           0
-1.06901e-05
           0
           0
-1.50591e-07
           0
           0
           0
           0
           0
           0
-2.19461e-06
   0.0829384
   0.0825111
  0.00566179
           0
           0
pk 0.999556
       1
       1
0.999547
       1
       1
0.999908
0.999977
       1
0.999329
0.999991
       1
0.999317
0.999991
       1
0.999831
0.999972
       1
0.998659
0.999994
       1
0.998893
0.999994
       1
0.999914
       1
 0.99976
0.991754
0.999942
0.987094
 1.00443
 1.00002
 1.00906
0.998946
       1
       1
count 252
(curr.pk-pk_prev).cwiseAbs().sum() 0.000141
(curr.pk-p0).cwiseAbs().sum() 0.0411457
stable?: 1 converged?: 0 G: 3.23893e-08
tp: 4
Elapsed Time d2w: 117638 us
Elapsed Time dG: 7670 us
vz_norm: 1.56768e-07vp_norm: 8.54224e-09
zk  -0.00176665
 -0.00144515
-0.000452579
  0.00178864
 -0.00188303
-0.000365239
 -0.00088844
 -0.00072705
-0.000226845
  0.00030643
-0.000318027
-0.000100631
           0
           0
           0
           0
           0
           0
 0.000113114
           0
           0
 3.23892e-05
           0
 3.19752e-05
           0
  0.00013565
           0
           0
 6.50663e-06
-1.59871e-05
           0
           0
 1.61903e-05
           0
           0
 1.08429e-06
           0
           0
-9.27626e-09
 4.74587e-09
  9.4827e-09
-4.85148e-09
-1.06867e-05
           0
           0
 1.06875e-05
           0
           0
 1.51028e-07
           0
           0
           0
           0
           0
           0
-2.21906e-06
   0.0829035
  -0.0824816
 -0.00567493
           0
           0
pk 0.999554
       1
       1
0.999545
       1
       1
0.999908
0.999977
       1
0.999327
0.999991
       1
0.999315
0.999991
       1
0.999831
0.999972
       1
0.998655
0.999994
       1
0.998889
0.999994
       1
0.999914
       1
0.999759
0.991723
0.999941
 0.98705
 1.00444
 1.00002
 1.00909
0.998943
       1
       1
count 253
(curr.pk-pk_prev).cwiseAbs().sum() 0.000140877
(curr.pk-p0).cwiseAbs().sum() 0.0412866
stable?: 1 converged?: 0 G: 3.23893e-08
tp: 4
Elapsed Time d2w: 123960 us
Elapsed Time dG: 7533 us
vz_norm: 1.56827e-07vp_norm: 8.54188e-09
zk   0.00176616
 -0.00144482
-0.000453885
  0.00178768
  0.00188258
 0.000366307
 0.000888191
-0.000726883
  -0.0002275
 0.000306345
 0.000317953
 0.000100859
           0
           0
           0
           0
           0
           0
 0.000113441
           0
           0
-3.23817e-05
           0
 3.19664e-05
           0
 0.000136041
           0
           0
-6.52538e-06
-1.59827e-05
           0
           0
-1.61866e-05
           0
           0
-1.08741e-06
           0
           0
-9.27246e-09
 4.74299e-09
-9.47952e-09
 4.84891e-09
-1.06841e-05
           0
           0
 -1.0685e-05
           0
           0
-1.51463e-07
           0
           0
           0
           0
           0
           0
-2.24345e-06
   0.0828687
   0.0824521
  0.00568804
           0
           0
pk 0.999553
       1
       1
0.999544
       1
       1
0.999907
0.999977
       1
0.999325
0.999991
       1
0.999313
0.999991
       1
 0.99983
0.999972
       1
 0.99865
0.999994
       1
0.998885
0.999994
       1
0.999914
       1
0.999758
0.991693
0.999941
0.987006
 1.00446
 1.00002
 1.00912
0.998941
       1
       1
count 254
(curr.pk-pk_prev).cwiseAbs().sum() 0.000140755
(curr.pk-p0).cwiseAbs().sum() 0.0414273
stable?: 1 converged?: 0 G: 3.23892e-08
tp: 4
Elapsed Time d2w: 121916 us
Elapsed Time dG: 8164 us
vz_norm: 1.56886e-07vp_norm: 8.54153e-09
zk  -0.00176566
 -0.00144448
-0.000455187
  0.00178673
 -0.00188213
-0.000367373
-0.000887941
-0.000726716
-0.000228153
  0.00030626
-0.000317878
-0.000101087
           0
           0
           0
           0
           0
           0
 0.000113766
           0
           0
 3.23743e-05
           0
 3.19575e-05
           0
 0.000136431
           0
           0
 6.54408e-06
-1.59784e-05
           0
           0
  1.6183e-05
           0
           0
 1.09053e-06
           0
           0
-9.26867e-09
 4.74013e-09
 9.47635e-09
-4.84634e-09
-1.06815e-05
           0
           0
 1.06824e-05
           0
           0
 1.51897e-07
           0
           0
           0
           0
           0
           0
-2.26776e-06
   0.0828341
  -0.0824227
  -0.0057011
           0
           0
pk 0.999551
       1
       1
0.999542
       1
       1
0.999907
0.999977
       1
0.999322
0.999991
       1
 0.99931
0.999991
       1
 0.99983
0.999972
       1
0.998646
0.999994
       1
0.998881
0.999994
       1
0.999914
       1
0.999758
0.991663
0.999941
0.986962
 1.00448
 1.00002
 1.00915
0.998938
       1
       1
count 255
(curr.pk-pk_prev).cwiseAbs().sum() 0.000140634
(curr.pk-p0).cwiseAbs().sum() 0.0415679
stable?: 1 converged?: 0 G: 3.23892e-08
tp: 4
Elapsed Time d2w: 124967 us
Elapsed Time dG: 8285 us
vz_norm: 1.56944e-07vp_norm: 8.54118e-09
zk   0.00176516
 -0.00144415
-0.000456485
  0.00178578
  0.00188169
 0.000368436
 0.000887693
 -0.00072655
-0.000228805
 0.000306175
 0.000317804
 0.000101314
           0
           0
           0
           0
           0
           0
  0.00011409
           0
           0
-3.23668e-05
           0
 3.19487e-05
           0
  0.00013682
           0
           0
-6.56272e-06
-1.59741e-05
           0
           0
-1.61793e-05
           0
           0
-1.09363e-06
           0
           0
-9.26489e-09
 4.73728e-09
-9.47319e-09
 4.84379e-09
 -1.0679e-05
           0
           0
-1.06798e-05
           0
           0
 -1.5233e-07
           0
           0
           0
           0
           0
           0
-2.29201e-06
   0.0827995
   0.0823934
  0.00571413
           0
           0
pk  0.99955
       1
       1
0.999541
       1
       1
0.999907
0.999977
       1
 0.99932
0.999991
       1
0.999308
0.999991
       1
0.999829
0.999972
       1
0.998641
0.999994
       1
0.998877
0.999994
       1
0.999913
       1
0.999757
0.991633
0.999941
0.986919
 1.00449
 1.00002
 1.00918
0.998936
       1
       1
count 256
(curr.pk-pk_prev).cwiseAbs().sum() 0.000140513
(curr.pk-p0).cwiseAbs().sum() 0.0417085
stable?: 1 converged?: 0 G: 3.23891e-08
tp: 4
Elapsed Time d2w: 120810 us
Elapsed Time dG: 8195 us
vz_norm: 1.57003e-07vp_norm: 8.54083e-09
zk  -0.00176467
 -0.00144382
-0.000457779
  0.00178483
 -0.00188124
-0.000369496
-0.000887445
-0.000726383
-0.000229454
 0.000306091
-0.000317729
-0.000101541
           0
           0
           0
           0
           0
           0
 0.000114414
           0
           0
 3.23594e-05
           0
 3.19399e-05
           0
 0.000137208
           0
           0
 6.58131e-06
-1.59697e-05
           0
           0
 1.61757e-05
           0
           0
 1.09673e-06
           0
           0
-9.26111e-09
 4.73443e-09
 9.47004e-09
-4.84124e-09
-1.06764e-05
           0
           0
 1.06773e-05
           0
           0
 1.52762e-07
           0
           0
           0
           0
           0
           0
-2.31619e-06
   0.0827649
  -0.0823642
 -0.00572712
           0
           0
pk 0.999548
       1
       1
0.999539
       1
       1
0.999907
0.999977
       1
0.999318
0.999991
       1
0.999306
0.999991
       1
0.999829
0.999972
       1
0.998636
0.999994
       1
0.998873
0.999994
       1
0.999913
       1
0.999757
0.991603
0.999941
0.986875
 1.00451
 1.00002
 1.00921
0.998934
       1
       1
count 257
(curr.pk-pk_prev).cwiseAbs().sum() 0.000140392
(curr.pk-p0).cwiseAbs().sum() 0.0418489
stable?: 1 converged?: 0 G: 3.23891e-08
tp: 4
Elapsed Time d2w: 120434 us
Elapsed Time dG: 7291 us
vz_norm: 1.57061e-07vp_norm: 8.54048e-09
zk   0.00176418
 -0.00144349
 -0.00045907
  0.00178388
  0.00188079
 0.000370552
 0.000887197
-0.000726217
-0.000230102
 0.000306006
 0.000317655
 0.000101767
           0
           0
           0
           0
           0
           0
 0.000114736
           0
           0
 -3.2352e-05
           0
 3.19311e-05
           0
 0.000137594
           0
           0
-6.59985e-06
-1.59654e-05
           0
           0
 -1.6172e-05
           0
           0
-1.09982e-06
           0
           0
-9.25735e-09
 4.73159e-09
-9.46689e-09
 4.83869e-09
-1.06738e-05
           0
           0
-1.06747e-05
           0
           0
-1.53193e-07
           0
           0
           0
           0
           0
           0
-2.34029e-06
   0.0827305
   0.0823351
  0.00574008
           0
           0
pk 0.999546
       1
       1
0.999537
       1
       1
0.999907
0.999977
       1
0.999315
0.999991
       1
0.999303
0.999991
       1
0.999828
0.999972
       1
0.998632
0.999994
       1
 0.99887
0.999994
       1
0.999913
       1
0.999756
0.991572
 0.99994
0.986831
 1.00452
 1.00002
 1.00924
0.998931
       1
       1
count 258
(curr.pk-pk_prev).cwiseAbs().sum() 0.000140271
(curr.pk-p0).cwiseAbs().sum() 0.0419891
stable?: 1 converged?: 0 G: 3.23891e-08
tp: 4
Elapsed Time d2w: 137437 us
Elapsed Time dG: 8556 us
vz_norm: 1.57119e-07vp_norm: 8.54013e-09
zk  -0.00176368
 -0.00144316
-0.000460357
  0.00178294
 -0.00188035
-0.000371606
 -0.00088695
-0.000726051
-0.000230748
 0.000305922
-0.000317581
-0.000101992
           0
           0
           0
           0
           0
           0
 0.000115058
           0
           0
 3.23446e-05
           0
 3.19223e-05
           0
  0.00013798
           0
           0
 6.61833e-06
-1.59611e-05
           0
           0
 1.61684e-05
           0
           0
  1.1029e-06
           0
           0
-9.25359e-09
 4.72876e-09
 9.46375e-09
-4.83616e-09
-1.06713e-05
           0
           0
 1.06722e-05
           0
           0
 1.53622e-07
           0
           0
           0
           0
           0
           0
-2.36433e-06
   0.0826961
   -0.082306
 -0.00575299
           0
           0
pk 0.999545
       1
       1
0.999536
       1
       1
0.999906
0.999977
       1
0.999313
0.999991
       1
0.999301
0.999991
       1
0.999828
0.999972
       1
0.998627
0.999994
       1
0.998866
0.999994
       1
0.999913
       1
0.999756
0.991542
 0.99994
0.986787
 1.00454
 1.00002
 1.00927
0.998929
       1
       1
count 259
(curr.pk-pk_prev).cwiseAbs().sum() 0.000140151
(curr.pk-p0).cwiseAbs().sum() 0.0421293
stable?: 1 converged?: 0 G: 3.2389e-08
tp: 4
Elapsed Time d2w: 119189 us
Elapsed Time dG: 7919 us
vz_norm: 1.57178e-07vp_norm: 8.53978e-09
zk   0.00176319
 -0.00144283
 -0.00046164
    0.001782
  0.00187991
 0.000372657
 0.000886703
-0.000725885
-0.000231392
 0.000305838
 0.000317507
 0.000102217
           0
           0
           0
           0
           0
           0
 0.000115379
           0
           0
-3.23372e-05
           0
 3.19136e-05
           0
 0.000138365
           0
           0
-6.63676e-06
-1.59568e-05
           0
           0
-1.61648e-05
           0
           0
-1.10597e-06
           0
           0
-9.24985e-09
 4.72594e-09
-9.46062e-09
 4.83363e-09
-1.06687e-05
           0
           0
-1.06696e-05
           0
           0
 -1.5405e-07
           0
           0
           0
           0
           0
           0
 -2.3883e-06
   0.0826619
    0.082277
  0.00576588
           0
           0
pk 0.999543
       1
       1
0.999534
       1
       1
0.999906
0.999977
       1
0.999311
0.999991
       1
0.999299
0.999991
       1
0.999828
0.999972
       1
0.998623
0.999994
       1
0.998862
0.999994
       1
0.999913
       1
0.999755
0.991512
 0.99994
0.986743
 1.00455
 1.00002
  1.0093
0.998926
       1
       1
count 260
(curr.pk-pk_prev).cwiseAbs().sum() 0.000140031
(curr.pk-p0).cwiseAbs().sum() 0.0422693
stable?: 1 converged?: 0 G: 3.2389e-08
tp: 4
Elapsed Time d2w: 117844 us
Elapsed Time dG: 7934 us
vz_norm: 1.57236e-07vp_norm: 8.53943e-09
zk   -0.0017627
  -0.0014425
 -0.00046292
  0.00178106
 -0.00187946
-0.000373705
-0.000886457
-0.000725719
-0.000232034
 0.000305754
-0.000317433
-0.000102441
           0
           0
           0
           0
           0
           0
 0.000115699
           0
           0
 3.23299e-05
           0
 3.19048e-05
           0
 0.000138748
           0
           0
 6.65514e-06
-1.59525e-05
           0
           0
 1.61612e-05
           0
           0
 1.10904e-06
           0
           0
-9.24611e-09
 4.72313e-09
  9.4575e-09
-4.83111e-09
-1.06662e-05
           0
           0
 1.06671e-05
           0
           0
 1.54477e-07
           0
           0
           0
           0
           0
           0
 -2.4122e-06
   0.0826277
   -0.082248
 -0.00577872
           0
           0
pk 0.999542
       1
       1
0.999533
       1
       1
0.999906
0.999977
       1
0.999308
0.999991
       1
0.999296
0.999991
       1
0.999827
0.999972
       1
0.998618
0.999994
       1
0.998858
0.999994
       1
0.999912
       1
0.999754
0.991482
 0.99994
  0.9867
 1.00457
 1.00002
 1.00933
0.998924
       1
       1
count 261
(curr.pk-pk_prev).cwiseAbs().sum() 0.000139912
(curr.pk-p0).cwiseAbs().sum() 0.0424092
stable?: 1 converged?: 0 G: 3.2389e-08
tp: 4
Elapsed Time d2w: 121818 us
Elapsed Time dG: 7911 us
vz_norm: 1.57294e-07vp_norm: 8.53908e-09
zk   0.00176221
 -0.00144217
-0.000464196
  0.00178012
  0.00187902
  0.00037475
 0.000886211
-0.000725553
-0.000232675
  0.00030567
  0.00031736
 0.000102664
           0
           0
           0
           0
           0
           0
 0.000116018
           0
           0
-3.23225e-05
           0
 3.18961e-05
           0
 0.000139131
           0
           0
-6.67347e-06
-1.59482e-05
           0
           0
-1.61576e-05
           0
           0
-1.11209e-06
           0
           0
-9.24238e-09
 4.72032e-09
-9.45439e-09
  4.8286e-09
-1.06637e-05
           0
           0
-1.06646e-05
           0
           0
-1.54903e-07
           0
           0
           0
           0
           0
           0
-2.43603e-06
   0.0825935
   0.0822192
  0.00579154
           0
           0
pk  0.99954
       1
       1
0.999531
       1
       1
0.999906
0.999977
       1
0.999306
0.999991
       1
0.999294
0.999991
       1
0.999827
0.999972
       1
0.998613
0.999994
       1
0.998854
0.999994
       1
0.999912
       1
0.999754
0.991452
 0.99994
0.986656
 1.00458
 1.00002
 1.00936
0.998922
       1
       1
count 262
(curr.pk-pk_prev).cwiseAbs().sum() 0.000139793
(curr.pk-p0).cwiseAbs().sum() 0.042549
stable?: 1 converged?: 0 G: 3.23889e-08
tp: 4
Elapsed Time d2w: 129608 us
Elapsed Time dG: 9111 us
vz_norm: 1.57351e-07vp_norm: 8.53873e-09
zk  -0.00176172
 -0.00144184
-0.000465469
  0.00177919
 -0.00187858
-0.000375791
-0.000885966
-0.000725388
-0.000233313
 0.000305586
-0.000317286
-0.000102887
           0
           0
           0
           0
           0
           0
 0.000116336
           0
           0
 3.23152e-05
           0
 3.18874e-05
           0
 0.000139512
           0
           0
 6.69175e-06
-1.59439e-05
           0
           0
  1.6154e-05
           0
           0
 1.11514e-06
           0
           0
-9.23866e-09
 4.71752e-09
 9.45128e-09
-4.82609e-09
-1.06611e-05
           0
           0
  1.0662e-05
           0
           0
 1.55328e-07
           0
           0
           0
           0
           0
           0
 -2.4598e-06
   0.0825595
  -0.0821904
 -0.00580431
           0
           0
pk 0.999539
       1
       1
 0.99953
       1
       1
0.999905
0.999977
       1
0.999304
0.999991
       1
0.999292
0.999991
       1
0.999826
0.999972
       1
0.998609
0.999994
       1
 0.99885
0.999994
       1
0.999912
       1
0.999753
0.991422
0.999939
0.986612
  1.0046
 1.00003
 1.00939
0.998919
       1
       1
count 263
(curr.pk-pk_prev).cwiseAbs().sum() 0.000139674
(curr.pk-p0).cwiseAbs().sum() 0.0426887
stable?: 1 converged?: 0 G: 3.23889e-08
tp: 4
Elapsed Time d2w: 120118 us
Elapsed Time dG: 7627 us
vz_norm: 1.57409e-07vp_norm: 8.53839e-09
zk   0.00176124
 -0.00144151
-0.000466738
  0.00177826
  0.00187814
 0.000376831
 0.000885722
-0.000725223
 -0.00023395
 0.000305502
 0.000317213
 0.000103109
           0
           0
           0
           0
           0
           0
 0.000116653
           0
           0
-3.23079e-05
           0
 3.18787e-05
           0
 0.000139892
           0
           0
-6.70998e-06
-1.59397e-05
           0
           0
-1.61504e-05
           0
           0
-1.11817e-06
           0
           0
-9.23495e-09
 4.71473e-09
-9.44818e-09
  4.8236e-09
-1.06586e-05
           0
           0
-1.06595e-05
           0
           0
-1.55751e-07
           0
           0
           0
           0
           0
           0
 -2.4835e-06
   0.0825256
   0.0821617
  0.00581705
           0
           0
pk 0.999537
       1
       1
0.999528
       1
       1
0.999905
0.999976
       1
0.999301
0.999991
       1
0.999289
0.999991
       1
0.999826
0.999972
       1
0.998604
0.999994
       1
0.998847
0.999994
       1
0.999912
       1
0.999753
0.991392
0.999939
0.986569
 1.00462
 1.00003
 1.00942
0.998917
       1
       1
count 264
(curr.pk-pk_prev).cwiseAbs().sum() 0.000139555
(curr.pk-p0).cwiseAbs().sum() 0.0428282
stable?: 1 converged?: 0 G: 3.23888e-08
tp: 4
Elapsed Time d2w: 125463 us
Elapsed Time dG: 8163 us
vz_norm: 1.57467e-07vp_norm: 8.53804e-09
zk  -0.00176075
 -0.00144118
-0.000468004
  0.00177733
  -0.0018777
-0.000377867
-0.000885477
-0.000725057
-0.000234585
 0.000305419
-0.000317139
 -0.00010333
           0
           0
           0
           0
           0
           0
 0.000116969
           0
           0
 3.23005e-05
           0
   3.187e-05
           0
 0.000140271
           0
           0
 6.72816e-06
-1.59354e-05
           0
           0
 1.61468e-05
           0
           0
  1.1212e-06
           0
           0
-9.23124e-09
 4.71195e-09
 9.44509e-09
 -4.8211e-09
-1.06561e-05
           0
           0
  1.0657e-05
           0
           0
 1.56173e-07
           0
           0
           0
           0
           0
           0
-2.50713e-06
   0.0824917
   -0.082133
 -0.00582976
           0
           0
pk 0.999536
       1
       1
0.999527
       1
       1
0.999905
0.999976
       1
0.999299
0.999991
       1
0.999287
0.999991
       1
0.999825
0.999972
       1
  0.9986
0.999994
       1
0.998843
0.999994
       1
0.999912
       1
0.999752
0.991362
0.999939
0.986525
 1.00463
 1.00003
 1.00945
0.998915
       1
       1
count 265
(curr.pk-pk_prev).cwiseAbs().sum() 0.000139437
(curr.pk-p0).cwiseAbs().sum() 0.0429677
stable?: 1 converged?: 0 G: 3.23888e-08
tp: 4
Elapsed Time d2w: 139922 us
Elapsed Time dG: 9725 us
vz_norm: 1.57524e-07vp_norm: 8.53769e-09
zk   0.00176026
 -0.00144085
-0.000469266
   0.0017764
  0.00187726
   0.0003789
 0.000885234
-0.000724893
-0.000235219
 0.000305335
 0.000317066
 0.000103551
           0
           0
           0
           0
           0
           0
 0.000117285
           0
           0
-3.22932e-05
           0
 3.18613e-05
           0
  0.00014065
           0
           0
-6.74628e-06
-1.59311e-05
           0
           0
-1.61432e-05
           0
           0
-1.12422e-06
           0
           0
-9.22755e-09
 4.70917e-09
-9.44201e-09
 4.81862e-09
-1.06536e-05
           0
           0
-1.06545e-05
           0
           0
-1.56594e-07
           0
           0
           0
           0
           0
           0
 -2.5307e-06
   0.0824579
   0.0821044
  0.00584243
           0
           0
pk 0.999534
       1
       1
0.999525
       1
       1
0.999905
0.999976
       1
0.999297
 0.99999
       1
0.999285
0.999991
       1
0.999825
0.999971
       1
0.998595
0.999994
       1
0.998839
0.999994
       1
0.999911
       1
0.999752
0.991332
0.999939
0.986482
 1.00465
 1.00003
 1.00948
0.998913
       1
       1
count 266
(curr.pk-pk_prev).cwiseAbs().sum() 0.000139319
(curr.pk-p0).cwiseAbs().sum() 0.043107
stable?: 1 converged?: 0 G: 3.23888e-08
tp: 4
Elapsed Time d2w: 117268 us
Elapsed Time dG: 8317 us
vz_norm: 1.57582e-07vp_norm: 8.53735e-09
zk  -0.00175978
 -0.00144052
-0.000470525
  0.00177547
 -0.00187682
 -0.00037993
-0.000884991
-0.000724728
 -0.00023585
 0.000305252
-0.000316993
-0.000103772
           0
           0
           0
           0
           0
           0
 0.000117599
           0
           0
  3.2286e-05
           0
 3.18526e-05
           0
 0.000141027
           0
           0
 6.76436e-06
-1.59269e-05
           0
           0
 1.61396e-05
           0
           0
 1.12723e-06
           0
           0
-9.22386e-09
  4.7064e-09
 9.43894e-09
-4.81615e-09
 -1.0651e-05
           0
           0
  1.0652e-05
           0
           0
 1.57014e-07
           0
           0
           0
           0
           0
           0
 -2.5542e-06
   0.0824242
  -0.0820759
 -0.00585506
           0
           0
pk 0.999533
       1
       1
0.999523
       1
       1
0.999905
0.999976
       1
0.999294
 0.99999
       1
0.999282
0.999991
       1
0.999825
0.999971
       1
 0.99859
0.999994
       1
0.998835
0.999994
       1
0.999911
       1
0.999751
0.991302
0.999939
0.986438
 1.00466
 1.00003
 1.00951
 0.99891
       1
       1
count 267
(curr.pk-pk_prev).cwiseAbs().sum() 0.000139202
(curr.pk-p0).cwiseAbs().sum() 0.0432462
stable?: 1 converged?: 0 G: 3.23887e-08
tp: 4
Elapsed Time d2w: 121456 us
Elapsed Time dG: 7778 us
vz_norm: 1.57639e-07vp_norm: 8.53698e-09
zk    0.0017593
  -0.0014402
-0.000471784
  0.00177456
   0.0018764
 0.000380961
 0.000884753
-0.000724568
-0.000236482
 0.000305171
 0.000316922
 0.000103992
           0
           0
           0
           0
           0
           0
 0.000117914
           0
           0
-3.22789e-05
           0
 3.18442e-05
           0
 0.000141404
           0
           0
-6.78244e-06
-1.59227e-05
           0
           0
-1.61361e-05
           0
           0
-1.13025e-06
           0
           0
-9.22021e-09
 4.70365e-09
 -9.4359e-09
 4.81368e-09
-1.06486e-05
           0
           0
-1.06495e-05
           0
           0
-1.57434e-07
           0
           0
           0
           0
           0
           0
-2.57767e-06
   0.0823908
   0.0820477
   0.0058677
           0
           0
pk 0.999531
       1
       1
0.999522
       1
       1
0.999904
0.999976
       1
0.999292
 0.99999
       1
 0.99928
0.999991
       1
0.999824
0.999971
       1
0.998586
0.999994
       1
0.998831
0.999994
       1
0.999911
       1
 0.99975
0.991272
0.999938
0.986395
 1.00468
 1.00003
 1.00954
0.998908
       1
       1
count 268
(curr.pk-pk_prev).cwiseAbs().sum() 0.000139085
(curr.pk-p0).cwiseAbs().sum() 0.0433853
stable?: 1 converged?: 0 G: 3.23887e-08
tp: 4
Elapsed Time d2w: 119194 us
Elapsed Time dG: 8757 us
vz_norm: 1.57696e-07vp_norm: 8.53667e-09
zk  -0.00175882
 -0.00143988
-0.000473035
  0.00177364
 -0.00187596
-0.000381985
 -0.00088451
-0.000724403
 -0.00023711
 0.000305088
-0.000316849
-0.000104211
           0
           0
           0
           0
           0
           0
 0.000118226
           0
           0
 3.22716e-05
           0
 3.18355e-05
           0
 0.000141779
           0
           0
 6.80041e-06
-1.59185e-05
           0
           0
 1.61326e-05
           0
           0
 1.13324e-06
           0
           0
-9.21654e-09
 4.70089e-09
 9.43283e-09
-4.81121e-09
-1.06461e-05
           0
           0
  1.0647e-05
           0
           0
 1.57852e-07
           0
           0
           0
           0
           0
           0
-2.60104e-06
   0.0823572
  -0.0820193
 -0.00588026
           0
           0
pk  0.99953
       1
       1
 0.99952
       1
       1
0.999904
0.999976
       1
 0.99929
 0.99999
       1
0.999278
 0.99999
       1
0.999824
0.999971
       1
0.998581
0.999994
       1
0.998827
0.999994
       1
0.999911
       1
 0.99975
0.991242
0.999938
0.986351
 1.00469
 1.00003
 1.00957
0.998906
       1
       1
count 269
(curr.pk-pk_prev).cwiseAbs().sum() 0.000138968
(curr.pk-p0).cwiseAbs().sum() 0.0435243
stable?: 1 converged?: 0 G: 3.23887e-08
tp: 4
Elapsed Time d2w: 120568 us
Elapsed Time dG: 7844 us
vz_norm: 1.57753e-07vp_norm: 8.53632e-09
zk   0.00175834
 -0.00143955
-0.000474283
  0.00177272
  0.00187552
 0.000383007
 0.000884269
-0.000724239
-0.000237737
 0.000305005
 0.000316777
  0.00010443
           0
           0
           0
           0
           0
           0
 0.000118538
           0
           0
-3.22643e-05
           0
 3.18269e-05
           0
 0.000142153
           0
           0
-6.81834e-06
-1.59142e-05
           0
           0
 -1.6129e-05
           0
           0
-1.13623e-06
           0
           0
-9.21288e-09
 4.69814e-09
-9.42978e-09
 4.80875e-09
-1.06436e-05
           0
           0
-1.06445e-05
           0
           0
-1.58268e-07
           0
           0
           0
           0
           0
           0
-2.62434e-06
   0.0823237
    0.081991
   0.0058928
           0
           0
pk 0.999528
       1
       1
0.999519
       1
       1
0.999904
0.999976
       1
0.999288
 0.99999
       1
0.999275
 0.99999
       1
0.999823
0.999971
       1
0.998577
0.999994
       1
0.998824
0.999994
       1
0.999911
       1
0.999749
0.991212
0.999938
0.986308
 1.00471
 1.00003
  1.0096
0.998903
       1
       1
count 270
(curr.pk-pk_prev).cwiseAbs().sum() 0.000138852
(curr.pk-p0).cwiseAbs().sum() 0.0436631
stable?: 1 converged?: 0 G: 3.23886e-08
tp: 4
Elapsed Time d2w: 120960 us
Elapsed Time dG: 8292 us
vz_norm: 1.5781e-07vp_norm: 8.53598e-09
zk  -0.00175786
 -0.00143922
-0.000475528
  0.00177181
 -0.00187509
-0.000384026
-0.000884027
-0.000724075
-0.000238361
 0.000304922
-0.000316704
-0.000104648
           0
           0
           0
           0
           0
           0
  0.00011885
           0
           0
 3.22571e-05
           0
 3.18183e-05
           0
 0.000142526
           0
           0
 6.83622e-06
  -1.591e-05
           0
           0
 1.61254e-05
           0
           0
 1.13921e-06
           0
           0
-9.20922e-09
 4.69541e-09
 9.42673e-09
-4.80631e-09
-1.06411e-05
           0
           0
  1.0642e-05
           0
           0
 1.58683e-07
           0
           0
           0
           0
           0
           0
-2.64758e-06
   0.0822903
  -0.0819628
 -0.00590529
           0
           0
pk 0.999527
       1
       1
0.999517
       1
       1
0.999904
0.999976
       1
0.999285
 0.99999
       1
0.999273
 0.99999
       1
0.999823
0.999971
       1
0.998572
0.999994
       1
 0.99882
0.999994
       1
 0.99991
       1
0.999749
0.991182
0.999938
0.986265
 1.00472
 1.00003
 1.00963
0.998901
       1
       1
count 271
(curr.pk-pk_prev).cwiseAbs().sum() 0.000138735
(curr.pk-p0).cwiseAbs().sum() 0.0438018
stable?: 1 converged?: 0 G: 3.23886e-08
tp: 4
Elapsed Time d2w: 127690 us
Elapsed Time dG: 8036 us
vz_norm: 1.57867e-07vp_norm: 8.53563e-09
zk   0.00175738
  -0.0014389
 -0.00047677
  0.00177089
  0.00187466
 0.000385043
 0.000883787
-0.000723911
-0.000238984
  0.00030484
 0.000316632
 0.000104865
           0
           0
           0
           0
           0
           0
  0.00011916
           0
           0
-3.22499e-05
           0
 3.18097e-05
           0
 0.000142898
           0
           0
-6.85405e-06
-1.59058e-05
           0
           0
-1.61219e-05
           0
           0
-1.14218e-06
           0
           0
-9.20558e-09
 4.69268e-09
 -9.4237e-09
 4.80387e-09
-1.06386e-05
           0
           0
-1.06395e-05
           0
           0
-1.59098e-07
           0
           0
           0
           0
           0
           0
-2.67076e-06
    0.082257
   0.0819346
  0.00591776
           0
           0
pk 0.999525
       1
       1
0.999516
       1
       1
0.999904
0.999976
       1
0.999283
 0.99999
       1
0.999271
 0.99999
       1
0.999822
0.999971
       1
0.998568
0.999994
       1
0.998816
0.999994
       1
 0.99991
       1
0.999748
0.991152
0.999938
0.986221
 1.00474
 1.00003
 1.00966
0.998899
       1
       1
count 272
(curr.pk-pk_prev).cwiseAbs().sum() 0.00013862
(curr.pk-p0).cwiseAbs().sum() 0.0439405
stable?: 1 converged?: 0 G: 3.23885e-08
tp: 4
Elapsed Time d2w: 117414 us
Elapsed Time dG: 16485 us
vz_norm: 1.57924e-07vp_norm: 8.53529e-09
zk   -0.0017569
 -0.00143857
-0.000478008
  0.00176998
 -0.00187422
-0.000386056
-0.000883546
-0.000723748
-0.000239606
 0.000304757
-0.000316559
-0.000105082
           0
           0
           0
           0
           0
           0
 0.000119469
           0
           0
 3.22427e-05
           0
 3.18011e-05
           0
 0.000143269
           0
           0
 6.87183e-06
-1.59016e-05
           0
           0
 1.61184e-05
           0
           0
 1.14514e-06
           0
           0
-9.20194e-09
 4.68995e-09
 9.42066e-09
-4.80143e-09
-1.06361e-05
           0
           0
  1.0637e-05
           0
           0
 1.59511e-07
           0
           0
           0
           0
           0
           0
-2.69387e-06
   0.0822237
  -0.0819065
 -0.00593019
           0
           0
pk 0.999524
       1
       1
0.999514
       1
       1
0.999903
0.999976
       1
0.999281
 0.99999
       1
0.999268
 0.99999
       1
0.999822
0.999971
       1
0.998563
0.999994
       1
0.998812
0.999994
       1
 0.99991
       1
0.999748
0.991122
0.999937
0.986178
 1.00475
 1.00003
 1.00969
0.998897
       1
       1
count 273
(curr.pk-pk_prev).cwiseAbs().sum() 0.000138504
(curr.pk-p0).cwiseAbs().sum() 0.044079
stable?: 1 converged?: 0 G: 3.23885e-08
tp: 4
Elapsed Time d2w: 122769 us
Elapsed Time dG: 8359 us
vz_norm: 1.5798e-07vp_norm: 8.53495e-09
zk   0.00175642
 -0.00143825
-0.000479243
  0.00176907
  0.00187379
 0.000387067
 0.000883307
-0.000723584
-0.000240225
 0.000304675
 0.000316487
 0.000105298
           0
           0
           0
           0
           0
           0
 0.000119778
           0
           0
-3.22354e-05
           0
 3.17925e-05
           0
 0.000143639
           0
           0
-6.88956e-06
-1.58974e-05
           0
           0
-1.61148e-05
           0
           0
 -1.1481e-06
           0
           0
-9.19831e-09
 4.68724e-09
-9.41764e-09
   4.799e-09
-1.06336e-05
           0
           0
-1.06346e-05
           0
           0
-1.59923e-07
           0
           0
           0
           0
           0
           0
-2.71692e-06
   0.0821906
   0.0818785
  0.00594258
           0
           0
pk 0.999522
       1
       1
0.999513
       1
       1
0.999903
0.999976
       1
0.999278
 0.99999
       1
0.999266
 0.99999
       1
0.999822
0.999971
       1
0.998558
0.999994
       1
0.998808
0.999994
       1
 0.99991
       1
0.999747
0.991092
0.999937
0.986135
 1.00477
 1.00003
 1.00972
0.998895
       1
       1
count 274
(curr.pk-pk_prev).cwiseAbs().sum() 0.000138389
(curr.pk-p0).cwiseAbs().sum() 0.0442174
stable?: 1 converged?: 0 G: 3.23885e-08
tp: 4
Elapsed Time d2w: 120726 us
Elapsed Time dG: 7755 us
vz_norm: 1.58037e-07vp_norm: 8.53461e-09
zk  -0.00175594
 -0.00143792
-0.000480474
  0.00176817
 -0.00187336
-0.000388075
-0.000883067
-0.000723421
-0.000240843
 0.000304593
-0.000316415
-0.000105513
           0
           0
           0
           0
           0
           0
 0.000120086
           0
           0
 3.22283e-05
           0
  3.1784e-05
           0
 0.000144008
           0
           0
 6.90724e-06
-1.58932e-05
           0
           0
 1.61113e-05
           0
           0
 1.15104e-06
           0
           0
-9.19469e-09
 4.68453e-09
 9.41462e-09
-4.79658e-09
-1.06311e-05
           0
           0
 1.06321e-05
           0
           0
 1.60333e-07
           0
           0
           0
           0
           0
           0
-2.73991e-06
   0.0821575
  -0.0818506
 -0.00595494
           0
           0
pk 0.999521
       1
       1
0.999511
       1
       1
0.999903
0.999976
       1
0.999276
 0.99999
       1
0.999264
 0.99999
       1
0.999821
0.999971
       1
0.998554
0.999994
       1
0.998805
0.999994
       1
 0.99991
       1
0.999747
0.991062
0.999937
0.986092
 1.00478
 1.00003
 1.00975
0.998892
       1
       1
count 275
(curr.pk-pk_prev).cwiseAbs().sum() 0.000138274
(curr.pk-p0).cwiseAbs().sum() 0.0443556
stable?: 1 converged?: 0 G: 3.23884e-08
tp: 4
Elapsed Time d2w: 119551 us
Elapsed Time dG: 7588 us
vz_norm: 1.58093e-07vp_norm: 8.53427e-09
zk   0.00175547
  -0.0014376
-0.000481702
  0.00176726
  0.00187293
  0.00038908
 0.000882829
-0.000723258
 -0.00024146
 0.000304511
 0.000316343
 0.000105728
           0
           0
           0
           0
           0
           0
 0.000120393
           0
           0
-3.22211e-05
           0
 3.17755e-05
           0
 0.000144376
           0
           0
-6.92488e-06
 -1.5889e-05
           0
           0
-1.61078e-05
           0
           0
-1.15398e-06
           0
           0
-9.19108e-09
 4.68183e-09
-9.41161e-09
 4.79417e-09
-1.06287e-05
           0
           0
-1.06296e-05
           0
           0
-1.60743e-07
           0
           0
           0
           0
           0
           0
-2.76283e-06
   0.0821244
   0.0818227
  0.00596727
           0
           0
pk 0.999519
       1
       1
 0.99951
       1
       1
0.999903
0.999976
       1
0.999274
 0.99999
       1
0.999261
 0.99999
       1
0.999821
0.999971
       1
0.998549
0.999994
       1
0.998801
0.999994
       1
0.999909
       1
0.999746
0.991032
0.999937
0.986048
  1.0048
 1.00003
 1.00978
 0.99889
       1
       1
count 276
(curr.pk-pk_prev).cwiseAbs().sum() 0.000138159
(curr.pk-p0).cwiseAbs().sum() 0.0444938
stable?: 1 converged?: 0 G: 3.23884e-08
tp: 4
Elapsed Time d2w: 118843 us
Elapsed Time dG: 8077 us
vz_norm: 1.5815e-07vp_norm: 8.53393e-09
zk  -0.00175499
 -0.00143727
-0.000482927
  0.00176636
  -0.0018725
-0.000390083
 -0.00088259
-0.000723095
-0.000242074
 0.000304429
-0.000316272
-0.000105943
           0
           0
           0
           0
           0
           0
 0.000120699
           0
           0
 3.22139e-05
           0
 3.17669e-05
           0
 0.000144743
           0
           0
 6.94247e-06
-1.58848e-05
           0
           0
 1.61042e-05
           0
           0
 1.15691e-06
           0
           0
-9.18747e-09
 4.67914e-09
 9.40861e-09
-4.79176e-09
-1.06262e-05
           0
           0
 1.06271e-05
           0
           0
 1.61152e-07
           0
           0
           0
           0
           0
           0
-2.78569e-06
   0.0820915
  -0.0817949
 -0.00597957
           0
           0
pk 0.999517
       1
       1
0.999508
       1
       1
0.999902
0.999976
       1
0.999271
 0.99999
       1
0.999259
 0.99999
       1
 0.99982
0.999971
       1
0.998545
0.999994
       1
0.998797
0.999994
       1
0.999909
       1
0.999746
0.991003
0.999937
0.986005
 1.00482
 1.00003
 1.00981
0.998888
       1
       1
count 277
(curr.pk-pk_prev).cwiseAbs().sum() 0.000138044
(curr.pk-p0).cwiseAbs().sum() 0.0446318
stable?: 1 converged?: 0 G: 3.23883e-08
tp: 4
Elapsed Time d2w: 122563 us
Elapsed Time dG: 8025 us
vz_norm: 1.58203e-07vp_norm: 8.53343e-09
zk   0.00175459
 -0.00143701
-0.000484176
  0.00176555
  0.00187215
 0.000391106
 0.000882391
-0.000722965
-0.000242701
 0.000304361
 0.000316214
 0.000106162
           0
           0
           0
           0
           0
           0
 0.000121011
           0
           0
-3.22082e-05
           0
 3.17598e-05
           0
 0.000145117
           0
           0
-6.96042e-06
-1.58813e-05
           0
           0
-1.61014e-05
           0
           0
-1.15991e-06
           0
           0
-9.18412e-09
 4.67643e-09
-9.40587e-09
 4.78934e-09
-1.06242e-05
           0
           0
-1.06251e-05
           0
           0
-1.61569e-07
           0
           0
           0
           0
           0
           0
-2.80874e-06
   0.0820602
   0.0817687
  0.00599212
           0
           0
pk 0.999516
       1
       1
0.999506
       1
       1
0.999902
0.999976
       1
0.999269
 0.99999
       1
0.999257
 0.99999
       1
 0.99982
0.999971
       1
 0.99854
0.999994
       1
0.998793
0.999994
       1
0.999909
       1
0.999745
0.990973
0.999936
0.985962
 1.00483
 1.00003
 1.00984
0.998886
       1
       1
count 278
(curr.pk-pk_prev).cwiseAbs().sum() 0.000137934
(curr.pk-p0).cwiseAbs().sum() 0.0447698
stable?: 1 converged?: 0 G: 3.23883e-08
tp: 4
Elapsed Time d2w: 118068 us
Elapsed Time dG: 7377 us
vz_norm: 1.5826e-07vp_norm: 8.5333e-09
zk  -0.00175412
 -0.00143669
-0.000485391
  0.00176464
 -0.00187171
  -0.0003921
-0.000882151
-0.000722802
-0.000243311
 0.000304278
-0.000316142
-0.000106375
           0
           0
           0
           0
           0
           0
 0.000121315
           0
           0
  3.2201e-05
           0
 3.17512e-05
           0
 0.000145481
           0
           0
 6.97786e-06
-1.58771e-05
           0
           0
 1.60979e-05
           0
           0
 1.16281e-06
           0
           0
-9.18049e-09
 4.67371e-09
 9.40284e-09
 -4.7869e-09
-1.06217e-05
           0
           0
 1.06226e-05
           0
           0
 1.61974e-07
           0
           0
           0
           0
           0
           0
-2.83149e-06
    0.082027
  -0.0817406
 -0.00600433
           0
           0
pk 0.999514
       1
       1
0.999505
       1
       1
0.999902
0.999976
       1
0.999267
 0.99999
       1
0.999254
 0.99999
       1
 0.99982
0.999971
       1
0.998536
0.999994
       1
0.998789
0.999994
       1
0.999909
       1
0.999745
0.990943
0.999936
0.985919
 1.00485
 1.00003
 1.00987
0.998884
       1
       1
count 279
(curr.pk-pk_prev).cwiseAbs().sum() 0.000137822
(curr.pk-p0).cwiseAbs().sum() 0.0449076
stable?: 1 converged?: 0 G: 3.23883e-08
tp: 4
Elapsed Time d2w: 116695 us
Elapsed Time dG: 7103 us
vz_norm: 1.58316e-07vp_norm: 8.53292e-09
zk   0.00175364
 -0.00143637
-0.000486607
  0.00176375
  0.00187129
 0.000393095
 0.000881914
-0.000722639
-0.000243921
 0.000304197
  0.00031607
 0.000106587
           0
           0
           0
           0
           0
           0
 0.000121618
           0
           0
-3.21938e-05
           0
 3.17428e-05
           0
 0.000145846
           0
           0
-6.99533e-06
-1.58729e-05
           0
           0
-1.60944e-05
           0
           0
-1.16572e-06
           0
           0
-9.17691e-09
 4.67104e-09
-9.39986e-09
 4.78452e-09
-1.06192e-05
           0
           0
-1.06202e-05
           0
           0
-1.62379e-07
           0
           0
           0
           0
           0
           0
-2.85417e-06
   0.0819943
    0.081713
  0.00601653
           0
           0
pk 0.999513
       1
       1
0.999503
       1
       1
0.999902
0.999976
       1
0.999265
 0.99999
       1
0.999252
 0.99999
       1
0.999819
0.999971
       1
0.998531
0.999994
       1
0.998786
0.999994
       1
0.999909
       1
0.999744
0.990913
0.999936
0.985876
 1.00486
 1.00003
  1.0099
0.998881
       1
       1
count 280
(curr.pk-pk_prev).cwiseAbs().sum() 0.000137708
(curr.pk-p0).cwiseAbs().sum() 0.0450453
stable?: 1 converged?: 0 G: 3.23882e-08
tp: 4
Elapsed Time d2w: 118535 us
Elapsed Time dG: 7990 us
vz_norm: 1.58372e-07vp_norm: 8.53259e-09
zk  -0.00175317
 -0.00143604
-0.000487819
  0.00176286
 -0.00187086
-0.000394087
-0.000881677
-0.000722477
-0.000244529
 0.000304116
-0.000315999
-0.000106799
           0
           0
           0
           0
           0
           0
 0.000121921
           0
           0
 3.21867e-05
           0
 3.17343e-05
           0
 0.000146209
           0
           0
 7.01273e-06
-1.58688e-05
           0
           0
 1.60909e-05
           0
           0
 1.16862e-06
           0
           0
-9.17333e-09
 4.66837e-09
 9.39688e-09
-4.78214e-09
-1.06168e-05
           0
           0
 1.06177e-05
           0
           0
 1.62784e-07
           0
           0
           0
           0
           0
           0
-2.87679e-06
   0.0819617
  -0.0816854
  -0.0060287
           0
           0
pk 0.999511
       1
       1
0.999502
       1
       1
0.999902
0.999976
       1
0.999262
 0.99999
       1
 0.99925
 0.99999
       1
0.999819
 0.99997
       1
0.998527
0.999994
       1
0.998782
0.999994
       1
0.999908
       1
0.999743
0.990883
0.999936
0.985833
 1.00488
 1.00003
 1.00993
0.998879
       1
       1
count 281
(curr.pk-pk_prev).cwiseAbs().sum() 0.000137595
(curr.pk-p0).cwiseAbs().sum() 0.0451829
stable?: 1 converged?: 0 G: 3.23882e-08
tp: 4
Elapsed Time d2w: 124863 us
Elapsed Time dG: 7855 us
vz_norm: 1.58428e-07vp_norm: 8.53225e-09
zk    0.0017527
 -0.00143572
-0.000489027
  0.00176196
  0.00187043
 0.000395076
 0.000881441
-0.000722315
-0.000245136
 0.000304034
 0.000315928
 0.000107011
           0
           0
           0
           0
           0
           0
 0.000122223
           0
           0
-3.21796e-05
           0
 3.17258e-05
           0
 0.000146571
           0
           0
-7.03008e-06
-1.58646e-05
           0
           0
-1.60874e-05
           0
           0
-1.17151e-06
           0
           0
-9.16977e-09
 4.66571e-09
-9.39391e-09
 4.77976e-09
-1.06143e-05
           0
           0
-1.06153e-05
           0
           0
-1.63187e-07
           0
           0
           0
           0
           0
           0
-2.89934e-06
   0.0819291
   0.0816579
  0.00604083
           0
           0
pk  0.99951
       1
       1
  0.9995
       1
       1
0.999901
0.999976
       1
 0.99926
 0.99999
       1
0.999247
 0.99999
       1
0.999818
 0.99997
       1
0.998522
0.999993
       1
0.998778
0.999994
       1
0.999908
       1
0.999743
0.990854
0.999936
 0.98579
 1.00489
 1.00003
 1.00996
0.998877
       1
       1
count 282
(curr.pk-pk_prev).cwiseAbs().sum() 0.000137482
(curr.pk-p0).cwiseAbs().sum() 0.0453204
stable?: 1 converged?: 0 G: 3.23882e-08
tp: 4
Elapsed Time d2w: 117097 us
Elapsed Time dG: 7706 us
vz_norm: 1.58484e-07vp_norm: 8.53191e-09
zk  -0.00175223
  -0.0014354
-0.000490233
  0.00176108
 -0.00187001
-0.000396063
-0.000881205
-0.000722153
 -0.00024574
 0.000303953
-0.000315857
-0.000107222
           0
           0
           0
           0
           0
           0
 0.000122524
           0
           0
 3.21725e-05
           0
 3.17174e-05
           0
 0.000146932
           0
           0
 7.04739e-06
-1.58605e-05
           0
           0
 1.60839e-05
           0
           0
  1.1744e-06
           0
           0
-9.16621e-09
 4.66306e-09
 9.39095e-09
 -4.7774e-09
-1.06119e-05
           0
           0
 1.06128e-05
           0
           0
 1.63589e-07
           0
           0
           0
           0
           0
           0
-2.92183e-06
   0.0818966
  -0.0816305
 -0.00605293
           0
           0
pk 0.999508
       1
       1
0.999499
       1
       1
0.999901
0.999975
       1
0.999258
 0.99999
       1
0.999245
 0.99999
       1
0.999818
 0.99997
       1
0.998518
0.999993
       1
0.998774
0.999994
       1
0.999908
       1
0.999742
0.990824
0.999935
0.985747
 1.00491
 1.00003
 1.00999
0.998875
       1
       1
count 283
(curr.pk-pk_prev).cwiseAbs().sum() 0.000137369
(curr.pk-p0).cwiseAbs().sum() 0.0454577
stable?: 1 converged?: 0 G: 3.23881e-08
tp: 4
Elapsed Time d2w: 120221 us
Elapsed Time dG: 7952 us
vz_norm: 1.58539e-07vp_norm: 8.53155e-09
zk   0.00175177
 -0.00143508
-0.000491439
   0.0017602
  0.00186959
  0.00039705
 0.000880976
-0.000721996
-0.000246346
 0.000303874
 0.000315787
 0.000107433
           0
           0
           0
           0
           0
           0
 0.000122826
           0
           0
-3.21656e-05
           0
 3.17091e-05
           0
 0.000147293
           0
           0
-7.06471e-06
-1.58564e-05
           0
           0
-1.60806e-05
           0
           0
-1.17728e-06
           0
           0
 -9.1627e-09
 4.66042e-09
-9.38804e-09
 4.77504e-09
-1.06095e-05
           0
           0
-1.06105e-05
           0
           0
-1.63991e-07
           0
           0
           0
           0
           0
           0
-2.94429e-06
   0.0818644
   0.0816034
  0.00606504
           0
           0
pk 0.999507
       1
       1
0.999497
       1
       1
0.999901
0.999975
       1
0.999256
 0.99999
       1
0.999243
 0.99999
       1
0.999818
 0.99997
       1
0.998513
0.999993
       1
0.998771
0.999994
       1
0.999908
       1
0.999742
0.990794
0.999935
0.985704
 1.00492
 1.00003
 1.01002
0.998873
       1
       1
count 284
(curr.pk-pk_prev).cwiseAbs().sum() 0.000137257
(curr.pk-p0).cwiseAbs().sum() 0.045595
stable?: 1 converged?: 0 G: 3.23881e-08
tp: 4
Elapsed Time d2w: 121873 us
Elapsed Time dG: 8242 us
vz_norm: 1.58595e-07vp_norm: 8.53125e-09
zk  -0.00175131
 -0.00143476
-0.000492637
  0.00175931
 -0.00186917
-0.000398031
-0.000880741
-0.000721835
-0.000246947
 0.000303793
-0.000315717
-0.000107643
           0
           0
           0
           0
           0
           0
 0.000123125
           0
           0
 3.21585e-05
           0
 3.17007e-05
           0
 0.000147652
           0
           0
 7.08192e-06
-1.58523e-05
           0
           0
 1.60771e-05
           0
           0
 1.18015e-06
           0
           0
-9.15915e-09
 4.65778e-09
 9.38508e-09
-4.77268e-09
 -1.0607e-05
           0
           0
  1.0608e-05
           0
           0
 1.64391e-07
           0
           0
           0
           0
           0
           0
-2.96666e-06
    0.081832
  -0.0815761
 -0.00607708
           0
           0
pk 0.999505
       1
       1
0.999496
       1
       1
0.999901
0.999975
       1
0.999253
 0.99999
       1
 0.99924
 0.99999
       1
0.999817
 0.99997
       1
0.998508
0.999993
       1
0.998767
0.999994
       1
0.999908
       1
0.999741
0.990764
0.999935
0.985661
 1.00494
 1.00003
 1.01005
0.998871
       1
       1
count 285
(curr.pk-pk_prev).cwiseAbs().sum() 0.000137146
(curr.pk-p0).cwiseAbs().sum() 0.0457321
stable?: 1 converged?: 0 G: 3.2388e-08
tp: 4
Elapsed Time d2w: 118438 us
Elapsed Time dG: 8290 us
vz_norm: 1.5865e-07vp_norm: 8.53091e-09
zk   0.00175084
 -0.00143444
-0.000493833
  0.00175843
  0.00186874
  0.00039901
 0.000880506
-0.000721673
-0.000247547
 0.000303712
 0.000315646
 0.000107852
           0
           0
           0
           0
           0
           0
 0.000123424
           0
           0
-3.21515e-05
           0
 3.16923e-05
           0
 0.000148011
           0
           0
-7.09909e-06
-1.58482e-05
           0
           0
-1.60736e-05
           0
           0
-1.18301e-06
           0
           0
-9.15561e-09
 4.65515e-09
-9.38214e-09
 4.77033e-09
-1.06046e-05
           0
           0
-1.06056e-05
           0
           0
 -1.6479e-07
           0
           0
           0
           0
           0
           0
-2.98897e-06
   0.0817997
   0.0815488
  0.00608908
           0
           0
pk 0.999504
       1
       1
0.999494
       1
       1
0.999901
0.999975
       1
0.999251
 0.99999
       1
0.999238
 0.99999
       1
0.999817
 0.99997
       1
0.998504
0.999993
       1
0.998763
0.999994
       1
0.999907
       1
0.999741
0.990735
0.999935
0.985618
 1.00495
 1.00003
 1.01008
0.998869
       1
       1
count 286
(curr.pk-pk_prev).cwiseAbs().sum() 0.000137034
(curr.pk-p0).cwiseAbs().sum() 0.0458692
stable?: 1 converged?: 0 G: 3.2388e-08
tp: 4
Elapsed Time d2w: 119321 us
Elapsed Time dG: 8038 us
vz_norm: 1.58706e-07vp_norm: 8.53058e-09
zk  -0.00175037
 -0.00143412
-0.000495025
  0.00175755
 -0.00186832
-0.000399986
-0.000880273
-0.000721512
-0.000248145
 0.000303632
-0.000315575
-0.000108061
           0
           0
           0
           0
           0
           0
 0.000123722
           0
           0
 3.21444e-05
           0
 3.16839e-05
           0
 0.000148368
           0
           0
 7.11621e-06
 -1.5844e-05
           0
           0
 1.60702e-05
           0
           0
 1.18587e-06
           0
           0
-9.15209e-09
 4.65253e-09
 9.37921e-09
-4.76799e-09
-1.06022e-05
           0
           0
 1.06031e-05
           0
           0
 1.65188e-07
           0
           0
           0
           0
           0
           0
-3.01122e-06
   0.0817675
  -0.0815217
 -0.00610106
           0
           0
pk 0.999502
       1
       1
0.999493
       1
       1
  0.9999
0.999975
       1
0.999249
 0.99999
       1
0.999236
 0.99999
       1
0.999816
 0.99997
       1
0.998499
0.999993
       1
0.998759
0.999994
       1
0.999907
       1
 0.99974
0.990705
0.999935
0.985576
 1.00497
 1.00003
 1.01011
0.998867
       1
       1
count 287
(curr.pk-pk_prev).cwiseAbs().sum() 0.000136923
(curr.pk-p0).cwiseAbs().sum() 0.0460061
stable?: 1 converged?: 0 G: 3.2388e-08
tp: 4
Elapsed Time d2w: 120427 us
Elapsed Time dG: 7288 us
vz_norm: 1.58761e-07vp_norm: 8.53024e-09
zk   0.00174991
  -0.0014338
-0.000496214
  0.00175667
   0.0018679
 0.000400959
 0.000880039
-0.000721351
-0.000248742
 0.000303551
 0.000315505
 0.000108269
           0
           0
           0
           0
           0
           0
 0.000124019
           0
           0
-3.21374e-05
           0
 3.16755e-05
           0
 0.000148724
           0
           0
-7.13329e-06
-1.58399e-05
           0
           0
-1.60667e-05
           0
           0
-1.18871e-06
           0
           0
-9.14857e-09
 4.64992e-09
-9.37628e-09
 4.76566e-09
-1.05997e-05
           0
           0
-1.06007e-05
           0
           0
-1.65585e-07
           0
           0
           0
           0
           0
           0
-3.03341e-06
   0.0817354
   0.0814945
    0.006113
           0
           0
pk 0.999501
       1
       1
0.999491
       1
       1
  0.9999
0.999975
       1
0.999246
 0.99999
       1
0.999234
 0.99999
       1
0.999816
 0.99997
       1
0.998495
0.999993
       1
0.998755
0.999994
       1
0.999907
       1
 0.99974
0.990675
0.999934
0.985533
 1.00498
 1.00003
 1.01014
0.998865
       1
       1
count 288
(curr.pk-pk_prev).cwiseAbs().sum() 0.000136811
(curr.pk-p0).cwiseAbs().sum() 0.0461429
stable?: 1 converged?: 0 G: 3.23879e-08
tp: 4
Elapsed Time d2w: 127849 us
Elapsed Time dG: 8002 us
vz_norm: 1.58816e-07vp_norm: 8.52991e-09
zk  -0.00174944
 -0.00143348
-0.000497401
   0.0017558
 -0.00186748
 -0.00040193
-0.000879806
-0.000721191
-0.000249338
 0.000303471
-0.000315435
-0.000108477
           0
           0
           0
           0
           0
           0
 0.000124316
           0
           0
 3.21304e-05
           0
 3.16672e-05
           0
  0.00014908
           0
           0
 7.15033e-06
-1.58358e-05
           0
           0
 1.60633e-05
           0
           0
 1.19155e-06
           0
           0
-9.14505e-09
 4.64731e-09
 9.37336e-09
-4.76333e-09
-1.05973e-05
           0
           0
 1.05983e-05
           0
           0
  1.6598e-07
           0
           0
           0
           0
           0
           0
-3.05555e-06
   0.0817033
  -0.0814675
 -0.00612491
           0
           0
pk 0.999499
       1
       1
 0.99949
       1
       1
  0.9999
0.999975
       1
0.999244
 0.99999
       1
0.999231
 0.99999
       1
0.999816
 0.99997
       1
 0.99849
0.999993
       1
0.998752
0.999994
       1
0.999907
       1
0.999739
0.990646
0.999934
 0.98549
   1.005
 1.00003
 1.01017
0.998863
       1
       1
count 289
(curr.pk-pk_prev).cwiseAbs().sum() 0.000136701
(curr.pk-p0).cwiseAbs().sum() 0.0462796
stable?: 1 converged?: 0 G: 3.23879e-08
tp: 4
Elapsed Time d2w: 121524 us
Elapsed Time dG: 7596 us
vz_norm: 1.58871e-07vp_norm: 8.52958e-09
zk   0.00174898
 -0.00143316
-0.000498584
  0.00175492
  0.00186706
 0.000402898
 0.000879574
 -0.00072103
-0.000249931
 0.000303391
 0.000315364
 0.000108684
           0
           0
           0
           0
           0
           0
 0.000124611
           0
           0
-3.21233e-05
           0
 3.16588e-05
           0
 0.000149434
           0
           0
-7.16732e-06
-1.58317e-05
           0
           0
-1.60598e-05
           0
           0
-1.19438e-06
           0
           0
-9.14155e-09
 4.64471e-09
-9.37045e-09
 4.76101e-09
-1.05949e-05
           0
           0
-1.05959e-05
           0
           0
-1.66375e-07
           0
           0
           0
           0
           0
           0
-3.07762e-06
   0.0816713
   0.0814405
  0.00613679
           0
           0
pk 0.999498
       1
       1
0.999488
       1
       1
  0.9999
0.999975
       1
0.999242
 0.99999
       1
0.999229
 0.99999
       1
0.999815
 0.99997
       1
0.998486
0.999993
       1
0.998748
0.999994
       1
0.999907
       1
0.999739
0.990616
0.999934
0.985447
 1.00501
 1.00003
  1.0102
 0.99886
       1
       1
count 290
(curr.pk-pk_prev).cwiseAbs().sum() 0.00013659
(curr.pk-p0).cwiseAbs().sum() 0.0464162
stable?: 1 converged?: 0 G: 3.23879e-08
tp: 4
Elapsed Time d2w: 120694 us
Elapsed Time dG: 7663 us
vz_norm: 1.58926e-07vp_norm: 8.52925e-09
zk  -0.00174852
 -0.00143284
-0.000499764
  0.00175405
 -0.00186664
-0.000403864
-0.000879342
 -0.00072087
-0.000250523
 0.000303311
-0.000315294
-0.000108891
           0
           0
           0
           0
           0
           0
 0.000124906
           0
           0
 3.21163e-05
           0
 3.16505e-05
           0
 0.000149788
           0
           0
 7.18426e-06
-1.58276e-05
           0
           0
 1.60564e-05
           0
           0
 1.19721e-06
           0
           0
-9.13805e-09
 4.64211e-09
 9.36754e-09
-4.75869e-09
-1.05925e-05
           0
           0
 1.05935e-05
           0
           0
 1.66769e-07
           0
           0
           0
           0
           0
           0
-3.09964e-06
   0.0816394
  -0.0814136
 -0.00614864
           0
           0
pk 0.999496
       1
       1
0.999487
       1
       1
  0.9999
0.999975
       1
 0.99924
 0.99999
       1
0.999227
 0.99999
       1
0.999815
 0.99997
       1
0.998481
0.999993
       1
0.998744
0.999993
       1
0.999907
       1
0.999738
0.990586
0.999934
0.985405
 1.00503
 1.00003
 1.01023
0.998858
       1
       1
count 291
(curr.pk-pk_prev).cwiseAbs().sum() 0.00013648
(curr.pk-p0).cwiseAbs().sum() 0.0465527
stable?: 1 converged?: 0 G: 3.23878e-08
tp: 4
Elapsed Time d2w: 135041 us
Elapsed Time dG: 7898 us
vz_norm: 1.58981e-07vp_norm: 8.52891e-09
zk   0.00174806
 -0.00143252
-0.000500941
  0.00175318
  0.00186622
 0.000404828
  0.00087911
-0.000720709
-0.000251114
 0.000303231
 0.000315224
 0.000109097
           0
           0
           0
           0
           0
           0
   0.0001252
           0
           0
-3.21093e-05
           0
 3.16421e-05
           0
  0.00015014
           0
           0
-7.20117e-06
-1.58235e-05
           0
           0
-1.60529e-05
           0
           0
-1.20002e-06
           0
           0
-9.13456e-09
 4.63952e-09
-9.36464e-09
 4.75638e-09
-1.05901e-05
           0
           0
 -1.0591e-05
           0
           0
-1.67161e-07
           0
           0
           0
           0
           0
           0
-3.12159e-06
   0.0816075
   0.0813868
  0.00616046
           0
           0
pk 0.999495
       1
       1
0.999485
       1
       1
0.999899
0.999975
       1
0.999237
 0.99999
       1
0.999224
 0.99999
       1
0.999814
 0.99997
       1
0.998477
0.999993
       1
 0.99874
0.999993
       1
0.999906
       1
0.999738
0.990557
0.999934
0.985362
 1.00504
 1.00003
 1.01025
0.998856
       1
       1
count 292
(curr.pk-pk_prev).cwiseAbs().sum() 0.00013637
(curr.pk-p0).cwiseAbs().sum() 0.046689
stable?: 1 converged?: 0 G: 3.23878e-08
tp: 4
Elapsed Time d2w: 122237 us
Elapsed Time dG: 8103 us
vz_norm: 1.09248e-07vp_norm: 5.99482e-09
zk  -0.00295255
 -0.00232211
 -0.00115914
  0.00284194
 -0.00306459
-0.000941149
 -0.00148349
 -0.00116704
 -0.00058106
 0.000510337
-0.000526906
-0.000235309
           0
           0
           0
           0
           0
           0
 0.000289704
           0
           0
 5.32667e-05
           0
 5.24884e-05
           0
 0.000347412
           0
           0
 1.66629e-05
-2.62549e-05
           0
           0
 2.66372e-05
           0
           0
 2.77675e-06
           0
           0
-1.35708e-08
 5.49935e-09
 1.39137e-08
-5.63827e-09
-1.75895e-05
           0
           0
 1.75912e-05
           0
           0
 3.86797e-07
           0
           0
           0
           0
           0
           0
-8.17057e-06
    0.118682
   -0.118073
  -0.0132065
           0
           0
pk 0.999492
       1
       1
0.999482
       1
       1
0.999899
0.999975
       1
0.999232
 0.99999
       1
 0.99922
 0.99999
       1
0.999814
 0.99997
       1
0.998468
0.999993
       1
0.998732
0.999993
       1
0.999906
       1
0.999737
0.990502
0.999933
0.985302
 1.00507
 1.00003
 1.01029
0.998853
       1
       1
count 293
(curr.pk-pk_prev).cwiseAbs().sum() 0.000212346
(curr.pk-p0).cwiseAbs().sum() 0.0469014
stable?: 1 converged?: 0 G: 3.23877e-08
tp: 4
Elapsed Time d2w: 127973 us
Elapsed Time dG: 7982 us
vz_norm: 1.78698e-07vp_norm: 1.41271e-08
zk   0.00162806
 -0.00139838
-0.000423561
  0.00160698
  0.00176299
 0.000338188
 0.000818411
-0.000703133
-0.000212339
 0.000287976
 0.000299861
  9.8643e-05
           0
           0
           0
           0
           0
           0
  0.00010586
           0
           0
-3.05529e-05
           0
 3.01044e-05
           0
 0.000126944
           0
           0
-6.08865e-06
-1.50566e-05
           0
           0
-1.52769e-05
           0
           0
-1.01462e-06
           0
           0
-8.17774e-09
 3.73614e-09
-8.38512e-09
 3.83088e-09
-1.00826e-05
           0
           0
-1.00836e-05
           0
           0
-1.41336e-07
           0
           0
           0
           0
           0
           0
-3.11992e-06
   0.0724923
   0.0723779
  0.00560738
           0
           0
pk 0.999491
       1
       1
0.999481
       1
       1
0.999899
0.999975
       1
0.999231
 0.99999
       1
0.999218
 0.99999
       1
0.999813
 0.99997
       1
0.998464
0.999993
       1
 0.99873
0.999993
       1
0.999906
       1
0.999736
0.990462
0.999933
0.985251
  1.0051
 1.00003
 1.01033
0.998851
       1
       1
count 294
(curr.pk-pk_prev).cwiseAbs().sum() 0.000174009
(curr.pk-p0).cwiseAbs().sum() 0.0470754
stable?: 1 converged?: 0 G: 3.23877e-08
tp: 4
Elapsed Time d2w: 119185 us
Elapsed Time dG: 8130 us
vz_norm: 8.84612e-08vp_norm: 4.49474e-09
zk  -0.00389437
 -0.00292294
 -0.00182024
  0.00366283
  -0.0039832
 -0.00148121
 -0.00195605
  -0.0014684
-0.000912462
 0.000668765
 -0.00068755
-0.000358084
           0
           0
           0
           0
           0
           0
 0.000454934
           0
           0
 6.91229e-05
           0
 6.81025e-05
           0
 0.000545557
           0
           0
 2.61663e-05
-3.40687e-05
           0
           0
   3.457e-05
           0
           0
 4.36043e-06
           0
           0
-1.69275e-08
 6.14819e-09
 1.73583e-08
-6.30467e-09
 -2.2835e-05
           0
           0
 2.28371e-05
           0
           0
 6.07405e-07
           0
           0
           0
           0
           0
           0
-1.32193e-05
    0.146476
   -0.145445
  -0.0200408
           0
           0
pk 0.999486
       1
       1
0.999476
       1
       1
0.999898
0.999975
       1
0.999223
0.999989
       1
 0.99921
 0.99999
       1
0.999812
0.999969
       1
 0.99845
0.999993
       1
0.998717
0.999993
       1
0.999905
       1
0.999735
0.990394
0.999933
0.985182
 1.00512
 1.00003
 1.01035
0.998846
       1
       1
count 295
(curr.pk-pk_prev).cwiseAbs().sum() 0.000247216
(curr.pk-p0).cwiseAbs().sum() 0.0473226
stable?: 1 converged?: 0 G: 3.23876e-08
tp: 4
Elapsed Time d2w: 118146 us
Elapsed Time dG: 7714 us
vz_norm: 1.9912e-07vp_norm: 1.95851e-08
zk   0.00151266
 -0.00134619
-0.000367601
  0.00148289
  0.00165764
 0.000290468
 0.000760156
-0.000676623
-0.000184297
 0.000271624
 0.000283225
 8.94633e-05
           0
           0
           0
           0
           0
           0
 9.18732e-05
           0
           0
-2.88611e-05
           0
 2.84327e-05
           0
  0.00011017
           0
           0
-5.28411e-06
 -1.4222e-05
           0
           0
-1.44325e-05
           0
           0
 -8.8055e-07
           0
           0
-7.37059e-09
 3.06281e-09
-7.55892e-09
 3.14107e-09
-9.52825e-06
           0
           0
-9.52915e-06
           0
           0
-1.22659e-07
           0
           0
           0
           0
           0
           0
-3.13711e-06
   0.0649357
   0.0649001
  0.00510749
           0
           0
pk 0.999485
       1
       1
0.999475
       1
       1
0.999898
0.999975
       1
0.999222
0.999989
       1
0.999209
 0.99999
       1
0.999812
0.999969
       1
0.998447
0.999993
       1
0.998715
0.999993
       1
0.999905
       1
0.999735
0.990348
0.999932
0.985129
 1.00515
 1.00003
  1.0104
0.998844
       1
       1
count 296
(curr.pk-pk_prev).cwiseAbs().sum() 0.000191204
(curr.pk-p0).cwiseAbs().sum() 0.0475138
stable?: 1 converged?: 0 G: 3.23875e-08
tp: 4
Elapsed Time d2w: 118758 us
Elapsed Time dG: 7964 us
vz_norm: 1.44497e-08vp_norm: 2.59998e-09
backtrackingCount 0
pk 0.999392
       1
       1
0.999383
       1
       1
0.999888
0.999972
       1
0.999082
0.999988
       1
 0.99907
0.999988
       1
 0.99979
0.999966
       1
0.998198
0.999992
       1
 0.99846
0.999992
       1
0.999895
       1
0.999713
0.989454
0.999929
0.984914
 1.00517
 1.00002
 1.00988
0.998762
0.999999
       1
backtrackingCount 1
pk 0.999462
       1
       1
0.999452
       1
       1
0.999895
0.999974
       1
0.999187
0.999989
       1
0.999174
0.999989
       1
0.999806
0.999969
       1
0.998385
0.999993
       1
0.998651
0.999993
       1
0.999903
       1
0.999729
0.990125
0.999932
0.985075
 1.00516
 1.00003
 1.01027
0.998823
       1
       1
backtrackingCount 2
pk 0.999482
       1
       1
0.999472
       1
       1
0.999898
0.999975
       1
0.999218
0.999989
       1
0.999205
 0.99999
       1
0.999811
0.999969
       1
 0.99844
0.999993
       1
0.998707
0.999993
       1
0.999905
       1
0.999734
 0.99032
0.999932
0.985122
 1.00515
 1.00003
 1.01038
0.998841
       1
       1
backtracking time: 38016 us
backtracking count: 3
zk  0.000269403
    -0.00201
 -0.00149873
  0.00242408
 0.000553508
-0.000643824
 0.000137883
 -0.00100802
-0.000751302
 0.000450484
 9.65348e-05
-0.000119075
           0
           0
           0
           0
           0
           0
 0.000374577
           0
           0
 -9.1398e-06
           0
 4.69698e-05
           0
 0.000449192
           0
           0
 1.11412e-05
-2.35063e-05
           0
           0
-4.55833e-06
           0
           0
 1.85662e-06
           0
           0
-9.42171e-09
  1.1516e-09
-5.21895e-09
 5.00315e-09
 -1.5781e-05
           0
           0
-2.97798e-06
           0
           0
  2.5863e-07
           0
           0
           0
           0
           0
           0
-1.19151e-05
   0.0755623
   0.0529562
 -0.00646979
           0
           0
pk 0.999482
       1
       1
0.999472
       1
       1
0.999898
0.999975
       1
0.999218
0.999989
       1
0.999205
 0.99999
       1
0.999811
0.999969
       1
 0.99844
0.999993
       1
0.998707
0.999993
       1
0.999905
       1
0.999734
 0.99032
0.999932
0.985122
 1.00515
 1.00003
 1.01038
0.998841
       1
       1
count 297
(curr.pk-pk_prev).cwiseAbs().sum() 8.68163e-05
(curr.pk-p0).cwiseAbs().sum() 0.0475679
stable?: 1 converged?: 0 G: 3.23875e-08
tp: 4
Elapsed Time d2w: 127048 us
Elapsed Time dG: 8768 us
vz_norm: 1.06615e-07vp_norm: 4.64017e-09
backtrackingCount 0
pk 0.999481
       1
       1
0.999471
       1
       1
0.999897
0.999974
       1
0.999217
0.999989
       1
0.999204
0.999989
       1
 0.99981
0.999969
       1
0.998437
0.999993
       1
0.998705
0.999993
       1
0.999904
       1
0.999733
0.990315
0.999932
0.985108
 1.00516
 1.00003
 1.01039
0.998836
       1
       1
backtracking time: 581 us
backtracking count: 1
zk -0.000344533
 -0.00190228
-4.85333e-05
   0.0026052
-0.000148419
  0.00040549
-0.000171784
-0.000954981
-2.38142e-05
 0.000428373
-2.26912e-05
 0.000106943
           0
           0
           0
           0
           0
           0
 1.21666e-05
           0
           0
 2.65803e-06
           0
 4.45983e-05
           0
 1.46958e-05
           0
           0
-7.10001e-06
-2.23145e-05
           0
           0
 1.33573e-06
           0
           0
-1.18292e-06
           0
           0
-1.02111e-08
 2.82072e-09
-6.88756e-10
 1.74516e-09
-1.49676e-05
           0
           0
 8.98656e-07
           0
           0
-1.64753e-07
           0
           0
           0
           0
           0
           0
 1.04799e-05
   0.0853049
   0.0110843
   0.0064193
           0
           0
pk 0.999481
       1
       1
0.999471
       1
       1
0.999897
0.999974
       1
0.999217
0.999989
       1
0.999204
0.999989
       1
 0.99981
0.999969
       1
0.998437
0.999993
       1
0.998705
0.999993
       1
0.999904
       1
0.999733
0.990315
0.999932
0.985108
 1.00516
 1.00003
 1.01039
0.998836
       1
       1
count 298
(curr.pk-pk_prev).cwiseAbs().sum() 4.63344e-05
(curr.pk-p0).cwiseAbs().sum() 0.0476142
stable?: 1 converged?: 0 G: 3.23875e-08
tp: 4
Elapsed Time d2w: 117419 us
Elapsed Time dG: 7569 us
vz_norm: 3.18813e-09vp_norm: 1.79707e-09
backtrackingCount 0
pk  0.99934
       1
       1
0.999332
       1
       1
0.999805
0.999951
       1
0.999001
0.999987
       1
0.998991
0.999987
       1
0.999648
0.999941
       1
0.998002
0.999991
       1
0.998265
0.999991
       1
0.999811
0.999999
0.999441
 0.98689
0.999904
0.980051
  1.0018
       1
 1.00546
0.997679
0.999999
       1
backtrackingCount 1
pk 0.999464
       1
       1
0.999454
       1
       1
0.999886
0.999972
       1
 0.99919
0.999989
       1
0.999177
0.999989
       1
 0.99979
0.999966
       1
0.998383
0.999993
       1
 0.99865
0.999993
       1
0.999893
       1
0.999696
0.989887
0.999929
0.984476
 1.00474
 1.00002
 1.00977
0.998691
0.999999
       1
backtrackingCount 2
pk  0.99948
       1
       1
 0.99947
       1
       1
0.999896
0.999974
       1
0.999215
0.999989
       1
0.999202
0.999989
       1
0.999809
0.999969
       1
0.998434
0.999993
       1
0.998702
0.999993
       1
0.999903
       1
0.999731
0.990288
0.999932
0.985069
 1.00513
 1.00003
 1.01035
0.998827
       1
       1
backtracking time: 40555 us
backtracking count: 3
zk  -0.00047516
 -0.00198497
-4.84385e-05
  0.00299414
-0.000161809
 0.000731954
-0.000237695
-0.000996726
-2.37677e-05
 0.000472372
 2.53316e-05
 0.000266493
           0
           0
           0
           0
           0
           0
 1.21429e-05
           0
           0
 2.65284e-06
           0
 4.45112e-05
           0
  1.4667e-05
           0
           0
-7.08614e-06
-2.22709e-05
           0
           0
 1.33312e-06
           0
           0
-1.18061e-06
           0
           0
-1.01912e-08
 2.81521e-09
 -6.8741e-10
 1.74175e-09
-1.49384e-05
           0
           0
 8.96901e-07
           0
           0
-1.64431e-07
           0
           0
           0
           0
           0
           0
 1.40492e-05
   0.0901403
   0.0162616
   0.0160112
           0
           0
pk  0.99948
       1
       1
 0.99947
       1
       1
0.999896
0.999974
       1
0.999215
0.999989
       1
0.999202
0.999989
       1
0.999809
0.999969
       1
0.998434
0.999993
       1
0.998702
0.999993
       1
0.999903
       1
0.999731
0.990288
0.999932
0.985069
 1.00513
 1.00003
 1.01035
0.998827
       1
       1
count 299
(curr.pk-pk_prev).cwiseAbs().sum() 0.000158279
(curr.pk-p0).cwiseAbs().sum() 0.0476427
stable?: 1 converged?: 0 G: 3.23873e-08
tp: 10
Elapsed Time d2w: 303797 us
Elapsed Time dG: 8324 us
vz_norm: 1.03112e-07vp_norm: 7.7131e-09
backtrackingCount 0
pk  0.99948
       1
       1
 0.99947
       1
       1
0.999896
0.999974
       1
0.999215
0.999989
       1
0.999201
0.999989
       1
0.999808
0.999969
       1
0.998433
0.999993
       1
  0.9987
0.999993
       1
0.999903
       1
0.999728
0.990285
0.999932
0.985058
 1.00513
 1.00003
 1.01034
0.998818
       1
       1
backtrackingCount 1
pk  0.99948
       1
       1
 0.99947
       1
       1
0.999896
0.999974
       1
0.999215
0.999989
       1
0.999202
0.999989
       1
0.999809
0.999969
       1
0.998434
0.999993
       1
0.998702
0.999993
       1
0.999903
       1
0.999731
0.990288
0.999932
0.985068
 1.00513
 1.00003
 1.01035
0.998826
       1
       1
backtracking time: 38531 us
backtracking count: 2
zk -0.000458107
 -0.00196878
-0.000188725
   0.0029735
-0.000146275
 0.000821292
-0.000229047
-0.000988551
-9.47162e-05
 0.000467964
 2.75259e-05
 0.000286631
           0
           0
           0
           0
           0
           0
 4.71602e-05
           0
           0
 2.41943e-06
           0
 4.40986e-05
           0
 5.65319e-05
           0
           0
-8.69104e-06
-2.20648e-05
           0
           0
 1.21671e-06
           0
           0
-1.44778e-06
           0
           0
  -1.014e-08
  2.8108e-09
-6.89054e-10
 1.73761e-09
 -1.4801e-05
           0
           0
 8.20844e-07
           0
           0
-2.01617e-07
           0
           0
           0
           0
           0
           0
 1.17507e-05
   0.0895482
   0.0164943
   0.0172238
           0
           0
pk  0.99948
       1
       1
 0.99947
       1
       1
0.999896
0.999974
       1
0.999215
0.999989
       1
0.999202
0.999989
       1
0.999809
0.999969
       1
0.998434
0.999993
       1
0.998702
0.999993
       1
0.999903
       1
0.999731
0.990288
0.999932
0.985068
 1.00513
 1.00003
 1.01035
0.998826
       1
       1
count 300
(curr.pk-pk_prev).cwiseAbs().sum() 2.64947e-06
(curr.pk-p0).cwiseAbs().sum() 0.047644
stable?: 1 converged?: 0 G: 3.23873e-08
count: 300
zkpk
-0.000458107
 -0.00196878
-0.000188725
   0.0029735
-0.000146275
 0.000821292
-0.000229047
-0.000988551
-9.47162e-05
 0.000467964
 2.75259e-05
 0.000286631
           0
           0
           0
           0
           0
           0
 4.71602e-05
           0
           0
 2.41943e-06
           0
 4.40986e-05
           0
 5.65319e-05
           0
           0
-8.69104e-06
-2.20648e-05
           0
           0
 1.21671e-06
           0
           0
-1.44778e-06
           0
           0
  -1.014e-08
  2.8108e-09
-6.89054e-10
 1.73761e-09
 -1.4801e-05
           0
           0
 8.20844e-07
           0
           0
-2.01617e-07
           0
           0
           0
           0
           0
           0
 1.17507e-05
   0.0895482
   0.0164943
   0.0172238
           0
           0

 0.99948
       1
       1
 0.99947
       1
       1
0.999896
0.999974
       1
0.999215
0.999989
       1
0.999202
0.999989
       1
0.999809
0.999969
       1
0.998434
0.999993
       1
0.998702
0.999993
       1
0.999903
       1
0.999731
0.990288
0.999932
0.985068
 1.00513
 1.00003
 1.01035
0.998826
       1
       1
