1 1
tp: 2
Elapsed Time d2w: 68705 us
Elapsed Time dG: 8660 us
vz_norm: 1.64058e-07vp_norm: 4.21939e-09
zk   0.00359147
  0.00219085
    0.015954
 -0.00259561
  0.00395828
   0.0137153
  0.00179918
  0.00109757
  0.00799094
-0.000388773
 0.000673813
  0.00310127
-1.72855e-13
           0
           0
-1.03025e-13
           0
           0
 -0.00398749
           0
           0
-6.91392e-05
           0
-4.12084e-05
           0
 -0.00478212
           0
           0
-0.000239575
 2.05939e-05
           0
           0
-3.45523e-05
           0
           0
-3.99225e-05
           0
           0
 6.63344e-09
 7.88479e-10
-1.11296e-08
-1.32287e-09
 1.37019e-05
           0
           0
-2.29889e-05
           0
           0
-5.55511e-06
           0
           0
           0
           0
           0
           0
 0.000260147
  -0.0558369
   0.0930021
    0.162537
           0
           0
pk 0.999893
       1
       1
0.999891
       1
       1
0.999969
0.999992
       1
 0.99984
0.999998
       1
0.999837
0.999998
       1
0.999985
0.999991
       1
0.999711
0.999999
       1
0.999716
0.999999
       1
0.999969
       1
0.999902
  1.0018
       1
0.999889
 1.00164
       1
0.999866
0.999584
       1
       1
count 1
(curr.pk-pk_prev).cwiseAbs().sum() 0.00541934
(curr.pk-p0).cwiseAbs().sum() 0.00541934
stable?: 1 converged?: 1 G: 3.24097e-08
tp: 8
Elapsed Time d2w: 247780 us
Elapsed Time dG: 7937 us
vz_norm: 5.54645e-07vp_norm: 3.06498e-08
zk -0.000489479
 0.000425476
 -0.00060563
-0.000320413
-0.000552759
 0.000495407
-0.000246609
 0.000214374
-0.000304829
-9.30176e-05
-8.65496e-05
 0.000121384
 2.29619e-14
           0
           0
-2.28879e-14
           0
           0
 0.000151268
           0
           0
 9.18482e-06
           0
-9.15524e-06
           0
 0.000181112
           0
           0
-8.72891e-06
 4.57031e-06
           0
           0
 4.58503e-06
           0
           0
-1.45394e-06
           0
           0
 2.47033e-09
 -1.4846e-09
 2.47431e-09
-1.48781e-09
 3.01857e-06
           0
           0
 3.02871e-06
           0
           0
-2.02318e-07
           0
           0
           0
           0
           0
           0
-9.36549e-06
  -0.0267258
  -0.0251691
  0.00730829
           0
           0
pk  0.99989
       1
       1
0.999886
       1
       1
0.999966
0.999991
       1
0.999834
0.999998
       1
0.999829
0.999998
       1
0.999985
0.999989
       1
 0.99969
0.999999
       1
0.999711
0.999999
       1
 0.99995
       1
0.999744
 1.00158
0.999998
0.999334
 1.00192
       1
 1.00031
0.998942
       1
       1
count 2
(curr.pk-pk_prev).cwiseAbs().sum() 0.0023787
(curr.pk-p0).cwiseAbs().sum() 0.00707245
stable?: 1 converged?: 1 G: 3.24102e-08
tp: 4
Elapsed Time d2w: 167359 us
Elapsed Time dG: 7614 us
vz_norm: 1.61812e-07vp_norm: 2.86202e-09
zk   0.00171285
  0.00143448
-0.000307752
 -0.00180991
  0.00183291
-0.000253371
 0.000861072
 0.000721397
-0.000154168
-0.000301258
 0.000309039
-6.13357e-05
-7.87081e-14
           0
           0
-7.86788e-14
           0
           0
 7.69193e-05
           0
           0
-3.14849e-05
           0
-3.14734e-05
           0
 9.22454e-05
           0
           0
 4.42419e-06
 1.57201e-05
           0
           0
-1.57255e-05
           0
           0
 7.37271e-07
           0
           0
 9.09112e-09
-4.61333e-09
-9.10002e-09
 4.61785e-09
 1.04066e-05
           0
           0
-1.04068e-05
           0
           0
 1.02697e-07
           0
           0
           0
           0
           0
           0
-3.10968e-07
  -0.0811913
   0.0794135
 -0.00337201
           0
           0
pk 0.999818
       1
       1
0.999814
       1
       1
0.999954
0.999988
       1
0.999726
0.999996
       1
 0.99972
0.999996
       1
0.999962
0.999985
       1
 0.99949
0.999998
       1
0.999521
0.999998
       1
0.999939
       1
0.999713
 1.00109
0.999994
0.998565
 1.00176
       1
 1.00047
0.998808
0.999999
       1
count 3
(curr.pk-pk_prev).cwiseAbs().sum() 0.00255392
(curr.pk-p0).cwiseAbs().sum() 0.00833131
stable?: 1 converged?: 1 G: 3.24088e-08
tp: 4
Elapsed Time d2w: 154312 us
Elapsed Time dG: 10863 us
vz_norm: 1.46106e-07vp_norm: 7.71369e-09
zk  -0.00185116
   0.0015039
 -8.1559e-05
 -0.00201387
 -0.00195693
 6.23892e-05
-0.000930895
 0.000756628
-4.06789e-05
-0.000321798
-0.000330336
 3.25514e-05
   8.396e-14
           0
           0
-8.39011e-14
           0
           0
 2.03977e-05
           0
           0
 3.35892e-05
           0
-3.35658e-05
           0
 2.44992e-05
           0
           0
-1.17399e-06
 1.67674e-05
           0
           0
 1.67785e-05
           0
           0
-1.95724e-07
           0
           0
 1.00297e-08
-5.36329e-09
 1.00488e-08
 -5.3735e-09
 1.11021e-05
           0
           0
 1.11021e-05
           0
           0
-2.72762e-08
           0
           0
           0
           0
           0
           0
 4.37746e-06
  -0.0899806
  -0.0880452
  0.00176341
           0
           0
pk 0.999731
       1
       1
0.999725
       1
       1
0.999933
0.999982
       1
0.999594
0.999995
       1
0.999586
0.999995
       1
0.999924
0.999979
       1
0.999227
0.999997
       1
0.999301
0.999997
       1
0.999919
       1
0.999659
0.999593
0.999983
0.996222
  1.0025
 1.00001
 1.00205
0.998567
0.999999
       1
count 4
(curr.pk-pk_prev).cwiseAbs().sum() 0.00749851
(curr.pk-p0).cwiseAbs().sum() 0.0136527
stable?: 1 converged?: 1 G: 3.24069e-08
tp: 4
Elapsed Time d2w: 144346 us
Elapsed Time dG: 8239 us
vz_norm: 1.41538e-07vp_norm: 8.36218e-09
zk   0.00188968
  0.00151093
-4.54559e-05
 -0.00205735
  0.00198875
-3.14296e-05
 0.000950456
 0.000760361
-2.25598e-05
-0.000326179
 0.000335564
-2.87271e-05
-8.52246e-14
           0
           0
-8.49717e-14
           0
           0
 1.13766e-05
           0
           0
-3.40995e-05
           0
-3.39986e-05
           0
 1.36878e-05
           0
           0
 6.55181e-07
 1.69874e-05
           0
           0
-1.70366e-05
           0
           0
 1.09283e-07
           0
           0
 1.03129e-08
-5.64108e-09
-1.03732e-08
 5.67409e-09
 1.12628e-05
           0
           0
-1.12631e-05
           0
           0
 1.52394e-08
           0
           0
           0
           0
           0
           0
 5.37314e-06
  -0.0927297
   0.0910141
   -0.001551
           0
           0
pk 0.999637
       1
       1
0.999629
       1
       1
0.999911
0.999977
       1
0.999452
0.999993
       1
0.999441
0.999993
       1
0.999884
0.999972
       1
0.998944
0.999995
       1
0.999067
0.999995
       1
0.999899
       1
0.999601
0.997912
0.999971
0.993526
 1.00339
 1.00001
 1.00394
0.998306
0.999999
       1
count 5
(curr.pk-pk_prev).cwiseAbs().sum() 0.00857822
(curr.pk-p0).cwiseAbs().sum() 0.0222309
stable?: 1 converged?: 1 G: 3.24049e-08
tp: 4
Elapsed Time d2w: 161492 us
Elapsed Time dG: 8160 us
vz_norm: 1.41695e-07vp_norm: 8.66636e-09
zk  -0.00188652
  0.00150182
-0.000116215
 -0.00202243
  -0.0019851
 8.88117e-05
-0.000948967
 0.000755867
-5.80616e-05
-0.000324777
-0.000334925
 4.26197e-05
 8.50504e-14
           0
           0
-8.45777e-14
           0
           0
 2.90592e-05
           0
           0
 3.40345e-05
           0
-3.38457e-05
           0
 3.48854e-05
           0
           0
-1.67128e-06
 1.69158e-05
           0
           0
 1.70081e-05
           0
           0
-2.78599e-07
           0
           0
 1.02758e-08
-5.63417e-09
 1.03835e-08
 -5.6932e-09
 1.12338e-05
           0
           0
 1.12343e-05
           0
           0
-3.88401e-08
           0
           0
           0
           0
           0
           0
 4.27062e-06
   -0.092451
  -0.0910779
  0.00235105
           0
           0
pk 0.999542
       1
       1
0.999533
       1
       1
 0.99989
0.999972
       1
 0.99931
0.999991
       1
0.999297
0.999991
       1
0.999846
0.999966
       1
0.998659
0.999994
       1
0.998832
0.999994
       1
0.999879
       1
0.999546
0.996174
0.999958
0.990748
 1.00431
 1.00002
  1.0059
0.998062
0.999999
       1
count 6
(curr.pk-pk_prev).cwiseAbs().sum() 0.00881394
(curr.pk-p0).cwiseAbs().sum() 0.0310448
stable?: 1 converged?: 1 G: 3.24029e-08
tp: 4
Elapsed Time d2w: 126826 us
Elapsed Time dG: 8187 us
vz_norm: 1.44947e-07vp_norm: 8.84881e-09
zk   0.00185762
  0.00148544
 -0.00022502
 -0.00194948
  0.00196042
-0.000177754
 0.000934457
 0.000747623
-0.000112659
-0.000320068
 0.000330898
-6.22549e-05
-8.40439e-14
           0
           0
-8.33513e-14
           0
           0
 5.62497e-05
           0
           0
-3.36365e-05
           0
-3.33598e-05
           0
 6.74814e-05
           0
           0
 3.23324e-06
  1.6678e-05
           0
           0
-1.68134e-05
           0
           0
 5.38876e-07
           0
           0
 1.00311e-08
-5.43075e-09
-1.01845e-08
 5.51381e-09
 1.10959e-05
           0
           0
-1.10965e-05
           0
           0
 7.51318e-08
           0
           0
           0
           0
           0
           0
 2.28162e-06
  -0.0901881
   0.0891993
 -0.00347902
           0
           0
pk 0.999452
       1
       1
0.999441
       1
       1
0.999873
0.999967
       1
0.999174
0.999989
       1
0.999158
0.999989
       1
0.999813
0.999961
       1
0.998386
0.999993
       1
0.998607
0.999993
       1
0.999863
       1
0.999498
0.994453
0.999946
0.988051
 1.00523
 1.00002
 1.00781
0.997853
0.999999
       1
count 7
(curr.pk-pk_prev).cwiseAbs().sum() 0.00856228
(curr.pk-p0).cwiseAbs().sum() 0.0396071
stable?: 1 converged?: 1 G: 3.24009e-08
tp: 4
Elapsed Time d2w: 139616 us
Elapsed Time dG: 9157 us
vz_norm: 1.48761e-07vp_norm: 8.85376e-09
zk  -0.00183603
  0.00147876
-0.000342562
 -0.00188836
 -0.00194505
 0.000273991
-0.000923567
 0.000744201
-0.000171641
-0.000316973
 -0.00032841
 8.28493e-05
 8.34578e-14
           0
           0
-8.25483e-14
           0
           0
 8.56244e-05
           0
           0
 3.34066e-05
           0
 -3.3043e-05
           0
 0.000102698
           0
           0
-4.92015e-06
 1.65248e-05
           0
           0
 1.67029e-05
           0
           0
-8.19983e-07
           0
           0
 9.77666e-09
-5.16797e-09
 9.97219e-09
-5.27133e-09
 1.10143e-05
           0
           0
 1.10151e-05
           0
           0
-1.14342e-07
           0
           0
           0
           0
           0
           0
 1.19482e-07
  -0.0876694
  -0.0870352
  0.00465841
           0
           0
pk 0.999366
       1
       1
0.999353
       1
       1
0.999858
0.999964
       1
0.999044
0.999987
       1
0.999026
0.999987
       1
0.999785
0.999956
       1
0.998127
0.999992
       1
0.998393
0.999992
       1
0.999849
       1
0.999459
0.992773
0.999935
0.985506
 1.00613
 1.00003
  1.0096
0.997682
0.999999
       1
count 8
(curr.pk-pk_prev).cwiseAbs().sum() 0.00811655
(curr.pk-p0).cwiseAbs().sum() 0.0477236
stable?: 1 converged?: 1 G: 3.23988e-08
tp: 4
Elapsed Time d2w: 181704 us
Elapsed Time dG: 7890 us
vz_norm: 1.53321e-07vp_norm: 8.86398e-09
zk   0.00179719
  0.00145739
-0.000435565
 -0.00181602
  0.00191109
-0.000350153
 0.000904027
 0.000733424
-0.000218315
-0.000310825
 0.000322818
-9.88983e-05
-8.20597e-14
           0
           0
-8.09535e-14
           0
           0
 0.000108867
           0
           0
-3.28512e-05
           0
-3.24089e-05
           0
 0.000130565
           0
           0
 6.25442e-06
 1.62123e-05
           0
           0
-1.64291e-05
           0
           0
 1.04233e-06
           0
           0
 9.47224e-09
-4.91914e-09
-9.70385e-09
 5.03941e-09
 1.08252e-05
           0
           0
-1.08262e-05
           0
           0
 1.45368e-07
           0
           0
           0
           0
           0
           0
-1.68785e-06
  -0.0848478
   0.0845417
 -0.00557904
           0
           0
pk 0.999285
       1
       1
0.999271
       1
       1
0.999845
 0.99996
       1
0.998921
0.999985
       1
0.998902
0.999985
       1
0.999761
0.999952
       1
0.997883
0.999991
       1
0.998192
0.999991
       1
0.999837
       1
0.999426
0.991158
0.999924
 0.98312
 1.00698
 1.00003
 1.01127
0.997547
0.999999
       1
count 9
(curr.pk-pk_prev).cwiseAbs().sum() 0.00762161
(curr.pk-p0).cwiseAbs().sum() 0.0553452
stable?: 1 converged?: 1 G: 3.23969e-08
tp: 4
Elapsed Time d2w: 125250 us
Elapsed Time dG: 8298 us
vz_norm: 8.77814e-08vp_norm: 5.14542e-09
zk  -0.00393896
  0.00295002
 -0.00182632
 -0.00362154
 -0.00402745
  0.00148228
 -0.00197883
   0.0014823
-0.000915554
-0.000676222
-0.000696328
 0.000362573
 1.74686e-13
           0
           0
-1.71896e-13
           0
           0
 0.000456471
           0
           0
 6.99431e-05
           0
-6.88275e-05
           0
 0.000547429
           0
           0
-2.62204e-05
 3.44516e-05
           0
           0
 3.49992e-05
           0
           0
-4.36975e-06
           0
           0
  1.7045e-08
-6.16765e-09
 1.75331e-08
-6.34427e-09
 2.30755e-05
           0
           0
  2.3078e-05
           0
           0
-6.09499e-07
           0
           0
           0
           0
           0
           0
-1.30571e-05
    -0.14767
   -0.146964
   0.0203077
           0
           0
pk 0.999036
       1
       1
0.999021
       1
       1
0.999814
0.999953
       1
0.998546
 0.99998
       1
0.998526
0.999981
       1
0.999698
0.999943
       1
0.997174
0.999987
       1
0.997539
0.999988
       1
0.999807
0.999999
0.999356
0.987241
0.999902
 0.97922
 1.00851
 1.00003
 1.01308
0.997269
0.999999
       1
count 10
(curr.pk-pk_prev).cwiseAbs().sum() 0.0142911
(curr.pk-p0).cwiseAbs().sum() 0.0696364
stable?: 1 converged?: 1 G: 3.23909e-08
tp: 4
Elapsed Time d2w: 160739 us
Elapsed Time dG: 7710 us
vz_norm: 1.27979e-07vp_norm: 1.29067e-08
zk  -0.00203012
   -0.002339
 -0.00132251
  0.00308751
 -0.00257695
 -0.00110438
   -0.001021
 -0.00117607
-0.000663032
 0.000411679
-0.000437158
-0.000210624
 1.10334e-13
           0
           0
 1.07977e-13
           0
           0
 0.000330557
           0
           0
 4.41928e-05
           0
 4.32495e-05
           0
 0.000396445
           0
           0
 1.89831e-05
-2.16603e-05
           0
           0
 2.21246e-05
           0
           0
 3.16371e-06
           0
           0
-1.14584e-08
 4.98558e-09
 1.18546e-08
-5.15797e-09
-1.45551e-05
           0
           0
  1.4557e-05
           0
           0
   4.414e-07
           0
           0
           0
           0
           0
           0
-1.43858e-05
    0.100836
   -0.102187
  -0.0115204
           0
           0
pk 0.998928
       1
       1
0.998923
       1
       1
0.999796
0.999948
       1
0.998383
0.999978
       1
0.998378
0.999978
       1
0.999663
0.999938
       1
0.996942
0.999986
       1
0.997206
0.999986
       1
0.999794
0.999999
0.999363
0.989937
0.999914
0.982722
 1.00482
 1.00001
 1.00873
0.997342
0.999999
       1
count 11
(curr.pk-pk_prev).cwiseAbs().sum() 0.015512
(curr.pk-p0).cwiseAbs().sum() 0.0564566
stable?: 1 converged?: 1 G: 3.23894e-08
tp: 4
Elapsed Time d2w: 139491 us
Elapsed Time dG: 12339 us
vz_norm: 1.81062e-07vp_norm: 1.23705e-08
zk  -0.00158638
  0.00135235
-0.000469272
 -0.00179874
 -0.00172863
 0.000393241
-0.000797982
 0.000680464
-0.000235226
-0.000280372
-0.000292498
 6.94465e-05
 7.40973e-14
           0
           0
-7.29859e-14
           0
           0
 0.000117297
           0
           0
 2.96833e-05
           0
-2.92382e-05
           0
 0.000140691
           0
           0
-6.73697e-06
 1.46452e-05
           0
           0
 1.48643e-05
           0
           0
-1.12281e-06
           0
           0
 8.09018e-09
-3.82373e-09
  8.3043e-09
-3.92493e-09
 9.81122e-06
           0
           0
 9.81219e-06
           0
           0
-1.56646e-07
           0
           0
           0
           0
           0
           0
 -3.9106e-06
  -0.0718943
  -0.0719024
  0.00374036
           0
           0
pk  0.99887
       1
       1
 0.99887
       1
       1
 0.99979
0.999947
       1
0.998296
0.999977
       1
0.998297
0.999977
       1
 0.99965
0.999936
       1
0.996815
0.999985
       1
 0.99703
0.999985
       1
0.999788
0.999999
0.999348
0.991094
 0.99992
0.984471
 1.00315
       1
 1.00654
0.997295
0.999999
       1
count 12
(curr.pk-pk_prev).cwiseAbs().sum() 0.00745485
(curr.pk-p0).cwiseAbs().sum() 0.0503544
stable?: 1 converged?: 1 G: 3.23886e-08
tp: 4
Elapsed Time d2w: 146342 us
Elapsed Time dG: 9171 us
vz_norm: 8.65113e-08vp_norm: 4.37964e-09
zk   0.00395787
  0.00293923
 -0.00179235
 -0.00374443
  0.00403349
 -0.00145776
  0.00198928
  0.00147759
-0.000898549
-0.000680177
  0.00069732
-0.000352934
-1.74577e-13
           0
           0
-1.72451e-13
           0
           0
 0.000448002
           0
           0
-6.99425e-05
           0
-6.90908e-05
           0
 0.000537336
           0
           0
 2.57295e-05
 3.46198e-05
           0
           0
-3.50391e-05
           0
           0
 4.28816e-06
           0
           0
 1.73464e-08
-6.45337e-09
-1.77354e-08
 6.59806e-09
 2.31881e-05
           0
           0
  -2.319e-05
           0
           0
 5.98271e-07
           0
           0
           0
           0
           0
           0
-1.18729e-05
   -0.150335
    0.148845
  -0.0197376
           0
           0
pk 0.998611
       1
       1
 0.99861
       1
       1
0.999758
0.999939
       1
0.997905
0.999972
       1
0.997905
0.999972
       1
0.999587
0.999927
       1
0.996081
0.999982
       1
0.996346
0.999982
       1
0.999758
0.999999
0.999274
0.987634
  0.9999
0.980955
 1.00418
       1
 1.00794
0.996997
0.999999
       1
count 13
(curr.pk-pk_prev).cwiseAbs().sum() 0.0126717
(curr.pk-p0).cwiseAbs().sum() 0.063026
stable?: 1 converged?: 1 G: 3.23827e-08
tp: 4
Elapsed Time d2w: 143123 us
Elapsed Time dG: 8572 us
vz_norm: 1.9841e-07vp_norm: 2.00809e-08
zk  -0.00151431
  0.00134373
 -0.00034557
   -0.001493
 -0.00166226
 0.000271503
-0.000761681
 0.000676002
-0.000173269
-0.000272557
-0.000284803
 8.61754e-05
 7.22173e-14
           0
           0
-7.10144e-14
           0
           0
 8.63764e-05
           0
           0
 2.89441e-05
           0
-2.84619e-05
           0
 0.000103602
           0
           0
-4.95936e-06
 1.42704e-05
           0
           0
 1.45083e-05
           0
           0
-8.26557e-07
           0
           0
  7.4174e-09
-3.11681e-09
 7.62145e-09
-3.20256e-09
 9.58661e-06
           0
           0
 9.58759e-06
           0
           0
-1.15352e-07
           0
           0
           0
           0
           0
           0
-2.75934e-06
   -0.065513
  -0.0656061
   0.0049238
           0
           0
pk 0.998571
       1
       1
0.998566
       1
       1
0.999747
0.999937
       1
0.997844
0.999971
       1
0.997839
0.999971
       1
0.999566
0.999923
       1
0.995936
0.999981
       1
0.996258
0.999982
       1
0.999749
0.999999
0.999254
0.985275
0.999888
0.978185
 1.00603
 1.00001
 1.01021
0.996908
0.999999
       1
count 14
(curr.pk-pk_prev).cwiseAbs().sum() 0.00987769
(curr.pk-p0).cwiseAbs().sum() 0.0729037
stable?: 1 converged?: 1 G: 3.23811e-08
tp: 4
Elapsed Time d2w: 121903 us
Elapsed Time dG: 7826 us
vz_norm: 1.00989e-07vp_norm: 4.74086e-09
zk  -0.00238641
 -0.00230871
 -0.00142116
  0.00282366
 -0.00281361
 -0.00116944
 -0.00120215
 -0.00116267
-0.000712445
 0.000444189
-0.000475102
-0.000241342
 1.18719e-13
           0
           0
 1.16246e-13
           0
           0
 0.000355238
           0
           0
 4.75833e-05
           0
 4.65922e-05
           0
 0.000426118
           0
           0
 2.03953e-05
-2.33565e-05
           0
           0
 2.38456e-05
           0
           0
  3.3993e-06
           0
           0
-1.42271e-08
  7.8566e-09
 1.46929e-08
-8.11381e-09
-1.57072e-05
           0
           0
 1.57091e-05
           0
           0
 4.74447e-07
           0
           0
           0
           0
           0
           0
-1.05055e-05
    0.127647
   -0.129305
   -0.013255
           0
           0
pk 0.998378
       1
       1
 0.99838
       1
       1
 0.99973
0.999932
       1
0.997553
0.999967
       1
0.997559
0.999968
       1
0.999529
0.999918
       1
0.995452
0.999979
       1
0.995709
0.999979
       1
0.999732
0.999999
0.999211
0.985721
 0.99989
0.979875
 1.00387
0.999995
 1.00709
0.996754
0.999998
       1
count 15
(curr.pk-pk_prev).cwiseAbs().sum() 0.00971014
(curr.pk-p0).cwiseAbs().sum() 0.0677518
stable?: 1 converged?: 1 G: 3.23776e-08
tp: 4
Elapsed Time d2w: 178841 us
Elapsed Time dG: 8258 us
vz_norm: 1.88075e-07vp_norm: 1.64321e-08
zk  -0.00154056
  0.00132485
-0.000401307
 -0.00177411
 -0.00168938
 0.000337317
-0.000775304
  0.00066692
-0.000201146
-0.000273677
-0.000286401
 5.28921e-05
  7.2403e-14
           0
           0
-7.10827e-14
           0
           0
 0.000100316
           0
           0
 2.90284e-05
           0
-2.84989e-05
           0
 0.000120344
           0
           0
-5.75888e-06
 1.42966e-05
           0
           0
 1.45585e-05
           0
           0
-9.59871e-07
           0
           0
 7.81753e-09
 -3.6221e-09
 8.03464e-09
-3.72269e-09
 9.61906e-06
           0
           0
 9.62007e-06
           0
           0
-1.33994e-07
           0
           0
           0
           0
           0
           0
-3.15415e-06
  -0.0694032
  -0.0695614
  0.00278395
           0
           0
pk 0.998325
       1
       1
0.998332
       1
       1
0.999723
0.999931
       1
0.997474
0.999966
       1
0.997487
0.999967
       1
0.999516
0.999916
       1
0.995343
0.999978
       1
0.995542
0.999978
       1
0.999726
0.999999
0.999193
0.987294
0.999897
0.982087
 1.00184
0.999984
 1.00449
0.996701
0.999998
       1
count 16
(curr.pk-pk_prev).cwiseAbs().sum() 0.00906756
(curr.pk-p0).cwiseAbs().sum() 0.0599681
stable?: 1 converged?: 1 G: 3.23771e-08
tp: 4
Elapsed Time d2w: 148493 us
Elapsed Time dG: 7086 us
vz_norm: 3.97487e-08vp_norm: 2.94177e-09
zk -0.000636432
 -0.00493473
 -0.00910496
  0.00422303
 -0.00359561
 -0.00746831
-0.000336052
 -0.00249613
 -0.00456462
 0.000476455
 -0.00056604
 -0.00160168
 1.39309e-13
           0
           0
 1.37291e-13
           0
           0
  0.00227593
           0
           0
 5.58457e-05
           0
 5.50362e-05
           0
  0.00273016
           0
           0
 0.000130645
 -2.7541e-05
           0
           0
 2.79405e-05
           0
           0
 2.17752e-05
           0
           0
-3.23953e-08
 3.09784e-08
 3.31341e-08
-3.16849e-08
-1.83077e-05
           0
           0
 1.83093e-05
           0
           0
 3.03983e-06
           0
           0
           0
           0
           0
           0
-6.55747e-05
    0.319094
   -0.324389
  -0.0884069
           0
           0
pk 0.997076
       1
       1
 0.99711
       1
       1
0.999586
0.999897
       1
0.995588
0.999941
       1
0.995642
0.999942
       1
0.999236
0.999875
       1
0.992082
0.999963
       1
0.992047
0.999962
       1
0.999597
0.999999
0.998914
0.982486
0.999879
0.985951
0.995262
0.999909
0.991165
0.995654
0.999998
       1
count 17
(curr.pk-pk_prev).cwiseAbs().sum() 0.0436544
(curr.pk-p0).cwiseAbs().sum() 0.0832417
stable?: 1 converged?: 1 G: 3.23525e-08
tp: 4
Elapsed Time d2w: 117149 us
Elapsed Time dG: 8011 us
vz_norm: 2.88854e-09vp_norm: 1.71871e-09
backtrackingCount 0
pk 0.981192
       1
       1
0.981483
       1
       1
0.989337
0.997335
       1
0.971524
0.999631
       1
0.971951
0.999636
       1
0.981171
0.996775
       1
0.943254
 0.99972
       1
0.942914
0.999717
       1
0.987869
0.999967
0.939731
0.579634
0.996661
0.401082
0.603501
0.996778
  0.4245
0.839696
0.999914
       1
backtrackingCount 1
pk 0.993105
       1
       1
0.993203
       1
       1
0.997023
0.999256
       1
0.989572
0.999863
       1
0.989719
0.999865
       1
0.994719
  0.9991
       1
0.979875
0.999902
       1
0.979764
0.999901
       1
0.996665
0.999991
0.984118
0.881773
0.999075
0.839734
0.897322
0.999126
0.849499
0.956664
0.999977
       1
backtrackingCount 2
pk 0.996579
       1
       1
0.996621
       1
       1
0.999265
0.999816
       1
0.994836
0.999931
       1
0.994902
0.999932
       1
0.998671
0.999778
       1
0.990556
0.999955
       1
0.990512
0.999954
       1
0.999231
0.999998
0.997064
0.969897
0.999779
0.967674
0.983019
0.999811
0.973457
 0.99078
0.999995
       1
backtracking time: 58476 us
backtracking count: 3
zk  -0.00166158
 -0.00577915
 -0.00896269
  0.00874835
 -0.00501683
  -0.0105783
-0.000854935
 -0.00292343
  -0.0044933
 0.000938377
 -0.00105957
 -0.00322085
 1.37132e-13
           0
           0
 1.35146e-13
           0
           0
  0.00224037
           0
           0
 5.49731e-05
           0
 5.41763e-05
           0
  0.00268751
           0
           0
 0.000128604
-2.71107e-05
           0
           0
  2.7504e-05
           0
           0
  2.1435e-05
           0
           0
-3.18891e-08
 3.04944e-08
 3.26164e-08
-3.11899e-08
-1.80216e-05
           0
           0
 1.80232e-05
           0
           0
 2.99234e-06
           0
           0
           0
           0
           0
           0
-2.67328e-05
    0.366446
    -0.37367
   -0.185839
           0
           0
pk 0.996579
       1
       1
0.996621
       1
       1
0.999265
0.999816
       1
0.994836
0.999931
       1
0.994902
0.999932
       1
0.998671
0.999778
       1
0.990556
0.999955
       1
0.990512
0.999954
       1
0.999231
0.999998
0.997064
0.969897
0.999779
0.967674
0.983019
0.999811
0.973457
 0.99078
0.999995
       1
count 18
(curr.pk-pk_prev).cwiseAbs().sum() 0.0747433
(curr.pk-p0).cwiseAbs().sum() 0.157985
stable?: 1 converged?: 1 G: 3.22957e-08
tp: 2398
Elapsed Time d2w: 89252625 us
Elapsed Time dG: 8429 us
vz_norm: 1.14485e-07vp_norm: 1.81587e-08
zk  -0.00396878
  0.00504591
   0.0140033
   0.0120668
-0.000243465
  0.00278026
 -0.00199884
  0.00262594
  0.00920711
 0.000214508
-0.000130726
 -0.00332362
 3.40409e-13
           0
           0
 2.33939e-13
           0
           0
 -0.00335666
           0
           0
 0.000136226
           0
 9.38565e-05
           0
 -0.00365432
           0
           0
-4.55391e-05
-4.28737e-05
           0
           0
  0.00012296
           0
           0
-8.13638e-06
           0
           0
-1.12276e-14
 1.72894e-14
 1.12947e-14
-1.73927e-14
           0
           0
           0
           0
           0
           0
-2.23687e-06
           0
           0
           0
           0
           0
           0
 0.000289008
   0.0234313
  -0.0141804
   -0.200605
           0
           0
pk  1.00056
       1
       1
0.996747
       1
       1
 1.00069
0.999941
       1
0.999387
 1.00015
       1
0.994076
0.999936
       1
 1.00258
 1.00032
       1
0.985486
0.999973
       1
 0.99009
 1.00001
       1
 1.00256
0.999798
 1.00062
0.968142
 0.99939
0.968661
0.976387
0.998901
0.973832
 1.00083
0.999995
       1
count 19
(curr.pk-pk_prev).cwiseAbs().sum() 0.0494449
(curr.pk-p0).cwiseAbs().sum() 0.15757
stable?: 1 converged?: 1 G: 3.22655e-08
tp: 96
Elapsed Time d2w: 2928005 us
Elapsed Time dG: 9407 us
vz_norm: 2.01873e-07vp_norm: 1.40156e-08
zk   0.00333967
-0.000683857
 -0.00294563
  0.00103429
  0.00749867
  -0.0025049
  0.00195579
-0.000413555
 -0.00170444
-0.000944682
 0.000311374
-0.000618034
-1.22854e-13
           0
           0
-1.20802e-13
           0
           0
 0.000719486
           0
           0
-4.90133e-05
           0
-4.84412e-05
           0
 0.000815811
           0
           0
 4.04043e-05
 2.35502e-05
           0
           0
-2.37172e-05
           0
           0
 6.61336e-06
           0
           0
 1.80645e-19
-2.95508e-20
-1.81609e-19
 2.97086e-20
 1.35842e-05
           0
           0
-1.35775e-05
           0
           0
 9.07971e-07
           0
           0
           0
           0
           0
           0
-5.07148e-05
   -0.106235
   0.0334528
  -0.0372022
           0
           0
pk  1.00047
       1
       1
0.996731
       1
       1
 1.00067
0.999922
       1
0.999101
 1.00015
       1
0.993948
0.999934
       1
 1.00297
 1.00031
       1
0.985061
0.999966
       1
0.989334
0.999985
       1
 1.00128
0.999786
 1.00007
0.968202
  0.9993
0.968999
0.975591
0.998696
0.974014
0.997238
0.999945
       1
count 20
(curr.pk-pk_prev).cwiseAbs().sum() 0.00931368
(curr.pk-p0).cwiseAbs().sum() 0.160162
stable?: 1 converged?: 1 G: 3.22668e-08
tp: 11
Elapsed Time d2w: 382901 us
Elapsed Time dG: 8718 us
vz_norm: 1.33797e-07vp_norm: 9.56512e-09
zk  -0.00083901
  0.00152726
  -0.0105207
 -0.00279736
-0.000936403
 -0.00909827
-0.000419994
 0.000769125
 -0.00532205
-0.000283025
 -0.00016429
 -0.00210147
 4.92082e-14
           0
           0
-7.08152e-14
           0
           0
  0.00262357
           0
           0
 1.97021e-05
           0
-2.84949e-05
           0
  0.00312691
           0
           0
 0.000159021
 1.44527e-05
           0
           0
 9.94458e-06
           0
           0
 2.64274e-05
           0
           0
 1.00297e-08
-6.99692e-09
 7.13596e-09
-4.70482e-09
 9.91255e-06
           0
           0
 6.75598e-06
           0
           0
  3.6843e-06
           0
           0
           0
           0
           0
           0
-0.000162772
   -0.108426
  -0.0677442
   -0.126505
           0
           0
pk  1.00038
       1
       1
0.996638
       1
       1
 1.00052
0.999888
       1
0.998959
 1.00014
       1
0.993803
0.999933
       1
 1.00277
 1.00027
       1
 0.98469
0.999964
       1
0.989005
0.999983
       1
 1.00103
0.999786
 0.99908
0.966132
0.999254
0.964752
  0.9745
0.998661
0.973256
0.993245
0.999941
       1
count 21
(curr.pk-pk_prev).cwiseAbs().sum() 0.0150924
(curr.pk-p0).cwiseAbs().sum() 0.173645
stable?: 1 converged?: 1 G: 3.22622e-08
tp: 4
Elapsed Time d2w: 167101 us
Elapsed Time dG: 8570 us
vz_norm: 6.46631e-08vp_norm: 6.05631e-09
zk  -0.00508472
 -0.00391887
  -0.0063184
  0.00641657
 -0.00558949
  -0.0051363
 -0.00255064
 -0.00197381
 -0.00316675
 0.000875164
 -0.00092617
 -0.00114079
 2.28033e-13
           0
           0
 2.23935e-13
           0
           0
  0.00157795
           0
           0
 9.13152e-05
           0
 9.01203e-05
           0
  0.00188715
           0
           0
 9.00855e-05
-4.57236e-05
           0
           0
 4.61191e-05
           0
           0
 1.49915e-05
           0
           0
  -1.994e-08
 4.67268e-09
 2.01157e-08
-4.71386e-09
-3.14206e-05
           0
           0
 3.14019e-05
           0
           0
 2.10034e-06
           0
           0
           0
           0
           0
           0
-8.51951e-05
    0.168856
   -0.168851
  -0.0648349
           0
           0
pk  1.00014
       1
       1
  0.9964
       1
       1
 1.00012
0.999793
       1
0.998591
 1.00014
       1
 0.99344
0.999928
       1
 1.00208
 1.00015
       1
0.984068
0.999961
       1
0.988308
 0.99998
       1
 1.00065
0.999785
0.997245
 0.97034
0.999261
0.967406
0.970369
0.998641
 0.96972
0.984653
0.999938
       1
count 22
(curr.pk-pk_prev).cwiseAbs().sum() 0.0292085
(curr.pk-p0).cwiseAbs().sum() 0.185457
stable?: 1 converged?: 1 G: 3.22709e-08
tp: 4
Elapsed Time d2w: 122250 us
Elapsed Time dG: 8567 us
vz_norm: 2.60067e-07vp_norm: 3.13645e-08
zk   0.00121043
  -0.0012146
-0.000995851
 0.000672945
  0.00139774
 0.000793822
 0.000607031
-0.000611444
-0.000499632
 0.000233336
 0.000243504
 0.000194972
-6.10506e-14
           0
           0
 6.04737e-14
           0
           0
 0.000248756
           0
           0
-2.44565e-05
           0
 2.43459e-05
           0
 0.000297634
           0
           0
 -1.4083e-05
-1.23604e-05
           0
           0
-1.23609e-05
           0
           0
-2.34434e-06
           0
           0
-5.13926e-09
 1.00746e-09
-5.15155e-09
 1.00987e-09
-8.45828e-06
           0
           0
-8.45303e-06
           0
           0
-3.31294e-07
           0
           0
           0
           0
           0
           0
-1.53623e-05
   0.0440388
   0.0436821
   0.0114282
           0
           0
pk  1.00014
       1
       1
 0.99639
       1
       1
 1.00011
0.999791
       1
0.998584
 1.00014
       1
0.993427
0.999928
       1
 1.00206
 1.00015
       1
0.984025
0.999961
       1
0.988309
 0.99998
       1
 1.00065
0.999785
0.997317
0.968017
0.999253
0.965772
0.972449
0.998647
0.971069
0.984912
0.999938
       1
count 23
(curr.pk-pk_prev).cwiseAbs().sum() 0.00785221
(curr.pk-p0).cwiseAbs().sum() 0.185685
stable?: 1 converged?: 1 G: 3.22695e-08
tp: 10
Elapsed Time d2w: 392430 us
Elapsed Time dG: 8583 us
vz_norm: 3.49892e-07vp_norm: 1.02734e-08
zk   0.00115132
 -0.00095659
 -0.00531226
  0.00153498
  0.00129769
  0.00422698
 0.000581348
-0.000485019
 -0.00268231
 0.000208673
 0.000221809
 0.000974461
-5.45329e-14
           0
           0
 5.11602e-14
           0
           0
  0.00132576
           0
           0
-2.18428e-05
           0
 2.05937e-05
           0
  0.00158281
           0
           0
-7.38295e-05
-1.04372e-05
           0
           0
-1.10217e-05
           0
           0
-1.22825e-05
           0
           0
-4.50442e-09
 3.39227e-09
-4.81833e-09
 3.46357e-09
-7.10724e-06
           0
           0
 -7.4707e-06
           0
           0
-1.73436e-06
           0
           0
           0
           0
           0
           0
-8.35723e-05
   0.0604711
   0.0609146
   0.0586755
           0
           0
pk  1.00011
       1
       1
0.996368
       1
       1
 1.00008
0.999785
       1
0.998549
 1.00014
       1
0.993393
0.999927
       1
 1.00201
 1.00014
       1
0.983941
 0.99996
       1
0.988223
 0.99998
       1
 1.00062
0.999785
0.997178
0.967681
0.999244
0.964924
0.972019
0.998637
0.970088
0.984347
0.999938
       1
count 24
(curr.pk-pk_prev).cwiseAbs().sum() 0.00372707
(curr.pk-p0).cwiseAbs().sum() 0.189133
stable?: 1 converged?: 1 G: 3.22683e-08
tp: 4
Elapsed Time d2w: 123822 us
Elapsed Time dG: 8347 us
vz_norm: 3.53821e-07vp_norm: 1.43716e-08
zk -0.000912124
 -0.00090321
-0.000307367
 0.000996285
 -0.00104724
-0.000246943
-0.000457668
 -0.00045492
-0.000154117
 0.000175547
-0.000181516
-6.02203e-05
 4.57863e-14
           0
           0
 4.51511e-14
           0
           0
 7.67872e-05
           0
           0
 1.83423e-05
           0
 1.81779e-05
           0
 9.19018e-05
           0
           0
  4.3465e-06
-9.22899e-06
           0
           0
 9.27037e-06
           0
           0
 7.23615e-07
           0
           0
-4.17042e-09
 1.17689e-09
 4.19274e-09
-1.18319e-09
-6.32957e-06
           0
           0
 6.32573e-06
           0
           0
 1.02296e-07
           0
           0
           0
           0
           0
           0
-4.52061e-06
   0.0360587
  -0.0356057
 -0.00341519
           0
           0
pk  1.00011
       1
       1
0.996362
       1
       1
 1.00008
0.999785
       1
0.998542
 1.00014
       1
0.993384
0.999927
       1
   1.002
 1.00014
       1
0.983919
 0.99996
       1
0.988213
0.999979
       1
 1.00062
0.999785
0.997191
0.967074
0.999241
0.964372
0.972498
0.998639
0.970485
0.984414
0.999938
       1
count 25
(curr.pk-pk_prev).cwiseAbs().sum() 0.00219038
(curr.pk-p0).cwiseAbs().sum() 0.189377
stable?: 1 converged?: 1 G: 3.22678e-08
tp: 4
Elapsed Time d2w: 126006 us
Elapsed Time dG: 8706 us
vz_norm: 1.51804e-07vp_norm: 3.66427e-09
zk    0.0018047
 -0.00144697
-0.000476899
   0.0019055
  0.00191939
 0.000380872
 0.000907454
-0.000730678
-0.000238977
 0.000316896
 0.000326428
 9.38527e-05
 -8.2136e-14
           0
           0
 8.09064e-14
           0
           0
 0.000119151
           0
           0
-3.29032e-05
           0
  3.2572e-05
           0
 0.000142635
           0
           0
-6.74566e-06
-1.65292e-05
           0
           0
-1.66217e-05
           0
           0
 -1.1231e-06
           0
           0
-9.70416e-09
 5.04782e-09
-9.76567e-09
 5.07981e-09
-1.13208e-05
           0
           0
 -1.1314e-05
           0
           0
-1.58768e-07
           0
           0
           0
           0
           0
           0
-2.25448e-06
    0.086856
   0.0853567
  0.00523368
           0
           0
pk  1.00002
       1
       1
0.996279
       1
       1
 1.00007
0.999782
       1
0.998415
 1.00014
       1
0.993258
0.999925
       1
 1.00198
 1.00014
       1
0.983681
0.999959
       1
 0.98799
0.999978
       1
  1.0006
0.999785
0.997163
 0.96634
0.999235
0.963244
0.972457
0.998638
0.970912
0.984291
0.999938
       1
count 26
(curr.pk-pk_prev).cwiseAbs().sum() 0.00342289
(curr.pk-p0).cwiseAbs().sum() 0.191681
stable?: 1 converged?: 1 G: 3.22661e-08
tp: 4
Elapsed Time d2w: 162092 us
Elapsed Time dG: 8203 us
vz_norm: 1.52068e-07vp_norm: 8.89032e-09
zk  -0.00183317
 -0.00149067
-0.000233161
  0.00193812
 -0.00195536
-0.000180498
-0.000921685
-0.000752632
-0.000116738
 0.000323858
-0.000334476
-6.02502e-05
  8.4017e-14
           0
           0
 8.26987e-14
           0
           0
 5.82619e-05
           0
           0
 3.36611e-05
           0
 3.32979e-05
           0
 6.97673e-05
           0
           0
 3.29858e-06
-1.69024e-05
           0
           0
 1.70091e-05
           0
           0
 5.49238e-07
           0
           0
-9.72124e-09
 4.89834e-09
 9.79863e-09
-4.93733e-09
-1.15871e-05
           0
           0
 1.15802e-05
           0
           0
 7.76585e-08
           0
           0
           0
           0
           0
           0
 1.43864e-06
   0.0868096
  -0.0854926
 -0.00336417
           0
           0
pk 0.999945
       1
       1
0.996198
       1
       1
 1.00005
0.999777
       1
0.998295
 1.00013
       1
0.993136
0.999924
       1
 1.00195
 1.00014
       1
0.983438
0.999958
       1
0.987789
0.999977
       1
 1.00059
0.999784
0.997116
0.964658
0.999224
0.960812
0.973386
0.998643
0.972607
0.984082
0.999938
       1
count 27
(curr.pk-pk_prev).cwiseAbs().sum() 0.00793779
(curr.pk-p0).cwiseAbs().sum() 0.194162
stable?: 1 converged?: 1 G: 3.22642e-08
tp: 4
Elapsed Time d2w: 174541 us
Elapsed Time dG: 10282 us
vz_norm: 1.4804e-07vp_norm: 8.68772e-09
zk   0.00186138
 -0.00148855
-0.000286419
  0.00193894
  0.00197741
 0.000222355
 0.000936067
-0.000751769
-0.000143447
 0.000326284
 0.000337776
 7.07022e-05
-8.48191e-14
           0
           0
 8.32609e-14
           0
           0
 7.15679e-05
           0
           0
-3.39864e-05
           0
 3.35282e-05
           0
 8.56954e-05
           0
           0
-4.05095e-06
-1.70229e-05
           0
           0
-1.71763e-05
           0
           0
-6.74507e-07
           0
           0
-9.94103e-09
 5.13855e-09
-1.00631e-08
 5.20163e-09
-1.16882e-05
           0
           0
-1.16814e-05
           0
           0
-9.53888e-08
           0
           0
           0
           0
           0
           0
 9.63266e-07
   0.0889772
   0.0879181
  0.00395987
           0
           0
pk  0.99986
       1
       1
0.996112
       1
       1
 1.00003
0.999773
       1
0.998166
 1.00013
       1
0.993006
0.999922
       1
 1.00191
 1.00013
       1
0.983179
0.999957
       1
0.987573
0.999976
       1
 1.00057
0.999784
0.997071
0.962951
0.999212
0.958279
0.974293
0.998648
0.974364
 0.98388
0.999938
       1
count 28
(curr.pk-pk_prev).cwiseAbs().sum() 0.00815796
(curr.pk-p0).cwiseAbs().sum() 0.196836
stable?: 1 converged?: 1 G: 3.22622e-08
tp: 4
Elapsed Time d2w: 135984 us
Elapsed Time dG: 8550 us
vz_norm: 1.50488e-07vp_norm: 9.07967e-09
zk  -0.00183998
 -0.00147423
-0.000359862
  0.00188526
 -0.00195848
-0.000281287
-0.000925339
-0.000744554
-0.000180297
 0.000322453
-0.000334677
-8.42791e-05
 8.40445e-14
           0
           0
 8.22753e-14
           0
           0
 8.99157e-05
           0
           0
 3.36803e-05
           0
 3.31357e-05
           0
 0.000107655
           0
           0
 5.08824e-06
-1.68283e-05
           0
           0
 1.70256e-05
           0
           0
 8.47206e-07
           0
           0
-9.76219e-09
 5.00066e-09
 9.92605e-09
 -5.0846e-09
-1.15754e-05
           0
           0
 1.15689e-05
           0
           0
 1.19833e-07
           0
           0
           0
           0
           0
           0
-3.73907e-07
   0.0873434
  -0.0866268
 -0.00474241
           0
           0
pk 0.999777
       1
       1
0.996028
       1
       1
 1.00002
0.999769
       1
 0.99804
 1.00013
       1
0.992879
 0.99992
       1
 1.00188
 1.00013
       1
0.982927
0.999956
       1
0.987363
0.999975
       1
 1.00056
0.999784
 0.99703
0.961211
0.999201
0.955736
0.975238
0.998653
0.976149
0.983703
0.999938
       1
count 29
(curr.pk-pk_prev).cwiseAbs().sum() 0.00819813
(curr.pk-p0).cwiseAbs().sum() 0.199435
stable?: 1 converged?: 1 G: 3.22602e-08
tp: 4
Elapsed Time d2w: 152635 us
Elapsed Time dG: 9343 us
vz_norm: 1.5314e-07vp_norm: 9.07614e-09
zk    0.0018271
 -0.00146844
-0.000453636
  0.00184179
  0.00194954
 0.000356794
 0.000918854
-0.000741594
-0.000227345
  0.00032026
 0.000333166
 0.000100583
-8.36996e-14
           0
           0
 8.17077e-14
           0
           0
 0.000113343
           0
           0
-3.35463e-05
           0
 3.29113e-05
           0
 0.000135696
           0
           0
-6.41265e-06
 -1.6719e-05
           0
           0
-1.69619e-05
           0
           0
-1.06771e-06
           0
           0
-9.58932e-09
 4.82426e-09
-9.79412e-09
 4.92729e-09
 -1.1522e-05
           0
           0
-1.15157e-05
           0
           0
-1.51046e-07
           0
           0
           0
           0
           0
           0
-2.03981e-06
   0.0856153
   0.0852264
  0.00567583
           0
           0
pk 0.999696
       1
       1
0.995948
       1
       1
       1
0.999766
       1
0.997919
 1.00013
       1
0.992757
0.999919
       1
 1.00186
 1.00012
       1
0.982683
0.999955
       1
0.987161
0.999974
       1
 1.00055
0.999784
0.996997
0.959499
 0.99919
0.953296
0.976162
0.998657
0.977852
0.983559
0.999938
       1
count 30
(curr.pk-pk_prev).cwiseAbs().sum() 0.00788941
(curr.pk-p0).cwiseAbs().sum() 0.201947
stable?: 1 converged?: 1 G: 3.22583e-08
tp: 4
Elapsed Time d2w: 225951 us
Elapsed Time dG: 11185 us
vz_norm: 1.56868e-07vp_norm: 9.11703e-09
zk  -0.00179428
 -0.00144759
-0.000529604
  0.00178134
 -0.00191982
 -0.00041804
-0.000902361
-0.000731061
-0.000265465
 0.000314654
 -0.00032817
-0.000113609
 8.24595e-14
           0
           0
 8.02753e-14
           0
           0
 0.000132322
           0
           0
 3.30533e-05
           0
 3.23383e-05
           0
 0.000158413
           0
           0
 7.48527e-06
-1.64323e-05
           0
           0
 1.67163e-05
           0
           0
  1.2463e-06
           0
           0
-9.34314e-09
 4.63968e-09
 9.58381e-09
 -4.7592e-09
-1.13452e-05
           0
           0
 1.13391e-05
           0
           0
 1.76334e-07
           0
           0
           0
           0
           0
           0
-3.48916e-06
   0.0833602
  -0.0832839
  -0.0064234
           0
           0
pk  0.99962
       1
       1
0.995871
       1
       1
0.999991
0.999763
       1
0.997803
 1.00013
       1
0.992641
0.999917
       1
 1.00184
 1.00012
       1
0.982451
0.999954
       1
0.986967
0.999973
       1
 1.00054
0.999784
0.996969
0.957838
0.999179
0.950969
0.977054
0.998662
0.979471
0.983447
0.999938
       1
count 31
(curr.pk-pk_prev).cwiseAbs().sum() 0.00751761
(curr.pk-p0).cwiseAbs().sum() 0.204359
stable?: 1 converged?: 1 G: 3.22563e-08
tp: 4
Elapsed Time d2w: 161774 us
Elapsed Time dG: 10833 us
vz_norm: 9.63229e-08vp_norm: 5.82849e-09
zk  -0.00228847
   0.0028965
 -0.00170158
 -0.00324738
 -0.00310746
  0.00137599
 -0.00115064
  0.00146116
-0.000852859
-0.000495873
-0.000530415
 0.000281732
 1.31454e-13
           0
           0
-1.27631e-13
           0
           0
 0.000425151
           0
           0
 5.26985e-05
           0
-5.14211e-05
           0
 0.000509004
           0
           0
-2.40481e-05
 2.61342e-05
           0
           0
 2.66559e-05
           0
           0
-4.00408e-06
           0
           0
 1.51587e-08
-7.76493e-09
  1.5613e-08
-7.99766e-09
 1.80716e-05
           0
           0
 1.80623e-05
           0
           0
-5.66589e-07
           0
           0
           0
           0
           0
           0
-1.40079e-05
   -0.134756
   -0.136421
   0.0154856
           0
           0
pk 0.999411
       1
       1
0.995672
       1
       1
0.999967
0.999757
       1
0.997487
 1.00012
       1
 0.99234
0.999913
       1
 1.00179
 1.00011
       1
0.981931
0.999951
       1
 0.98636
 0.99997
       1
 1.00051
0.999784
0.996931
0.958945
0.999184
0.953424
0.974023
0.998641
0.975419
0.983323
0.999937
       1
count 32
(curr.pk-pk_prev).cwiseAbs().sum() 0.0131023
(curr.pk-p0).cwiseAbs().sum() 0.210165
stable?: 1 converged?: 1 G: 3.22527e-08
tp: 4
Elapsed Time d2w: 136495 us
Elapsed Time dG: 9501 us
vz_norm: 1.70494e-07vp_norm: 1.62492e-08
zk  -0.00168983
  -0.0014231
-0.000587389
  0.00200855
 -0.00184526
-0.000483623
-0.000849788
-0.000718584
-0.000294397
 0.000301624
-0.000316111
-8.17234e-05
 7.90089e-14
           0
           0
 7.70439e-14
           0
           0
 0.000146767
           0
           0
 3.16838e-05
           0
 3.10496e-05
           0
 0.000175726
           0
           0
 8.30097e-06
-1.57906e-05
           0
           0
 1.60378e-05
           0
           0
 1.38218e-06
           0
           0
-8.66396e-09
 4.05243e-09
 8.86382e-09
-4.14592e-09
-1.09114e-05
           0
           0
 1.09055e-05
           0
           0
 1.95608e-07
           0
           0
           0
           0
           0
           0
-5.51014e-06
   0.0770976
  -0.0771286
 -0.00438408
           0
           0
pk 0.999348
       1
       1
0.995616
       1
       1
 0.99996
0.999756
       1
0.997393
 1.00012
       1
0.992254
0.999912
       1
 1.00178
 1.00011
       1
  0.9818
 0.99995
       1
0.986161
 0.99997
       1
 1.00051
0.999784
0.996917
0.960821
0.999193
0.956098
0.971564
0.998628
0.972249
 0.98329
0.999937
       1
count 33
(curr.pk-pk_prev).cwiseAbs().sum() 0.0109122
(curr.pk-p0).cwiseAbs().sum() 0.211913
stable?: 1 converged?: 1 G: 3.2252e-08
tp: 4
Elapsed Time d2w: 145396 us
Elapsed Time dG: 8114 us
vz_norm: 1.53399e-07vp_norm: 8.01337e-09
zk   0.00181314
 -0.00145916
-0.000521813
  0.00182966
   0.0019357
 0.000413148
 0.000912242
-0.000737237
-0.000261557
 0.000319198
 0.000330813
  0.00011092
-8.29847e-14
           0
           0
 8.12891e-14
           0
           0
 0.000130381
           0
           0
-3.32811e-05
           0
  3.2763e-05
           0
 0.000156104
           0
           0
 -7.3739e-06
-1.66627e-05
           0
           0
-1.68482e-05
           0
           0
-1.22781e-06
           0
           0
-9.59235e-09
  4.8485e-09
 -9.7544e-09
 4.93041e-09
-1.14875e-05
           0
           0
 -1.1481e-05
           0
           0
-1.73766e-07
           0
           0
           0
           0
           0
           0
-3.10152e-06
   0.0856441
   0.0849044
  0.00625774
           0
           0
pk 0.999267
       1
       1
0.995534
       1
       1
0.999949
0.999753
       1
0.997271
 1.00012
       1
0.992131
 0.99991
       1
 1.00175
 1.00011
       1
0.981557
0.999949
       1
0.985954
0.999968
       1
  1.0005
0.999784
0.996888
0.959298
0.999182
0.953915
  0.9723
0.998631
0.973714
0.983168
0.999937
       1
count 34
(curr.pk-pk_prev).cwiseAbs().sum() 0.00698202
(curr.pk-p0).cwiseAbs().sum() 0.214412
stable?: 1 converged?: 1 G: 3.22501e-08
tp: 4
Elapsed Time d2w: 168443 us
Elapsed Time dG: 7973 us
vz_norm: 1.57137e-07vp_norm: 9.12234e-09
zk  -0.00179474
 -0.00145996
-0.000443251
  0.00182265
 -0.00192431
-0.000348998
-0.000902929
 -0.00073756
-0.000222159
 0.000317133
-0.000329627
-9.76591e-05
 8.26462e-14
           0
           0
 8.07657e-14
           0
           0
 0.000110754
           0
           0
 3.31494e-05
           0
 3.25561e-05
           0
 0.000132612
           0
           0
 6.26327e-06
-1.65622e-05
           0
           0
 1.67857e-05
           0
           0
  1.0429e-06
           0
           0
 -9.3704e-09
 4.60798e-09
 9.56488e-09
-4.70362e-09
-1.14378e-05
           0
           0
 1.14315e-05
           0
           0
 1.47616e-07
           0
           0
           0
           0
           0
           0
-2.19497e-06
   0.0835128
  -0.0830841
 -0.00551043
           0
           0
pk 0.999192
       1
       1
0.995459
       1
       1
0.999936
 0.99975
       1
0.997157
 1.00012
       1
0.992017
0.999909
       1
 1.00173
  1.0001
       1
0.981328
0.999948
       1
0.985764
0.999967
       1
 1.00049
0.999784
0.996856
0.957636
0.999172
  0.9516
0.973212
0.998636
0.975324
0.983031
0.999937
       1
count 35
(curr.pk-pk_prev).cwiseAbs().sum() 0.00754281
(curr.pk-p0).cwiseAbs().sum() 0.21682
stable?: 1 converged?: 1 G: 3.22481e-08
tp: 4
Elapsed Time d2w: 140936 us
Elapsed Time dG: 9688 us
vz_norm: 1.56316e-07vp_norm: 8.86672e-09
zk   0.00179623
 -0.00144966
-0.000516441
  0.00179628
  0.00192373
  0.00040748
 0.000903794
-0.000732463
-0.000258878
 0.000316042
  0.00032926
  0.00011078
-8.25518e-14
           0
           0
 8.04561e-14
           0
           0
  0.00012904
           0
           0
-3.31153e-05
           0
  3.2435e-05
           0
 0.000154504
           0
           0
-7.29635e-06
-1.65042e-05
           0
           0
-1.67714e-05
           0
           0
-1.21492e-06
           0
           0
-9.38776e-09
 4.66361e-09
 -9.6218e-09
 4.77988e-09
-1.14167e-05
           0
           0
-1.14106e-05
           0
           0
-1.71987e-07
           0
           0
           0
           0
           0
           0
-3.25488e-06
   0.0837547
   0.0836003
  0.00625959
           0
           0
pk 0.999115
       1
       1
0.995381
       1
       1
0.999925
0.999747
       1
 0.99704
 1.00012
       1
0.991899
0.999907
       1
 1.00171
  1.0001
       1
0.981095
0.999947
       1
0.985568
0.999966
       1
 1.00048
0.999784
0.996828
0.956005
0.999161
0.949312
0.974071
 0.99864
0.976902
0.982915
0.999937
       1
count 36
(curr.pk-pk_prev).cwiseAbs().sum() 0.00738737
(curr.pk-p0).cwiseAbs().sum() 0.219251
stable?: 1 converged?: 1 G: 3.22462e-08
tp: 4
Elapsed Time d2w: 129302 us
Elapsed Time dG: 8674 us
vz_norm: 9.6215e-08vp_norm: 5.86114e-09
zk   0.00228261
  0.00289502
 -0.00173546
 -0.00326066
  0.00310569
 -0.00140344
  0.00114827
  0.00146113
 -0.00086991
  -0.0004968
 0.000530702
-0.000287666
-1.31266e-13
           0
           0
  -1.276e-13
           0
           0
 0.000433637
           0
           0
-5.26626e-05
           0
-5.14463e-05
           0
 0.000519226
           0
           0
 2.45168e-05
 2.61832e-05
           0
           0
-2.66756e-05
           0
           0
 4.08236e-06
           0
           0
 1.51904e-08
 -7.7817e-09
-1.56319e-08
 8.00787e-09
 1.81398e-05
           0
           0
-1.81304e-05
           0
           0
 5.77979e-07
           0
           0
           0
           0
           0
           0
-1.45186e-05
   -0.135028
    0.136552
  -0.0158239
           0
           0
pk 0.998905
       1
       1
0.995182
       1
       1
  0.9999
0.999741
       1
0.996724
 1.00011
       1
0.991598
0.999903
       1
 1.00166
 1.00009
       1
0.980572
0.999945
       1
 0.98496
0.999964
       1
 1.00045
0.999784
0.996793
0.957124
0.999166
0.951792
0.971014
 0.99862
0.972818
0.982803
0.999937
       1
count 37
(curr.pk-pk_prev).cwiseAbs().sum() 0.013194
(curr.pk-p0).cwiseAbs().sum() 0.225067
stable?: 1 converged?: 1 G: 3.22426e-08
tp: 4
Elapsed Time d2w: 158539 us
Elapsed Time dG: 8879 us
vz_norm: 1.51643e-07vp_norm: 1.45549e-08
zk   0.00173657
 -0.00166397
-0.000783317
  0.00227702
  0.00204338
 0.000642559
 0.000873711
-0.000840332
-0.000392642
 0.000333574
 0.000350527
 0.000113839
-8.72296e-14
           0
           0
 8.51659e-14
           0
           0
 0.000195731
           0
           0
-3.50068e-05
           0
 3.43481e-05
           0
 0.000234377
           0
           0
-1.10653e-05
-1.74919e-05
           0
           0
-1.77446e-05
           0
           0
-1.84257e-06
           0
           0
-9.72248e-09
 4.65557e-09
-9.93727e-09
 4.75841e-09
-1.21084e-05
           0
           0
-1.21018e-05
           0
           0
  -2.609e-07
           0
           0
           0
           0
           0
           0
-7.62689e-06
   0.0866215
    0.086702
  0.00615531
           0
           0
pk 0.998827
       1
       1
0.995111
       1
       1
0.999891
0.999739
       1
0.996606
 1.00011
       1
0.991489
0.999902
       1
 1.00164
 1.00009
       1
0.980403
0.999944
       1
0.984712
0.999963
       1
 1.00045
0.999784
 0.99678
0.959155
0.999176
0.954807
0.968235
0.998604
0.969166
0.982777
0.999937
       1
count 38
(curr.pk-pk_prev).cwiseAbs().sum() 0.0123802
(curr.pk-p0).cwiseAbs().sum() 0.227276
stable?: 1 converged?: 1 G: 3.22416e-08
tp: 4
Elapsed Time d2w: 197345 us
Elapsed Time dG: 8709 us
vz_norm: 1.57706e-07vp_norm: 9.31499e-09
zk  -0.00178209
 -0.00145609
-0.000492965
  0.00179878
  -0.0019124
-0.000389845
-0.000896958
-0.000735908
-0.000247115
 0.000316798
 -0.00032793
-0.000107021
  8.2079e-14
           0
           0
 8.05427e-14
           0
           0
 0.000123179
           0
           0
 3.29436e-05
           0
  3.2487e-05
           0
 0.000147501
           0
           0
  6.9636e-06
-1.65465e-05
           0
           0
 1.67025e-05
           0
           0
 1.15956e-06
           0
           0
-9.36827e-09
 4.60407e-09
 9.50915e-09
-4.67331e-09
-1.14287e-05
           0
           0
 1.14221e-05
           0
           0
 1.64193e-07
           0
           0
           0
           0
           0
           0
-2.99322e-06
    0.083449
  -0.0826092
 -0.00604851
           0
           0
pk 0.998752
       1
       1
0.995035
       1
       1
 0.99988
0.999736
       1
0.996493
 1.00011
       1
0.991374
  0.9999
       1
 1.00162
 1.00008
       1
0.980173
0.999943
       1
0.984523
0.999962
       1
 1.00043
0.999784
0.996751
0.957471
0.999165
0.952471
0.969171
0.998608
0.970814
0.982656
0.999937
       1
count 39
(curr.pk-pk_prev).cwiseAbs().sum() 0.00762436
(curr.pk-p0).cwiseAbs().sum() 0.229647
stable?: 1 converged?: 1 G: 3.22397e-08
tp: 4
Elapsed Time d2w: 200325 us
Elapsed Time dG: 15883 us
vz_norm: 1.56311e-07vp_norm: 8.84281e-09
zk   0.00179923
 -0.00146404
 -0.00042001
   0.0018435
  0.00193078
 0.000330343
  0.00090566
-0.000739992
-0.000210513
 0.000319038
 0.000331182
  9.3005e-05
-8.28447e-14
           0
           0
 8.10706e-14
           0
           0
 0.000104953
           0
           0
-3.32546e-05
           0
 3.27036e-05
           0
 0.000125685
           0
           0
-5.93274e-06
-1.66607e-05
           0
           0
-1.68634e-05
           0
           0
-9.87931e-07
           0
           0
-9.43509e-09
 4.64411e-09
 -9.6168e-09
 4.73354e-09
-1.15275e-05
           0
           0
-1.15211e-05
           0
           0
-1.39909e-07
           0
           0
           0
           0
           0
           0
 -1.7875e-06
   0.0840812
   0.0835329
  0.00524156
           0
           0
pk 0.998676
       1
       1
0.994958
       1
       1
0.999866
0.999732
       1
0.996378
 1.00011
       1
0.991258
0.999899
       1
 1.00159
 1.00008
       1
0.979942
0.999942
       1
 0.98433
0.999961
       1
 1.00042
0.999784
0.996717
 0.95584
0.999155
0.950192
0.970049
0.998612
0.972383
0.982511
0.999937
       1
count 40
(curr.pk-pk_prev).cwiseAbs().sum() 0.00742083
(curr.pk-p0).cwiseAbs().sum() 0.232081
stable?: 1 converged?: 1 G: 3.22378e-08
tp: 4
Elapsed Time d2w: 147148 us
Elapsed Time dG: 9314 us
vz_norm: 1.55207e-07vp_norm: 8.88141e-09
zk  -0.00180399
 -0.00145598
-0.000487861
  0.00181782
 -0.00193328
-0.000384394
-0.000908174
-0.000736034
-0.000244555
 0.000318497
-0.000331393
-0.000105768
 8.28899e-14
           0
           0
 8.09013e-14
           0
           0
 0.000121907
           0
           0
 3.32765e-05
           0
 3.26391e-05
           0
 0.000145985
           0
           0
 6.89003e-06
-1.66315e-05
           0
           0
 1.68777e-05
           0
           0
 1.14734e-06
           0
           0
-9.47149e-09
  4.7114e-09
 9.69269e-09
-4.82143e-09
-1.15261e-05
           0
           0
 1.15198e-05
           0
           0
 1.62507e-07
           0
           0
           0
           0
           0
           0
-2.74301e-06
   0.0844958
  -0.0842184
 -0.00597286
           0
           0
pk 0.998598
       1
       1
 0.99488
       1
       1
0.999854
 0.99973
       1
 0.99626
 1.00011
       1
 0.99114
0.999897
       1
 1.00157
 1.00008
       1
0.979706
0.999941
       1
0.984132
 0.99996
       1
 1.00041
0.999784
0.996687
0.954186
0.999144
0.947865
0.970926
0.998617
0.973989
0.982382
0.999937
       1
count 41
(curr.pk-pk_prev).cwiseAbs().sum() 0.00752338
(curr.pk-p0).cwiseAbs().sum() 0.234551
stable?: 1 converged?: 1 G: 3.22358e-08
tp: 4
Elapsed Time d2w: 169029 us
Elapsed Time dG: 8294 us
vz_norm: 6.38194e-08vp_norm: 4.15104e-09
zk   0.00607299
 -0.00417506
 -0.00372599
  0.00525023
  0.00605381
  0.00296854
   0.0030531
 -0.00210734
 -0.00186795
  0.00102831
  0.00105516
 0.000706534
-2.61389e-13
           0
           0
 2.54431e-13
           0
           0
 0.000931047
           0
           0
-0.000104952
           0
 0.000102664
           0
  0.00111494
           0
           0
 -5.2615e-05
-5.23508e-05
           0
           0
-5.32667e-05
           0
           0
-8.76157e-06
           0
           0
-2.41536e-08
 6.87123e-09
-2.48193e-08
 7.06061e-09
 -3.6413e-05
           0
           0
-3.63938e-05
           0
           0
-1.24112e-06
           0
           0
           0
           0
           0
           0
-2.95579e-05
    0.204224
    0.202737
     0.03953
           0
           0
pk 0.998132
       1
       1
0.994419
       1
       1
0.999793
0.999714
       1
0.995555
  1.0001
       1
0.990443
0.999888
       1
 1.00144
 1.00006
       1
0.978391
0.999935
       1
0.982875
0.999954
       1
 1.00036
0.999784
0.996564
0.947479
 0.99911
0.942191
0.972968
0.998614
 0.97563
0.981899
0.999937
       1
count 42
(curr.pk-pk_prev).cwiseAbs().sum() 0.0219135
(curr.pk-p0).cwiseAbs().sum() 0.248682
stable?: 1 converged?: 1 G: 3.22248e-08
tp: 4
Elapsed Time d2w: 149278 us
Elapsed Time dG: 7812 us
vz_norm: 1.68906e-07vp_norm: 2.45566e-08
zk   0.00178451
  0.00186338
 -0.00101589
 -0.00277492
   0.0021566
-0.000844039
 0.000897462
 0.000940511
-0.000509367
-0.000351125
 0.000373815
-0.000152553
-9.30413e-14
           0
           0
-8.97381e-14
           0
           0
  0.00025386
           0
           0
-3.73833e-05
           0
-3.62346e-05
           0
 0.000304028
           0
           0
   1.434e-05
  1.8499e-05
           0
           0
-1.89949e-05
           0
           0
 2.38804e-06
           0
           0
 8.90059e-09
-3.07405e-09
-9.21648e-09
 3.18315e-09
 1.29499e-05
           0
           0
-1.29435e-05
           0
           0
 3.38443e-07
           0
           0
           0
           0
           0
           0
-1.33641e-05
  -0.0772553
   0.0785491
  -0.0083315
           0
           0
pk 0.998083
       1
       1
0.994382
       1
       1
 0.99978
0.999712
       1
0.995482
  1.0001
       1
0.990385
0.999887
       1
 1.00142
 1.00006
       1
 0.97832
0.999934
       1
0.982704
0.999953
       1
 1.00035
0.999784
0.996598
0.951266
0.999124
0.945871
0.968714
0.998595
 0.97148
0.982078
0.999937
       1
count 43
(curr.pk-pk_prev).cwiseAbs().sum() 0.0166308
(curr.pk-p0).cwiseAbs().sum() 0.249853
stable?: 1 converged?: 1 G: 3.22246e-08
tp: 4
Elapsed Time d2w: 163191 us
Elapsed Time dG: 7900 us
vz_norm: 1.69453e-07vp_norm: 9.14614e-09
zk   0.00166908
 -0.00137459
-0.000469156
  0.00181961
  0.00181589
 0.000383208
 0.000840587
 -0.00069511
-0.000235163
 0.000297309
 0.000311568
  7.0788e-05
-7.74946e-14
           0
           0
 7.53795e-14
           0
           0
 0.000117243
           0
           0
-3.11383e-05
           0
 3.04379e-05
           0
 0.000140431
           0
           0
-6.62446e-06
-1.55362e-05
           0
           0
-1.58199e-05
           0
           0
-1.10322e-06
           0
           0
-8.69069e-09
 4.19409e-09
-8.92598e-09
 4.30764e-09
-1.08199e-05
           0
           0
-1.08142e-05
           0
           0
-1.56328e-07
           0
           0
           0
           0
           0
           0
-3.38475e-06
   0.0773652
   0.0775376
  0.00382836
           0
           0
pk 0.998017
       1
       1
 0.99432
       1
       1
0.999773
 0.99971
       1
0.995382
  1.0001
       1
0.990292
0.999886
       1
  1.0014
 1.00005
       1
0.978164
0.999933
       1
0.982505
0.999952
       1
 1.00034
0.999784
0.996577
0.952109
0.999128
0.947297
0.967264
0.998586
0.969534
0.982003
0.999937
       1
count 44
(curr.pk-pk_prev).cwiseAbs().sum() 0.00649062
(curr.pk-p0).cwiseAbs().sum() 0.251744
stable?: 1 converged?: 1 G: 3.22236e-08
tp: 4
Elapsed Time d2w: 137551 us
Elapsed Time dG: 9967 us
vz_norm: 9.20762e-08vp_norm: 5.29628e-09
zk     0.002291
   0.0029819
 -0.00178398
  -0.0032801
  0.00317612
 -0.00144168
  0.00115392
  0.00150671
-0.000894349
-0.000509538
 0.000543512
-0.000296818
-1.33629e-13
           0
           0
-1.30298e-13
           0
           0
 0.000445814
           0
           0
-5.36988e-05
           0
-5.26183e-05
           0
 0.000533969
           0
           0
 2.51872e-05
 2.68589e-05
           0
           0
-2.72843e-05
           0
           0
 4.19456e-06
           0
           0
 1.59045e-08
-8.38321e-09
-1.62778e-08
    8.58e-09
 1.86802e-05
           0
           0
-1.86701e-05
           0
           0
 5.94416e-07
           0
           0
           0
           0
           0
           0
 -1.3938e-05
    -0.14156
    0.142562
  -0.0163251
           0
           0
pk 0.997786
       1
       1
  0.9941
       1
       1
0.999746
0.999703
       1
0.995034
 1.00009
       1
0.989957
0.999881
       1
 1.00135
 1.00005
       1
 0.97758
 0.99993
       1
0.981836
0.999949
       1
 1.00032
0.999784
0.996533
0.952995
0.999132
0.949645
 0.96424
0.998565
0.965417
0.981848
0.999936
       1
count 45
(curr.pk-pk_prev).cwiseAbs().sum() 0.0131183
(curr.pk-p0).cwiseAbs().sum() 0.258205
stable?: 1 converged?: 1 G: 3.22196e-08
tp: 4
Elapsed Time d2w: 159713 us
Elapsed Time dG: 8781 us
vz_norm: 1.17169e-07vp_norm: 1.19105e-08
zk   0.00212304
 -0.00249705
 -0.00146305
  0.00327221
  0.00275022
  0.00119544
  0.00106881
 -0.00126142
-0.000733535
 0.000448767
 0.000473077
 0.000229147
-1.16967e-13
           0
           0
 1.14523e-13
           0
           0
 0.000365616
           0
           0
-4.70201e-05
           0
 4.62638e-05
           0
 0.000437923
           0
           0
-2.06534e-05
-2.36341e-05
           0
           0
-2.39119e-05
           0
           0
-3.43959e-06
           0
           0
-1.27322e-08
 5.69196e-09
-1.29437e-08
  5.7865e-09
-1.64358e-05
           0
           0
-1.64265e-05
           0
           0
-4.87501e-07
           0
           0
           0
           0
           0
           0
-1.51912e-05
    0.111953
    0.111975
   0.0125426
           0
           0
pk 0.997656
       1
       1
0.993979
       1
       1
0.999723
0.999698
       1
0.994838
 1.00009
       1
0.989775
0.999879
       1
 1.00131
 1.00004
       1
0.977283
0.999929
       1
0.981434
0.999947
       1
  1.0003
0.999784
0.996536
0.955823
0.999144
0.953499
 0.96013
0.998543
0.960469
0.981903
0.999936
       1
count 46
(curr.pk-pk_prev).cwiseAbs().sum() 0.0172667
(curr.pk-p0).cwiseAbs().sum() 0.261823
stable?: 1 converged?: 1 G: 3.22177e-08
tp: 4
Elapsed Time d2w: 181222 us
Elapsed Time dG: 7950 us
vz_norm: 1.73679e-07vp_norm: 1.34587e-08
zk   -0.0016642
 -0.00142343
-0.000367032
  0.00170847
  -0.0018124
-0.000287365
-0.000838273
-0.000719842
-0.000184004
 0.000304143
-0.000313831
-8.64352e-05
 7.81261e-14
           0
           0
  7.7055e-14
           0
           0
 9.17244e-05
           0
           0
 3.14123e-05
           0
 3.11335e-05
           0
 0.000109874
           0
           0
 5.18201e-06
-1.59093e-05
           0
           0
 1.59809e-05
           0
           0
 8.63028e-07
           0
           0
-8.60804e-09
 3.88935e-09
 8.67096e-09
-3.91778e-09
-1.10307e-05
           0
           0
 1.10241e-05
           0
           0
 1.22313e-07
           0
           0
           0
           0
           0
           0
 -2.0746e-06
    0.076228
  -0.0750635
 -0.00490343
           0
           0
pk 0.997599
       1
       1
 0.99392
       1
       1
 0.99971
0.999694
       1
0.994751
 1.00009
       1
0.989684
0.999877
       1
 1.00128
 1.00003
       1
0.977095
0.999928
       1
0.981296
0.999946
       1
 1.00029
0.999784
0.996506
0.953777
0.999132
0.950899
0.961562
0.998549
0.962478
0.981771
0.999936
       1
count 47
(curr.pk-pk_prev).cwiseAbs().sum() 0.00894981
(curr.pk-p0).cwiseAbs().sum() 0.263794
stable?: 1 converged?: 1 G: 3.2216e-08
tp: 4
Elapsed Time d2w: 139439 us
Elapsed Time dG: 8541 us
vz_norm: 1.5309e-07vp_norm: 7.89349e-09
zk   0.00180816
 -0.00146684
-0.000332849
  0.00189779
  0.00194116
 0.000260676
 0.000911287
-0.000742325
-0.000166804
 0.000322818
 0.000333884
 7.59637e-05
-8.30512e-14
           0
           0
 8.16128e-14
           0
           0
 8.31874e-05
           0
           0
-3.33951e-05
           0
 3.29778e-05
           0
 9.96632e-05
           0
           0
-4.69946e-06
 -1.6853e-05
           0
           0
  -1.699e-05
           0
           0
-7.82701e-07
           0
           0
-9.66523e-09
 4.84622e-09
-9.78292e-09
 4.90523e-09
 -1.1704e-05
           0
           0
-1.16972e-05
           0
           0
-1.10947e-07
           0
           0
           0
           0
           0
           0
-2.14963e-07
    0.086263
   0.0852157
  0.00425682
           0
           0
pk  0.99752
       1
       1
 0.99384
       1
       1
0.999694
 0.99969
       1
0.994631
 1.00009
       1
0.989564
0.999876
       1
 1.00125
 1.00003
       1
0.976856
0.999927
       1
0.981093
0.999945
       1
 1.00027
0.999783
0.996467
0.952269
0.999122
 0.94873
0.962305
0.998553
0.963915
0.981595
0.999936
       1
count 48
(curr.pk-pk_prev).cwiseAbs().sum() 0.0070003
(curr.pk-p0).cwiseAbs().sum() 0.266325
stable?: 1 converged?: 1 G: 3.22141e-08
tp: 4
Elapsed Time d2w: 154705 us
Elapsed Time dG: 11600 us
vz_norm: 1.51643e-07vp_norm: 8.93803e-09
zk  -0.00182103
 -0.00146763
-0.000360211
  0.00188468
 -0.00195235
-0.000281705
-0.000917879
-0.000742824
-0.000180538
 0.000323988
-0.000335887
-8.34072e-05
 8.35201e-14
           0
           0
 8.18785e-14
           0
           0
 9.00254e-05
           0
           0
 3.35876e-05
           0
  3.3089e-05
           0
 0.000107855
           0
           0
 5.08485e-06
-1.69138e-05
           0
           0
 1.70913e-05
           0
           0
 8.46892e-07
           0
           0
-9.73465e-09
 4.91505e-09
 9.89046e-09
-4.99372e-09
-1.17642e-05
           0
           0
 1.17575e-05
           0
           0
 1.20067e-07
           0
           0
           0
           0
           0
           0
-5.19255e-07
   0.0869535
  -0.0861671
 -0.00469298
           0
           0
pk 0.997439
       1
       1
0.993759
       1
       1
0.999679
0.999687
       1
0.994509
 1.00008
       1
 0.98944
0.999874
       1
 1.00122
 1.00003
       1
0.976609
0.999926
       1
0.980887
0.999944
       1
 1.00026
0.999783
0.996427
0.950556
0.999111
0.946263
 0.96323
0.998558
 0.96563
0.981419
0.999936
       1
count 49
(curr.pk-pk_prev).cwiseAbs().sum() 0.00798588
(curr.pk-p0).cwiseAbs().sum() 0.268923
stable?: 1 converged?: 1 G: 3.22122e-08
tp: 4
Elapsed Time d2w: 160287 us
Elapsed Time dG: 7767 us
vz_norm: 1.53104e-07vp_norm: 9.11826e-09
zk   0.00181889
 -0.00146662
-0.000437677
  0.00185449
  0.00195293
 0.000343694
  0.00091681
-0.000742307
-0.000219416
 0.000323342
 0.000335999
 9.74048e-05
-8.35709e-14
           0
           0
 8.16999e-14
           0
           0
 0.000109384
           0
           0
-3.36121e-05
           0
  3.3021e-05
           0
 0.000131041
           0
           0
-6.17704e-06
-1.68836e-05
           0
           0
-1.71077e-05
           0
           0
-1.02879e-06
           0
           0
-9.63673e-09
 4.80032e-09
-9.83397e-09
 4.89857e-09
-1.17651e-05
           0
           0
-1.17585e-05
           0
           0
-1.45879e-07
           0
           0
           0
           0
           0
           0
-1.83694e-06
   0.0859268
   0.0854569
  0.00549575
           0
           0
pk 0.997359
       1
       1
0.993678
       1
       1
0.999665
0.999683
       1
0.994388
 1.00008
       1
0.989319
0.999873
       1
  1.0012
 1.00002
       1
0.976366
0.999925
       1
0.980685
0.999943
       1
 1.00025
0.999783
0.996392
0.948818
  0.9991
 0.94381
0.964176
0.998562
0.967339
0.981268
0.999936
       1
count 50
(curr.pk-pk_prev).cwiseAbs().sum() 0.00795951
(curr.pk-p0).cwiseAbs().sum() 0.271476
stable?: 1 converged?: 1 G: 3.22102e-08
tp: 4
Elapsed Time d2w: 142111 us
Elapsed Time dG: 11906 us
vz_norm: 1.56394e-07vp_norm: 9.21417e-09
zk   -0.0017897
   -0.001447
-0.000512338
  0.00179632
 -0.00192621
-0.000403678
-0.000902117
-0.000732381
-0.000256892
 0.000318145
-0.000331472
-0.000110387
 8.24571e-14
           0
           0
 8.03823e-14
           0
           0
 0.000128041
           0
           0
 3.31681e-05
           0
 3.24924e-05
           0
 0.000153387
           0
           0
 7.22946e-06
-1.66177e-05
           0
           0
 1.68855e-05
           0
           0
 1.20407e-06
           0
           0
-9.41473e-09
 4.63807e-09
 9.64944e-09
 -4.7537e-09
-1.16014e-05
           0
           0
 1.15952e-05
           0
           0
 1.70757e-07
           0
           0
           0
           0
           0
           0
-3.23296e-06
   0.0839024
  -0.0837524
 -0.00624119
           0
           0
pk 0.997283
       1
       1
0.993602
       1
       1
0.999654
 0.99968
       1
0.994273
 1.00008
       1
0.989203
0.999871
       1
 1.00117
 1.00002
       1
0.976133
0.999924
       1
0.980491
0.999942
       1
 1.00024
0.999783
0.996363
0.947117
0.999089
0.941446
  0.9651
0.998567
0.968986
0.981148
0.999936
       1
count 51
(curr.pk-pk_prev).cwiseAbs().sum() 0.00766997
(curr.pk-p0).cwiseAbs().sum() 0.273919
stable?: 1 converged?: 1 G: 3.22082e-08
tp: 4
Elapsed Time d2w: 138556 us
Elapsed Time dG: 9810 us
vz_norm: 9.62647e-08vp_norm: 5.91822e-09
zk  -0.00227783
  0.00288383
 -0.00173187
 -0.00326375
 -0.00310947
  0.00139885
 -0.00114792
  0.00145803
 -0.00086835
-0.000499948
-0.000534177
 0.000286678
 1.31098e-13
           0
           0
-1.27445e-13
           0
           0
 0.000432827
           0
           0
 5.27396e-05
           0
 -5.1522e-05
           0
 0.000518525
           0
           0
-2.44358e-05
 2.63554e-05
           0
           0
 2.68534e-05
           0
           0
-4.06985e-06
           0
           0
 1.52313e-08
-7.74256e-09
 1.56768e-08
-7.96906e-09
 1.84294e-05
           0
           0
 1.84198e-05
           0
           0
-5.77244e-07
           0
           0
           0
           0
           0
           0
-1.45735e-05
   -0.135245
   -0.136807
   0.0157733
           0
           0
pk 0.997075
       1
       1
0.993404
       1
       1
0.999629
0.999674
       1
0.993959
 1.00008
       1
0.988903
0.999867
       1
 1.00112
 1.00001
       1
0.975611
0.999921
       1
0.979884
 0.99994
       1
 1.00021
0.999783
0.996328
0.948273
0.999094
0.943949
0.961997
0.998546
0.964869
0.981034
0.999936
       1
count 52
(curr.pk-pk_prev).cwiseAbs().sum() 0.0133273
(curr.pk-p0).cwiseAbs().sum() 0.279746
stable?: 1 converged?: 1 G: 3.22046e-08
tp: 4
Elapsed Time d2w: 147562 us
Elapsed Time dG: 10101 us
vz_norm: 1.55881e-07vp_norm: 1.51046e-08
zk  -0.00168197
  -0.0016129
-0.000735903
  0.00220415
 -0.00198741
-0.000603248
-0.000847769
-0.000815969
-0.000368976
 0.000326293
-0.000342621
-0.000105783
 8.46308e-14
           0
           0
 8.26444e-14
           0
           0
 0.000183921
           0
           0
 3.40571e-05
           0
 3.34208e-05
           0
 0.000220349
           0
           0
 1.03827e-05
-1.71064e-05
           0
           0
 1.73529e-05
           0
           0
 1.72931e-06
           0
           0
-9.48491e-09
 4.51677e-09
 9.69511e-09
-4.61687e-09
-1.19512e-05
           0
           0
 1.19446e-05
           0
           0
 2.45304e-07
           0
           0
           0
           0
           0
           0
-7.16916e-06
   0.0844872
  -0.0845432
 -0.00571337
           0
           0
pk 0.997002
       1
       1
0.993337
       1
       1
 0.99962
0.999672
       1
0.993847
 1.00007
       1
0.988801
0.999866
       1
 1.00111
 1.00001
       1
0.975453
 0.99992
       1
0.979649
0.999939
       1
 1.00021
0.999783
0.996314
0.950296
0.999104
0.946923
0.959264
0.998531
 0.96129
0.981007
0.999936
       1
count 53
(curr.pk-pk_prev).cwiseAbs().sum() 0.0121658
(curr.pk-p0).cwiseAbs().sum() 0.281842
stable?: 1 converged?: 1 G: 3.22037e-08
tp: 4
Elapsed Time d2w: 146496 us
Elapsed Time dG: 8198 us
vz_norm: 1.56805e-07vp_norm: 9.09729e-09
zk   0.00178118
  -0.0014533
-0.000497111
  0.00180927
   0.0019192
 0.000392879
 0.000898126
-0.000735798
-0.000249262
 0.000319475
 0.000330684
 0.000107327
-8.21256e-14
           0
           0
  8.0603e-14
           0
           0
 0.000124241
           0
           0
-3.30526e-05
           0
 3.25985e-05
           0
 0.000148848
           0
           0
-7.01345e-06
-1.66877e-05
           0
           0
-1.68445e-05
           0
           0
-1.16814e-06
           0
           0
-9.44748e-09
 4.63473e-09
-9.59082e-09
 4.70504e-09
-1.16326e-05
           0
           0
-1.16259e-05
           0
           0
-1.65706e-07
           0
           0
           0
           0
           0
           0
-3.02573e-06
   0.0841051
   0.0832639
   0.0060648
           0
           0
pk 0.996926
       1
       1
0.993261
       1
       1
0.999609
0.999669
       1
0.993733
 1.00007
       1
0.988685
0.999864
       1
 1.00108
       1
       1
 0.97522
0.999919
       1
0.979456
0.999938
       1
 1.00019
0.999783
0.996285
0.948622
0.999093
0.944603
0.960177
0.998535
 0.96291
0.980884
0.999936
       1
count 54
(curr.pk-pk_prev).cwiseAbs().sum() 0.00755955
(curr.pk-p0).cwiseAbs().sum() 0.284249
stable?: 1 converged?: 1 G: 3.22018e-08
tp: 4
Elapsed Time d2w: 159884 us
Elapsed Time dG: 8527 us
vz_norm: 1.56567e-07vp_norm: 9.00375e-09
zk  -0.00179035
 -0.00145947
-0.000423302
  0.00184208
 -0.00193093
-0.000332672
-0.000902796
-0.000738957
-0.000212225
 0.000320734
 -0.00033296
-9.35914e-05
 8.26432e-14
           0
           0
 8.08888e-14
           0
           0
 0.000105797
           0
           0
 3.32647e-05
           0
 3.27179e-05
           0
 0.000126761
           0
           0
 5.97178e-06
-1.67529e-05
           0
           0
 1.69561e-05
           0
           0
 9.94667e-07
           0
           0
-9.44979e-09
 4.61257e-09
 9.63293e-09
-4.70196e-09
-1.16987e-05
           0
           0
 1.16922e-05
           0
           0
 1.41117e-07
           0
           0
           0
           0
           0
           0
-1.89191e-06
   0.0841206
  -0.0835826
 -0.00527758
           0
           0
pk 0.996851
       1
       1
0.993185
       1
       1
0.999595
0.999666
       1
0.993619
 1.00007
       1
 0.98857
0.999863
       1
 1.00106
       1
       1
 0.97499
0.999918
       1
0.979264
0.999937
       1
 1.00018
0.999783
0.996251
0.946955
0.999082
0.942295
0.961086
0.998539
0.964503
0.980738
0.999936
       1
count 55
(curr.pk-pk_prev).cwiseAbs().sum() 0.00753829
(curr.pk-p0).cwiseAbs().sum() 0.286686
stable?: 1 converged?: 1 G: 3.21999e-08
tp: 4
Elapsed Time d2w: 141076 us
Elapsed Time dG: 7561 us
vz_norm: 1.55602e-07vp_norm: 8.98077e-09
zk   0.00179392
 -0.00145068
-0.000493189
  0.00181531
  0.00193236
 0.000388318
 0.000904707
-0.000734614
-0.000247299
 0.000319979
 0.000332977
 0.000106562
-8.26424e-14
           0
           0
 8.06673e-14
           0
           0
 0.000123263
           0
           0
-3.32681e-05
           0
  3.2632e-05
           0
 0.000147685
           0
           0
-6.95659e-06
-1.67127e-05
           0
           0
-1.69609e-05
           0
           0
 -1.1587e-06
           0
           0
-9.47725e-09
 4.67325e-09
-9.70061e-09
 4.78339e-09
-1.16903e-05
           0
           0
 -1.1684e-05
           0
           0
-1.64412e-07
           0
           0
           0
           0
           0
           0
-2.88963e-06
   0.0844524
   0.0841929
  0.00602025
           0
           0
pk 0.996774
       1
       1
0.993107
       1
       1
0.999583
0.999663
       1
0.993502
 1.00007
       1
0.988453
0.999861
       1
 1.00103
0.999997
       1
0.974755
0.999917
       1
0.979068
0.999936
       1
 1.00017
0.999783
0.996221
0.945277
0.999072
0.939957
0.961984
0.998544
0.966118
 0.98061
0.999936
       1
count 56
(curr.pk-pk_prev).cwiseAbs().sum() 0.00757919
(curr.pk-p0).cwiseAbs().sum() 0.28916
stable?: 1 converged?: 1 G: 3.21979e-08
tp: 4
Elapsed Time d2w: 136799 us
Elapsed Time dG: 10002 us
vz_norm: 3.99188e-08vp_norm: 3.34934e-09
zk   0.00119685
  0.00521537
   -0.010198
 -0.00550412
   0.0040747
 -0.00818984
 0.000613366
  0.00264513
 -0.00511376
-0.000563158
 0.000657131
 -0.00175541
-1.61186e-13
           0
           0
-1.56928e-13
           0
           0
  0.00254879
           0
           0
-6.48841e-05
           0
-6.34793e-05
           0
  0.00305382
           0
           0
 0.000143829
 3.24574e-05
           0
           0
-3.30238e-05
           0
           0
 2.39565e-05
           0
           0
 3.29206e-08
-2.92828e-08
-3.38368e-08
 3.00978e-08
  2.2565e-05
           0
           0
-2.25531e-05
           0
           0
 3.39971e-06
           0
           0
           0
           0
           0
           0
-8.66795e-05
   -0.319036
    0.325916
  -0.0971584
           0
           0
pk 0.995576
       1
       1
0.991951
       1
       1
0.999426
0.999624
       1
 0.99169
 1.00005
       1
0.986698
0.999837
       1
 1.00072
 0.99995
       1
0.971615
0.999902
       1
0.975639
 0.99992
       1
 1.00003
0.999783
0.995992
 0.94134
0.999061
0.945724
0.954206
0.998461
0.950637
0.979788
0.999935
       1
count 57
(curr.pk-pk_prev).cwiseAbs().sum() 0.0473762
(curr.pk-p0).cwiseAbs().sum() 0.324039
stable?: 1 converged?: 1 G: 3.21736e-08
tp: 4
Elapsed Time d2w: 122544 us
Elapsed Time dG: 8724 us
vz_norm: 2.90054e-09vp_norm: 1.74117e-09
backtrackingCount 0
pk 0.987999
       1
       1
0.984568
       1
       1
0.994231
0.998325
       1
0.980177
0.999898
       1
0.975443
0.999692
       1
0.991574
0.998381
       1
0.948013
0.999784
       1
0.951793
0.999801
       1
0.994181
0.999767
0.966377
0.737713
0.997435
0.649343
0.756071
0.996878
0.663531
 0.90079
0.999893
       1
backtrackingCount 1
pk 0.994629
       1
       1
0.991028
       1
       1
0.998777
0.999462
       1
0.990251
 1.00003
       1
0.985291
0.999819
       1
0.999575
0.999754
       1
0.968665
0.999887
       1
0.972658
0.999905
       1
  0.9993
0.999781
 0.99229
0.915887
0.998857
0.908677
0.929439
0.998263
0.914749
0.969913
 0.99993
       1
backtrackingCount 2
pk 0.995517
       1
       1
0.991893
       1
       1
0.999386
0.999614
       1
  0.9916
 1.00004
       1
 0.98661
0.999836
       1
 1.00065
0.999938
       1
 0.97143
0.999901
       1
0.975453
0.999919
       1
0.999985
0.999783
 0.99576
 0.93975
0.999048
0.943409
0.952658
0.998449
0.948394
0.979171
0.999935
       1
backtracking time: 44275 us
backtracking count: 3
zk   0.00131653
   0.0053146
  -0.0101781
 -0.00605973
  0.00425765
 -0.00855479
 0.000674276
   0.0026954
 -0.00510377
-0.000621235
 0.000719013
 -0.00195865
-1.60871e-13
           0
           0
-1.56621e-13
           0
           0
  0.00254382
           0
           0
-6.47574e-05
           0
-6.33553e-05
           0
  0.00304785
           0
           0
 0.000143548
  3.2394e-05
           0
           0
-3.29593e-05
           0
           0
 2.39097e-05
           0
           0
 3.28563e-08
-2.92256e-08
-3.37707e-08
  3.0039e-08
 2.25209e-05
           0
           0
 -2.2509e-05
           0
           0
 3.39307e-06
           0
           0
           0
           0
           0
           0
-8.20095e-05
   -0.325012
    0.332113
    -0.10939
           0
           0
pk 0.995517
       1
       1
0.991893
       1
       1
0.999386
0.999614
       1
  0.9916
 1.00004
       1
 0.98661
0.999836
       1
 1.00065
0.999938
       1
 0.97143
0.999901
       1
0.975453
0.999919
       1
0.999985
0.999783
 0.99576
 0.93975
0.999048
0.943409
0.952658
0.998449
0.948394
0.979171
0.999935
       1
count 58
(curr.pk-pk_prev).cwiseAbs().sum() 0.00942102
(curr.pk-p0).cwiseAbs().sum() 0.333253
stable?: 1 converged?: 1 G: 3.21668e-08
tp: 4
Elapsed Time d2w: 180796 us
Elapsed Time dG: 7358 us
vz_norm: 2.88517e-09vp_norm: 1.73839e-09
backtrackingCount 0
pk 0.991698
       1
       1
0.988172
       1
       1
 0.99677
 0.99896
       1
0.985796
0.999971
       1
0.980937
0.999763
       1
0.996043
0.999148
       1
0.959538
0.999842
       1
0.963439
0.999859
       1
0.997033
0.999775
0.980678
0.836934
0.998228
0.793917
0.852627
0.997651
0.803582
0.939214
0.999913
       1
backtrackingCount 1
pk 0.995279
       1
       1
0.991661
       1
       1
0.999222
0.999573
       1
0.991237
 1.00004
       1
0.986256
0.999832
       1
 1.00036
0.999889
       1
0.970687
0.999897
       1
0.974702
0.999915
       1
0.999801
0.999782
0.994818
0.933324
0.998997
0.934066
0.946406
0.998399
0.939343
0.976674
0.999933
       1
backtracking time: 70850 us
backtracking count: 2
zk   0.00180006
    0.005712
  -0.0100985
 -0.00827875
   0.0050389
  -0.0100155
 0.000920371
  0.00289677
  -0.0050639
-0.000855272
 0.000967795
 -0.00277478
-1.59615e-13
           0
           0
-1.55398e-13
           0
           0
  0.00252394
           0
           0
-6.42515e-05
           0
-6.28603e-05
           0
  0.00302404
           0
           0
 0.000142427
 3.21409e-05
           0
           0
-3.27018e-05
           0
           0
 2.37229e-05
           0
           0
 3.25996e-08
-2.89973e-08
-3.35069e-08
 2.98044e-08
  2.2345e-05
           0
           0
-2.23332e-05
           0
           0
 3.36656e-06
           0
           0
           0
           0
           0
           0
 -6.3202e-05
   -0.349115
    0.357037
   -0.158508
           0
           0
pk 0.995279
       1
       1
0.991661
       1
       1
0.999222
0.999573
       1
0.991237
 1.00004
       1
0.986256
0.999832
       1
 1.00036
0.999889
       1
0.970687
0.999897
       1
0.974702
0.999915
       1
0.999801
0.999782
0.994818
0.933324
0.998997
0.934066
0.946406
0.998399
0.939343
0.976674
0.999933
       1
count 59
(curr.pk-pk_prev).cwiseAbs().sum() 0.0380401
(curr.pk-p0).cwiseAbs().sum() 0.370709
stable?: 1 converged?: 1 G: 3.21394e-08
tp: 1938
Elapsed Time d2w: 70186799 us
Elapsed Time dG: 8543 us
vz_norm: 1.93709e-07vp_norm: 6.05906e-08
zk  -0.00760075
  0.00844038
  -0.0222931
     0.01102
  0.00589094
  -0.0172622
 -0.00423939
  0.00441571
  -0.0128407
 0.000852759
  0.00159581
 -0.00219845
 6.77566e-13
           0
           0
 3.00836e-13
           0
           0
   0.0054529
           0
           0
 0.000272277
           0
 0.000121829
           0
  0.00618163
           0
           0
 0.000299908
-0.000121081
           0
           0
 0.000192713
           0
           0
 4.86664e-05
           0
           0
-3.31037e-12
 2.29054e-12
 3.32907e-12
-2.30349e-12
           0
           0
           0
           0
           0
           0
 5.43259e-06
           0
           0
           0
           0
           0
           0
-0.000408669
    0.095253
    0.173146
   -0.132114
           0
           0
pk  0.99395
       1
       1
 0.99161
       1
       1
0.998638
0.999524
       1
0.990008
0.999952
       1
0.987044
 0.99983
       1
0.998509
0.999656
       1
0.980983
 1.00008
       1
0.977346
 1.00021
       1
0.987843
0.999504
0.988886
0.938318
 1.00031
0.931818
0.963956
 1.00023
0.937633
0.951351
0.999642
       1
count 60
(curr.pk-pk_prev).cwiseAbs().sum() 0.0930509
(curr.pk-p0).cwiseAbs().sum() 0.384829
stable?: 1 converged?: 1 G: 3.22138e-08
tp: 4
Elapsed Time d2w: 121966 us
Elapsed Time dG: 9397 us
vz_norm: 1.52736e-07vp_norm: 1.60085e-08
zk  -0.00190501
 -0.00168703
 -0.00260952
 0.000389925
  -0.0021246
 -0.00205787
-0.000961675
-0.000853771
 -0.00131053
 0.000352724
-0.000371762
-0.000479416
 9.18168e-14
           0
           0
 8.94475e-14
           0
           0
 0.000652674
           0
           0
  3.7093e-05
           0
 3.62399e-05
           0
  0.00078366
           0
           0
 3.53823e-05
-1.84593e-05
           0
           0
 1.89643e-05
           0
           0
  5.9649e-06
           0
           0
  -8.094e-09
 2.05609e-09
  8.1445e-09
-2.06892e-09
-1.30696e-05
           0
           0
 1.30685e-05
           0
           0
 8.72462e-07
           0
           0
           0
           0
           0
           0
-3.95649e-05
   0.0700075
  -0.0697329
  -0.0273629
           0
           0
pk 0.993913
       1
       1
0.991588
       1
       1
0.998566
0.999511
       1
0.989953
0.999951
       1
0.987008
 0.99983
       1
0.998391
0.999641
       1
0.980883
 1.00008
       1
0.977282
 1.00021
       1
0.987779
0.999503
0.988455
0.936024
 1.00031
0.929945
0.966965
 1.00024
0.939931
0.949051
0.999642
       1
count 61
(curr.pk-pk_prev).cwiseAbs().sum() 0.0128236
(curr.pk-p0).cwiseAbs().sum() 0.387018
stable?: 1 converged?: 1 G: 3.22168e-08
tp: 4
Elapsed Time d2w: 116232 us
Elapsed Time dG: 7462 us
vz_norm: 6.30318e-08vp_norm: 3.60837e-09
zk   0.00343814
 -0.00201212
 -0.00591809
  0.00220673
  0.00326849
  0.00456053
  0.00174334
 -0.00102604
 -0.00297139
 0.000554651
 0.000581477
  0.00108905
-1.41291e-13
           0
           0
 1.36905e-13
           0
           0
  0.00148035
           0
           0
-5.70775e-05
           0
 5.54638e-05
           0
  0.00177784
           0
           0
-8.00669e-05
-2.82176e-05
           0
           0
-2.91457e-05
           0
           0
-1.34993e-05
           0
           0
-2.08442e-08
 1.50182e-08
-2.10681e-08
 1.51794e-08
-1.99187e-05
           0
           0
-1.99174e-05
           0
           0
-1.97933e-06
           0
           0
           0
           0
           0
           0
-6.90349e-05
    0.204544
    0.202171
   0.0613119
           0
           0
pk 0.993513
       1
       1
0.991198
       1
       1
0.998494
0.999495
       1
0.989348
0.999943
       1
0.986419
0.999822
       1
0.998249
0.999621
       1
0.979755
 1.00007
       1
0.976205
  1.0002
       1
 0.98773
0.999503
0.988479
0.932452
 1.00027
0.923058
0.965866
 1.00024
0.942328
0.949309
0.999642
       1
count 62
(curr.pk-pk_prev).cwiseAbs().sum() 0.0187897
(curr.pk-p0).cwiseAbs().sum() 0.400353
stable?: 1 converged?: 1 G: 3.2206e-08
tp: 4
Elapsed Time d2w: 151946 us
Elapsed Time dG: 7872 us
vz_norm: 1.74525e-07vp_norm: 2.63727e-08
zk   0.00204266
  0.00203896
-0.000923157
 -0.00287788
  0.00242562
-0.000731056
  0.00103136
  0.00103182
-0.000463077
-0.000393881
  0.00042519
-0.000136783
-1.04478e-13
           0
           0
-1.00943e-13
           0
           0
 0.000230963
           0
           0
-4.22359e-05
           0
-4.09229e-05
           0
 0.000277511
           0
           0
 1.24988e-05
 2.08718e-05
           0
           0
  -2.162e-05
           0
           0
 2.10761e-06
           0
           0
 9.02471e-09
-2.10952e-09
-9.21312e-09
 2.15356e-09
 1.48727e-05
           0
           0
-1.48722e-05
           0
           0
 3.08969e-07
           0
           0
           0
           0
           0
           0
-1.32625e-05
  -0.0760447
   0.0776447
 -0.00726653
           0
           0
pk 0.993488
       1
       1
0.991179
       1
       1
0.998476
0.999491
       1
0.989311
0.999943
       1
0.986389
0.999822
       1
0.998215
0.999616
       1
 0.97973
 1.00007
       1
0.976103
  1.0002
       1
0.987719
0.999503
0.988534
0.936938
 1.00028
0.926184
0.961049
 1.00022
0.938703
0.949623
0.999642
       1
count 63
(curr.pk-pk_prev).cwiseAbs().sum() 0.0167651
(curr.pk-p0).cwiseAbs().sum() 0.401122
stable?: 1 converged?: 1 G: 3.22061e-08
tp: 4
Elapsed Time d2w: 169299 us
Elapsed Time dG: 9892 us
vz_norm: 1.60225e-07vp_norm: 8.73488e-09
zk   0.00177999
 -0.00145706
-0.000479129
  0.00193482
  0.00194902
 0.000376994
  0.00090046
-0.000739089
-0.000240467
 0.000318555
 0.000336545
 6.91865e-05
-8.26052e-14
           0
           0
 8.06041e-14
           0
           0
 0.000119866
           0
           0
-3.33937e-05
           0
 3.26773e-05
           0
 0.000144003
           0
           0
-6.48843e-06
-1.66588e-05
           0
           0
-1.70873e-05
           0
           0
-1.09407e-06
           0
           0
-9.24278e-09
 4.43928e-09
-9.36772e-09
 4.49929e-09
-1.17904e-05
           0
           0
-1.17897e-05
           0
           0
-1.60327e-07
           0
           0
           0
           0
           0
           0
-3.01643e-06
    0.082365
   0.0822324
  0.00373657
           0
           0
pk 0.993413
       1
       1
 0.99111
       1
       1
0.998467
0.999489
       1
0.989197
0.999941
       1
0.986283
 0.99982
       1
0.998197
0.999613
       1
0.979553
 1.00007
       1
0.975878
  1.0002
       1
0.987711
0.999503
0.988511
0.937827
 1.00029
0.927688
0.959474
 1.00021
0.936607
0.949535
0.999642
       1
count 64
(curr.pk-pk_prev).cwiseAbs().sum() 0.00700118
(curr.pk-p0).cwiseAbs().sum() 0.403314
stable?: 1 converged?: 1 G: 3.2205e-08
tp: 4
Elapsed Time d2w: 131367 us
Elapsed Time dG: 8359 us
vz_norm: 1.47693e-07vp_norm: 8.50513e-09
zk  -0.00188687
 -0.00150875
-0.000601092
  0.00189536
   -0.002037
-0.000456028
-0.000954845
-0.000765615
-0.000301754
 0.000335309
-0.000352007
-0.000123797
 8.66261e-14
           0
           0
 8.47509e-14
           0
           0
 0.000150374
           0
           0
  3.5023e-05
           0
 3.43619e-05
           0
 0.000180643
           0
           0
 8.13888e-06
-1.75197e-05
           0
           0
 1.79241e-05
           0
           0
 1.37235e-06
           0
           0
-9.98135e-09
  5.0177e-09
 1.00773e-08
-5.06593e-09
-1.23851e-05
           0
           0
 1.23842e-05
           0
           0
 2.01121e-07
           0
           0
           0
           0
           0
           0
-3.97876e-06
   0.0893907
  -0.0887473
 -0.00698832
           0
           0
pk 0.993326
       1
       1
0.991022
       1
       1
0.998454
0.999485
       1
0.989065
0.999939
       1
0.986151
0.999818
       1
0.998172
0.999609
       1
 0.97929
 1.00007
       1
0.975653
  1.0002
       1
0.987699
0.999503
0.988478
0.936065
 1.00028
0.925194
0.960355
 1.00022
0.938301
0.949392
0.999641
       1
count 65
(curr.pk-pk_prev).cwiseAbs().sum() 0.00801286
(curr.pk-p0).cwiseAbs().sum() 0.406148
stable?: 1 converged?: 1 G: 3.22028e-08
tp: 4
Elapsed Time d2w: 147256 us
Elapsed Time dG: 8302 us
vz_norm: 1.5517e-07vp_norm: 9.69066e-09
zk   0.00183053
 -0.00149174
-0.000560452
   0.0018394
  0.00199083
 0.000424268
 0.000926234
-0.000756841
 -0.00028136
 0.000327517
 0.000344977
  0.00011683
 -8.4879e-14
           0
           0
 8.28071e-14
           0
           0
 0.000140208
           0
           0
-3.43213e-05
           0
 3.35784e-05
           0
 0.000168434
           0
           0
-7.58763e-06
-1.71257e-05
           0
           0
  -1.757e-05
           0
           0
-1.27941e-06
           0
           0
-9.50592e-09
 4.57979e-09
-9.64059e-09
 4.64467e-09
-1.21318e-05
           0
           0
-1.21311e-05
           0
           0
-1.87529e-07
           0
           0
           0
           0
           0
           0
-3.97691e-06
   0.0848963
   0.0846595
  0.00660342
           0
           0
pk 0.993249
       1
       1
0.990945
       1
       1
0.998441
0.999482
       1
0.988948
0.999938
       1
0.986033
0.999817
       1
0.998147
0.999606
       1
0.979055
 1.00007
       1
0.975458
  1.0002
       1
0.987688
0.999503
0.988447
0.934215
 1.00027
0.922689
0.961396
 1.00022
0.940057
 0.94926
0.999641
       1
count 66
(curr.pk-pk_prev).cwiseAbs().sum() 0.00821278
(curr.pk-p0).cwiseAbs().sum() 0.408739
stable?: 1 converged?: 1 G: 3.22008e-08
tp: 4
Elapsed Time d2w: 135295 us
Elapsed Time dG: 8934 us
vz_norm: 3.16046e-08vp_norm: 3.18535e-09
backtrackingCount 0
pk 0.993011
       1
       1
0.990714
       1
       1
0.998409
0.999475
       1
0.988587
0.999933
       1
0.985682
0.999812
       1
0.998084
0.999596
       1
0.978392
 1.00006
       1
0.974808
  1.0002
       1
 0.98766
0.999503
0.988391
0.933426
 1.00025
0.919729
0.959865
 1.00022
0.940926
0.949047
0.999641
       1
backtracking time: 826 us
backtracking count: 1
zk   0.00114167
-0.000894701
   -0.002423
  0.00133204
  0.00166924
 -0.00111495
  0.00057399
-0.000458377
 -0.00121647
 0.000303748
 0.000286567
-0.000258084
-7.19692e-14
           0
           0
 7.47032e-14
           0
           0
  0.00060616
           0
           0
-2.91039e-05
           0
 3.02895e-05
           0
 0.000728193
           0
           0
 1.95218e-05
-1.54301e-05
           0
           0
-1.49179e-05
           0
           0
 3.29175e-06
           0
           0
-1.27291e-08
 9.99304e-09
-3.94104e-09
-2.03432e-09
-1.08767e-05
           0
           0
-1.03533e-05
           0
           0
 4.82574e-07
           0
           0
           0
           0
           0
           0
-1.91513e-05
    0.125077
   0.0242925
  -0.0144219
           0
           0
pk 0.993011
       1
       1
0.990714
       1
       1
0.998409
0.999475
       1
0.988587
0.999933
       1
0.985682
0.999812
       1
0.998084
0.999596
       1
0.978392
 1.00006
       1
0.974808
  1.0002
       1
 0.98766
0.999503
0.988391
0.933426
 1.00025
0.919729
0.959865
 1.00022
0.940926
0.949047
0.999641
       1
count 67
(curr.pk-pk_prev).cwiseAbs().sum() 0.00908776
(curr.pk-p0).cwiseAbs().sum() 0.416039
stable?: 1 converged?: 1 G: 3.2196e-08
tp: 4
Elapsed Time d2w: 143647 us
Elapsed Time dG: 9999 us
vz_norm: 3.17038e-09vp_norm: 1.8281e-09
backtrackingCount 0
pk 0.989628
       1
       1
0.987419
       1
       1
0.996018
0.998877
       1
0.983385
0.999864
       1
0.980609
0.999745
       1
0.993871
0.998872
       1
0.967819
 1.00001
       1
0.963972
 1.00014
       1
0.985336
0.999496
0.980827
0.844592
0.999524
0.788185
0.872499
0.999505
0.812396
0.918764
0.999624
       1
backtrackingCount 1
pk 0.992799
       1
       1
0.990508
       1
       1
 0.99826
0.999437
       1
0.988262
0.999929
       1
0.985365
0.999808
       1
0.997821
0.999551
       1
0.977731
 1.00006
       1
0.974131
 1.00019
       1
0.987515
0.999503
0.987918
0.927874
 1.00021
0.911507
0.954405
 1.00017
0.932893
0.947154
 0.99964
       1
backtracking time: 44310 us
backtracking count: 2
zk   0.00151274
  -0.0012642
 -0.00240407
  0.00309857
  0.00161789
 -0.00254377
 0.000762978
-0.000646015
 -0.00120697
 0.000514711
 0.000513472
 -0.00100886
 -7.1407e-14
           0
           0
 7.41196e-14
           0
           0
 0.000601425
           0
           0
-2.88766e-05
           0
 3.00528e-05
           0
 0.000722504
           0
           0
 1.93693e-05
-1.53096e-05
           0
           0
-1.48014e-05
           0
           0
 3.26603e-06
           0
           0
-1.26297e-08
 9.91497e-09
-3.91025e-09
-2.01842e-09
-1.07918e-05
           0
           0
-1.02724e-05
           0
           0
 4.78804e-07
           0
           0
           0
           0
           0
           0
-3.07306e-06
    0.147905
   0.0489324
  -0.0595686
           0
           0
pk 0.992799
       1
       1
0.990508
       1
       1
 0.99826
0.999437
       1
0.988262
0.999929
       1
0.985365
0.999808
       1
0.997821
0.999551
       1
0.977731
 1.00006
       1
0.974131
 1.00019
       1
0.987515
0.999503
0.987918
0.927874
 1.00021
0.911507
0.954405
 1.00017
0.932893
0.947154
 0.99964
       1
count 68
(curr.pk-pk_prev).cwiseAbs().sum() 0.0327773
(curr.pk-p0).cwiseAbs().sum() 0.448623
stable?: 1 converged?: 1 G: 3.21721e-08
tp: 10
Elapsed Time d2w: 407110 us
Elapsed Time dG: 8564 us
vz_norm: 2.55582e-07vp_norm: 1.41067e-08
zk  -0.00262558
 -0.00157031
 -0.00757932
 0.000328333
 -0.00302264
 -0.00647831
  -0.0013438
-0.000805517
 -0.00384062
 0.000393484
-0.000525034
 -0.00161901
 1.22661e-13
           0
           0
 9.06687e-14
           0
           0
  0.00189389
           0
           0
 4.96274e-05
           0
 3.67872e-05
           0
  0.00226875
           0
           0
 0.000113418
-1.87411e-05
           0
           0
 2.53727e-05
           0
           0
 1.91101e-05
           0
           0
-2.94622e-09
 2.77408e-09
 3.64681e-09
-3.45337e-09
-1.32384e-05
           0
           0
 1.74215e-05
           0
           0
 2.80541e-06
           0
           0
           0
           0
           0
           0
-0.000117773
    0.074643
  -0.0935616
  -0.0974796
           0
           0
pk 0.992742
       1
       1
0.990446
       1
       1
0.998167
0.999416
       1
0.988172
0.999928
       1
0.985264
0.999807
       1
 0.99772
0.999525
       1
0.977416
 1.00006
       1
0.973978
 1.00019
       1
0.987343
0.999502
0.987082
0.926236
 1.00015
0.911379
0.954673
 1.00017
0.932807
0.943343
0.999636
       1
count 69
(curr.pk-pk_prev).cwiseAbs().sum() 0.0080245
(curr.pk-p0).cwiseAbs().sum() 0.455991
stable?: 1 converged?: 1 G: 3.21712e-08
tp: 4
Elapsed Time d2w: 161677 us
Elapsed Time dG: 9543 us
vz_norm: 1.70738e-07vp_norm: 1.08952e-08
zk  -0.00170234
  0.00166028
 -0.00247785
 -0.00280905
 -0.00197266
  0.00192061
-0.000860332
 0.000841085
 -0.00124501
-0.000327234
-0.000353702
 0.000427186
 8.60006e-14
           0
           0
-8.34963e-14
           0
           0
 0.000619964
           0
           0
  3.4807e-05
           0
 -3.3889e-05
           0
  0.00074495
           0
           0
-3.33391e-05
 1.73248e-05
           0
           0
 1.78571e-05
           0
           0
-5.62328e-06
           0
           0
 7.54125e-09
 -1.9384e-09
 7.71856e-09
-1.98397e-09
 1.24236e-05
           0
           0
 1.24239e-05
           0
           0
 -8.2947e-07
           0
           0
           0
           0
           0
           0
-3.81637e-05
  -0.0651431
  -0.0665482
   0.0243057
           0
           0
pk  0.99272
       1
       1
0.990429
       1
       1
0.998131
0.999408
       1
0.988139
0.999927
       1
0.985237
0.999806
       1
0.997652
0.999516
       1
0.977374
 1.00006
       1
0.973903
 1.00019
       1
0.987332
0.999502
0.987273
0.927397
 1.00015
0.912224
0.952743
 1.00016
0.931176
0.944303
0.999637
       1
count 70
(curr.pk-pk_prev).cwiseAbs().sum() 0.00707837
(curr.pk-p0).cwiseAbs().sum() 0.456739
stable?: 1 converged?: 1 G: 3.21691e-08
tp: 4
Elapsed Time d2w: 139526 us
Elapsed Time dG: 8338 us
vz_norm: 2.04681e-07vp_norm: 9.44659e-09
zk  -0.00149277
 -0.00132364
-0.000421432
  0.00169374
 -0.00168125
-0.000330067
-0.000755202
-0.000671297
-0.000211634
 0.000277382
-0.000293502
-6.48656e-05
 7.19577e-14
           0
           0
 7.00953e-14
           0
           0
 0.000105455
           0
           0
 2.91238e-05
           0
 2.84501e-05
           0
 0.000126749
           0
           0
 5.67763e-06
-1.45414e-05
           0
           0
 1.49389e-05
           0
           0
 9.57707e-07
           0
           0
-7.29278e-09
 2.89241e-09
 7.44429e-09
 -2.9525e-09
 -1.0404e-05
           0
           0
 1.04041e-05
           0
           0
 1.41132e-07
           0
           0
           0
           0
           0
           0
-4.29309e-06
   0.0644457
  -0.0647573
 -0.00356318
           0
           0
pk  0.99268
       1
       1
0.990393
       1
       1
0.998124
0.999407
       1
0.988079
0.999926
       1
0.985182
0.999805
       1
0.997639
0.999514
       1
0.977282
 1.00006
       1
0.973781
 1.00019
       1
0.987327
0.999502
0.987264
0.928127
 1.00016
0.913141
0.951589
 1.00016
0.929868
0.944276
0.999637
       1
count 71
(curr.pk-pk_prev).cwiseAbs().sum() 0.00459052
(curr.pk-p0).cwiseAbs().sum() 0.458021
stable?: 1 converged?: 1 G: 3.21684e-08
tp: 4
Elapsed Time d2w: 186807 us
Elapsed Time dG: 11640 us
vz_norm: 8.67226e-08vp_norm: 4.40962e-09
zk  -0.00244977
  0.00323635
 -0.00192468
 -0.00345781
 -0.00346407
  0.00148346
 -0.00124061
  0.00164184
-0.000966481
-0.000554778
-0.000599098
 0.000313107
 1.44733e-13
           0
           0
-1.41277e-13
           0
           0
 0.000481622
           0
           0
 5.85808e-05
           0
-5.73431e-05
           0
 0.000578894
           0
           0
  -2.593e-05
 2.93039e-05
           0
           0
 3.00442e-05
           0
           0
-4.37393e-06
           0
           0
 1.69329e-08
-8.75165e-09
 1.72431e-08
-8.91197e-09
 2.09253e-05
           0
           0
 2.09253e-05
           0
           0
-6.44582e-07
           0
           0
           0
           0
           0
           0
-1.43711e-05
   -0.151108
   -0.152563
   0.0172695
           0
           0
pk  0.99242
       1
       1
0.990143
       1
       1
0.998097
  0.9994
       1
0.987684
0.999921
       1
0.984803
  0.9998
       1
0.997583
0.999505
       1
0.976613
 1.00006
       1
0.973027
 1.00019
       1
0.987303
0.999502
0.987209
0.928669
 1.00016
0.915034
 0.94859
 1.00014
0.925921
0.944063
0.999636
       1
count 72
(curr.pk-pk_prev).cwiseAbs().sum() 0.0125166
(curr.pk-p0).cwiseAbs().sum() 0.465612
stable?: 1 converged?: 1 G: 3.21637e-08
tp: 4
Elapsed Time d2w: 185164 us
Elapsed Time dG: 7310 us
vz_norm: 1.11331e-07vp_norm: 1.24963e-08
zk  -0.00226436
 -0.00267738
 -0.00144416
  0.00347911
  -0.0029774
 -0.00112921
 -0.00114615
 -0.00135795
 -0.00072521
 0.000484716
-0.000517351
-0.000211279
 1.25654e-13
           0
           0
 1.23121e-13
           0
           0
 0.000361385
           0
           0
 5.08792e-05
           0
 4.99934e-05
           0
 0.000434396
           0
           0
 1.94529e-05
-2.55704e-05
           0
           0
 2.61196e-05
           0
           0
 3.28144e-06
           0
           0
-1.34733e-08
 5.89764e-09
 1.36336e-08
-5.96781e-09
-1.82637e-05
           0
           0
 1.82633e-05
           0
           0
 4.83691e-07
           0
           0
           0
           0
           0
           0
-1.41483e-05
    0.118845
   -0.119285
  -0.0115025
           0
           0
pk 0.992278
       1
       1
0.990012
       1
       1
0.998076
0.999395
       1
0.987469
0.999918
       1
0.984603
0.999798
       1
0.997542
  0.9995
       1
0.976289
 1.00005
       1
0.972581
 1.00019
       1
0.987286
0.999502
0.987199
0.932101
 1.00017
0.919533
0.943745
 1.00011
0.920193
0.944068
0.999636
       1
count 73
(curr.pk-pk_prev).cwiseAbs().sum() 0.0201167
(curr.pk-p0).cwiseAbs().sum() 0.469796
stable?: 1 converged?: 1 G: 3.21618e-08
tp: 4
Elapsed Time d2w: 165033 us
Elapsed Time dG: 7004 us
vz_norm: 1.64444e-07vp_norm: 1.40311e-08
zk   0.00176529
 -0.00150102
-0.000500905
  0.00177697
   0.0019386
 0.000376169
 0.000893907
-0.000762032
-0.000251567
 0.000325403
 0.000338778
 0.000110229
-8.29376e-14
           0
           0
 8.19929e-14
           0
           0
 0.000125346
           0
           0
-3.35899e-05
           0
    3.33e-05
           0
 0.000150672
           0
           0
-6.74737e-06
-1.70373e-05
           0
           0
-1.72512e-05
           0
           0
 -1.1382e-06
           0
           0
-9.09801e-09
 4.09755e-09
-9.10455e-09
  4.1005e-09
-1.21229e-05
           0
           0
-1.21221e-05
           0
           0
-1.67771e-07
           0
           0
           0
           0
           0
           0
-3.72714e-06
   0.0809419
   0.0797559
  0.00626118
           0
           0
pk 0.992213
       1
       1
0.989944
       1
       1
0.998062
0.999392
       1
0.987371
0.999917
       1
  0.9845
0.999796
       1
0.997515
0.999495
       1
0.976076
 1.00005
       1
0.972423
 1.00019
       1
0.987274
0.999502
0.987169
0.929696
 1.00016
0.916508
0.945432
 1.00012
0.922544
0.943932
0.999636
       1
count 74
(curr.pk-pk_prev).cwiseAbs().sum() 0.0104267
(curr.pk-p0).cwiseAbs().sum() 0.472116
stable?: 1 converged?: 1 G: 3.21598e-08
tp: 4
Elapsed Time d2w: 143491 us
Elapsed Time dG: 9753 us
vz_norm: 1.51105e-07vp_norm: 8.5656e-09
zk  -0.00187392
 -0.00153504
-0.000427637
   0.0019665
  -0.0020399
 -0.00032131
-0.000949248
-0.000779652
-0.000214708
 0.000339558
-0.000354642
-9.15307e-05
 8.67731e-14
           0
           0
 8.54079e-14
           0
           0
 0.000107018
           0
           0
 3.51466e-05
           0
 3.46903e-05
           0
 0.000128656
           0
           0
 5.76029e-06
-1.77511e-05
           0
           0
 1.80523e-05
           0
           0
 9.71731e-07
           0
           0
-9.82844e-09
 4.73593e-09
 9.89318e-09
-4.76713e-09
-1.26592e-05
           0
           0
 1.26587e-05
           0
           0
 1.43258e-07
           0
           0
           0
           0
           0
           0
 -1.6451e-06
   0.0878787
  -0.0869421
 -0.00514677
           0
           0
pk 0.992133
       1
       1
0.989863
       1
       1
0.998045
0.999387
       1
0.987249
0.999915
       1
0.984377
0.999795
       1
0.997483
 0.99949
       1
0.975831
 1.00005
       1
0.972216
 1.00018
       1
0.987259
0.999502
0.987128
0.927955
 1.00015
0.914129
0.946349
 1.00012
0.924143
0.943747
0.999636
       1
count 75
(curr.pk-pk_prev).cwiseAbs().sum() 0.00781177
(curr.pk-p0).cwiseAbs().sum() 0.47487
stable?: 1 converged?: 1 G: 3.21578e-08
tp: 4
Elapsed Time d2w: 175201 us
Elapsed Time dG: 8855 us
vz_norm: 1.49152e-07vp_norm: 9.25621e-09
zk   0.00189017
 -0.00153336
-0.000487302
  0.00194536
  0.00205334
 0.000366118
 0.000957608
-0.000778924
-0.000244698
 0.000340764
 0.000356864
 0.000103929
-8.72946e-14
           0
           0
 8.56753e-14
           0
           0
 0.000121948
           0
           0
-3.53621e-05
           0
 3.48031e-05
           0
 0.000146605
           0
           0
-6.56267e-06
-1.78131e-05
           0
           0
-1.81666e-05
           0
           0
-1.10709e-06
           0
           0
-9.92594e-09
 4.84212e-09
-1.00347e-08
 4.89517e-09
-1.27262e-05
           0
           0
-1.27258e-05
           0
           0
-1.63244e-07
           0
           0
           0
           0
           0
           0
-2.39607e-06
    0.088854
    0.088215
  0.00586217
           0
           0
pk  0.99205
       1
       1
0.989779
       1
       1
0.998029
0.999383
       1
0.987122
0.999914
       1
 0.98425
0.999793
       1
0.997453
0.999485
       1
0.975575
 1.00005
       1
0.972002
 1.00018
       1
0.987245
0.999502
0.987089
 0.92605
 1.00013
0.911507
0.947394
 1.00013
 0.92596
0.943572
0.999636
       1
count 76
(curr.pk-pk_prev).cwiseAbs().sum() 0.00858462
(curr.pk-p0).cwiseAbs().sum() 0.477702
stable?: 1 converged?: 1 G: 3.21557e-08
tp: 4
Elapsed Time d2w: 191817 us
Elapsed Time dG: 10683 us
vz_norm: 1.51944e-07vp_norm: 9.55787e-09
zk  -0.00186327
 -0.00151377
-0.000562709
  0.00188506
 -0.00202837
  -0.0004237
-0.000944021
-0.000768995
-0.000282611
 0.000335695
-0.000352615
-0.000117031
 8.62621e-14
           0
           0
 8.43927e-14
           0
           0
 0.000140818
           0
           0
 3.49483e-05
           0
 3.42865e-05
           0
 0.000169285
           0
           0
 7.57669e-06
-1.75535e-05
           0
           0
 1.79582e-05
           0
           0
 1.27815e-06
           0
           0
-9.72042e-09
 4.69797e-09
 9.87455e-09
-4.77246e-09
-1.25668e-05
           0
           0
 1.25667e-05
           0
           0
 1.88499e-07
           0
           0
           0
           0
           0
           0
-3.78557e-06
    0.086985
  -0.0867174
 -0.00661652
           0
           0
pk  0.99197
       1
       1
0.989698
       1
       1
0.998016
 0.99938
       1
   0.987
0.999912
       1
0.984126
0.999791
       1
0.997427
0.999481
       1
0.975329
 1.00005
       1
0.971796
 1.00018
       1
0.987233
0.999502
0.987057
0.924142
 1.00012
0.908915
0.948454
 1.00013
0.927768
0.943429
0.999636
       1
count 77
(curr.pk-pk_prev).cwiseAbs().sum() 0.00848576
(curr.pk-p0).cwiseAbs().sum() 0.480422
stable?: 1 converged?: 1 G: 3.21536e-08
tp: 4
Elapsed Time d2w: 166520 us
Elapsed Time dG: 9058 us
vz_norm: 3.91728e-08vp_norm: 3.33025e-09
zk  -0.00665348
   0.0107578
  -0.0103412
  -0.0118669
  -0.0104636
   0.0079558
 -0.00336219
  0.00545054
 -0.00519386
 -0.00162978
 -0.00176844
  0.00176565
 4.42747e-13
           0
           0
-4.31744e-13
           0
           0
   0.0025879
           0
           0
 0.000179403
           0
-0.000175434
           0
  0.00311112
           0
           0
-0.000139222
 8.98809e-05
           0
           0
 9.22491e-05
           0
           0
-2.34864e-05
           0
           0
 4.03972e-08
-1.07969e-08
 4.12351e-08
-1.10209e-08
  6.4606e-05
           0
           0
 6.46066e-05
           0
           0
-3.46424e-06
           0
           0
           0
           0
           0
           0
-8.64498e-05
   -0.326898
   -0.334327
   0.0981355
           0
           0
pk 0.990724
       1
       1
0.988503
       1
       1
0.997847
0.999339
       1
0.985112
0.999887
       1
0.982307
0.999767
       1
0.997089
0.999431
       1
0.972042
 1.00003
       1
0.968242
 1.00017
       1
0.987088
0.999501
0.986841
0.926888
  1.0001
0.910639
0.933649
 1.00005
0.915649
0.942655
0.999635
       1
count 78
(curr.pk-pk_prev).cwiseAbs().sum() 0.0463001
(curr.pk-p0).cwiseAbs().sum() 0.51752
stable?: 1 converged?: 1 G: 3.21307e-08
tp: 4
Elapsed Time d2w: 144480 us
Elapsed Time dG: 8492 us
vz_norm: 2.90918e-09vp_norm: 1.75796e-09
backtrackingCount 0
pk 0.987017
       1
       1
 0.98483
       1
       1
0.995237
0.998686
       1
0.979463
0.999814
       1
0.976701
0.999694
       1
0.992482
 0.99864
       1
 0.96033
0.999975
       1
0.956505
 1.00011
       1
0.984234
0.999494
0.972158
0.824079
0.999284
0.761053
0.833741
0.999254
0.770748
0.902664
0.999614
       1
backtrackingCount 1
pk 0.990493
       1
       1
0.988273
       1
       1
0.997684
0.999298
       1
0.984759
0.999882
       1
0.981957
0.999762
       1
0.996801
0.999382
       1
 0.97131
 1.00003
       1
0.967509
 1.00016
       1
 0.98691
0.999501
0.985923
0.920463
 1.00005
 0.90129
0.927405
       1
0.906593
0.940155
0.999634
       1
backtracking time: 68422 us
backtracking count: 2
zk  -0.00708432
   0.0110969
  -0.0102604
  -0.0139586
  -0.0111718
  0.00938503
 -0.00358255
  0.00562341
 -0.00515328
 -0.00185474
 -0.00200803
  0.00258287
 4.39288e-13
           0
           0
-4.28371e-13
           0
           0
  0.00256768
           0
           0
 0.000178001
           0
-0.000174064
           0
  0.00308681
           0
           0
-0.000138135
 8.91787e-05
           0
           0
 9.15284e-05
           0
           0
-2.33029e-05
           0
           0
 4.00816e-08
-1.07126e-08
  4.0913e-08
-1.09348e-08
 6.41012e-05
           0
           0
 6.41018e-05
           0
           0
-3.43718e-06
           0
           0
           0
           0
           0
           0
-6.79825e-05
   -0.350856
   -0.359125
    0.147318
           0
           0
pk 0.990493
       1
       1
0.988273
       1
       1
0.997684
0.999298
       1
0.984759
0.999882
       1
0.981957
0.999762
       1
0.996801
0.999382
       1
 0.97131
 1.00003
       1
0.967509
 1.00016
       1
 0.98691
0.999501
0.985923
0.920463
 1.00005
 0.90129
0.927405
       1
0.906593
0.940155
0.999634
       1
count 79
(curr.pk-pk_prev).cwiseAbs().sum() 0.0379617
(curr.pk-p0).cwiseAbs().sum() 0.555265
stable?: 1 converged?: 1 G: 3.21039e-08
tp: 2213
Elapsed Time d2w: 77743285 us
Elapsed Time dG: 8322 us
vz_norm: 6.04673e-08vp_norm: 3.39904e-08
zk   0.00231686
   0.0040854
  -0.0219793
    0.014522
  -0.0150987
 0.000791057
 0.000764115
  0.00199825
  -0.0137043
 3.68984e-05
-0.000312564
 -0.00121164
 -3.5209e-13
           0
           0
 2.79183e-13
           0
           0
  0.00531764
           0
           0
-0.000142627
           0
 0.000113153
           0
  0.00589246
           0
           0
-1.24253e-05
-0.000184213
           0
           0
-9.45765e-05
           0
           0
-3.39667e-06
           0
           0
-2.34916e-12
  1.6146e-12
-2.36298e-12
  1.6241e-12
           0
           0
           0
           0
           0
           0
-2.84782e-06
           0
           0
           0
           0
           0
           0
-0.000436144
  0.00334986
   -0.033153
  -0.0731176
           0
           0
pk 0.989887
       1
       1
0.986222
       1
       1
0.996676
 0.99924
       1
  0.9833
 0.99987
       1
0.980166
0.999646
       1
0.993281
0.999039
       1
 0.97552
 1.00083
       1
0.970797
 1.00044
       1
 0.97948
 0.99975
0.982463
0.920555
 1.00155
0.900865
0.938303
 1.00098
0.905862
0.925714
0.999668
       1
count 80
(curr.pk-pk_prev).cwiseAbs().sum() 0.0597722
(curr.pk-p0).cwiseAbs().sum() 0.577494
stable?: 1 converged?: 1 G: 3.21412e-08
tp: 9
Elapsed Time d2w: 386659 us
Elapsed Time dG: 8909 us
vz_norm: 3.06486e-07vp_norm: 3.02433e-08
zk   0.00186722
-0.000236804
 -0.00208055
    0.001102
  0.00208073
 -0.00753429
 0.000942239
-0.000124991
 -0.00104788
  7.4038e-05
  0.00038952
 -0.00176281
-9.91121e-14
           0
           0
 1.63954e-14
           0
           0
 0.000521178
           0
           0
-4.03126e-05
           0
 6.68364e-06
           0
 0.000628649
           0
           0
 0.000131653
-3.39864e-06
           0
           0
-2.07723e-05
           0
           0
 2.23771e-05
           0
           0
 1.04705e-08
-8.39946e-09
-6.09101e-09
  -1.984e-09
-2.36892e-06
           0
           0
  -1.476e-05
           0
           0
 3.36125e-06
           0
           0
           0
           0
           0
           0
-3.17729e-05
  -0.0665886
   0.0387194
   -0.102679
           0
           0
pk 0.989855
       1
       1
0.986195
       1
       1
0.996478
0.999195
       1
0.983248
0.999869
       1
0.980124
0.999645
       1
0.992978
0.998984
       1
0.975435
 1.00083
       1
 0.97071
 1.00044
       1
0.979235
0.999749
0.981189
0.921056
 1.00155
0.900768
0.939551
 1.00097
0.904812
0.919786
0.999664
       1
count 81
(curr.pk-pk_prev).cwiseAbs().sum() 0.011285
(curr.pk-p0).cwiseAbs().sum() 0.585258
stable?: 1 converged?: 1 G: 3.21505e-08
tp: 4
Elapsed Time d2w: 141577 us
Elapsed Time dG: 7996 us
vz_norm: 1.35521e-07vp_norm: 6.12565e-09
zk  -0.00215615
  0.00206709
 -0.00316279
 -0.00205635
 -0.00248962
  0.00237256
 -0.00109299
  0.00105181
 -0.00159191
 -0.00041503
-0.000450444
 0.000554267
 1.07841e-13
           0
           0
-1.05903e-13
           0
           0
 0.000792498
           0
           0
 4.38624e-05
           0
-4.32017e-05
           0
  0.00095649
           0
           0
-4.14177e-05
 2.21508e-05
           0
           0
 2.25851e-05
           0
           0
-7.04542e-06
           0
           0
 9.66041e-09
-2.56701e-09
 9.70379e-09
-2.57854e-09
 1.59824e-05
           0
           0
 1.59732e-05
           0
           0
-1.06562e-06
           0
           0
           0
           0
           0
           0
-4.79911e-05
  -0.0834823
  -0.0846653
   0.0316957
           0
           0
pk 0.989816
       1
       1
0.986156
       1
       1
0.996414
 0.99918
       1
0.983189
0.999869
       1
0.980064
0.999644
       1
0.992855
0.998965
       1
0.975312
 1.00083
       1
0.970605
 1.00044
       1
0.979203
0.999749
  0.9814
 0.91919
 1.00154
0.899092
0.940013
 1.00097
  0.9051
0.920811
0.999664
       1
count 82
(curr.pk-pk_prev).cwiseAbs().sum() 0.00622082
(curr.pk-p0).cwiseAbs().sum() 0.587486
stable?: 1 converged?: 1 G: 3.21462e-08
tp: 4
Elapsed Time d2w: 165363 us
Elapsed Time dG: 8141 us
vz_norm: 2.20112e-07vp_norm: 1.33714e-08
zk  -0.00141816
 -0.00129088
-0.000474096
  0.00169391
 -0.00162383
-0.000363174
-0.000719406
-0.000657351
-0.000238526
 0.000270183
-0.000284566
-7.11814e-05
 6.92558e-14
           0
           0
 6.78406e-14
           0
           0
 0.000118808
           0
           0
 2.81699e-05
           0
  2.7676e-05
           0
 0.000143434
           0
           0
 6.21723e-06
-1.41897e-05
           0
           0
  1.4504e-05
           0
           0
 1.05768e-06
           0
           0
-6.83882e-09
 2.49506e-09
 6.88452e-09
-2.51173e-09
-1.02515e-05
           0
           0
 1.02457e-05
           0
           0
 1.59802e-07
           0
           0
           0
           0
           0
           0
-5.59726e-06
   0.0602679
  -0.0600563
 -0.00393385
           0
           0
pk 0.989783
       1
       1
0.986127
       1
       1
0.996409
0.999179
       1
0.983139
0.999868
       1
 0.98002
0.999644
       1
0.992846
0.998963
       1
0.975243
 1.00083
       1
0.970501
 1.00044
       1
  0.9792
0.999749
0.981404
0.920246
 1.00154
0.900236
0.938591
 1.00096
0.903614
0.920843
0.999664
       1
count 83
(curr.pk-pk_prev).cwiseAbs().sum() 0.00550276
(curr.pk-p0).cwiseAbs().sum() 0.588503
stable?: 1 converged?: 1 G: 3.21457e-08
tp: 4
Elapsed Time d2w: 134754 us
Elapsed Time dG: 8850 us
vz_norm: 1.44876e-07vp_norm: 6.17665e-09
zk   0.00194388
  -0.0015583
-0.000620898
  0.00203256
  0.00211933
 0.000457806
 0.000987314
-0.000794761
-0.000312333
 0.000351537
 0.000368023
 0.000119652
-8.95339e-14
           0
           0
 8.79426e-14
           0
           0
 0.000155601
           0
           0
 -3.6419e-05
           0
 3.58775e-05
           0
 0.000187866
           0
           0
-8.14317e-06
-1.83909e-05
           0
           0
 -1.8748e-05
           0
           0
-1.38534e-06
           0
           0
-1.02219e-08
  5.0315e-09
-1.02603e-08
 5.05038e-09
-1.32558e-05
           0
           0
-1.32482e-05
           0
           0
-2.09304e-07
           0
           0
           0
           0
           0
           0
-4.12295e-06
   0.0918345
   0.0907995
  0.00673147
           0
           0
pk 0.989693
       1
       1
0.986037
       1
       1
0.996396
0.999175
       1
0.983002
0.999866
       1
0.979882
0.999642
       1
 0.99282
0.998959
       1
0.974975
 1.00083
       1
0.970261
 1.00044
       1
0.979188
0.999749
0.981371
0.918836
 1.00153
0.898271
0.939082
 1.00097
0.904752
0.920697
0.999664
       1
count 84
(curr.pk-pk_prev).cwiseAbs().sum() 0.00622345
(curr.pk-p0).cwiseAbs().sum() 0.591443
stable?: 1 converged?: 1 G: 3.21436e-08
tp: 4
Elapsed Time d2w: 116760 us
Elapsed Time dG: 8716 us
vz_norm: 1.48882e-07vp_norm: 9.80662e-09
zk  -0.00192369
 -0.00156767
-0.000512561
  0.00198654
 -0.00210824
-0.000374682
-0.000976971
-0.000799421
-0.000257815
 0.000350046
 -0.00036773
-0.000107312
 8.93697e-14
           0
           0
 8.75992e-14
           0
           0
 0.000128454
           0
           0
 3.63573e-05
           0
 3.57425e-05
           0
 0.000155099
           0
           0
 6.72163e-06
-1.83275e-05
           0
           0
 1.87217e-05
           0
           0
 1.14353e-06
           0
           0
-9.96424e-09
 4.72597e-09
 1.00361e-08
-4.76007e-09
-1.32327e-05
           0
           0
 1.32252e-05
           0
           0
 1.72799e-07
           0
           0
           0
           0
           0
           0
-2.85246e-06
   0.0893135
  -0.0886429
   -0.006059
           0
           0
pk 0.989611
       1
       1
0.985953
       1
       1
0.996379
0.999171
       1
0.982876
0.999864
       1
0.979755
 0.99964
       1
0.992788
0.998954
       1
 0.97472
 1.00083
       1
 0.97005
 1.00044
       1
0.979173
0.999749
0.981331
0.916771
 1.00152
0.895518
0.940268
 1.00097
0.906681
0.920513
0.999664
       1
count 85
(curr.pk-pk_prev).cwiseAbs().sum() 0.00913734
(curr.pk-p0).cwiseAbs().sum() 0.594323
stable?: 1 converged?: 1 G: 3.21414e-08
tp: 4
Elapsed Time d2w: 120852 us
Elapsed Time dG: 8305 us
vz_norm: 1.48715e-07vp_norm: 9.54492e-09
zk   0.00192084
 -0.00155319
-0.000603465
  0.00194843
  0.00210366
 0.000441962
 0.000975643
-0.000792144
-0.000303585
 0.000347913
 0.000366625
 0.000122556
-8.91059e-14
           0
           0
 8.70324e-14
           0
           0
 0.000151235
           0
           0
-3.62546e-05
           0
 3.55157e-05
           0
 0.000182602
           0
           0
 -7.9121e-06
-1.82158e-05
           0
           0
-1.86728e-05
           0
           0
-1.34606e-06
           0
           0
-9.93806e-09
 4.74982e-09
-1.00619e-08
 4.80903e-09
-1.31809e-05
           0
           0
-1.31737e-05
           0
           0
-2.03442e-07
           0
           0
           0
           0
           0
           0
-4.23093e-06
   0.0891551
   0.0888584
  0.00693023
           0
           0
pk 0.989527
       1
       1
0.985869
       1
       1
0.996365
0.999168
       1
0.982748
0.999863
       1
0.979627
0.999638
       1
 0.99276
 0.99895
       1
0.974463
 1.00082
       1
0.969834
 1.00044
       1
0.979161
0.999749
0.981296
0.914754
 1.00151
0.892817
0.941387
 1.00098
0.908555
 0.92036
0.999664
       1
count 86
(curr.pk-pk_prev).cwiseAbs().sum() 0.0088832
(curr.pk-p0).cwiseAbs().sum() 0.597189
stable?: 1 converged?: 1 G: 3.21393e-08
tp: 4
Elapsed Time d2w: 123965 us
Elapsed Time dG: 8964 us
vz_norm: 3.2271e-08vp_norm: 3.30877e-09
zk  -0.00428523
  0.00233212
  -0.0150161
 -0.00140036
 -0.00148204
  -0.0111786
 -0.00220465
  0.00115509
 -0.00755475
 0.000288784
-0.000281601
   -0.002737
 5.80351e-14
           0
           0
 5.65656e-14
           0
           0
  0.00376319
           0
           0
 2.35949e-05
           0
 2.30656e-05
           0
  0.00454373
           0
           0
 0.000196847
-1.17014e-05
           0
           0
 1.20188e-05
           0
           0
 3.34892e-05
           0
           0
-3.57419e-08
  4.4487e-08
  3.6372e-08
-4.52712e-08
-8.07697e-06
           0
           0
 8.07269e-06
           0
           0
 5.06231e-06
           0
           0
           0
           0
           0
           0
-0.000124427
    0.401496
   -0.393612
    -0.15362
           0
           0
pk 0.987708
       1
       1
0.984103
       1
       1
0.996109
0.999105
       1
0.979983
0.999825
       1
0.976936
0.999602
       1
0.992251
0.998873
       1
0.969369
  1.0008
       1
0.964859
 1.00041
       1
0.978942
0.999748
0.980874
0.907646
 1.00138
 0.86878
0.930295
 1.00095
0.916181
0.918704
0.999663
       1
count 87
(curr.pk-pk_prev).cwiseAbs().sum() 0.0724487
(curr.pk-p0).cwiseAbs().sum() 0.65399
stable?: 1 converged?: 1 G: 3.21023e-08
tp: 2822
Elapsed Time d2w: 85400278 us
Elapsed Time dG: 7951 us
vz_norm: 2.7397e-07vp_norm: 6.37697e-08
zk     0.012237
  -0.0148494
  -0.0294645
  0.00293572
   -0.012278
   -0.026747
  0.00679397
  -0.0087568
  -0.0177808
-0.000475423
 -0.00239515
 -0.00405027
-8.66159e-13
           0
           0
-5.63302e-13
           0
           0
  0.00718147
           0
           0
-0.000352178
           0
-0.000230003
           0
  0.00811665
           0
           0
 0.000466312
 0.000147654
           0
           0
-0.000203384
           0
           0
  7.7002e-05
           0
           0
-6.56784e-13
  3.9922e-13
 6.92619e-13
-4.21002e-13
           0
           0
           0
           0
           0
           0
 7.48179e-06
           0
           0
           0
           0
           0
           0
-0.000569684
  -0.0535955
   -0.259753
   -0.243537
           0
           0
pk 0.987366
       1
       1
 0.98002
       1
       1
0.994014
0.998907
       1
0.979557
 0.99981
       1
0.973541
0.999343
       1
0.986004
 0.99815
       1
0.981876
 1.00095
       1
0.971221
 1.00075
       1
0.964141
0.999102
 0.97662
0.916066
 1.00295
0.864536
0.949988
  1.0034
0.911911
0.892466
 0.99912
       1
count 88
(curr.pk-pk_prev).cwiseAbs().sum() 0.124259
(curr.pk-p0).cwiseAbs().sum() 0.684283
stable?: 1 converged?: 1 G: 3.21914e-08
tp: 870
Elapsed Time d2w: 26341963 us
Elapsed Time dG: 9209 us
vz_norm: 1.10963e-07vp_norm: 5.75055e-08
zk  -0.00217133
  -0.0119765
  0.00294956
   0.0242418
 -0.00861884
  -0.0163176
 -0.00150655
  -0.0057213
 -0.00106238
  0.00123605
-0.000555513
 0.000502411
-4.83834e-13
           0
           0
 6.23349e-13
           0
           0
-0.000911763
           0
           0
-0.000197539
           0
 0.000254907
           0
 -0.00153807
           0
           0
 0.000275573
-0.000135889
           0
           0
-8.70864e-05
           0
           0
 4.64153e-05
           0
           0
   1.333e-09
-1.08745e-09
-1.33941e-09
 1.05607e-09
-8.58031e-05
           0
           0
 -1.1177e-05
           0
           0
  5.0618e-06
           0
           0
           0
           0
           0
           0
-1.69033e-05
    0.125632
  -0.0486813
   0.0308355
           0
           0
pk 0.987402
       1
       1
0.975051
       1
       1
0.994577
0.998908
       1
0.980888
0.999811
       1
0.964718
 0.99925
       1
0.986662
0.998367
       1
0.976486
 1.00086
       1
0.975567
 1.00078
       1
0.952474
0.998536
 0.97251
0.921481
 1.00422
0.865534
0.958806
 1.00426
0.911243
  0.8672
0.998804
       1
count 89
(curr.pk-pk_prev).cwiseAbs().sum() 0.0865192
(curr.pk-p0).cwiseAbs().sum() 0.725841
stable?: 1 converged?: 1 G: 3.22508e-08
tp: 9
Elapsed Time d2w: 262920 us
Elapsed Time dG: 8952 us
vz_norm: 2.16129e-07vp_norm: 1.15993e-08
zk  0.000868863
-0.000568816
  -0.0111333
 -0.00174924
 0.000908147
  0.00768695
 0.000446974
-0.000296911
 -0.00565493
 0.000145101
 0.000187818
  0.00188126
-3.78188e-14
           0
           0
 3.58033e-14
           0
           0
  0.00279128
           0
           0
-1.54147e-05
           0
 1.48294e-05
           0
  0.00338074
           0
           0
-0.000134525
-7.57682e-06
           0
           0
-7.87822e-06
           0
           0
-2.34806e-05
           0
           0
-1.53463e-09
 1.38976e-09
-1.61567e-09
 1.46315e-09
-5.41237e-06
           0
           0
 -5.4126e-06
           0
           0
-3.76554e-06
           0
           0
           0
           0
           0
           0
 -0.00017558
   0.0316537
   0.0358887
    0.113264
           0
           0
pk 0.987349
       1
       1
0.974995
       1
       1
 0.99457
0.998904
       1
0.980804
 0.99981
       1
 0.96463
0.999249
       1
  0.9867
0.998363
       1
0.976261
 1.00085
       1
0.975402
 1.00078
       1
0.952481
0.998536
0.972108
0.920166
 1.00419
0.863933
0.958122
 1.00425
0.909952
0.865117
0.998803
       1
count 90
(curr.pk-pk_prev).cwiseAbs().sum() 0.00815195
(curr.pk-p0).cwiseAbs().sum() 0.733825
stable?: 1 converged?: 1 G: 3.22478e-08
tp: 4
Elapsed Time d2w: 117794 us
Elapsed Time dG: 7810 us
vz_norm: 1.54647e-07vp_norm: 6.48049e-09
zk  -0.00187237
   0.0016484
 -0.00262748
 -0.00171545
 -0.00217582
  0.00181354
 -0.00095171
 0.000848629
 -0.00132491
-0.000354749
-0.000375737
 0.000428618
  9.2319e-14
           0
           0
-8.72895e-14
           0
           0
 0.000659445
           0
           0
 3.76405e-05
           0
-3.61663e-05
           0
 0.000800719
           0
           0
-3.17408e-05
 1.85361e-05
           0
           0
 1.92963e-05
           0
           0
-5.54424e-06
           0
           0
  7.6588e-09
-1.92863e-09
 8.06675e-09
-2.03136e-09
 1.34233e-05
           0
           0
  1.3424e-05
           0
           0
 -8.9186e-07
           0
           0
           0
           0
           0
           0
-4.04737e-05
  -0.0684641
  -0.0698708
   0.0244122
           0
           0
pk 0.987324
       1
       1
0.974971
       1
       1
0.994521
0.998894
       1
0.980767
 0.99981
       1
0.964594
0.999249
       1
 0.98661
0.998351
       1
0.976195
 1.00085
       1
0.975336
 1.00078
       1
0.952438
0.998536
0.971746
0.920459
 1.00419
0.864079
0.958505
 1.00425
0.910169
0.863115
0.998802
       1
count 91
(curr.pk-pk_prev).cwiseAbs().sum() 0.00386304
(curr.pk-p0).cwiseAbs().sum() 0.735609
stable?: 1 converged?: 1 G: 3.2251e-08
tp: 4
Elapsed Time d2w: 120167 us
Elapsed Time dG: 8241 us
vz_norm: 1.78804e-07vp_norm: 8.89245e-09
zk  -0.00174598
 -0.00146291
-0.000402836
   0.0019368
 -0.00198292
-0.000279234
-0.000888595
-0.000754173
-0.000202971
 0.000321613
-0.000346073
 -5.3779e-05
 8.41579e-14
           0
           0
 7.95701e-14
           0
           0
  0.00010112
           0
           0
 3.43136e-05
           0
 3.29684e-05
           0
  0.00012283
           0
           0
 4.85681e-06
-1.68938e-05
           0
           0
 1.75873e-05
           0
           0
 8.48459e-07
           0
           0
-8.13116e-09
  3.2738e-09
 8.56488e-09
-3.44843e-09
-1.22163e-05
           0
           0
  1.2217e-05
           0
           0
 1.36812e-07
           0
           0
           0
           0
           0
           0
-3.19355e-06
   0.0735295
  -0.0757048
 -0.00290132
           0
           0
pk 0.987271
       1
       1
0.974924
       1
       1
0.994507
0.998891
       1
0.980685
0.999809
       1
 0.96452
0.999248
       1
0.986585
0.998347
       1
0.976072
 1.00085
       1
0.975173
 1.00078
       1
0.952428
0.998536
0.971722
0.921352
  1.0042
0.865215
0.957076
 1.00425
0.908531
0.863012
0.998802
       1
count 92
(curr.pk-pk_prev).cwiseAbs().sum() 0.00583388
(curr.pk-p0).cwiseAbs().sum() 0.737366
stable?: 1 converged?: 1 G: 3.22502e-08
tp: 4
Elapsed Time d2w: 122464 us
Elapsed Time dG: 8391 us
vz_norm: 1.33802e-07vp_norm: 7.37013e-09
zk  -0.00214779
  0.00161467
-0.000318273
 -0.00221132
 -0.00235664
 0.000212583
 -0.00109459
 0.000834018
-0.000160193
-0.000379345
-0.000407616
 3.22907e-05
 9.87275e-14
           0
           0
-9.35824e-14
           0
           0
  7.9906e-05
           0
           0
 4.02567e-05
           0
-3.87764e-05
           0
 9.71003e-05
           0
           0
-3.83816e-06
 1.98679e-05
           0
           0
 2.06321e-05
           0
           0
-6.70586e-07
           0
           0
 1.07268e-08
-5.38246e-09
 1.12638e-08
-5.65193e-09
 1.43392e-05
           0
           0
 1.43399e-05
           0
           0
-1.08154e-07
           0
           0
           0
           0
           0
           0
 1.61315e-06
  -0.0981052
   -0.100638
  0.00156891
           0
           0
pk 0.987162
       1
       1
0.974823
       1
       1
0.994486
0.998886
       1
0.980519
0.999807
       1
0.964365
0.999246
       1
0.986546
 0.99834
       1
 0.97581
 1.00085
       1
0.974848
 1.00078
       1
0.952411
0.998536
0.971667
0.922308
  1.0042
0.867015
0.955194
 1.00423
0.905897
0.862759
0.998802
       1
count 93
(curr.pk-pk_prev).cwiseAbs().sum() 0.00881268
(curr.pk-p0).cwiseAbs().sum() 0.740635
stable?: 1 converged?: 1 G: 3.22487e-08
tp: 4
Elapsed Time d2w: 117982 us
Elapsed Time dG: 8217 us
vz_norm: 1.31722e-07vp_norm: 9.76067e-09
zk  -0.00216665
 -0.00162242
-0.000245661
  0.00222039
 -0.00237492
-0.000164078
 -0.00110443
 -0.00083822
 -0.00012355
 0.000382837
-0.000410232
-1.33993e-05
 9.92669e-14
           0
           0
 9.43826e-14
           0
           0
 6.16842e-05
           0
           0
 4.04833e-05
           0
 3.91141e-05
           0
 7.49813e-05
           0
           0
 2.96248e-06
-2.00459e-05
           0
           0
 2.07548e-05
           0
           0
 5.17643e-07
           0
           0
 -1.0928e-08
  5.5593e-09
 1.14181e-08
-5.80861e-09
-1.44518e-05
           0
           0
 1.44522e-05
           0
           0
 8.35177e-08
           0
           0
           0
           0
           0
           0
 2.99901e-06
   0.0999697
   -0.102128
-0.000449016
           0
           0
pk 0.987049
       1
       1
0.974719
       1
       1
0.994464
 0.99888
       1
0.980348
0.999804
       1
0.964205
0.999243
       1
0.986505
0.998333
       1
0.975546
 1.00085
       1
0.974505
 1.00077
       1
0.952392
0.998536
0.971605
0.923842
 1.00421
0.869668
0.952737
 1.00422
0.902414
0.862484
0.998802
       1
count 94
(curr.pk-pk_prev).cwiseAbs().sum() 0.0117453
(curr.pk-p0).cwiseAbs().sum() 0.743968
stable?: 1 converged?: 1 G: 3.22474e-08
tp: 4
Elapsed Time d2w: 119590 us
Elapsed Time dG: 7885 us
vz_norm: 1.3081e-07vp_norm: 9.88992e-09
zk  -0.00216482
  0.00161537
 -0.00037089
 -0.00225892
 -0.00236966
  0.00025134
 -0.00110372
 0.000834775
-0.000186716
-0.000383068
-0.000408407
 3.31236e-05
 9.88244e-14
           0
           0
-9.43673e-14
           0
           0
  9.3117e-05
           0
           0
 4.03097e-05
           0
-3.91141e-05
           0
 0.000113156
           0
           0
-4.47012e-06
  2.0051e-05
           0
           0
 2.06728e-05
           0
           0
-7.81016e-07
           0
           0
 1.10317e-08
 -5.6816e-09
 1.14471e-08
-5.89553e-09
 1.44307e-05
           0
           0
 1.44308e-05
           0
           0
 -1.2604e-07
           0
           0
           0
           0
           0
           0
 1.19425e-06
   -0.100939
   -0.102487
  0.00157376
           0
           0
pk 0.986933
       1
       1
0.974612
       1
       1
0.994445
0.998875
       1
0.980171
0.999802
       1
0.964041
0.999241
       1
0.986469
0.998328
       1
0.975275
 1.00085
       1
0.974153
 1.00077
       1
0.952376
0.998536
0.971551
0.925387
 1.00422
0.872412
0.950226
  1.0042
0.898827
0.862249
0.998802
       1
count 95
(curr.pk-pk_prev).cwiseAbs().sum() 0.0119785
(curr.pk-p0).cwiseAbs().sum() 0.747329
stable?: 1 converged?: 1 G: 3.22461e-08
tp: 4
Elapsed Time d2w: 128701 us
Elapsed Time dG: 9373 us
vz_norm: 1.33986e-07vp_norm: 1.01915e-08
zk  -0.00213104
 -0.00161115
-0.000542339
  0.00230126
 -0.00233724
-0.000371559
 -0.00108649
 -0.00083251
-0.000273216
 0.000380088
 -0.00040304
  -6.195e-05
 9.75978e-14
           0
           0
 9.36045e-14
           0
           0
  0.00013615
           0
           0
 3.98166e-05
           0
 3.88046e-05
           0
 0.000165418
           0
           0
 6.53365e-06
-1.98985e-05
           0
           0
 2.04278e-05
           0
           0
  1.1415e-06
           0
           0
-1.08342e-08
 5.46843e-09
 1.11623e-08
-5.63399e-09
 -1.4299e-05
           0
           0
 1.42987e-05
           0
           0
 1.84253e-07
           0
           0
           0
           0
           0
           0
-1.84943e-06
   0.0988404
  -0.0997424
 -0.00323564
           0
           0
pk 0.986822
       1
       1
0.974509
       1
       1
0.994431
0.998872
       1
0.980003
  0.9998
       1
0.963883
0.999239
       1
0.986441
0.998323
       1
0.975015
 1.00085
       1
0.973815
 1.00077
       1
0.952364
0.998536
0.971511
0.926943
 1.00422
0.875091
 0.94771
 1.00418
0.895335
0.862078
0.998802
       1
count 96
(curr.pk-pk_prev).cwiseAbs().sum() 0.0116819
(curr.pk-p0).cwiseAbs().sum() 0.750505
stable?: 1 converged?: 1 G: 3.22447e-08
tp: 4
Elapsed Time d2w: 117966 us
Elapsed Time dG: 8821 us
vz_norm: 1.14637e-07vp_norm: 8.63568e-09
zk  -0.00242006
  0.00174624
 -0.00101603
 -0.00267047
 -0.00261142
 0.000697096
 -0.00123462
 0.000903229
-0.000512031
-0.000423166
-0.000450113
 0.000133982
 1.08459e-13
           0
           0
-1.04481e-13
           0
           0
 0.000255057
           0
           0
 4.42548e-05
           0
  -4.332e-05
           0
 0.000309856
           0
           0
-1.22369e-05
 2.22177e-05
           0
           0
 2.27106e-05
           0
           0
-2.13787e-06
           0
           0
 1.25863e-08
-6.77423e-09
 1.28775e-08
-6.93095e-09
 1.59326e-05
           0
           0
  1.5932e-05
           0
           0
-3.45139e-07
           0
           0
           0
           0
           0
           0
-6.90967e-06
   -0.115609
   -0.116288
  0.00725781
           0
           0
pk 0.986671
       1
       1
0.974368
       1
       1
0.994417
0.998868
       1
0.979773
0.999797
       1
0.963666
0.999236
       1
0.986413
0.998319
       1
0.974651
 1.00085
       1
 0.97336
 1.00077
       1
0.952352
0.998536
0.971474
0.928436
 1.00423
0.878154
0.944837
 1.00416
0.891132
0.861929
0.998801
       1
count 97
(curr.pk-pk_prev).cwiseAbs().sum() 0.0134759
(curr.pk-p0).cwiseAbs().sum() 0.754823
stable?: 1 converged?: 1 G: 3.22424e-08
tp: 4
Elapsed Time d2w: 126283 us
Elapsed Time dG: 9207 us
vz_norm: 8.30604e-08vp_norm: 7.45298e-09
zk  -0.00270014
 -0.00346834
 -0.00227654
  0.00424113
 -0.00384154
 -0.00156707
   -0.001373
 -0.00178549
 -0.00114741
 0.000619042
-0.000664074
-0.000322058
 1.59139e-13
           0
           0
 1.54025e-13
           0
           0
 0.000571484
           0
           0
 6.49493e-05
           0
 6.38769e-05
           0
 0.000694264
           0
           0
 2.74136e-05
-3.27774e-05
           0
           0
 3.33505e-05
           0
           0
 4.78935e-06
           0
           0
-1.76363e-08
 8.66628e-09
  1.7897e-08
-8.79436e-09
-2.34809e-05
           0
           0
 2.34793e-05
           0
           0
  7.7332e-07
           0
           0
           0
           0
           0
           0
-1.89551e-05
     0.15936
   -0.160372
  -0.0176496
           0
           0
pk  0.98639
       1
       1
0.974104
       1
       1
0.994379
0.998859
       1
0.979346
0.999791
       1
 0.96326
 0.99923
       1
0.986335
0.998308
       1
0.973961
 1.00084
       1
0.972524
 1.00077
       1
0.952322
0.998536
 0.97144
0.931036
 1.00424
0.882689
0.939557
 1.00413
0.884356
0.861821
0.998801
       1
count 98
(curr.pk-pk_prev).cwiseAbs().sum() 0.0224677
(curr.pk-p0).cwiseAbs().sum() 0.762938
stable?: 1 converged?: 1 G: 3.22379e-08
tp: 4
Elapsed Time d2w: 121834 us
Elapsed Time dG: 9422 us
vz_norm: 1.61427e-07vp_norm: 1.91488e-08
zk    0.0018694
 -0.00157666
-0.000592339
  0.00183387
  0.00209057
 0.000392586
 0.000952591
-0.000813828
 -0.00029863
  0.00035282
 0.000367475
 0.000126061
-8.91043e-14
           0
           0
 8.69783e-14
           0
           0
 0.000148695
           0
           0
-3.63823e-05
           0
  3.6087e-05
           0
  0.00018064
           0
           0
-7.13204e-06
-1.85336e-05
           0
           0
-1.87008e-05
           0
           0
-1.24603e-06
           0
           0
-9.19182e-09
 3.87055e-09
-9.20917e-09
 3.87786e-09
-1.32492e-05
           0
           0
-1.32477e-05
           0
           0
-2.01212e-07
           0
           0
           0
           0
           0
           0
-5.20385e-06
   0.0829433
   0.0818696
  0.00721197
           0
           0
pk 0.986326
       1
       1
0.974036
       1
       1
0.994361
0.998855
       1
0.979247
 0.99979
       1
0.963156
0.999229
       1
0.986302
0.998302
       1
0.973736
 1.00084
       1
0.972375
 1.00076
       1
0.952309
0.998536
0.971412
0.927554
 1.00423
0.878615
0.942268
 1.00414
0.887694
0.861678
0.998801
       1
count 99
(curr.pk-pk_prev).cwiseAbs().sum() 0.0145941
(curr.pk-p0).cwiseAbs().sum() 0.765393
stable?: 1 converged?: 1 G: 3.22355e-08
tp: 4
Elapsed Time d2w: 122441 us
Elapsed Time dG: 8270 us
vz_norm: 1.40308e-07vp_norm: 8.38256e-09
zk  -0.00206765
 -0.00163295
-0.000569541
  0.00216927
  -0.0022762
-0.000378192
 -0.00105444
-0.000843774
-0.000287061
 0.000378901
 -0.00039621
-0.000110506
 9.60654e-14
           0
           0
 9.31497e-14
           0
           0
  0.00014298
           0
           0
 3.92282e-05
           0
 3.86512e-05
           0
  0.00017372
           0
           0
 6.85723e-06
-1.98527e-05
           0
           0
 2.01643e-05
           0
           0
 1.19806e-06
           0
           0
 -1.0452e-08
 4.95343e-09
   1.056e-08
-5.00462e-09
-1.42377e-05
           0
           0
 1.42366e-05
           0
           0
 1.93504e-07
           0
           0
           0
           0
           0
           0
-3.07874e-06
   0.0949912
  -0.0942686
 -0.00623699
           0
           0
pk 0.986232
       1
       1
0.973942
       1
       1
0.994342
 0.99885
       1
0.979103
0.999788
       1
0.963012
0.999227
       1
0.986267
0.998297
       1
0.973451
 1.00084
       1
 0.97213
 1.00076
       1
0.952294
0.998536
0.971371
0.925525
 1.00421
0.875908
0.943315
 1.00415
0.889481
0.861477
0.998801
       1
count 100
(curr.pk-pk_prev).cwiseAbs().sum() 0.00892193
(curr.pk-p0).cwiseAbs().sum() 0.768617
stable?: 1 converged?: 1 G: 3.22331e-08
tp: 4
Elapsed Time d2w: 127837 us
Elapsed Time dG: 8719 us
vz_norm: 1.391e-07vp_norm: 9.62096e-09
zk   0.00208094
  -0.0016291
-0.000652948
  0.00212397
  0.00228709
 0.000433873
  0.00106137
-0.000841947
-0.000329144
 0.000379511
  0.00039814
 0.000127231
-9.65065e-14
           0
           0
 9.32667e-14
           0
           0
 0.000163918
           0
           0
 -3.9414e-05
           0
 3.87055e-05
           0
 0.000199158
           0
           0
-7.85963e-06
-1.98862e-05
           0
           0
-2.02647e-05
           0
           0
 -1.3732e-06
           0
           0
-1.05103e-08
 5.02366e-09
-1.06731e-08
  5.1015e-09
-1.42921e-05
           0
           0
-1.42912e-05
           0
           0
-2.21841e-07
           0
           0
           0
           0
           0
           0
-4.23332e-06
   0.0956039
   0.0952741
  0.00720755
           0
           0
pk 0.986135
       1
       1
0.973846
       1
       1
0.994325
0.998846
       1
0.978955
0.999786
       1
0.962864
0.999225
       1
0.986234
0.998291
       1
0.973155
 1.00084
       1
0.971881
 1.00076
       1
 0.95228
0.998536
0.971333
0.923195
  1.0042
0.872795
0.944624
 1.00415
0.891646
0.861292
0.998801
       1
count 101
(curr.pk-pk_prev).cwiseAbs().sum() 0.010275
(curr.pk-p0).cwiseAbs().sum() 0.77191
stable?: 1 converged?: 1 G: 3.22306e-08
tp: 4
Elapsed Time d2w: 126227 us
Elapsed Time dG: 7813 us
vz_norm: 3.41053e-08vp_norm: 3.31227e-09
zk   0.00749697
   0.0126634
  -0.0136818
  -0.0144521
   0.0124068
 -0.00933478
  0.00379569
  0.00650418
 -0.00689714
 -0.00191822
  0.00208867
 -0.00215312
-5.19559e-13
           0
           0
-5.00122e-13
           0
           0
  0.00343476
           0
           0
-0.000212231
           0
-0.000207589
           0
  0.00417329
           0
           0
  0.00016466
 0.000106738
           0
           0
-0.000109198
           0
           0
 2.87691e-05
           0
           0
 4.57905e-08
-1.19169e-08
-4.67795e-08
 1.21743e-08
  7.7056e-05
           0
           0
-7.70527e-05
           0
           0
 4.64863e-06
           0
           0
           0
           0
           0
           0
-0.000115034
    -0.37629
    0.386119
   -0.119772
           0
           0
pk 0.984477
       1
       1
0.972274
       1
       1
0.994089
0.998788
       1
 0.97643
0.999752
       1
0.960445
0.999192
       1
 0.98576
 0.99822
       1
0.968805
 1.00082
       1
0.967145
 1.00074
       1
0.952093
0.998535
0.971088
 0.92672
 1.00417
0.874723
0.924969
 1.00405
 0.87576
 0.86038
  0.9988
       1
count 102
(curr.pk-pk_prev).cwiseAbs().sum() 0.060683
(curr.pk-p0).cwiseAbs().sum() 0.821335
stable?: 1 converged?: 1 G: 3.22001e-08
tp: 217
Elapsed Time d2w: 6370766 us
Elapsed Time dG: 8508 us
vz_norm: 2.5603e-07vp_norm: 5.05448e-08
zk  -0.00220905
   0.0110032
  -0.0159565
 -0.00463728
   0.0185455
  -0.0126297
-0.000934963
   0.0068566
 -0.00918197
 0.000243048
  0.00202326
  -0.0046722
 5.83679e-13
           0
           0
 2.87673e-13
           0
           0
  0.00392577
           0
           0
 0.000238021
           0
 0.000119436
           0
  0.00454207
           0
           0
 0.000218999
-0.000118229
           0
           0
 0.000121392
           0
           0
 3.75922e-05
           0
           0
 -1.5242e-10
 1.08073e-10
-1.53162e-10
 1.08447e-10
-6.43298e-07
           0
           0
-6.43219e-07
           0
           0
 5.98026e-06
           0
           0
           0
           0
           0
           0
-0.000284775
   0.0287661
    0.220071
   -0.281498
           0
           0
pk 0.983897
       1
       1
0.972308
       1
       1
 0.99304
0.998692
       1
0.974154
0.999744
       1
0.961147
0.999192
       1
0.978978
0.997881
       1
0.979604
 1.00118
       1
 0.96836
 1.00088
       1
0.937162
0.998335
0.968249
0.934253
  1.0055
 0.87466
0.939606
 1.00543
0.874062
0.837256
0.998372
       1
count 103
(curr.pk-pk_prev).cwiseAbs().sum() 0.0925481
(curr.pk-p0).cwiseAbs().sum() 0.844041
stable?: 1 converged?: 1 G: 3.22717e-08
tp: 4
Elapsed Time d2w: 126523 us
Elapsed Time dG: 7067 us
vz_norm: 2.89968e-09vp_norm: 1.78299e-09
backtrackingCount 0
pk 0.979955
       1
       1
0.968434
       1
       1
0.990395
0.998031
       1
0.968052
0.999668
       1
0.955108
0.999116
       1
0.974239
0.997064
       1
0.967281
 1.00112
       1
0.955839
 1.00082
       1
0.934704
0.998328
0.958421
 0.82725
 1.00464
 0.71949
0.837608
 1.00462
0.726151
0.800652
0.998352
       1
backtrackingCount 1
pk  0.98365
       1
       1
0.972066
       1
       1
0.992875
0.998651
       1
0.973772
0.999739
       1
 0.96077
0.999187
       1
0.978682
 0.99783
       1
0.978834
 1.00118
       1
0.967577
 1.00088
       1
0.937009
0.998335
0.967634
0.927565
 1.00544
0.864962
0.933231
 1.00538
0.864817
0.834969
0.998371
       1
backtracking time: 71384 us
backtracking count: 2
zk  -0.00272437
   0.0116311
  -0.0158318
 -0.00654114
   0.0190755
  -0.0140099
 -0.00120289
  0.00716918
 -0.00911023
 0.000462521
  0.00227932
 -0.00548028
 5.79119e-13
           0
           0
 2.85425e-13
           0
           0
   0.0038951
           0
           0
 0.000236161
           0
 0.000118502
           0
  0.00450658
           0
           0
 0.000217288
-0.000117305
           0
           0
 0.000120443
           0
           0
 3.72985e-05
           0
           0
-1.51229e-10
 1.07228e-10
-1.51966e-10
   1.076e-10
-6.38272e-07
           0
           0
-6.38194e-07
           0
           0
 5.93354e-06
           0
           0
           0
           0
           0
           0
-0.000263821
   0.0534516
    0.247773
   -0.330071
           0
           0
pk  0.98365
       1
       1
0.972066
       1
       1
0.992875
0.998651
       1
0.973772
0.999739
       1
 0.96077
0.999187
       1
0.978682
 0.99783
       1
0.978834
 1.00118
       1
0.967577
 1.00088
       1
0.937009
0.998335
0.967634
0.927565
 1.00544
0.864962
0.933231
 1.00538
0.864817
0.834969
0.998371
       1
count 104
(curr.pk-pk_prev).cwiseAbs().sum() 0.0385377
(curr.pk-p0).cwiseAbs().sum() 0.882355
stable?: 1 converged?: 1 G: 3.22437e-08
tp: 1730
Elapsed Time d2w: 50476541 us
Elapsed Time dG: 7592 us
vz_norm: 1.83631e-07vp_norm: 4.40491e-08
zk  -0.00389873
  0.00709392
 -0.00242961
 -0.00249405
  0.00509631
  -0.0105592
 -0.00286536
  0.00322677
 -0.00353901
 0.000578967
 0.000210078
  -0.0063642
 1.11227e-13
           0
           0
-4.43647e-13
           0
           0
 0.000448211
           0
           0
 4.59025e-05
           0
-0.000183823
           0
 9.54742e-05
           0
           0
 0.000184684
 7.34006e-05
           0
           0
-3.16772e-06
           0
           0
  3.2048e-05
           0
           0
 3.67205e-09
-2.90086e-09
-2.18864e-09
 1.45999e-09
 4.35176e-05
           0
           0
 2.09117e-05
           0
           0
 2.05706e-06
           0
           0
           0
           0
           0
           0
-0.000111889
   0.0333849
   0.0380423
   -0.383635
           0
           0
pk 0.981009
       1
       1
0.971914
       1
       1
 0.99377
0.998641
       1
0.971068
0.999639
       1
0.960729
0.999182
       1
0.981779
0.998085
       1
0.984247
 1.00125
       1
0.969781
 1.00098
       1
0.917744
0.997586
0.962901
0.936871
  1.0067
0.866442
0.945664
 1.00652
 0.86166
0.798503
0.998052
       1
count 105
(curr.pk-pk_prev).cwiseAbs().sum() 0.108001
(curr.pk-p0).cwiseAbs().sum() 0.920191
stable?: 1 converged?: 1 G: 3.23266e-08
tp: 1979
Elapsed Time d2w: 58231718 us
Elapsed Time dG: 8139 us
vz_norm: 2.63791e-07vp_norm: 1.46072e-08
zk  0.000847099
 -0.00102091
 -0.00522341
  0.00581949
 0.000321949
 -0.00215083
 0.000384186
-0.000609642
 -0.00412518
 0.000818478
 0.000543358
-0.000931198
-1.61056e-14
           0
           0
 5.01487e-14
           0
           0
  0.00121067
           0
           0
-6.87374e-06
           0
 2.07371e-05
           0
  0.00121779
           0
           0
 3.77394e-05
 -7.9087e-06
           0
           0
-4.58068e-06
           0
           0
 5.36452e-06
           0
           0
-4.30683e-09
 2.67358e-09
-4.28306e-09
 2.65883e-09
-6.19224e-06
           0
           0
-6.19115e-06
           0
           0
-4.10088e-07
           0
           0
           0
           0
           0
           0
-0.000131837
    0.121001
   0.0872701
  -0.0561173
           0
           0
pk 0.982094
       1
       1
 0.97186
       1
       1
0.994646
 0.99869
       1
0.972142
0.999694
       1
0.960586
0.999185
       1
0.984285
0.998448
       1
 0.98423
 1.00113
       1
0.970781
 1.00087
       1
0.915407
0.997145
 0.96384
0.937071
 1.00666
0.865807
0.945174
 1.00632
0.860805
0.799463
0.997949
       1
count 106
(curr.pk-pk_prev).cwiseAbs().sum() 0.0146452
(curr.pk-p0).cwiseAbs().sum() 0.915693
stable?: 1 converged?: 1 G: 3.23246e-08
tp: 4
Elapsed Time d2w: 124877 us
Elapsed Time dG: 8114 us
vz_norm: 1.1232e-07vp_norm: 9.25151e-09
zk   0.00266809
  0.00242332
 -0.00381373
  -0.0041399
  0.00314899
 -0.00235307
   0.0013635
  0.00125159
 -0.00192298
-0.000524163
 0.000544618
 -0.00055652
-1.30721e-13
           0
           0
-1.29837e-13
           0
           0
 0.000956888
           0
           0
-5.37664e-05
           0
-5.40176e-05
           0
  0.00116507
           0
           0
 4.10159e-05
 2.74706e-05
           0
           0
-2.76999e-05
           0
           0
   7.444e-06
           0
           0
 1.12352e-08
-2.89191e-09
-1.11702e-08
  2.8752e-09
 1.95776e-05
           0
           0
 -1.9571e-05
           0
           0
 1.29646e-06
           0
           0
           0
           0
           0
           0
-5.74034e-05
   -0.101017
   0.0996416
  -0.0317082
           0
           0
pk 0.982033
       1
       1
0.971801
       1
       1
0.994545
0.998667
       1
0.972047
0.999692
       1
0.960496
0.999184
       1
0.984102
0.998419
       1
0.984096
 1.00113
       1
0.970587
 1.00087
       1
0.915332
0.997145
0.963449
 0.94005
 1.00667
0.868041
0.942051
 1.00631
0.858194
0.797224
0.997948
       1
count 107
(curr.pk-pk_prev).cwiseAbs().sum() 0.0146487
(curr.pk-p0).cwiseAbs().sum() 0.919886
stable?: 1 converged?: 1 G: 3.23269e-08
tp: 4
Elapsed Time d2w: 116673 us
Elapsed Time dG: 7594 us
vz_norm: 1.70286e-07vp_norm: 1.25275e-08
zk  -0.00183051
  0.00164436
-0.000442696
 -0.00206199
 -0.00209861
 0.000262786
-0.000936369
 0.000850144
-0.000223096
-0.000357681
-0.000370838
 8.30956e-05
 8.89784e-14
           0
           0
-8.89551e-14
           0
           0
 0.000111094
           0
           0
 3.66003e-05
           0
-3.70119e-05
           0
  0.00013532
           0
           0
-4.74965e-06
 1.88209e-05
           0
           0
 1.88558e-05
           0
           0
-8.62147e-07
           0
           0
 8.69718e-09
-3.31183e-09
 8.59851e-09
-3.27426e-09
  1.3359e-05
           0
           0
 1.33542e-05
           0
           0
-1.50585e-07
           0
           0
           0
           0
           0
           0
-3.63859e-06
  -0.0791374
  -0.0775236
  0.00470773
           0
           0
pk 0.981982
       1
       1
0.971746
       1
       1
0.994523
0.998661
       1
0.971969
0.999691
       1
0.960412
0.999182
       1
 0.98406
0.998413
       1
0.983922
 1.00113
       1
0.970461
 1.00087
       1
0.915316
0.997145
0.963417
0.937817
 1.00666
0.865606
0.943614
 1.00632
0.859957
0.797044
0.997948
       1
count 108
(curr.pk-pk_prev).cwiseAbs().sum() 0.00888606
(curr.pk-p0).cwiseAbs().sum() 0.922095
stable?: 1 converged?: 1 G: 3.23251e-08
tp: 4
Elapsed Time d2w: 117718 us
Elapsed Time dG: 7644 us
vz_norm: 1.23916e-07vp_norm: 7.1346e-09
zk   0.00233862
  0.00184173
-0.000484551
 -0.00256341
  0.00256792
-0.000288129
  0.00119797
 0.000953997
-0.000244073
-0.000431457
 0.000447805
-9.24678e-05
-1.07348e-13
           0
           0
-1.06884e-13
           0
           0
 0.000121609
           0
           0
-4.41591e-05
           0
-4.44748e-05
           0
 0.000148159
           0
           0
 5.19853e-06
 2.26146e-05
           0
           0
-2.27475e-05
           0
           0
 9.43692e-07
           0
           0
 1.17896e-08
  -5.751e-09
-1.17127e-08
 5.71346e-09
 1.60736e-05
           0
           0
-1.60681e-05
           0
           0
 1.64873e-07
           0
           0
           0
           0
           0
           0
 1.35759e-07
   -0.108567
    0.106386
 -0.00518145
           0
           0
pk  0.98186
       1
       1
0.971622
       1
       1
0.994492
0.998654
       1
0.971782
0.999689
       1
0.960221
 0.99918
       1
0.984005
0.998403
       1
0.983554
 1.00113
       1
0.970139
 1.00087
       1
0.915294
0.997145
0.963355
0.935611
 1.00665
0.862568
0.944617
 1.00632
0.861845
0.796701
0.997948
       1
count 109
(curr.pk-pk_prev).cwiseAbs().sum() 0.0100058
(curr.pk-p0).cwiseAbs().sum() 0.926283
stable?: 1 converged?: 1 G: 3.23223e-08
tp: 4
Elapsed Time d2w: 115120 us
Elapsed Time dG: 7380 us
vz_norm: 1.23343e-07vp_norm: 9.87687e-09
zk  -0.00236292
  0.00186208
-0.000385988
 -0.00258211
 -0.00259598
 0.000224514
  -0.0012105
 0.000964593
-0.000194375
-0.000435687
-0.000454106
 8.56399e-05
 1.08734e-13
           0
           0
-1.07892e-13
           0
           0
 9.68783e-05
           0
           0
 4.47377e-05
           0
-4.49027e-05
           0
 0.000118048
           0
           0
-4.13991e-06
  2.2841e-05
           0
           0
 2.30535e-05
           0
           0
-7.51561e-07
           0
           0
 1.18313e-08
-5.71931e-09
 1.18214e-08
-5.71451e-09
 1.62731e-05
           0
           0
 1.62679e-05
           0
           0
-1.31366e-07
           0
           0
           0
           0
           0
           0
 1.71436e-06
   -0.108953
    -0.10731
   0.0048241
           0
           0
pk 0.981739
       1
       1
0.971498
       1
       1
0.994457
0.998645
       1
0.971596
0.999686
       1
0.960031
0.999177
       1
 0.98394
0.998393
       1
0.983176
 1.00113
       1
0.969828
 1.00087
       1
0.915267
0.997145
0.963282
0.932618
 1.00663
0.858506
 0.94639
 1.00633
0.864709
0.796293
0.997948
       1
count 110
(curr.pk-pk_prev).cwiseAbs().sum() 0.0136647
(curr.pk-p0).cwiseAbs().sum() 0.930629
stable?: 1 converged?: 1 G: 3.23193e-08
tp: 4
Elapsed Time d2w: 121381 us
Elapsed Time dG: 7611 us
vz_norm: 1.24172e-07vp_norm: 1.00204e-08
zk   0.00234747
  0.00183614
-0.000564927
 -0.00248809
  0.00257956
-0.000332385
  0.00120275
 0.000951317
-0.000284648
-0.000430654
 0.000450953
 -0.00011252
-1.07989e-13
           0
           0
-1.06605e-13
           0
           0
 0.000141783
           0
           0
-4.44396e-05
           0
 -4.4376e-05
           0
 0.000172743
           0
           0
 6.05552e-06
 2.25816e-05
           0
           0
-2.29072e-05
           0
           0
 1.09929e-06
           0
           0
 1.16983e-08
-5.67132e-09
-1.17828e-08
  5.7123e-09
 1.61392e-05
           0
           0
-1.61344e-05
           0
           0
 1.92235e-07
           0
           0
           0
           0
           0
           0
-1.15963e-06
   -0.107813
    0.106879
 -0.00636786
           0
           0
pk 0.981618
       1
       1
0.971375
       1
       1
0.994427
0.998638
       1
 0.97141
0.999684
       1
0.959841
0.999175
       1
0.983885
0.998384
       1
  0.9828
 1.00113
       1
0.969516
 1.00087
       1
0.915245
0.997145
0.963221
0.929613
 1.00661
0.854439
0.948149
 1.00634
0.867584
0.795957
0.997948
       1
count 111
(curr.pk-pk_prev).cwiseAbs().sum() 0.0135706
(curr.pk-p0).cwiseAbs().sum() 0.934888
stable?: 1 converged?: 1 G: 3.23163e-08
tp: 4
Elapsed Time d2w: 115166 us
Elapsed Time dG: 7438 us
vz_norm: 1.28441e-07vp_norm: 1.02806e-08
zk  -0.00228338
  0.00179378
-0.000763828
 -0.00234342
 -0.00251987
 0.000453437
 -0.00116994
 0.000929357
-0.000385006
-0.000418746
-0.000440563
 0.000141007
 1.05539e-13
           0
           0
-1.03654e-13
           0
           0
 0.000191697
           0
           0
 4.34398e-05
           0
-4.31561e-05
           0
 0.000233542
           0
           0
-8.18381e-06
 2.19697e-05
           0
           0
 2.23994e-05
           0
           0
-1.48564e-06
           0
           0
 1.12621e-08
-5.37482e-09
 1.14353e-08
 -5.4575e-09
 1.57533e-05
           0
           0
 1.57491e-05
           0
           0
-2.59896e-07
           0
           0
           0
           0
           0
           0
-4.83028e-06
    -0.10377
   -0.103566
  0.00800538
           0
           0
pk 0.981504
       1
       1
0.971259
       1
       1
0.994406
0.998632
       1
0.971235
0.999681
       1
0.959663
0.999172
       1
0.983843
0.998377
       1
0.982447
 1.00113
       1
0.969224
 1.00086
       1
0.915228
0.997145
0.963176
 0.92669
 1.00659
0.850568
 0.94986
 1.00635
0.870327
0.795721
0.997948
       1
count 112
(curr.pk-pk_prev).cwiseAbs().sum() 0.0128846
(curr.pk-p0).cwiseAbs().sum() 0.938823
stable?: 1 converged?: 1 G: 3.23133e-08
tp: 4
Elapsed Time d2w: 117972 us
Elapsed Time dG: 7735 us
vz_norm: 7.42558e-08vp_norm: 6.1268e-09
zk  -0.00298261
 -0.00400396
 -0.00289234
  0.00477471
 -0.00439408
 -0.00177481
 -0.00152473
 -0.00206804
 -0.00145783
 0.000703223
-0.000764149
-0.000385369
 1.80266e-13
           0
           0
 1.76166e-13
           0
           0
 0.000725905
           0
           0
 7.42103e-05
           0
 7.33594e-05
           0
 0.000884415
           0
           0
 3.09819e-05
 -3.7358e-05
           0
           0
 3.82766e-05
           0
           0
  5.6244e-06
           0
           0
-1.94327e-08
 9.49552e-09
 1.98842e-08
 -9.7161e-09
-2.68682e-05
           0
           0
 2.68617e-05
           0
           0
 9.84225e-07
           0
           0
           0
           0
           0
           0
-2.42091e-05
    0.177678
   -0.180754
  -0.0211987
           0
           0
pk 0.981152
       1
       1
0.970924
       1
       1
0.994358
0.998621
       1
0.970697
0.999674
       1
0.959146
0.999165
       1
0.983748
0.998363
       1
0.981561
 1.00112
       1
 0.96818
 1.00086
       1
0.915194
0.997145
0.963137
0.928981
  1.0066
0.854878
0.944196
 1.00631
0.863193
0.795586
0.997947
       1
count 113
(curr.pk-pk_prev).cwiseAbs().sum() 0.0235151
(curr.pk-p0).cwiseAbs().sum() 0.949045
stable?: 1 converged?: 1 G: 3.23072e-08
tp: 4
Elapsed Time d2w: 120814 us
Elapsed Time dG: 7514 us
vz_norm: 1.40635e-07vp_norm: 1.93355e-08
zk  -0.00213684
  0.00178073
 -0.00083952
 -0.00273888
 -0.00242563
 0.000531725
 -0.00109482
 0.000922346
-0.000423118
-0.000401971
-0.000424009
 8.41875e-05
 1.01029e-13
           0
           0
-9.95832e-14
           0
           0
 0.000210709
           0
           0
  4.1614e-05
           0
-4.14911e-05
           0
 0.000256754
           0
           0
-8.99241e-06
 2.11503e-05
           0
           0
 2.14892e-05
           0
           0
-1.63254e-06
           0
           0
 1.04434e-08
-4.64727e-09
  1.0545e-08
-4.69247e-09
 1.51807e-05
           0
           0
 1.51763e-05
           0
           0
-2.85734e-07
           0
           0
           0
           0
           0
           0
-7.89031e-06
  -0.0958986
  -0.0956556
  0.00444335
           0
           0
pk 0.981062
       1
       1
0.970843
       1
       1
0.994348
0.998618
       1
0.970559
0.999672
       1
 0.95902
0.999164
       1
0.983727
 0.99836
       1
 0.98138
 1.00112
       1
0.967879
 1.00086
       1
0.915187
0.997145
0.963124
0.932584
 1.00662
0.859567
0.939701
 1.00629
 0.85772
0.795563
0.997947
       1
count 114
(curr.pk-pk_prev).cwiseAbs().sum() 0.0193016
(curr.pk-p0).cwiseAbs().sum() 0.951711
stable?: 1 converged?: 1 G: 3.23064e-08
tp: 4
Elapsed Time d2w: 124650 us
Elapsed Time dG: 8022 us
vz_norm: 1.24668e-07vp_norm: 8.87388e-09
zk   0.00232129
  0.00182579
-0.000680691
 -0.00246295
  0.00255366
-0.000406656
  0.00119018
 0.000946602
-0.000343076
-0.000429751
  0.00044664
-0.000126525
-1.06683e-13
           0
           0
-1.06079e-13
           0
           0
 0.000170846
           0
           0
-4.39486e-05
           0
-4.42027e-05
           0
 0.000208183
           0
           0
 7.29107e-06
 2.25346e-05
           0
           0
-2.26996e-05
           0
           0
 1.32368e-06
           0
           0
 1.17086e-08
-5.69281e-09
-1.16835e-08
 5.68058e-09
 1.61059e-05
           0
           0
-1.61007e-05
           0
           0
 2.31682e-07
           0
           0
           0
           0
           0
           0
 -3.0094e-06
   -0.107861
    0.106019
 -0.00715701
           0
           0
pk 0.980941
       1
       1
0.970719
       1
       1
0.994323
0.998612
       1
0.970373
 0.99967
       1
 0.95883
0.999161
       1
0.983679
0.998352
       1
0.981006
 1.00112
       1
0.967564
 1.00086
       1
0.915168
0.997145
0.963071
0.929912
  1.0066
0.855944
0.941142
 1.00629
  0.8602
 0.79528
0.997947
       1
count 115
(curr.pk-pk_prev).cwiseAbs().sum() 0.0120021
(curr.pk-p0).cwiseAbs().sum() 0.95583
stable?: 1 converged?: 1 G: 3.23034e-08
tp: 4
Elapsed Time d2w: 123768 us
Elapsed Time dG: 7255 us
vz_norm: 1.27454e-07vp_norm: 1.01834e-08
zk  -0.00229959
   0.0018308
-0.000507478
 -0.00247894
 -0.00254403
 0.000298525
 -0.00117898
 0.000949075
-0.000255718
-0.000427294
-0.000446424
  0.00010246
 1.06523e-13
           0
           0
 -1.0545e-13
           0
           0
 0.000127378
           0
           0
 4.38911e-05
           0
-4.39496e-05
           0
 0.000155237
           0
           0
-5.43447e-06
 2.24149e-05
           0
           0
 2.26781e-05
           0
           0
-9.86664e-07
           0
           0
 1.14394e-08
-5.40204e-09
 1.14962e-08
-5.42891e-09
 1.60682e-05
           0
           0
 1.60633e-05
           0
           0
 -1.7276e-07
           0
           0
           0
           0
           0
           0
 -7.8619e-07
   -0.105282
   -0.104163
  0.00579481
           0
           0
pk 0.980828
       1
       1
0.970604
       1
       1
0.994292
0.998604
       1
  0.9702
0.999667
       1
0.958653
0.999159
       1
0.983623
0.998343
       1
0.980653
 1.00112
       1
0.967274
 1.00086
       1
0.915145
0.997144
 0.96301
0.926967
 1.00658
0.852055
0.942907
  1.0063
0.862948
 0.79494
0.997947
       1
count 116
(curr.pk-pk_prev).cwiseAbs().sum() 0.0131263
(curr.pk-p0).cwiseAbs().sum() 0.95989
stable?: 1 converged?: 1 G: 3.23005e-08
tp: 4
Elapsed Time d2w: 112811 us
Elapsed Time dG: 7701 us
vz_norm: 1.26984e-07vp_norm: 9.94702e-09
zk   0.00229945
   0.0018063
-0.000703121
 -0.00239827
   0.0025397
-0.000416515
  0.00117914
 0.000936607
-0.000354427
-0.000424059
 0.000444997
-0.000131459
-1.06202e-13
           0
           0
-1.04599e-13
           0
           0
 0.000176481
           0
           0
-4.37663e-05
           0
-4.36028e-05
           0
 0.000215066
           0
           0
 7.52614e-06
 2.22457e-05
           0
           0
-2.26201e-05
           0
           0
 1.36641e-06
           0
           0
 1.14203e-08
-5.46381e-09
-1.15663e-08
 5.53366e-09
  1.5996e-05
           0
           0
-1.59915e-05
           0
           0
 2.39346e-07
           0
           0
           0
           0
           0
           0
-3.71848e-06
    -0.10524
    0.104759
 -0.00745504
           0
           0
pk 0.980712
       1
       1
0.970486
       1
       1
0.994268
0.998598
       1
0.970022
0.999665
       1
0.958471
0.999156
       1
0.983577
0.998335
       1
0.980293
 1.00112
       1
0.966974
 1.00085
       1
0.915127
0.997144
 0.96296
0.924071
 1.00656
0.848201
0.944577
 1.00631
0.865653
0.794674
0.997947
       1
count 117
(curr.pk-pk_prev).cwiseAbs().sum() 0.0128318
(curr.pk-p0).cwiseAbs().sum() 0.963928
stable?: 1 converged?: 1 G: 3.22975e-08
tp: 4
Elapsed Time d2w: 124348 us
Elapsed Time dG: 7565 us
vz_norm: 2.88686e-08vp_norm: 3.22556e-09
backtrackingCount 0
pk 0.980423
       1
       1
0.970206
       1
       1
0.994223
0.998587
       1
0.969579
0.999659
       1
 0.95804
 0.99915
       1
0.983487
0.998322
       1
0.979524
 1.00111
       1
0.966143
 1.00085
       1
0.915094
0.997144
0.962925
0.924602
 1.00656
 0.84843
0.941207
 1.00629
0.862966
0.794537
0.997947
       1
backtracking time: 855 us
backtracking count: 1
zk   0.00305181
-0.000406797
 -0.00301512
 0.000198834
  0.00410352
   0.0011016
  0.00156087
-0.000204882
 -0.00151999
-8.28643e-05
 0.000705225
 0.000233609
-1.70721e-13
           0
           0
-1.52844e-14
           0
           0
  0.00075679
           0
           0
-7.03619e-05
           0
-6.36421e-06
           0
  0.00092226
           0
           0
-1.90948e-05
 3.23313e-06
           0
           0
-3.63789e-05
           0
           0
-3.46681e-06
           0
           0
 3.28657e-09
-3.10028e-09
-1.69646e-08
 6.55708e-09
 2.26442e-06
           0
           0
-2.57217e-05
           0
           0
-6.07527e-07
           0
           0
           0
           0
           0
           0
-2.33358e-05
  -0.0366512
    0.148803
   0.0128742
           0
           0
pk 0.980423
       1
       1
0.970206
       1
       1
0.994223
0.998587
       1
0.969579
0.999659
       1
 0.95804
 0.99915
       1
0.983487
0.998322
       1
0.979524
 1.00111
       1
0.966143
 1.00085
       1
0.915094
0.997144
0.962925
0.924602
 1.00656
 0.84843
0.941207
 1.00629
0.862966
0.794537
0.997947
       1
count 118
(curr.pk-pk_prev).cwiseAbs().sum() 0.0102707
(curr.pk-p0).cwiseAbs().sum() 0.972617
stable?: 1 converged?: 1 G: 3.2292e-08
tp: 4
Elapsed Time d2w: 127213 us
Elapsed Time dG: 7809 us
vz_norm: 3.22206e-09vp_norm: 1.86395e-09
backtrackingCount 0
pk 0.977208
       1
       1
0.967036
       1
       1
0.991873
   0.998
       1
 0.96458
0.999592
       1
0.953086
0.999084
       1
0.979295
0.997599
       1
0.969281
 1.00106
       1
0.955684
  1.0008
       1
0.913087
0.997138
0.955739
0.834872
 1.00583
0.715743
0.855255
 1.00559
 0.73588
0.763623
 0.99793
       1
backtrackingCount 1
pk 0.980222
       1
       1
0.970008
       1
       1
0.994076
 0.99855
       1
0.969266
0.999655
       1
0.957731
0.999146
       1
0.983225
0.998276
       1
0.978884
 1.00111
       1
0.965489
 1.00085
       1
0.914968
0.997144
0.962475
0.918994
 1.00651
0.840137
0.935835
 1.00625
0.855023
0.792604
0.997946
       1
backtracking time: 40921 us
backtracking count: 2
zk   0.00340726
-0.000975213
 -0.00299157
 -0.00115643
  0.00412594
  0.00245608
  0.00174589
-0.000496476
 -0.00150812
-0.000292726
 0.000923317
 0.000988369
-1.69387e-13
           0
           0
 -1.5165e-14
           0
           0
 0.000750878
           0
           0
-6.98122e-05
           0
-6.31449e-06
           0
 0.000915055
           0
           0
-1.89456e-05
 3.20787e-06
           0
           0
-3.60947e-05
           0
           0
-3.43972e-06
           0
           0
  3.2609e-09
-3.07606e-09
-1.68321e-08
 6.50586e-09
 2.24673e-06
           0
           0
-2.55208e-05
           0
           0
 -6.0278e-07
           0
           0
           0
           0
           0
           0
-7.90588e-06
  -0.0598777
    0.171866
   0.0582624
           0
           0
pk 0.980222
       1
       1
0.970008
       1
       1
0.994076
 0.99855
       1
0.969266
0.999655
       1
0.957731
0.999146
       1
0.983225
0.998276
       1
0.978884
 1.00111
       1
0.965489
 1.00085
       1
0.914968
0.997144
0.962475
0.918994
 1.00651
0.840137
0.935835
 1.00625
0.855023
0.792604
0.997946
       1
count 119
(curr.pk-pk_prev).cwiseAbs().sum() 0.0326341
(curr.pk-p0).cwiseAbs().sum() 1.00506
stable?: 1 converged?: 1 G: 3.22687e-08
tp: 18
Elapsed Time d2w: 514180 us
Elapsed Time dG: 7459 us
vz_norm: 3.96803e-07vp_norm: 3.85257e-08
zk   0.00136299
 -0.00113467
 -0.00934572
  0.00475964
   0.0020175
  0.00569647
 0.000704282
-0.000591629
 -0.00478927
 0.000304598
 0.000251133
  0.00139545
-6.48347e-14
           0
           0
 6.36868e-14
           0
           0
  0.00234057
           0
           0
-2.67404e-05
           0
 2.65698e-05
           0
    0.002837
           0
           0
-9.94722e-05
-1.35569e-05
           0
           0
-1.38221e-05
           0
           0
 -1.8032e-05
           0
           0
-4.68464e-09
 3.61595e-09
  -4.772e-09
 3.68477e-09
-9.75999e-06
           0
           0
-9.77445e-06
           0
           0
 -3.1626e-06
           0
           0
           0
           0
           0
           0
-0.000150359
    0.073642
   0.0662972
   0.0840132
           0
           0
pk 0.980199
       1
       1
0.969986
       1
       1
0.994016
0.998538
       1
 0.96923
0.999654
       1
0.957694
0.999146
       1
0.983244
0.998261
       1
0.978819
 1.00111
       1
 0.96533
 1.00085
       1
0.914797
0.997144
0.961786
0.920455
 1.00651
0.839537
0.934661
 1.00621
0.850329
0.788946
 0.99794
       1
count 120
(curr.pk-pk_prev).cwiseAbs().sum() 0.0129419
(curr.pk-p0).cwiseAbs().sum() 1.01496
stable?: 1 converged?: 1 G: 3.22739e-08
tp: 4
Elapsed Time d2w: 119419 us
Elapsed Time dG: 7767 us
vz_norm: 1.57992e-07vp_norm: 8.71556e-09
zk  -0.00184485
 -0.00181227
 -0.00280484
  0.00174445
 -0.00221441
 -0.00170333
-0.000944241
-0.000937385
 -0.00141517
 0.000372857
-0.000400581
-0.000427319
 9.44177e-14
           0
           0
 9.31644e-14
           0
           0
 0.000704089
           0
           0
 3.89498e-05
           0
 3.88759e-05
           0
 0.000858148
           0
           0
 2.97992e-05
-1.98797e-05
           0
           0
   2.018e-05
           0
           0
 5.41187e-06
           0
           0
-8.00555e-09
 2.05223e-09
 8.10845e-09
-2.07861e-09
-1.44207e-05
           0
           0
 1.44164e-05
           0
           0
 9.55098e-07
           0
           0
           0
           0
           0
           0
-4.33373e-05
   0.0720764
  -0.0730232
   -0.024399
           0
           0
pk 0.980178
       1
       1
0.969963
       1
       1
0.993971
0.998529
       1
0.969197
0.999654
       1
0.957658
0.999145
       1
0.983161
 0.99825
       1
0.978736
 1.00111
       1
0.965277
 1.00085
       1
0.914785
0.997144
0.961947
0.918634
  1.0065
0.837947
0.935745
 1.00621
0.851087
0.789849
 0.99794
       1
count 121
(curr.pk-pk_prev).cwiseAbs().sum() 0.00674136
(curr.pk-p0).cwiseAbs().sum() 1.01587
stable?: 1 converged?: 1 G: 3.22712e-08
tp: 4
Elapsed Time d2w: 122877 us
Elapsed Time dG: 8622 us
vz_norm: 1.64103e-07vp_norm: 8.94024e-09
zk   -0.0018848
  0.00162004
-0.000738149
 -0.00223797
 -0.00216445
 0.000456748
-0.000966171
 0.000839417
-0.000372265
-0.000361669
-0.000380885
 9.67688e-05
 9.06274e-14
           0
           0
-8.91436e-14
           0
           0
 0.000185315
           0
           0
 3.73867e-05
           0
-3.71987e-05
           0
  0.00022592
           0
           0
-7.85324e-06
 1.90189e-05
           0
           0
 1.93663e-05
           0
           0
-1.42633e-06
           0
           0
 8.88501e-09
 -3.5655e-09
 9.02433e-09
-3.62141e-09
 1.38085e-05
           0
           0
 1.38045e-05
           0
           0
-2.51446e-07
           0
           0
           0
           0
           0
           0
-7.77552e-06
  -0.0813648
  -0.0814145
  0.00534987
           0
           0
pk 0.980112
       1
       1
0.969902
       1
       1
0.993963
0.998527
       1
0.969097
0.999653
       1
0.957565
0.999144
       1
0.983144
0.998248
       1
 0.97858
 1.00111
       1
0.965077
 1.00084
       1
 0.91478
0.997144
0.961944
0.919677
 1.00651
0.839283
0.934003
  1.0062
0.849129
0.789857
 0.99794
       1
count 122
(curr.pk-pk_prev).cwiseAbs().sum() 0.00681752
(curr.pk-p0).cwiseAbs().sum() 1.01789
stable?: 1 converged?: 1 G: 3.22701e-08
tp: 4
Elapsed Time d2w: 136965 us
Elapsed Time dG: 7921 us
vz_norm: 7.26153e-08vp_norm: 4.7282e-09
zk   0.00377882
  0.00235076
 -0.00279697
 -0.00341941
  0.00384272
  -0.0016805
  0.00194228
  0.00122408
 -0.00141055
-0.000663766
 0.000689499
-0.000455449
-1.59661e-13
           0
           0
-1.57529e-13
           0
           0
 0.000702196
           0
           0
-6.58697e-05
           0
 -6.5739e-05
           0
  0.00085608
           0
           0
 2.97584e-05
 3.36007e-05
           0
           0
-3.41115e-05
           0
           0
 5.40485e-06
           0
           0
  1.9181e-08
-1.10798e-08
 -1.9406e-08
 1.12097e-08
 2.43197e-05
           0
           0
-2.43124e-05
           0
           0
 9.52809e-07
           0
           0
           0
           0
           0
           0
-2.14161e-05
   -0.184282
    0.182241
  -0.0256642
           0
           0
pk 0.979748
       1
       1
0.969539
       1
       1
0.993909
0.998514
       1
0.968538
0.999645
       1
0.957005
0.999136
       1
0.983038
0.998231
       1
0.977518
  1.0011
       1
0.964086
 1.00084
       1
0.914739
0.997143
0.961852
0.915485
 1.00647
 0.83287
0.934458
 1.00621
0.852214
0.789411
 0.99794
       1
count 123
(curr.pk-pk_prev).cwiseAbs().sum() 0.0188737
(curr.pk-p0).cwiseAbs().sum() 1.0296
stable?: 1 converged?: 1 G: 3.22619e-08
tp: 4
Elapsed Time d2w: 120577 us
Elapsed Time dG: 7646 us
vz_norm: 1.59918e-07vp_norm: 2.2537e-08
zk  -0.00194638
  0.00168274
 -0.00066764
 -0.00191666
 -0.00222476
 0.000391475
-0.000998109
 0.000872214
 -0.00033678
-0.000374851
-0.000396204
 0.000133215
 9.40917e-14
           0
           0
-9.23606e-14
           0
           0
 0.000167617
           0
           0
 3.88419e-05
           0
-3.85671e-05
           0
 0.000204358
           0
           0
-7.09981e-06
 1.97434e-05
           0
           0
 2.01453e-05
           0
           0
-1.28953e-06
           0
           0
 9.10031e-09
 -3.5709e-09
 9.31167e-09
-3.65383e-09
 1.43842e-05
           0
           0
 1.43804e-05
           0
           0
-2.27453e-07
           0
           0
           0
           0
           0
           0
-6.55026e-06
  -0.0834945
  -0.0839757
  0.00765096
           0
           0
pk 0.979687
       1
       1
0.969474
       1
       1
0.993888
0.998509
       1
0.968443
0.999644
       1
0.956904
0.999135
       1
0.982999
0.998225
       1
0.977295
  1.0011
       1
0.963948
 1.00084
       1
0.914725
0.997143
0.961829
0.911146
 1.00645
 0.82812
0.937923
 1.00622
0.856103
0.789269
 0.99794
       1
count 124
(curr.pk-pk_prev).cwiseAbs().sum() 0.0174173
(curr.pk-p0).cwiseAbs().sum() 1.03226
stable?: 1 converged?: 1 G: 3.22592e-08
tp: 4
Elapsed Time d2w: 128463 us
Elapsed Time dG: 8265 us
vz_norm: 1.34259e-07vp_norm: 8.60305e-09
zk  -0.00221519
 -0.00174349
 -0.00078449
   0.0025074
 -0.00248521
-0.000479893
   -0.001137
-0.000904847
-0.000395583
 0.000408593
-0.000434817
-9.60715e-05
  1.0305e-13
           0
           0
 1.00299e-13
           0
           0
 0.000196967
           0
           0
 4.25437e-05
           0
  4.1886e-05
           0
 0.000240183
           0
           0
 8.34219e-06
 -2.1444e-05
           0
           0
 2.20649e-05
           0
           0
 1.51527e-06
           0
           0
-1.07291e-08
 4.99065e-09
 1.10916e-08
-5.15929e-09
-1.56864e-05
           0
           0
 1.56827e-05
           0
           0
 2.67327e-07
           0
           0
           0
           0
           0
           0
-5.86825e-06
   0.0990467
   -0.100397
 -0.00522932
           0
           0
pk 0.979579
       1
       1
0.969372
       1
       1
0.993876
0.998506
       1
0.968278
0.999641
       1
0.956748
0.999133
       1
0.982975
0.998221
       1
0.977033
  1.0011
       1
 0.96362
 1.00084
       1
0.914716
0.997143
0.961803
0.912451
 1.00646
0.830211
0.935604
 1.00621
0.853159
0.789155
 0.99794
       1
count 125
(curr.pk-pk_prev).cwiseAbs().sum() 0.00999768
(curr.pk-p0).cwiseAbs().sum() 1.03544
stable?: 1 converged?: 1 G: 3.22576e-08
tp: 4
Elapsed Time d2w: 115809 us
Elapsed Time dG: 8282 us
vz_norm: 1.30227e-07vp_norm: 1.00229e-08
zk  -0.00226291
  0.00176646
-0.000720605
 -0.00256471
 -0.00253042
 0.000442527
 -0.00116178
  0.00091704
 -0.00036332
-0.000417025
-0.000442121
 8.14114e-05
 1.04674e-13
           0
           0
-1.02285e-13
           0
           0
 0.000180933
           0
           0
 4.32211e-05
           0
-4.27218e-05
           0
 0.000220647
           0
           0
-7.66226e-06
 2.18772e-05
           0
           0
 2.24232e-05
           0
           0
 -1.3918e-06
           0
           0
 1.10968e-08
   -5.28e-09
 1.14036e-08
-5.42594e-09
 1.59788e-05
           0
           0
 1.59748e-05
           0
           0
-2.45584e-07
           0
           0
           0
           0
           0
           0
-4.38468e-06
   -0.102496
   -0.103361
  0.00435784
           0
           0
pk 0.979464
       1
       1
0.969264
       1
       1
0.993862
0.998503
       1
0.968101
0.999639
       1
0.956581
 0.99913
       1
0.982947
0.998217
       1
0.976757
  1.0011
       1
0.963265
 1.00084
       1
0.914705
0.997143
0.961768
0.914165
 1.00647
0.832914
0.932829
 1.00619
0.849554
0.789002
 0.99794
       1
count 126
(curr.pk-pk_prev).cwiseAbs().sum() 0.0122765
(curr.pk-p0).cwiseAbs().sum() 1.03884
stable?: 1 converged?: 1 G: 3.2256e-08
tp: 4
Elapsed Time d2w: 124654 us
Elapsed Time dG: 7511 us
vz_norm: 6.99234e-08vp_norm: 5.90301e-09
zk  -0.00305282
 -0.00424181
 -0.00290669
  0.00493396
 -0.00461651
   -0.001772
 -0.00156375
  -0.0021953
 -0.00146575
 0.000743743
-0.000806905
-0.000380942
 1.88175e-13
           0
           0
 1.84786e-13
           0
           0
 0.000729818
           0
           0
 7.77134e-05
           0
 7.71937e-05
           0
 0.000889988
           0
           0
 3.09008e-05
-3.95387e-05
           0
           0
 4.03305e-05
           0
           0
 5.61291e-06
           0
           0
 -2.0681e-08
 1.03264e-08
 2.10941e-08
-1.05327e-08
 -2.8818e-05
           0
           0
   2.881e-05
           0
           0
 9.90578e-07
           0
           0
           0
           0
           0
           0
-2.14036e-05
    0.189858
   -0.192602
  -0.0208764
           0
           0
pk 0.979064
       1
       1
0.968881
       1
       1
 0.99382
0.998492
       1
0.967489
0.999631
       1
0.955989
0.999122
       1
 0.98286
0.998204
       1
0.975736
 1.00109
       1
0.962076
 1.00083
       1
0.914672
0.997143
0.961687
0.916469
 1.00648
 0.83755
0.926673
 1.00615
0.841678
0.788663
0.997939
       1
count 127
(curr.pk-pk_prev).cwiseAbs().sum() 0.0258498
(curr.pk-p0).cwiseAbs().sum() 1.05071
stable?: 1 converged?: 1 G: 3.22493e-08
tp: 4
Elapsed Time d2w: 124001 us
Elapsed Time dG: 9097 us
vz_norm: 8.9372e-08vp_norm: 1.34973e-08
zk   -0.0028187
  0.00346732
 -0.00231941
 -0.00491294
 -0.00392321
  0.00144129
 -0.00144449
  0.00179526
 -0.00116972
-0.000647339
-0.000689508
 0.000276607
 1.61669e-13
           0
           0
-1.60239e-13
           0
           0
 0.000582376
           0
           0
 6.68096e-05
           0
-6.69808e-05
           0
 0.000710235
           0
           0
-2.46488e-05
 3.43494e-05
           0
           0
 3.47207e-05
           0
           0
-4.47741e-06
           0
           0
 1.65751e-08
-7.08566e-09
 1.66568e-08
-7.12058e-09
 2.49917e-05
           0
           0
 2.49836e-05
           0
           0
-7.90519e-07
           0
           0
           0
           0
           0
           0
-2.33618e-05
   -0.150924
    -0.15103
   0.0150067
           0
           0
pk 0.978845
       1
       1
0.968677
       1
       1
0.993778
0.998482
       1
0.967154
0.999626
       1
0.955674
0.999118
       1
0.982778
0.998192
       1
0.975236
 1.00109
       1
0.961374
 1.00083
       1
0.914646
0.997143
  0.9617
0.922504
  1.0065
0.845105
0.918338
 1.00611
  0.8321
0.788808
0.997939
       1
count 128
(curr.pk-pk_prev).cwiseAbs().sum() 0.0341935
(curr.pk-p0).cwiseAbs().sum() 1.05731
stable?: 1 converged?: 1 G: 3.22464e-08
tp: 4
Elapsed Time d2w: 116755 us
Elapsed Time dG: 7215 us
vz_norm: 1.37172e-07vp_norm: 1.58902e-08
zk   0.00218882
  0.00185598
-0.000400383
 -0.00243084
  0.00246206
-0.000231132
  0.00112401
 0.000963433
-0.000201852
-0.000425809
 0.000438576
-9.34777e-05
-1.03571e-13
           0
           0
-1.04285e-13
           0
           0
  0.00010054
           0
           0
-4.28154e-05
           0
-4.36058e-05
           0
  0.00012264
           0
           0
  4.2566e-06
 2.23734e-05
           0
           0
 -2.2267e-05
           0
           0
 7.73259e-07
           0
           0
 1.08333e-08
-4.66565e-09
-1.06666e-08
 4.59385e-09
  1.6172e-05
           0
           0
-1.61657e-05
           0
           0
 1.36504e-07
           0
           0
           0
           0
           0
           0
 -4.3025e-07
  -0.0994728
   0.0967972
 -0.00533491
           0
           0
pk 0.978756
       1
       1
0.968582
       1
       1
0.993742
0.998473
       1
0.967016
0.999625
       1
0.955527
0.999116
       1
0.982713
0.998181
       1
0.974927
 1.00109
       1
0.961158
 1.00083
       1
 0.91462
0.997143
0.961636
0.918474
 1.00648
0.840268
0.921365
 1.00612
0.835945
0.788428
0.997939
       1
count 129
(curr.pk-pk_prev).cwiseAbs().sum() 0.0173649
(curr.pk-p0).cwiseAbs().sum() 1.06088
stable?: 1 converged?: 1 G: 3.22435e-08
tp: 4
Elapsed Time d2w: 130178 us
Elapsed Time dG: 8830 us
vz_norm: 1.22302e-07vp_norm: 9.11951e-09
zk  -0.00238344
  0.00189843
-0.000292552
 -0.00268646
  -0.0026417
 0.000167755
 -0.00122475
 0.000986355
-0.000147357
-0.000450234
-0.000466525
 6.87194e-05
 1.10116e-13
           0
           0
 -1.1002e-13
           0
           0
 7.34747e-05
           0
           0
 4.55268e-05
           0
-4.60108e-05
           0
 8.96603e-05
           0
           0
 -3.1098e-06
 2.36125e-05
           0
           0
 2.36801e-05
           0
           0
   -5.65e-07
           0
           0
 1.19972e-08
-5.68258e-09
 1.19355e-08
-5.65335e-09
 1.71346e-05
           0
           0
 1.71284e-05
           0
           0
-9.97976e-08
           0
           0
           0
           0
           0
           0
 3.20141e-06
   -0.110743
   -0.108557
   0.0038484
           0
           0
pk 0.978635
       1
       1
0.968457
       1
       1
0.993703
0.998464
       1
 0.96683
0.999622
       1
0.955335
0.999113
       1
0.982641
0.998169
       1
0.974548
 1.00109
       1
0.960841
 1.00082
       1
0.914591
0.997143
0.961557
 0.91559
 1.00646
0.836416
 0.92301
 1.00613
0.838567
0.787971
0.997939
       1
count 130
(curr.pk-pk_prev).cwiseAbs().sum() 0.0130552
(curr.pk-p0).cwiseAbs().sum() 1.06536
stable?: 1 converged?: 1 G: 3.22406e-08
tp: 4
Elapsed Time d2w: 122871 us
Elapsed Time dG: 8427 us
vz_norm: 1.20888e-07vp_norm: 1.01405e-08
zk   0.00240602
  0.00189073
-0.000421335
 -0.00264109
  0.00266011
-0.000243453
   0.0012366
 0.000982605
-0.000212372
-0.000451173
 0.000469672
 -9.1572e-05
-1.10831e-13
           0
           0
-1.10186e-13
           0
           0
 0.000105812
           0
           0
-4.58311e-05
           0
-4.60891e-05
           0
   0.0001291
           0
           0
 4.47565e-06
 2.36616e-05
           0
           0
-2.38459e-05
           0
           0
 8.13122e-07
           0
           0
 1.20865e-08
-5.79456e-09
-1.21176e-08
 5.80946e-09
 1.72227e-05
           0
           0
-1.72169e-05
           0
           0
 1.43698e-07
           0
           0
           0
           0
           0
           0
 1.45397e-06
   -0.111707
    0.110181
 -0.00517159
           0
           0
pk  0.97851
       1
       1
0.968328
       1
       1
0.993666
0.998454
       1
0.966637
0.999619
       1
0.955136
0.999111
       1
0.982573
0.998158
       1
0.974151
 1.00109
       1
0.960515
 1.00082
       1
0.914563
0.997143
0.961482
0.912354
 1.00644
0.832073
0.924944
 1.00613
0.841641
0.787545
0.997939
       1
count 131
(curr.pk-pk_prev).cwiseAbs().sum() 0.0146475
(curr.pk-p0).cwiseAbs().sum() 1.06994
stable?: 1 converged?: 1 G: 3.22375e-08
tp: 4
Elapsed Time d2w: 116776 us
Elapsed Time dG: 7673 us
vz_norm: 1.24497e-07vp_norm: 1.0571e-08
zk  -0.00234984
  0.00185076
 -0.00063105
 -0.00249397
 -0.00260772
 0.000369359
 -0.00120778
 0.000961852
-0.000318266
-0.000440021
-0.000460499
 0.000122073
 1.08698e-13
           0
           0
-1.07453e-13
           0
           0
  0.00015847
           0
           0
 4.49578e-05
           0
-4.49553e-05
           0
 0.000193324
           0
           0
-6.69918e-06
 2.30892e-05
           0
           0
 2.33999e-05
           0
           0
-1.21705e-06
           0
           0
 1.16864e-08
 -5.5289e-09
 1.18208e-08
-5.59248e-09
 1.68661e-05
           0
           0
  1.6861e-05
           0
           0
-2.15186e-07
           0
           0
           0
           0
           0
           0
-2.33545e-06
   -0.108011
   -0.107325
  0.00692656
           0
           0
pk  0.97839
       1
       1
0.968206
       1
       1
0.993637
0.998447
       1
0.966453
0.999617
       1
0.954948
0.999108
       1
0.982519
0.998149
       1
0.973775
 1.00108
       1
0.960206
 1.00082
       1
0.914542
0.997143
0.961424
0.909136
 1.00642
0.827836
0.926882
 1.00614
0.844661
0.787221
0.997939
       1
count 132
(curr.pk-pk_prev).cwiseAbs().sum() 0.0142487
(curr.pk-p0).cwiseAbs().sum() 1.07423
stable?: 1 converged?: 1 G: 3.22344e-08
tp: 4
Elapsed Time d2w: 117804 us
Elapsed Time dG: 7335 us
vz_norm: 1.2488e-07vp_norm: 1.02794e-08
zk   0.00236255
  0.00185584
-0.000914309
 -0.00241252
  0.00262552
-0.000539901
  0.00121435
 0.000964527
-0.000461269
-0.000441351
 0.000464025
-0.000162888
-1.09504e-13
           0
           0
-1.07638e-13
           0
           0
 0.000229598
           0
           0
-4.52997e-05
           0
-4.50415e-05
           0
 0.000280082
           0
           0
 9.70203e-06
 2.31429e-05
           0
           0
-2.35859e-05
           0
           0
 1.76258e-06
           0
           0
 1.15982e-08
-5.39877e-09
 -1.1834e-08
  5.5085e-09
  1.6966e-05
           0
           0
-1.69613e-05
           0
           0
 3.11759e-07
           0
           0
           0
           0
           0
           0
-6.88794e-06
   -0.107138
    0.107203
 -0.00925792
           0
           0
pk 0.978271
       1
       1
0.968085
       1
       1
0.993616
0.998442
       1
0.966269
0.999614
       1
0.954761
0.999106
       1
0.982478
0.998143
       1
0.973402
 1.00108
       1
0.959895
 1.00082
       1
0.914526
0.997143
0.961382
0.905957
  1.0064
0.823752
0.928736
 1.00615
0.847528
0.787004
0.997939
       1
count 133
(curr.pk-pk_prev).cwiseAbs().sum() 0.0136664
(curr.pk-p0).cwiseAbs().sum() 1.07841
stable?: 1 converged?: 1 G: 3.22312e-08
tp: 4
Elapsed Time d2w: 117361 us
Elapsed Time dG: 7269 us
vz_norm: 7.43294e-08vp_norm: 6.46447e-09
zk   0.00303297
 -0.00402344
 -0.00283855
  0.00485709
  0.00446979
  0.00172666
  0.00155544
 -0.00208476
 -0.00143183
 0.000722467
  0.00078618
  0.00037219
-1.82668e-13
           0
           0
 1.78565e-13
           0
           0
 0.000712835
           0
           0
-7.55808e-05
           0
 7.47356e-05
           0
 0.000869662
           0
           0
-3.01153e-05
-3.84142e-05
           0
           0
-3.93641e-05
           0
           0
-5.47128e-06
           0
           0
-1.94517e-08
 9.22054e-09
-2.00132e-08
 9.48667e-09
-2.82569e-05
           0
           0
-2.82498e-05
           0
           0
-9.68026e-07
           0
           0
           0
           0
           0
           0
-2.38853e-05
    0.178281
    0.182129
   0.0204481
           0
           0
pk 0.977927
       1
       1
0.967758
       1
       1
0.993576
0.998432
       1
0.965741
0.999607
       1
0.954255
0.999099
       1
0.982397
0.998131
       1
0.972531
 1.00108
       1
0.958862
 1.00081
       1
0.914496
0.997143
0.961325
0.908616
 1.00641
0.828332
0.922683
 1.00611
0.840076
0.786799
0.997939
       1
count 134
(curr.pk-pk_prev).cwiseAbs().sum() 0.0248584
(curr.pk-p0).cwiseAbs().sum() 1.0887
stable?: 1 converged?: 1 G: 3.22253e-08
tp: 4
Elapsed Time d2w: 127171 us
Elapsed Time dG: 7716 us
vz_norm: 1.58143e-07vp_norm: 2.23505e-08
zk   0.00194768
  0.00166798
-0.000554444
 -0.00243747
  0.00225001
-0.000352575
   0.0010008
 0.000866319
-0.000279612
-0.000378417
 0.000397034
-4.66227e-05
-9.34912e-14
           0
           0
-9.22735e-14
           0
           0
 0.000139245
           0
           0
-3.87042e-05
           0
-3.86402e-05
           0
 0.000169909
           0
           0
 5.88178e-06
 1.98817e-05
           0
           0
-2.01827e-05
           0
           0
 1.06865e-06
           0
           0
 9.37835e-09
-3.84809e-09
-9.51131e-09
 3.90265e-09
 1.45913e-05
           0
           0
 -1.4587e-05
           0
           0
 1.89129e-07
           0
           0
           0
           0
           0
           0
 -4.5679e-06
  -0.0859554
   0.0857728
 -0.00236645
           0
           0
pk 0.977857
       1
       1
0.967695
       1
       1
0.993565
0.998429
       1
0.965634
0.999606
       1
0.954158
0.999097
       1
0.982375
0.998127
       1
0.972393
 1.00108
       1
 0.95862
 1.00081
       1
0.914488
0.997143
0.961302
0.912198
 1.00643
0.832535
0.918401
 1.00609
0.835243
0.786718
0.997938
       1
count 135
(curr.pk-pk_prev).cwiseAbs().sum() 0.0178113
(curr.pk-p0).cwiseAbs().sum() 1.09089
stable?: 1 converged?: 1 G: 3.2225e-08
tp: 4
Elapsed Time d2w: 124776 us
Elapsed Time dG: 8688 us
vz_norm: 1.21615e-07vp_norm: 7.93836e-09
zk  -0.00236778
  0.00184634
-0.000767769
 -0.00253118
 -0.00261853
 0.000455862
 -0.00121802
  0.00096042
-0.000387301
-0.000444578
-0.000461553
 0.000136421
 1.08688e-13
           0
           0
-1.08206e-13
           0
           0
 0.000192815
           0
           0
 4.49998e-05
           0
-4.53159e-05
           0
 0.000235259
           0
           0
-8.14356e-06
 2.33159e-05
           0
           0
 2.34673e-05
           0
           0
-1.47956e-06
           0
           0
 1.19948e-08
 -5.8317e-09
 1.20338e-08
-5.85067e-09
 1.70322e-05
           0
           0
 1.70265e-05
           0
           0
-2.61872e-07
           0
           0
           0
           0
           0
           0
-3.98137e-06
   -0.110979
   -0.109363
  0.00771621
           0
           0
pk 0.977729
       1
       1
0.967564
       1
       1
0.993541
0.998424
       1
0.965437
0.999603
       1
0.953956
0.999095
       1
0.982329
 0.99812
       1
0.971999
 1.00108
       1
0.958279
 1.00081
       1
 0.91447
0.997143
0.961251
0.909627
 1.00641
0.829058
0.919643
  1.0061
0.837508
0.786443
0.997938
       1
count 136
(curr.pk-pk_prev).cwiseAbs().sum() 0.0114069
(curr.pk-p0).cwiseAbs().sum() 1.09524
stable?: 1 converged?: 1 G: 3.22219e-08
tp: 4
Elapsed Time d2w: 122519 us
Elapsed Time dG: 7774 us
vz_norm: 1.28085e-07vp_norm: 1.0817e-08
zk   0.00229544
   0.0018409
-0.000589906
 -0.00247149
  0.00256491
-0.000345702
  0.00118057
 0.000957247
-0.000297549
-0.000435438
 0.000454632
 -0.00011453
-1.06936e-13
           0
           0
-1.06015e-13
           0
           0
 0.000148152
           0
           0
-4.42837e-05
           0
-4.44078e-05
           0
 0.000180781
           0
           0
 6.25535e-06
 2.28593e-05
           0
           0
-2.31035e-05
           0
           0
 1.13654e-06
           0
           0
 1.13942e-08
-5.24767e-09
-1.15103e-08
 5.30115e-09
 1.67498e-05
           0
           0
-1.67446e-05
           0
           0
 2.01232e-07
           0
           0
           0
           0
           0
           0
 -2.2484e-06
     -0.1052
    0.104369
  -0.0064987
           0
           0
pk 0.977618
       1
       1
0.967451
       1
       1
0.993512
0.998416
       1
0.965267
0.999601
       1
0.953782
0.999092
       1
0.982275
0.998111
       1
0.971647
 1.00107
       1
0.957993
 1.00081
       1
0.914448
0.997143
0.961194
0.906469
 1.00639
0.825003
0.921591
 1.00611
0.840404
0.786126
0.997938
       1
count 137
(curr.pk-pk_prev).cwiseAbs().sum() 0.0137903
(curr.pk-p0).cwiseAbs().sum() 1.0993
stable?: 1 converged?: 1 G: 3.22189e-08
tp: 4
Elapsed Time d2w: 121410 us
Elapsed Time dG: 7841 us
vz_norm: 1.27464e-07vp_norm: 1.02346e-08
zk  -0.00231206
  0.00183056
-0.000812025
 -0.00241048
 -0.00258035
 0.000478535
 -0.00118928
 0.000952049
-0.000409699
-0.000435278
-0.000456533
 0.000146166
 1.07444e-13
           0
           0
 -1.0592e-13
           0
           0
 0.000203934
           0
           0
 4.45017e-05
           0
-4.43761e-05
           0
 0.000248839
           0
           0
-8.60714e-06
 2.28512e-05
           0
           0
 2.32242e-05
           0
           0
-1.56383e-06
           0
           0
 1.14004e-08
-5.26557e-09
 1.16132e-08
-5.36387e-09
 1.68015e-05
           0
           0
 1.67967e-05
           0
           0
-2.76992e-07
           0
           0
           0
           0
           0
           0
-5.59169e-06
   -0.105214
   -0.105074
  0.00830453
           0
           0
pk 0.977504
       1
       1
0.967335
       1
       1
 0.99349
0.998411
       1
0.965091
0.999598
       1
0.953602
 0.99909
       1
0.982233
0.998105
       1
0.971289
 1.00107
       1
0.957695
 1.00081
       1
0.914432
0.997142
 0.96115
0.903417
 1.00637
0.821102
0.923378
 1.00612
0.843138
0.785893
0.997938
       1
count 138
(curr.pk-pk_prev).cwiseAbs().sum() 0.0131183
(curr.pk-p0).cwiseAbs().sum() 1.10333
stable?: 1 converged?: 1 G: 3.22158e-08
tp: 4
Elapsed Time d2w: 124284 us
Elapsed Time dG: 8167 us
vz_norm: 7.35458e-08vp_norm: 6.32279e-09
zk  -0.00302491
 -0.00405378
 -0.00298325
  0.00490644
 -0.00448954
 -0.00181416
 -0.00155249
 -0.00210209
 -0.00150505
 0.000728986
-0.000790782
-0.000393514
 1.83143e-13
           0
           0
 1.79583e-13
           0
           0
 0.000749242
           0
           0
 7.58685e-05
           0
 7.52518e-05
           0
 0.000914291
           0
           0
 3.16143e-05
-3.87635e-05
           0
           0
 3.96046e-05
           0
           0
 5.74416e-06
           0
           0
 -1.9682e-08
 9.38191e-09
 2.02101e-08
-9.63368e-09
-2.85922e-05
           0
           0
 2.85849e-05
           0
           0
 1.01774e-06
           0
           0
           0
           0
           0
           0
-2.56498e-05
    0.180468
   -0.183894
  -0.0216618
           0
           0
pk 0.977152
       1
       1
0.966998
       1
       1
0.993443
0.998399
       1
 0.96455
0.999591
       1
0.953081
0.999083
       1
0.982138
 0.99809
       1
 0.97039
 1.00107
       1
0.956636
  1.0008
       1
0.914398
0.997142
0.961105
 0.90598
 1.00638
0.825641
0.917308
 1.00608
0.835653
0.785738
0.997938
       1
count 139
(curr.pk-pk_prev).cwiseAbs().sum() 0.0248377
(curr.pk-p0).cwiseAbs().sum() 1.11388
stable?: 1 converged?: 1 G: 3.22097e-08
tp: 4
Elapsed Time d2w: 127683 us
Elapsed Time dG: 8784 us
vz_norm: 1.41361e-07vp_norm: 2.03482e-08
zk  -0.00212178
  0.00178667
-0.000834489
 -0.00276413
 -0.00243814
 0.000524224
 -0.00109141
  0.00092902
-0.000420971
-0.000410573
-0.000431449
 8.19153e-05
  1.0097e-13
           0
           0
-9.99587e-14
           0
           0
 0.000209593
           0
           0
 4.18509e-05
           0
-4.19091e-05
           0
 0.000255799
           0
           0
-8.84281e-06
 2.16102e-05
           0
           0
 2.18732e-05
           0
           0
-1.60678e-06
           0
           0
 1.04349e-08
-4.52754e-09
 1.05614e-08
-4.58245e-09
 1.59017e-05
           0
           0
 1.58968e-05
           0
           0
-2.84746e-07
           0
           0
           0
           0
           0
           0
 -7.9938e-06
  -0.0961447
  -0.0958785
  0.00431608
           0
           0
pk 0.977065
       1
       1
 0.96692
       1
       1
0.993432
0.998397
       1
0.964417
0.999589
       1
0.952959
0.999081
       1
0.982116
0.998087
       1
0.970213
 1.00107
       1
 0.95634
  1.0008
       1
 0.91439
0.997142
0.961089
0.909848
  1.0064
0.830512
0.912538
 1.00605
0.829982
0.785705
0.997938
       1
count 140
(curr.pk-pk_prev).cwiseAbs().sum() 0.0202185
(curr.pk-p0).cwiseAbs().sum() 1.11656
stable?: 1 converged?: 1 G: 3.2209e-08
tp: 4
Elapsed Time d2w: 121707 us
Elapsed Time dG: 8433 us
vz_norm: 1.23794e-07vp_norm: 9.08776e-09
zk   0.00233638
   0.0018537
-0.000680631
 -0.00252461
  0.00259824
-0.000403478
  0.00120267
 0.000964803
-0.000343369
-0.000444533
 0.000460089
-0.000125568
-1.07917e-13
           0
           0
-1.07863e-13
           0
           0
  0.00017095
           0
           0
-4.47364e-05
           0
-4.52285e-05
           0
 0.000208639
           0
           0
 7.21223e-06
 2.33239e-05
           0
           0
-2.33862e-05
           0
           0
  1.3105e-06
           0
           0
 1.18407e-08
-5.62299e-09
-1.18331e-08
 5.61941e-09
 1.70836e-05
           0
           0
-1.70776e-05
           0
           0
  2.3225e-07
           0
           0
           0
           0
           0
           0
 -3.0117e-06
   -0.109411
    0.107459
 -0.00711062
           0
           0
pk 0.976944
       1
       1
0.966796
       1
       1
0.993405
 0.99839
       1
 0.96423
0.999587
       1
0.952768
0.999078
       1
0.982066
0.998079
       1
0.969833
 1.00106
       1
 0.95602
  1.0008
       1
 0.91437
0.997142
0.961035
0.907012
 1.00638
0.826759
  0.9141
 1.00606
0.832552
0.785405
0.997938
       1
count 141
(curr.pk-pk_prev).cwiseAbs().sum() 0.0125434
(curr.pk-p0).cwiseAbs().sum() 1.1208
stable?: 1 converged?: 1 G: 3.2206e-08
tp: 4
Elapsed Time d2w: 135607 us
Elapsed Time dG: 9106 us
vz_norm: 1.26359e-07vp_norm: 1.05434e-08
zk  -0.00231658
  0.00185873
-0.000501942
 -0.00254073
 -0.00259036
 0.000292787
 -0.00119241
 0.000967309
-0.000253167
-0.000442141
-0.000460267
 0.000101343
 1.07838e-13
           0
           0
 -1.0726e-13
           0
           0
 0.000126077
           0
           0
 4.47122e-05
           0
-4.49848e-05
           0
 0.000153894
           0
           0
-5.31743e-06
  2.3208e-05
           0
           0
 2.33822e-05
           0
           0
-9.66252e-07
           0
           0
 1.15834e-08
-5.34688e-09
 1.16645e-08
-5.38435e-09
 1.70536e-05
           0
           0
 1.70481e-05
           0
           0
-1.71311e-07
           0
           0
           0
           0
           0
           0
-6.83502e-07
   -0.106954
   -0.105781
  0.00574064
           0
           0
pk 0.976832
       1
       1
 0.96668
       1
       1
0.993373
0.998382
       1
0.964057
0.999584
       1
0.952589
0.999076
       1
0.982006
0.998069
       1
0.969474
 1.00106
       1
0.955727
  1.0008
       1
0.914346
0.997142
0.960971
0.903849
 1.00636
0.822679
0.916037
 1.00607
0.835446
0.785043
0.997938
       1
count 142
(curr.pk-pk_prev).cwiseAbs().sum() 0.0139016
(curr.pk-p0).cwiseAbs().sum() 1.125
stable?: 1 converged?: 1 G: 3.2203e-08
tp: 4
Elapsed Time d2w: 132606 us
Elapsed Time dG: 8006 us
vz_norm: 1.26117e-07vp_norm: 1.03338e-08
zk   0.00231426
  0.00183185
 -0.00071012
 -0.00245136
  0.00258397
-0.000416951
  0.00119144
 0.000953551
-0.000358297
-0.000438222
 0.000458425
-0.000131872
-1.07434e-13
           0
           0
-1.06256e-13
           0
           0
 0.000178362
           0
           0
-4.45525e-05
           0
 -4.4572e-05
           0
 0.000217703
           0
           0
 7.51911e-06
 2.30033e-05
           0
           0
-2.33055e-05
           0
           0
 1.36632e-06
           0
           0
 1.15404e-08
-5.39258e-09
-1.17195e-08
 5.47627e-09
 1.69607e-05
           0
           0
-1.69557e-05
           0
           0
 2.42344e-07
           0
           0
           0
           0
           0
           0
-3.83763e-06
   -0.106686
    0.106227
  -0.0074889
           0
           0
pk 0.976716
       1
       1
0.966562
       1
       1
0.993347
0.998376
       1
0.963878
0.999582
       1
0.952406
0.999073
       1
0.981958
0.998061
       1
0.969107
 1.00106
       1
0.955425
  1.0008
       1
0.914327
0.997142
 0.96092
0.900736
 1.00635
0.818638
0.917878
 1.00608
0.838294
0.784763
0.997937
       1
count 143
(curr.pk-pk_prev).cwiseAbs().sum() 0.0135803
(curr.pk-p0).cwiseAbs().sum() 1.12915
stable?: 1 converged?: 1 G: 3.22e-08
tp: 4
Elapsed Time d2w: 125525 us
Elapsed Time dG: 8703 us
vz_norm: 7.30793e-08vp_norm: 6.39516e-09
zk   0.00301044
 -0.00406799
 -0.00314233
  0.00497758
   0.0044949
  0.00191092
  0.00154628
 -0.00211113
 -0.00158559
 0.000733402
 0.000792685
 0.000415663
-1.83034e-13
           0
           0
 1.80037e-13
           0
           0
 0.000789278
           0
           0
-7.59176e-05
           0
 7.55352e-05
           0
 0.000963397
           0
           0
-3.32622e-05
 -3.8997e-05
           0
           0
-3.97243e-05
           0
           0
-6.04425e-06
           0
           0
-1.98446e-08
  9.4972e-09
-2.03211e-08
 9.72524e-09
-2.88485e-05
           0
           0
-2.88408e-05
           0
           0
-1.07245e-06
           0
           0
           0
           0
           0
           0
-2.78336e-05
    0.181995
    0.184867
   0.0229195
           0
           0
pk 0.976358
       1
       1
0.966219
       1
       1
 0.99329
0.998362
       1
0.963329
0.999574
       1
0.951875
0.999066
       1
0.981844
0.998044
       1
 0.96819
 1.00106
       1
0.954347
 1.00079
       1
0.914287
0.997142
0.960893
0.903357
 1.00636
0.823318
0.911665
 1.00604
0.830625
0.784691
0.997937
       1
count 144
(curr.pk-pk_prev).cwiseAbs().sum() 0.0253722
(curr.pk-p0).cwiseAbs().sum() 1.13983
stable?: 1 converged?: 1 G: 3.21937e-08
tp: 4
Elapsed Time d2w: 122979 us
Elapsed Time dG: 8618 us
vz_norm: 8.99826e-08vp_norm: 1.32117e-08
zk   0.00280967
  0.00343365
 -0.00229692
 -0.00485619
  0.00391576
 -0.00142237
  0.00144377
  0.00178265
   -0.001159
-0.000652921
 0.000695109
-0.000275954
-1.60885e-13
           0
           0
-1.59814e-13
           0
           0
 0.000576962
           0
           0
 -6.6769e-05
           0
-6.70882e-05
           0
 0.000704336
           0
           0
 2.43147e-05
 3.46738e-05
           0
           0
-3.49818e-05
           0
           0
 4.41858e-06
           0
           0
 1.64958e-08
-6.88439e-09
-1.66423e-08
 6.94549e-09
 2.55923e-05
           0
           0
-2.55842e-05
           0
           0
 7.84077e-07
           0
           0
           0
           0
           0
           0
-2.36197e-05
   -0.150228
    0.150642
  -0.0149968
           0
           0
pk 0.976149
       1
       1
0.966024
       1
       1
0.993254
0.998353
       1
0.963007
 0.99957
       1
0.951572
0.999062
       1
0.981773
0.998034
       1
0.967705
 1.00105
       1
 0.95367
 1.00079
       1
0.914264
0.997142
0.960894
0.909268
 1.00638
0.830514
0.903464
   1.006
0.821386
0.784795
0.997937
       1
count 145
(curr.pk-pk_prev).cwiseAbs().sum() 0.0330725
(curr.pk-p0).cwiseAbs().sum() 1.14638
stable?: 1 converged?: 1 G: 3.21909e-08
tp: 4
Elapsed Time d2w: 123582 us
Elapsed Time dG: 7597 us
vz_norm: 1.37443e-07vp_norm: 1.60965e-08
zk  -0.00216741
  0.00184307
 -0.00046072
 -0.00240003
 -0.00245575
  0.00026729
 -0.00111604
 0.000959305
-0.000232441
 -0.00042872
-0.000440818
 0.000101972
 1.02855e-13
           0
           0
-1.03787e-13
           0
           0
 0.000115734
           0
           0
 4.26998e-05
           0
-4.35822e-05
           0
 0.000141304
           0
           0
-4.87839e-06
 2.25357e-05
           0
           0
 2.23867e-05
           0
           0
-8.86563e-07
           0
           0
 1.08288e-08
-4.61881e-09
 1.07098e-08
-4.56804e-09
 1.65245e-05
           0
           0
 1.65182e-05
           0
           0
-1.57303e-07
           0
           0
           0
           0
           0
           0
-1.45807e-06
  -0.0995197
  -0.0969928
   0.0058288
           0
           0
pk 0.976061
       1
       1
0.965929
       1
       1
 0.99322
0.998345
       1
0.962871
0.999568
       1
0.951426
 0.99906
       1
0.981711
0.998023
       1
0.967396
 1.00105
       1
0.953454
 1.00079
       1
 0.91424
0.997142
0.960835
0.905164
 1.00636
0.825638
 0.90655
 1.00601
0.825264
0.784444
0.997937
       1
count 146
(curr.pk-pk_prev).cwiseAbs().sum() 0.0175233
(curr.pk-p0).cwiseAbs().sum() 1.14993
stable?: 1 converged?: 1 G: 3.2188e-08
tp: 4
Elapsed Time d2w: 129039 us
Elapsed Time dG: 8393 us
vz_norm: 1.23341e-07vp_norm: 9.33749e-09
zk   0.00235335
  0.00188755
-0.000345827
 -0.00266295
  0.00263066
 -0.00019997
  0.00121251
 0.000983262
-0.000174355
-0.000452711
 0.000468423
-7.61512e-05
-1.09245e-13
           0
           0
-1.09357e-13
           0
           0
  8.6884e-05
           0
           0
-4.53588e-05
           0
 -4.5928e-05
           0
 0.000106113
           0
           0
 3.66122e-06
 2.37542e-05
           0
           0
 -2.3784e-05
           0
           0
 6.65431e-07
           0
           0
 1.19209e-08
-5.55124e-09
-1.19155e-08
 5.54873e-09
 1.74894e-05
           0
           0
-1.74833e-05
           0
           0
 1.18129e-07
           0
           0
           0
           0
           0
           0
 2.13166e-06
   -0.110085
    0.108131
 -0.00428284
           0
           0
pk 0.975943
       1
       1
0.965808
       1
       1
0.993182
0.998336
       1
0.962689
0.999566
       1
0.951239
0.999057
       1
0.981642
0.998012
       1
0.967023
 1.00105
       1
0.953144
 1.00079
       1
0.914212
0.997142
0.960759
0.902217
 1.00634
0.821775
0.908251
 1.00602
0.827899
0.784007
0.997937
       1
count 147
(curr.pk-pk_prev).cwiseAbs().sum() 0.0131399
(curr.pk-p0).cwiseAbs().sum() 1.15435
stable?: 1 converged?: 1 G: 3.21851e-08
tp: 4
Elapsed Time d2w: 117059 us
Elapsed Time dG: 7327 us
vz_norm: 1.22053e-07vp_norm: 1.03272e-08
zk  -0.00237334
  0.00187768
-0.000489442
   -0.002608
 -0.00264655
 0.000284369
 -0.00122305
 0.000978364
-0.000246897
-0.000453102
-0.000471075
 0.000100859
 1.09846e-13
           0
           0
-1.09391e-13
           0
           0
  0.00012296
           0
           0
 4.56167e-05
           0
 -4.5951e-05
           0
 0.000150156
           0
           0
 -5.1784e-06
 2.37749e-05
           0
           0
 2.39267e-05
           0
           0
-9.41159e-07
           0
           0
 1.19942e-08
-5.65421e-09
 1.20836e-08
-5.69635e-09
 1.75602e-05
           0
           0
 1.75546e-05
           0
           0
-1.67161e-07
           0
           0
           0
           0
           0
           0
 1.32178e-07
   -0.110898
   -0.109623
  0.00571194
           0
           0
pk 0.975821
       1
       1
0.965682
       1
       1
0.993148
0.998327
       1
0.962501
0.999563
       1
0.951045
0.999055
       1
0.981578
0.998001
       1
0.966633
 1.00105
       1
0.952824
 1.00078
       1
0.914186
0.997142
 0.96069
0.898932
 1.00632
0.817448
0.910229
 1.00602
0.830961
0.783612
0.997937
       1
count 148
(curr.pk-pk_prev).cwiseAbs().sum() 0.0146338
(curr.pk-p0).cwiseAbs().sum() 1.15886
stable?: 1 converged?: 1 G: 3.2182e-08
tp: 4
Elapsed Time d2w: 120732 us
Elapsed Time dG: 7569 us
vz_norm: 1.25854e-07vp_norm: 1.07659e-08
zk   0.00231489
  0.00183572
-0.000693693
 -0.00245994
  0.00259136
-0.000406481
  0.00119297
 0.000956518
-0.000350086
-0.000441296
 0.000461323
-0.000130365
-1.07605e-13
           0
           0
-1.06532e-13
           0
           0
 0.000174267
           0
           0
-4.46946e-05
           0
-4.47592e-05
           0
 0.000212794
           0
           0
 7.33538e-06
  2.3168e-05
           0
           0
-2.34513e-05
           0
           0
 1.33316e-06
           0
           0
 1.15806e-08
-5.38433e-09
 -1.1772e-08
 5.47333e-09
  1.7175e-05
           0
           0
-1.71699e-05
           0
           0
 2.36895e-07
           0
           0
           0
           0
           0
           0
-3.58162e-06
   -0.107074
    0.106639
 -0.00740933
           0
           0
pk 0.975706
       1
       1
0.965564
       1
       1
0.993122
0.998321
       1
0.962323
0.999561
       1
0.950862
0.999052
       1
0.981529
0.997993
       1
0.966265
 1.00105
       1
0.952522
 1.00078
       1
0.914167
0.997142
0.960637
0.895675
  1.0063
0.813241
0.912203
 1.00603
 0.83396
0.783321
0.997937
       1
count 149
(curr.pk-pk_prev).cwiseAbs().sum() 0.0141949
(curr.pk-p0).cwiseAbs().sum() 1.16306
stable?: 1 converged?: 1 G: 3.21789e-08
tp: 4
Elapsed Time d2w: 120717 us
Elapsed Time dG: 8482 us
vz_norm: 7.28923e-08vp_norm: 6.43624e-09
zk    0.0030119
 -0.00407114
 -0.00314451
   0.0049941
  0.00450852
  0.00191009
  0.00154859
 -0.00211491
 -0.00158705
 0.000738133
 0.000797595
 0.000415099
-1.83293e-13
           0
           0
  1.8041e-13
           0
           0
  0.00078996
           0
           0
-7.61462e-05
           0
 7.58132e-05
           0
 0.000964639
           0
           0
-3.32403e-05
 -3.9256e-05
           0
           0
-3.99656e-05
           0
           0
-6.04134e-06
           0
           0
-1.99139e-08
 9.49433e-09
-2.04212e-08
 9.73622e-09
-2.92029e-05
           0
           0
-2.91952e-05
           0
           0
 -1.0739e-06
           0
           0
           0
           0
           0
           0
-2.78617e-05
    0.182663
    0.185678
   0.0228852
           0
           0
pk 0.975348
       1
       1
0.965221
       1
       1
0.993065
0.998307
       1
0.961773
0.999553
       1
 0.95033
0.999045
       1
0.981416
0.997976
       1
0.965343
 1.00104
       1
 0.95144
 1.00078
       1
0.914127
0.997142
0.960607
0.898355
 1.00631
0.817981
0.905901
 1.00599
0.826204
0.783235
0.997936
       1
count 150
(curr.pk-pk_prev).cwiseAbs().sum() 0.0256953
(curr.pk-p0).cwiseAbs().sum() 1.17382
stable?: 1 converged?: 1 G: 3.21726e-08
tp: 4
Elapsed Time d2w: 127838 us
Elapsed Time dG: 8849 us
vz_norm: 8.95768e-08vp_norm: 1.32833e-08
zk   0.00281365
  0.00344183
 -0.00228921
 -0.00487144
  0.00393297
 -0.00141624
  0.00144729
  0.00178872
 -0.00115536
-0.000658047
 0.000700355
-0.000273795
-1.61302e-13
           0
           0
-1.60369e-13
           0
           0
 0.000575123
           0
           0
-6.70488e-05
           0
-6.74294e-05
           0
 0.000702391
           0
           0
 2.41999e-05
 3.49531e-05
           0
           0
-3.52359e-05
           0
           0
 4.39849e-06
           0
           0
 1.65919e-08
-6.90566e-09
-1.67587e-08
 6.97508e-09
 2.59409e-05
           0
           0
-2.59327e-05
           0
           0
 7.81964e-07
           0
           0
           0
           0
           0
           0
-2.34559e-05
   -0.151143
     0.15163
  -0.0148675
           0
           0
pk 0.975138
       1
       1
0.965025
       1
       1
 0.99303
0.998299
       1
 0.96145
0.999549
       1
0.950026
0.999041
       1
0.981347
0.997966
       1
0.964855
 1.00104
       1
0.950759
 1.00078
       1
0.914105
0.997141
0.960601
0.904379
 1.00633
0.825285
0.897561
 1.00595
0.816827
0.783314
0.997936
       1
count 151
(curr.pk-pk_prev).cwiseAbs().sum() 0.0335583
(curr.pk-p0).cwiseAbs().sum() 1.18047
stable?: 1 converged?: 1 G: 3.21698e-08
tp: 4
Elapsed Time d2w: 124280 us
Elapsed Time dG: 7679 us
vz_norm: 1.37073e-07vp_norm: 1.62525e-08
zk  -0.00216652
  0.00184426
-0.000462929
 -0.00240641
 -0.00246064
 0.000268447
 -0.00111673
   0.0009609
-0.000233611
-0.000431362
 -0.00044307
 0.000102524
 1.02899e-13
           0
           0
-1.03962e-13
           0
           0
 0.000116309
           0
           0
 4.27866e-05
           0
-4.37261e-05
           0
 0.000142064
           0
           0
-4.89488e-06
 2.26771e-05
           0
           0
  2.2501e-05
           0
           0
-8.89713e-07
           0
           0
 1.08718e-08
-4.62392e-09
 1.07604e-08
-4.57653e-09
 1.67173e-05
           0
           0
 1.67109e-05
           0
           0
 -1.5816e-07
           0
           0
           0
           0
           0
           0
-1.48096e-06
  -0.0999436
  -0.0973956
  0.00586369
           0
           0
pk  0.97505
       1
       1
 0.96493
       1
       1
0.992997
 0.99829
       1
0.961313
0.999547
       1
0.949879
0.999039
       1
0.981285
0.997956
       1
0.964544
 1.00104
       1
0.950542
 1.00077
       1
 0.91408
0.997141
0.960542
0.900203
 1.00631
0.820338
0.900709
 1.00597
0.820768
0.782961
0.997936
       1
count 152
(curr.pk-pk_prev).cwiseAbs().sum() 0.0178003
(curr.pk-p0).cwiseAbs().sum() 1.18404
stable?: 1 converged?: 1 G: 3.21668e-08
tp: 4
Elapsed Time d2w: 123880 us
Elapsed Time dG: 7717 us
vz_norm: 1.23329e-07vp_norm: 9.42988e-09
zk   0.00234861
  0.00188769
-0.000345525
 -0.00266801
  0.00263282
-0.000199767
  0.00121129
 0.000984313
-0.000174245
-0.000454911
 0.000470303
-7.61199e-05
-1.09175e-13
           0
           0
-1.09403e-13
           0
           0
 8.68228e-05
           0
           0
-4.54023e-05
           0
-4.60212e-05
           0
 0.000106082
           0
           0
 3.65286e-06
  2.3873e-05
           0
           0
-2.38799e-05
           0
           0
 6.64026e-07
           0
           0
 1.19359e-08
-5.52986e-09
-1.19422e-08
 5.53276e-09
 1.76731e-05
           0
           0
 -1.7667e-05
           0
           0
 1.18103e-07
           0
           0
           0
           0
           0
           0
 2.10267e-06
   -0.110242
    0.108303
 -0.00428388
           0
           0
pk 0.974933
       1
       1
0.964809
       1
       1
0.992959
0.998281
       1
0.961133
0.999545
       1
0.949693
0.999036
       1
0.981215
0.997944
       1
0.964171
 1.00104
       1
0.950233
 1.00077
       1
0.914052
0.997141
0.960466
0.897214
 1.00629
0.816441
0.902446
 1.00597
 0.82343
0.782521
0.997936
       1
count 153
(curr.pk-pk_prev).cwiseAbs().sum() 0.0132803
(curr.pk-p0).cwiseAbs().sum() 1.18848
stable?: 1 converged?: 1 G: 3.21639e-08
tp: 4
Elapsed Time d2w: 116058 us
Elapsed Time dG: 7766 us
vz_norm: 1.22079e-07vp_norm: 1.04032e-08
zk   -0.0023679
  0.00187689
-0.000495454
 -0.00260988
 -0.00264797
 0.000287858
 -0.00122148
  0.00097893
-0.000249993
-0.000455105
-0.000472798
 0.000101656
 1.09741e-13
           0
           0
-1.09389e-13
           0
           0
 0.000124491
           0
           0
 4.56459e-05
           0
-4.60242e-05
           0
 0.000152088
           0
           0
-5.23457e-06
 2.38835e-05
           0
           0
 2.40156e-05
           0
           0
 -9.5153e-07
           0
           0
 1.20046e-08
-5.63117e-09
 1.21074e-08
-5.67937e-09
 1.77381e-05
           0
           0
 1.77324e-05
           0
           0
-1.69323e-07
           0
           0
           0
           0
           0
           0
 8.43868e-10
   -0.111012
   -0.109766
  0.00576038
           0
           0
pk 0.974811
       1
       1
0.964684
       1
       1
0.992924
0.998272
       1
0.960945
0.999542
       1
0.949499
0.999034
       1
0.981152
0.997934
       1
0.963782
 1.00104
       1
0.949913
 1.00077
       1
0.914027
0.997141
0.960397
0.893891
 1.00627
0.812088
0.904454
 1.00598
0.826512
0.782127
0.997936
       1
count 154
(curr.pk-pk_prev).cwiseAbs().sum() 0.0147443
(curr.pk-p0).cwiseAbs().sum() 1.193
stable?: 1 converged?: 1 G: 3.21608e-08
tp: 4
Elapsed Time d2w: 113860 us
Elapsed Time dG: 7700 us
vz_norm: 1.25959e-07vp_norm: 1.08481e-08
zk   0.00230828
  0.00183402
 -0.00070126
 -0.00245958
   0.0025915
-0.000410714
  0.00119076
 0.000956584
-0.000353991
-0.000442985
 0.000462784
-0.000131322
-1.07451e-13
           0
           0
-1.06468e-13
           0
           0
 0.000176197
           0
           0
-4.47019e-05
           0
-4.48042e-05
           0
  0.00021524
           0
           0
 7.40488e-06
 2.32601e-05
           0
           0
-2.35272e-05
           0
           0
 1.34603e-06
           0
           0
 1.15827e-08
-5.35732e-09
-1.17884e-08
 5.45247e-09
 1.73398e-05
           0
           0
-1.73348e-05
           0
           0
 2.39634e-07
           0
           0
           0
           0
           0
           0
-3.74657e-06
   -0.107111
    0.106716
 -0.00746679
           0
           0
pk 0.974697
       1
       1
0.964566
       1
       1
0.992898
0.998266
       1
0.960768
 0.99954
       1
0.949317
0.999031
       1
0.981102
0.997926
       1
0.963414
 1.00103
       1
0.949612
 1.00077
       1
0.914007
0.997141
0.960345
  0.8906
 1.00625
 0.80786
0.906457
 1.00599
0.829528
0.781838
0.997936
       1
count 155
(curr.pk-pk_prev).cwiseAbs().sum() 0.0142866
(curr.pk-p0).cwiseAbs().sum() 1.1972
stable?: 1 converged?: 1 G: 3.21577e-08
tp: 4
Elapsed Time d2w: 125259 us
Elapsed Time dG: 8994 us
vz_norm: 7.27986e-08vp_norm: 6.46558e-09
zk   0.00301296
 -0.00407045
 -0.00314335
  0.00500524
  0.00451882
  0.00190723
   0.0015507
 -0.00211671
 -0.00158682
 0.000742496
 0.000802055
 0.000414285
 -1.8344e-13
           0
           0
 1.80686e-13
           0
           0
 0.000789804
           0
           0
-7.63289e-05
           0
 7.60512e-05
           0
 0.000964855
           0
           0
-3.31813e-05
-3.94961e-05
           0
           0
-4.01846e-05
           0
           0
-6.03166e-06
           0
           0
-1.99597e-08
 9.46846e-09
-2.04951e-08
 9.72242e-09
-2.95479e-05
           0
           0
-2.95401e-05
           0
           0
-1.07422e-06
           0
           0
           0
           0
           0
           0
-2.79118e-05
    0.183105
    0.186245
   0.0228395
           0
           0
pk  0.97434
       1
       1
0.964224
       1
       1
0.992843
0.998252
       1
0.960219
0.999532
       1
0.948786
0.999024
       1
0.980991
0.997909
       1
0.962491
 1.00103
       1
 0.94853
 1.00076
       1
0.913968
0.997141
0.960312
0.893328
 1.00626
0.812631
0.900086
 1.00595
0.821718
0.781739
0.997936
       1
count 156
(curr.pk-pk_prev).cwiseAbs().sum() 0.0259085
(curr.pk-p0).cwiseAbs().sum() 1.20801
stable?: 1 converged?: 1 G: 3.21515e-08
tp: 4
Elapsed Time d2w: 122350 us
Elapsed Time dG: 7518 us
vz_norm: 8.9161e-08vp_norm: 1.33375e-08
zk   0.00281734
  0.00345015
 -0.00228628
 -0.00488786
  0.00395004
 -0.00141293
  0.00145066
  0.00179488
 -0.00115413
-0.000663217
 0.000705606
-0.000272396
-1.61712e-13
           0
           0
-1.60925e-13
           0
           0
 0.000574484
           0
           0
-6.73268e-05
           0
-6.77719e-05
           0
 0.000701907
           0
           0
 2.41345e-05
  3.5235e-05
           0
           0
-3.54907e-05
           0
           0
 4.38736e-06
           0
           0
 1.66898e-08
-6.92867e-09
-1.68764e-08
 7.00614e-09
 2.62959e-05
           0
           0
-2.62877e-05
           0
           0
 7.81477e-07
           0
           0
           0
           0
           0
           0
-2.33619e-05
   -0.152079
    0.152632
  -0.0147821
           0
           0
pk 0.974129
       1
       1
0.964027
       1
       1
0.992809
0.998244
       1
0.959894
0.999528
       1
 0.94848
 0.99902
       1
0.980925
0.997899
       1
0.961999
 1.00103
       1
0.947844
 1.00076
       1
0.913946
0.997141
0.960301
0.899456
 1.00629
0.820035
0.891611
 1.00591
 0.81221
0.781796
0.997936
       1
count 157
(curr.pk-pk_prev).cwiseAbs().sum() 0.034021
(curr.pk-p0).cwiseAbs().sum() 1.21475
stable?: 1 converged?: 1 G: 3.21487e-08
tp: 4
Elapsed Time d2w: 121469 us
Elapsed Time dG: 7472 us
vz_norm: 1.36745e-07vp_norm: 1.64173e-08
zk  -0.00216524
  0.00184552
-0.000463877
 -0.00241319
 -0.00246525
 0.000268832
 -0.00111721
 0.000962534
-0.000234145
-0.000433996
-0.000445302
 0.000102873
 1.02935e-13
           0
           0
-1.04131e-13
           0
           0
 0.000116566
           0
           0
 4.28697e-05
           0
-4.38677e-05
           0
 0.000142437
           0
           0
-4.89773e-06
 2.28182e-05
           0
           0
 2.26142e-05
           0
           0
-8.90384e-07
           0
           0
 1.09123e-08
-4.62604e-09
 1.08082e-08
-4.58189e-09
 1.69126e-05
           0
           0
 1.69061e-05
           0
           0
-1.58586e-07
           0
           0
           0
           0
           0
           0
-1.48972e-06
   -0.100344
  -0.0977725
  0.00588699
           0
           0
pk 0.974041
       1
       1
0.963932
       1
       1
0.992775
0.998236
       1
0.959757
0.999526
       1
0.948333
0.999018
       1
0.980862
0.997889
       1
0.961686
 1.00102
       1
0.947626
 1.00076
       1
0.913922
0.997141
0.960241
0.895207
 1.00627
0.815017
0.894825
 1.00592
0.816214
 0.78144
0.997935
       1
count 158
(curr.pk-pk_prev).cwiseAbs().sum() 0.0180797
(curr.pk-p0).cwiseAbs().sum() 1.21835
stable?: 1 converged?: 1 G: 3.21457e-08
tp: 4
Elapsed Time d2w: 117601 us
Elapsed Time dG: 7990 us
vz_norm: 1.23283e-07vp_norm: 9.51895e-09
zk   0.00234438
   0.0018881
-0.000344789
 -0.00267384
  0.00263547
-0.000199293
  0.00121033
 0.000985514
-0.000173915
-0.000457221
 0.000472283
-7.60225e-05
-1.09125e-13
           0
           0
-1.09471e-13
           0
           0
  8.6652e-05
           0
           0
-4.54539e-05
           0
-4.61237e-05
           0
 0.000105917
           0
           0
 3.63972e-06
 2.39975e-05
           0
           0
-2.39809e-05
           0
           0
 6.61752e-07
           0
           0
 1.19544e-08
-5.51067e-09
 -1.1972e-08
 5.51876e-09
 1.78637e-05
           0
           0
-1.78576e-05
           0
           0
 1.17927e-07
           0
           0
           0
           0
           0
           0
 2.08478e-06
   -0.110431
    0.108504
 -0.00428106
           0
           0
pk 0.973924
       1
       1
0.963812
       1
       1
0.992737
0.998226
       1
0.959577
0.999524
       1
0.948147
0.999015
       1
0.980792
0.997877
       1
0.961313
 1.00102
       1
0.947317
 1.00076
       1
0.913893
0.997141
0.960165
0.892175
 1.00625
0.811084
0.896597
 1.00593
0.818903
0.780997
0.997935
       1
count 159
(curr.pk-pk_prev).cwiseAbs().sum() 0.0134243
(curr.pk-p0).cwiseAbs().sum() 1.22281
stable?: 1 converged?: 1 G: 3.21428e-08
tp: 4
Elapsed Time d2w: 116026 us
Elapsed Time dG: 7950 us
vz_norm: 1.2208e-07vp_norm: 1.04817e-08
zk  -0.00236291
  0.00187642
 -0.00050059
 -0.00261259
 -0.00264985
 0.000290791
 -0.00122013
  0.00097966
-0.000252648
-0.000457211
-0.000474619
 0.000102332
 1.09655e-13
           0
           0
-1.09408e-13
           0
           0
 0.000125802
           0
           0
  4.5683e-05
           0
-4.61063e-05
           0
 0.000153753
           0
           0
-5.28103e-06
 2.39974e-05
           0
           0
 2.41092e-05
           0
           0
-9.60139e-07
           0
           0
 1.20178e-08
-5.60959e-09
 1.21336e-08
-5.66367e-09
 1.79226e-05
           0
           0
 1.79169e-05
           0
           0
-1.71188e-07
           0
           0
           0
           0
           0
           0
-1.13746e-07
   -0.111153
   -0.109932
  0.00580184
           0
           0
pk 0.973803
       1
       1
0.963687
       1
       1
0.992702
0.998218
       1
0.959391
0.999521
       1
0.947954
0.999012
       1
0.980728
0.997867
       1
0.960924
 1.00102
       1
0.946998
 1.00076
       1
0.913868
0.997141
0.960097
0.888813
 1.00623
0.806703
0.898637
 1.00594
0.822008
0.780603
0.997935
       1
count 160
(curr.pk-pk_prev).cwiseAbs().sum() 0.0148649
(curr.pk-p0).cwiseAbs().sum() 1.22733
stable?: 1 converged?: 1 G: 3.21397e-08
tp: 4
Elapsed Time d2w: 116679 us
Elapsed Time dG: 7564 us
vz_norm: 1.26033e-07vp_norm: 1.0932e-08
zk   0.00230219
  0.00183263
 -0.00070821
 -0.00245998
  0.00259214
-0.000414535
  0.00118882
 0.000956809
-0.000357585
-0.000444776
 0.000464347
-0.000132193
-1.07317e-13
           0
           0
-1.06425e-13
           0
           0
 0.000177973
           0
           0
-4.47176e-05
           0
-4.48583e-05
           0
 0.000217499
           0
           0
 7.46726e-06
 2.33577e-05
           0
           0
-2.36081e-05
           0
           0
  1.3576e-06
           0
           0
 1.15879e-08
-5.33212e-09
-1.18078e-08
 5.43329e-09
 1.75114e-05
           0
           0
-1.75063e-05
           0
           0
 2.42166e-07
           0
           0
           0
           0
           0
           0
-3.89824e-06
   -0.107178
     0.10682
  -0.0075193
           0
           0
pk 0.973689
       1
       1
 0.96357
       1
       1
0.992676
0.998211
       1
0.959214
0.999519
       1
0.947772
 0.99901
       1
0.980679
0.997859
       1
0.960556
 1.00102
       1
0.946698
 1.00076
       1
0.913849
0.997141
0.960045
0.885486
 1.00621
0.802451
 0.90067
 1.00595
0.825043
0.780317
0.997935
       1
count 161
(curr.pk-pk_prev).cwiseAbs().sum() 0.0143876
(curr.pk-p0).cwiseAbs().sum() 1.23154
stable?: 1 converged?: 1 G: 3.21366e-08
tp: 4
Elapsed Time d2w: 131805 us
Elapsed Time dG: 7434 us
vz_norm: 7.26934e-08vp_norm: 6.49636e-09
zk   0.00301422
 -0.00407033
 -0.00314378
   0.0050175
  0.00452966
  0.00190523
  0.00155292
  -0.0021188
 -0.00158739
 0.000746978
 0.000806639
 0.000413654
-1.83606e-13
           0
           0
 1.80983e-13
           0
           0
 0.000790044
           0
           0
-7.65203e-05
           0
 7.62987e-05
           0
 0.000965551
           0
           0
-3.31371e-05
-3.97429e-05
           0
           0
-4.04098e-05
           0
           0
-6.02467e-06
           0
           0
-2.00091e-08
 9.44464e-09
-2.05724e-08
 9.71054e-09
 -2.9903e-05
           0
           0
-2.98952e-05
           0
           0
-1.07506e-06
           0
           0
           0
           0
           0
           0
  -2.798e-05
     0.18358
    0.186843
   0.0228041
           0
           0
pk 0.973334
       1
       1
0.963228
       1
       1
0.992622
0.998198
       1
0.958666
0.999511
       1
0.947242
0.999003
       1
 0.98057
0.997842
       1
0.959632
 1.00101
       1
0.945614
 1.00075
       1
 0.91381
0.997141
0.960009
0.888264
 1.00622
0.807256
0.894226
 1.00591
0.817175
0.780205
0.997935
       1
count 162
(curr.pk-pk_prev).cwiseAbs().sum() 0.0261362
(curr.pk-p0).cwiseAbs().sum() 1.24241
stable?: 1 converged?: 1 G: 3.21303e-08
tp: 4
Elapsed Time d2w: 117510 us
Elapsed Time dG: 7231 us
vz_norm: 8.87467e-08vp_norm: 1.33951e-08
zk    0.0028213
  0.00345873
 -0.00228481
 -0.00490563
  0.00396747
 -0.00141045
  0.00145418
  0.00180118
 -0.00115364
-0.000668498
 0.000710958
-0.000271188
-1.62136e-13
           0
           0
-1.61498e-13
           0
           0
 0.000574213
           0
           0
-6.76111e-05
           0
-6.81225e-05
           0
  0.00070187
           0
           0
 2.40833e-05
  3.5523e-05
           0
           0
-3.57506e-05
           0
           0
 4.37881e-06
           0
           0
 1.67889e-08
-6.95076e-09
-1.69952e-08
 7.03616e-09
 2.66606e-05
           0
           0
-2.66523e-05
           0
           0
 7.81488e-07
           0
           0
           0
           0
           0
           0
-2.32924e-05
   -0.153023
    0.153639
  -0.0147076
           0
           0
pk 0.973122
       1
       1
 0.96303
       1
       1
0.992589
 0.99819
       1
 0.95834
0.999507
       1
0.946934
0.998998
       1
0.980505
0.997833
       1
0.959136
 1.00101
       1
0.944924
 1.00075
       1
0.913789
 0.99714
0.959992
  0.8945
 1.00624
0.814764
0.885613
 1.00586
0.807532
0.780241
0.997935
       1
count 163
(curr.pk-pk_prev).cwiseAbs().sum() 0.0344999
(curr.pk-p0).cwiseAbs().sum() 1.24925
stable?: 1 converged?: 1 G: 3.21276e-08
tp: 4
Elapsed Time d2w: 129184 us
Elapsed Time dG: 7589 us
vz_norm: 1.3641e-07vp_norm: 1.65846e-08
zk  -0.00216413
  0.00184706
-0.000463966
 -0.00242075
 -0.00247009
 0.000268687
 -0.00111777
 0.000964318
-0.000234244
-0.000436709
-0.000447598
 0.000103093
  1.0298e-13
           0
           0
-1.04314e-13
           0
           0
 0.000116608
           0
           0
 4.29571e-05
           0
-4.40153e-05
           0
 0.000142547
           0
           0
-4.89124e-06
 2.29635e-05
           0
           0
 2.27305e-05
           0
           0
-8.89355e-07
           0
           0
  1.0954e-08
-4.62799e-09
 1.08568e-08
-4.58692e-09
 1.71137e-05
           0
           0
 1.71073e-05
           0
           0
-1.58718e-07
           0
           0
           0
           0
           0
           0
-1.48524e-06
   -0.100754
  -0.0981562
  0.00590293
           0
           0
pk 0.973034
       1
       1
0.962935
       1
       1
0.992555
0.998182
       1
0.958203
0.999505
       1
0.946787
0.998996
       1
0.980442
0.997822
       1
0.958822
 1.00101
       1
0.944706
 1.00075
       1
0.913764
 0.99714
0.959932
0.890176
 1.00622
0.809674
0.888894
 1.00588
  0.8116
0.779881
0.997934
       1
count 164
(curr.pk-pk_prev).cwiseAbs().sum() 0.018367
(curr.pk-p0).cwiseAbs().sum() 1.25287
stable?: 1 converged?: 1 G: 3.21246e-08
tp: 4
Elapsed Time d2w: 122251 us
Elapsed Time dG: 8182 us
vz_norm: 1.23207e-07vp_norm: 9.60819e-09
zk   0.00234064
  0.00188885
 -0.00034327
 -0.00268053
  0.00263863
-0.000198339
  0.00120962
 0.000986891
-0.000173189
-0.000459645
 0.000474369
-7.58163e-05
-1.09095e-13
           0
           0
-1.09561e-13
           0
           0
 8.62846e-05
           0
           0
 -4.5514e-05
           0
-4.62361e-05
           0
 0.000105512
           0
           0
 3.61818e-06
  2.4128e-05
           0
           0
 -2.4087e-05
           0
           0
 6.57946e-07
           0
           0
 1.19762e-08
 -5.4933e-09
-1.20047e-08
 5.50636e-09
 1.80617e-05
           0
           0
-1.80555e-05
           0
           0
 1.17483e-07
           0
           0
           0
           0
           0
           0
  2.0828e-06
   -0.110651
    0.108732
 -0.00427194
           0
           0
pk 0.972918
       1
       1
0.962815
       1
       1
0.992516
0.998172
       1
0.958024
0.999502
       1
0.946601
0.998994
       1
0.980371
0.997811
       1
0.958449
 1.00101
       1
0.944397
 1.00074
       1
0.913736
 0.99714
0.959856
  0.8871
  1.0062
0.805703
0.890703
 1.00588
0.814319
0.779435
0.997934
       1
count 165
(curr.pk-pk_prev).cwiseAbs().sum() 0.0135763
(curr.pk-p0).cwiseAbs().sum() 1.25735
stable?: 1 converged?: 1 G: 3.21216e-08
tp: 4
Elapsed Time d2w: 127828 us
Elapsed Time dG: 8385 us
vz_norm: 1.22053e-07vp_norm: 1.05623e-08
zk  -0.00235843
  0.00187627
-0.000504871
 -0.00261617
 -0.00265223
 0.000293182
 -0.00121905
 0.000980566
-0.000254871
-0.000459429
-0.000476547
 0.000102891
 1.09589e-13
           0
           0
 -1.0945e-13
           0
           0
 0.000126899
           0
           0
 4.57287e-05
           0
-4.61981e-05
           0
 0.000155157
           0
           0
-5.31805e-06
 2.41172e-05
           0
           0
 2.42082e-05
           0
           0
-9.67034e-07
           0
           0
 1.20341e-08
-5.58971e-09
 1.21627e-08
-5.64948e-09
 1.81145e-05
           0
           0
 1.81087e-05
           0
           0
-1.72762e-07
           0
           0
           0
           0
           0
           0
 -2.1143e-07
   -0.111323
   -0.110125
  0.00583655
           0
           0
pk 0.972797
       1
       1
0.962691
       1
       1
0.992482
0.998164
       1
0.957837
  0.9995
       1
0.946408
0.998991
       1
0.980308
  0.9978
       1
0.958059
 1.00101
       1
0.944078
 1.00074
       1
 0.91371
 0.99714
0.959787
0.883696
 1.00618
 0.80129
0.892777
 1.00589
0.817448
 0.77904
0.997934
       1
count 166
(curr.pk-pk_prev).cwiseAbs().sum() 0.0149961
(curr.pk-p0).cwiseAbs().sum() 1.26189
stable?: 1 converged?: 1 G: 3.21185e-08
tp: 4
Elapsed Time d2w: 126027 us
Elapsed Time dG: 14886 us
vz_norm: 1.26077e-07vp_norm: 1.10179e-08
zk    0.0022966
  0.00183154
 -0.00071458
 -0.00246112
  0.00259327
-0.000417965
  0.00118713
 0.000957196
-0.000360887
-0.000446673
 0.000466014
-0.000132984
-1.07203e-13
           0
           0
-1.06404e-13
           0
           0
 0.000179603
           0
           0
-4.47419e-05
           0
-4.49216e-05
           0
 0.000219582
           0
           0
  7.5229e-06
 2.34608e-05
           0
           0
-2.36942e-05
           0
           0
 1.36795e-06
           0
           0
 1.15962e-08
-5.30866e-09
  -1.183e-08
 5.41571e-09
 1.76898e-05
           0
           0
-1.76847e-05
           0
           0
   2.445e-07
           0
           0
           0
           0
           0
           0
-4.03732e-06
   -0.107273
     0.10695
 -0.00756721
           0
           0
pk 0.972684
       1
       1
0.962574
       1
       1
0.992456
0.998157
       1
0.957662
0.999497
       1
0.946227
0.998989
       1
0.980259
0.997792
       1
0.957692
 1.00101
       1
0.943779
 1.00074
       1
0.913691
 0.99714
0.959736
 0.88033
 1.00616
0.797012
0.894841
  1.0059
0.820504
0.778756
0.997934
       1
count 167
(curr.pk-pk_prev).cwiseAbs().sum() 0.0144986
(curr.pk-p0).cwiseAbs().sum() 1.2661
stable?: 1 converged?: 1 G: 3.21154e-08
tp: 4
Elapsed Time d2w: 119451 us
Elapsed Time dG: 7993 us
vz_norm: 7.25802e-08vp_norm: 6.52887e-09
zk   0.00301545
 -0.00407043
 -0.00314545
   0.0050304
  0.00454067
  0.00190388
  0.00155512
 -0.00212101
 -0.00158858
 0.000751519
  0.00081128
 0.000413157
-1.83776e-13
           0
           0
 1.81285e-13
           0
           0
 0.000790597
           0
           0
-7.67138e-05
           0
 7.65492e-05
           0
 0.000966629
           0
           0
-3.31043e-05
 -3.9993e-05
           0
           0
-4.06376e-05
           0
           0
-6.01973e-06
           0
           0
-2.00607e-08
 9.42283e-09
 -2.0652e-08
 9.70057e-09
-3.02662e-05
           0
           0
-3.02583e-05
           0
           0
-1.07633e-06
           0
           0
           0
           0
           0
           0
-2.80633e-05
     0.18408
    0.187465
   0.0227763
           0
           0
pk 0.972329
       1
       1
0.962233
       1
       1
0.992402
0.998144
       1
0.957114
 0.99949
       1
0.945697
0.998982
       1
 0.98015
0.997776
       1
0.956766
   1.001
       1
0.942694
 1.00074
       1
0.913652
 0.99714
0.959697
0.883161
 1.00617
0.801855
0.888322
 1.00586
0.812574
0.778631
0.997934
       1
count 168
(curr.pk-pk_prev).cwiseAbs().sum() 0.0263772
(curr.pk-p0).cwiseAbs().sum() 1.27703
stable?: 1 converged?: 1 G: 3.21092e-08
tp: 4
Elapsed Time d2w: 120781 us
Elapsed Time dG: 7589 us
vz_norm: 9.59148e-08vp_norm: 1.45837e-08
zk   0.00292097
  0.00282493
 -0.00195681
 -0.00444795
  0.00363624
 -0.00120857
  0.00150911
  0.00147444
-0.000988247
-0.000616656
 0.000653283
 -0.00022647
-1.48487e-13
           0
           0
-1.48043e-13
           0
           0
 0.000491862
           0
           0
-6.20184e-05
           0
-6.25476e-05
           0
  0.00060146
           0
           0
 2.05941e-05
 3.27133e-05
           0
           0
-3.28947e-05
           0
           0
 3.74506e-06
           0
           0
 1.55262e-08
-6.51457e-09
-1.57337e-08
 6.60166e-09
 2.46907e-05
           0
           0
-2.46831e-05
           0
           0
 6.69732e-07
           0
           0
           0
           0
           0
           0
-2.00226e-05
   -0.142002
    0.142348
   -0.012249
           0
           0
pk 0.972148
       1
       1
0.962065
       1
       1
0.992375
0.998138
       1
0.956836
0.999486
       1
0.945434
0.998978
       1
0.980098
0.997768
       1
0.956349
   1.001
       1
0.942097
 1.00073
       1
0.913636
 0.99714
0.959679
0.889023
  1.0062
 0.80901
0.880417
 1.00582
0.803587
0.778648
0.997934
       1
count 169
(curr.pk-pk_prev).cwiseAbs().sum() 0.0320358
(curr.pk-p0).cwiseAbs().sum() 1.28291
stable?: 1 converged?: 1 G: 3.2107e-08
tp: 4
Elapsed Time d2w: 145414 us
Elapsed Time dG: 7581 us
vz_norm: 1.32921e-07vp_norm: 1.50364e-08
zk  -0.00220081
  0.00185615
-0.000489518
 -0.00246428
 -0.00250941
  0.00028488
 -0.00113797
 0.000970173
-0.000247199
-0.000444164
-0.000455181
 0.000105341
 1.04266e-13
           0
           0
-1.05597e-13
           0
           0
  0.00012305
           0
           0
 4.35612e-05
           0
-4.46267e-05
           0
 0.000150482
           0
           0
-5.15246e-06
   2.335e-05
           0
           0
  2.3119e-05
           0
           0
-9.37008e-07
           0
           0
 1.12261e-08
-4.83119e-09
 1.11509e-08
-4.79881e-09
 1.75065e-05
           0
           0
    1.75e-05
           0
           0
-1.67564e-07
           0
           0
           0
           0
           0
           0
-1.49778e-06
   -0.103384
   -0.100813
  0.00602126
           0
           0
pk 0.972053
       1
       1
0.961964
       1
       1
0.992341
 0.99813
       1
0.956689
0.999484
       1
0.945278
0.998976
       1
0.980035
0.997758
       1
0.956018
   1.001
       1
0.941857
 1.00073
       1
0.913612
 0.99714
0.959618
0.884895
 1.00617
0.804061
 0.88344
 1.00584
0.807462
0.778287
0.997934
       1
count 170
(curr.pk-pk_prev).cwiseAbs().sum() 0.0176471
(curr.pk-p0).cwiseAbs().sum() 1.28671
stable?: 1 converged?: 1 G: 3.21039e-08
tp: 4
Elapsed Time d2w: 114311 us
Elapsed Time dG: 7349 us
vz_norm: 1.23329e-07vp_norm: 9.9408e-09
zk   0.00233503
  0.00188762
-0.000355666
 -0.00267685
  0.00263996
-0.000205414
   0.0012079
   0.0009872
-0.000179497
 -0.00046142
 0.000476172
-7.82153e-05
-1.09012e-13
           0
           0
-1.09509e-13
           0
           0
 8.94139e-05
           0
           0
-4.55506e-05
           0
-4.62869e-05
           0
 0.000109379
           0
           0
 3.74281e-06
 2.42256e-05
           0
           0
-2.41795e-05
           0
           0
 6.80718e-07
           0
           0
 1.19743e-08
-5.45952e-09
-1.20249e-08
 5.48261e-09
 1.82423e-05
           0
           0
-1.82361e-05
           0
           0
 1.21797e-07
           0
           0
           0
           0
           0
           0
 1.83652e-06
    -0.11065
    0.108838
 -0.00441503
           0
           0
pk 0.971938
       1
       1
0.961844
       1
       1
0.992303
 0.99812
       1
0.956511
0.999482
       1
0.945093
0.998973
       1
0.979964
0.997746
       1
0.955645
   1.001
       1
 0.94155
 1.00073
       1
0.913583
 0.99714
0.959542
0.881711
 1.00616
 0.79998
0.885349
 1.00584
0.810284
0.777841
0.997933
       1
count 171
(curr.pk-pk_prev).cwiseAbs().sum() 0.0139924
(curr.pk-p0).cwiseAbs().sum() 1.29119
stable?: 1 converged?: 1 G: 3.2101e-08
tp: 4
Elapsed Time d2w: 116780 us
Elapsed Time dG: 7849 us
vz_norm: 1.22468e-07vp_norm: 1.06634e-08
zk  -0.00234711
  0.00187031
-0.000539321
 -0.00259948
 -0.00264779
 0.000313457
 -0.00121438
 0.000978393
-0.000272345
 -0.00045999
 -0.00047718
 0.000107724
  1.0925e-13
           0
           0
-1.09112e-13
           0
           0
 0.000135578
           0
           0
 4.56584e-05
           0
-4.61282e-05
           0
  0.00016583
           0
           0
-5.67179e-06
 2.41517e-05
           0
           0
 2.42443e-05
           0
           0
-1.03152e-06
           0
           0
 1.19992e-08
-5.53982e-09
 1.21538e-08
-5.61118e-09
 1.82505e-05
           0
           0
 1.82449e-05
           0
           0
-1.84659e-07
           0
           0
           0
           0
           0
           0
-8.41362e-07
   -0.111017
    -0.10996
  0.00611638
           0
           0
pk 0.971819
       1
       1
0.961721
       1
       1
 0.99227
0.998112
       1
0.956326
0.999479
       1
0.944902
0.998971
       1
0.979903
0.997736
       1
0.955258
 1.00099
       1
0.941234
 1.00073
       1
0.913559
 0.99714
0.959476
0.878279
 1.00614
 0.79556
0.887446
 1.00585
 0.81342
0.777461
0.997933
       1
count 172
(curr.pk-pk_prev).cwiseAbs().sum() 0.0150287
(curr.pk-p0).cwiseAbs().sum() 1.29571
stable?: 1 converged?: 1 G: 3.20978e-08
tp: 4
Elapsed Time d2w: 121473 us
Elapsed Time dG: 7484 us
vz_norm: 1.26024e-07vp_norm: 1.10501e-08
zk   0.00230672
   0.0018433
-0.000765063
 -0.00246801
  0.00261312
-0.000447615
  0.00119347
 0.000964222
-0.000386486
-0.000451414
 0.000470928
-0.000139956
-1.07883e-13
           0
           0
-1.07069e-13
           0
           0
 0.000192321
           0
           0
-4.50957e-05
           0
-4.52736e-05
           0
 0.000235221
           0
           0
 8.04164e-06
 2.37145e-05
           0
           0
-2.39542e-05
           0
           0
 1.46251e-06
           0
           0
 1.16234e-08
-5.23876e-09
-1.18843e-08
 5.35636e-09
 1.79916e-05
           0
           0
-1.79865e-05
           0
           0
 2.61931e-07
           0
           0
           0
           0
           0
           0
-4.86783e-06
   -0.107371
    0.107181
 -0.00796687
           0
           0
pk 0.971706
       1
       1
0.961605
       1
       1
0.992245
0.998106
       1
 0.95615
0.999477
       1
0.944721
0.998968
       1
0.979856
0.997728
       1
0.954891
 1.00099
       1
0.940934
 1.00073
       1
 0.91354
 0.99714
0.959427
0.874856
 1.00612
0.791286
 0.88955
 1.00586
0.816464
0.777192
0.997933
       1
count 173
(curr.pk-pk_prev).cwiseAbs().sum() 0.0145566
(curr.pk-p0).cwiseAbs().sum() 1.29992
stable?: 1 converged?: 1 G: 3.20947e-08
tp: 4
Elapsed Time d2w: 163654 us
Elapsed Time dG: 7430 us
vz_norm: 7.26598e-08vp_norm: 6.57641e-09
zk   0.00302064
   -0.004062
 -0.00309644
  0.00502438
  0.00454921
  0.00187141
  0.00155933
 -0.00211871
 -0.00156415
 0.000755059
 0.000815798
 0.000405347
-1.83902e-13
           0
           0
 1.81367e-13
           0
           0
 0.000778404
           0
           0
 -7.6886e-05
           0
 7.67044e-05
           0
 0.000952104
           0
           0
 -3.2538e-05
-4.01921e-05
           0
           0
-4.08524e-05
           0
           0
-5.91775e-06
           0
           0
-2.00546e-08
 9.34691e-09
-2.06928e-08
 9.64431e-09
-3.06063e-05
           0
           0
-3.05986e-05
           0
           0
-1.06023e-06
           0
           0
           0
           0
           0
           0
-2.75134e-05
    0.184024
    0.187725
   0.0223335
           0
           0
pk 0.971355
       1
       1
0.961267
       1
       1
0.992195
0.998093
       1
0.955608
 0.99947
       1
0.944196
0.998961
       1
0.979754
0.997713
       1
0.953972
 1.00099
       1
0.939856
 1.00072
       1
0.913504
 0.99714
0.959379
0.877754
 1.00613
 0.79615
 0.88297
 1.00582
0.808503
0.777029
0.997933
       1
count 174
(curr.pk-pk_prev).cwiseAbs().sum() 0.0265566
(curr.pk-p0).cwiseAbs().sum() 1.31085
stable?: 1 converged?: 1 G: 3.20885e-08
tp: 4
Elapsed Time d2w: 112279 us
Elapsed Time dG: 7272 us
vz_norm: 1.32501e-07vp_norm: 2.01728e-08
zk   0.00207508
  0.00198479
-0.000994525
 -0.00298229
  0.00256319
-0.000618366
  0.00107325
  0.00103734
-0.000502355
 -0.00044107
 0.000461974
-0.000100192
-1.05081e-13
           0
           0
-1.04765e-13
           0
           0
 0.000250024
           0
           0
-4.39573e-05
           0
 -4.4332e-05
           0
 0.000305858
           0
           0
   1.045e-05
 2.32533e-05
           0
           0
-2.33845e-05
           0
           0
 1.90065e-06
           0
           0
 1.11907e-08
-4.87826e-09
-1.13643e-08
 4.95395e-09
 1.76544e-05
           0
           0
-1.76491e-05
           0
           0
 3.40596e-07
           0
           0
           0
           0
           0
           0
-1.00334e-05
   -0.103419
     0.10315
 -0.00531567
           0
           0
pk 0.971259
       1
       1
 0.96118
       1
       1
0.992181
 0.99809
       1
0.955461
0.999468
       1
0.944061
0.998959
       1
0.979728
0.997709
       1
0.953771
 1.00099
       1
0.939526
 1.00072
       1
0.913495
 0.99714
0.959362
0.882113
 1.00615
0.801678
0.877545
 1.00579
0.802027
0.777001
0.997933
       1
count 175
(curr.pk-pk_prev).cwiseAbs().sum() 0.0229391
(curr.pk-p0).cwiseAbs().sum() 1.31396
stable?: 1 converged?: 1 G: 3.20878e-08
tp: 4
Elapsed Time d2w: 123952 us
Elapsed Time dG: 7704 us
vz_norm: 1.24439e-07vp_norm: 1.01723e-08
zk  -0.00230107
  0.00186219
-0.000620542
  -0.0025615
 -0.00260435
 0.000365965
 -0.00119133
 0.000974718
-0.000313446
-0.000457568
-0.000470229
 0.000117484
  1.0735e-13
           0
           0
-1.08232e-13
           0
           0
 0.000156007
           0
           0
 4.49128e-05
           0
-4.58057e-05
           0
 0.000190851
           0
           0
-6.52036e-06
 2.40302e-05
           0
           0
 2.39001e-05
           0
           0
-1.18594e-06
           0
           0
 1.18972e-08
-5.43958e-09
 1.19023e-08
-5.44195e-09
 1.81513e-05
           0
           0
  1.8145e-05
           0
           0
-2.12529e-07
           0
           0
           0
           0
           0
           0
-2.39203e-06
   -0.109934
   -0.107708
  0.00666965
           0
           0
pk 0.971144
       1
       1
0.961061
       1
       1
0.992152
0.998083
       1
0.955283
0.999465
       1
0.943875
0.998956
       1
0.979672
  0.9977
       1
0.953396
 1.00098
       1
0.939218
 1.00072
       1
0.913473
 0.99714
0.959303
0.878909
 1.00613
0.797592
 0.87947
  1.0058
0.804909
0.776669
0.997933
       1
count 176
(curr.pk-pk_prev).cwiseAbs().sum() 0.0139281
(curr.pk-p0).cwiseAbs().sum() 1.31823
stable?: 1 converged?: 1 G: 3.20847e-08
tp: 4
Elapsed Time d2w: 118362 us
Elapsed Time dG: 7968 us
vz_norm: 1.24728e-07vp_norm: 1.07992e-08
zk   0.00231161
  0.00187255
-0.000443378
 -0.00261759
  0.00262349
-0.000256973
  0.00119683
 0.000980164
-0.000223889
-0.000458955
 0.000474741
-9.24547e-05
-1.08254e-13
           0
           0
-1.08505e-13
           0
           0
 0.000111475
           0
           0
-4.52996e-05
           0
  -4.593e-05
           0
 0.000136397
           0
           0
 4.65756e-06
 2.41053e-05
           0
           0
-2.41142e-05
           0
           0
 8.47181e-07
           0
           0
 1.18333e-08
 -5.3383e-09
-1.19418e-08
 5.38728e-09
 1.82749e-05
           0
           0
 -1.8269e-05
           0
           0
 1.51891e-07
           0
           0
           0
           0
           0
           0
 2.46135e-07
   -0.109353
    0.107969
  -0.0052428
           0
           0
pk 0.971032
       1
       1
0.960945
       1
       1
0.992116
0.998074
       1
0.955109
0.999463
       1
0.943695
0.998954
       1
0.979606
0.997689
       1
0.953028
 1.00098
       1
 0.93892
 1.00072
       1
0.913447
0.997139
0.959233
0.875517
 1.00611
0.793308
0.881584
 1.00581
0.807945
0.776261
0.997933
       1
count 177
(curr.pk-pk_prev).cwiseAbs().sum() 0.0147366
(curr.pk-p0).cwiseAbs().sum() 1.32262
stable?: 1 converged?: 1 G: 3.20817e-08
tp: 4
Elapsed Time d2w: 124559 us
Elapsed Time dG: 8319 us
vz_norm: 1.24605e-07vp_norm: 1.07912e-08
zk  -0.00230931
   0.0018446
-0.000661619
 -0.00251889
 -0.00261712
 0.000385893
 -0.00119586
 0.000965762
-0.000334241
-0.000454637
-0.000472872
 0.000124699
 1.07862e-13
           0
           0
-1.07432e-13
           0
           0
  0.00016634
           0
           0
 4.51437e-05
           0
-4.54845e-05
           0
 0.000203512
           0
           0
-6.94616e-06
 2.38804e-05
           0
           0
 2.40385e-05
           0
           0
-1.26345e-06
           0
           0
 1.17766e-08
-5.37535e-09
 1.19939e-08
-5.47452e-09
 1.81728e-05
           0
           0
 1.81675e-05
           0
           0
-2.26632e-07
           0
           0
           0
           0
           0
           0
-3.07653e-06
    -0.10896
    -0.10838
  0.00709193
           0
           0
pk 0.970917
       1
       1
0.960826
       1
       1
0.992087
0.998067
       1
0.954931
 0.99946
       1
 0.94351
0.998952
       1
0.979553
 0.99768
       1
0.952654
 1.00098
       1
0.938614
 1.00072
       1
0.913426
0.997139
0.959177
0.872124
 1.00609
0.789001
0.883651
 1.00582
0.810998
0.775944
0.997933
       1
count 178
(curr.pk-pk_prev).cwiseAbs().sum() 0.0146282
(curr.pk-p0).cwiseAbs().sum() 1.32696
stable?: 1 converged?: 1 G: 3.20785e-08
tp: 4
Elapsed Time d2w: 122529 us
Elapsed Time dG: 10572 us
vz_norm: 3.26531e-08vp_norm: 3.80386e-09
backtrackingCount 0
pk 0.970701
       1
       1
0.960614
       1
       1
0.992049
0.998057
       1
0.954596
0.999456
       1
0.943181
0.998947
       1
0.979477
0.997669
       1
0.952062
 1.00098
       1
0.937962
 1.00071
       1
0.913399
0.997139
 0.95915
0.871724
 1.00609
0.790353
0.881669
  1.0058
0.807661
0.775832
0.997932
       1
backtracking time: 2038 us
backtracking count: 1
zk  -0.00230952
 0.000619673
 -0.00257479
-0.000988993
 -0.00314791
-0.000860574
 -0.00119551
 0.000326119
 -0.00130088
-0.000271634
-0.000559356
-0.000164477
 1.27454e-13
           0
           0
-6.12642e-14
           0
           0
  0.00064734
           0
           0
 5.33451e-05
           0
-2.59365e-05
           0
 0.000792012
           0
           0
 1.48683e-05
 1.36223e-05
           0
           0
 2.83999e-05
           0
           0
 2.70446e-06
           0
           0
 5.08365e-09
-7.77122e-10
 1.58611e-08
-8.82598e-09
 1.03718e-05
           0
           0
 2.14244e-05
           0
           0
 4.85388e-07
           0
           0
           0
           0
           0
           0
-2.09066e-05
  -0.0451729
   -0.146496
 -0.00897986
           0
           0
pk 0.970701
       1
       1
0.960614
       1
       1
0.992049
0.998057
       1
0.954596
0.999456
       1
0.943181
0.998947
       1
0.979477
0.997669
       1
0.952062
 1.00098
       1
0.937962
 1.00071
       1
0.913399
0.997139
 0.95915
0.871724
 1.00609
0.790353
0.881669
  1.0058
0.807661
0.775832
0.997932
       1
count 179
(curr.pk-pk_prev).cwiseAbs().sum() 0.00974289
(curr.pk-p0).cwiseAbs().sum() 1.33395
stable?: 1 converged?: 1 G: 3.2074e-08
tp: 4
Elapsed Time d2w: 119766 us
Elapsed Time dG: 7744 us
vz_norm: 3.25657e-09vp_norm: 1.90156e-09
backtrackingCount 0
pk 0.967789
       1
       1
0.957723
       1
       1
0.989681
0.997465
       1
0.950028
0.999394
       1
0.938621
0.998886
       1
0.975241
0.996938
       1
0.942395
 1.00093
       1
0.928155
 1.00066
       1
0.911416
0.997134
0.952043
0.781449
 1.00535
0.656198
0.795079
 1.00509
0.679019
0.744587
0.997915
       1
backtrackingCount 1
pk 0.970519
       1
       1
0.960434
       1
       1
0.991901
 0.99802
       1
0.954311
0.999452
       1
0.942896
0.998943
       1
0.979212
0.997623
       1
0.951457
 1.00097
       1
0.937349
 1.00071
       1
0.913275
0.997139
0.958706
0.866082
 1.00604
0.781968
0.876257
 1.00576
0.799621
0.773879
0.997931
       1
backtracking time: 43448 us
backtracking count: 2
zk  -0.00263308
 0.000922364
 -0.00255467
 -0.00232914
 -0.00317849
 -0.00208863
 -0.00136561
 0.000483289
 -0.00129072
-0.000480926
-0.000779117
-0.000921931
 1.26459e-13
           0
           0
-6.07856e-14
           0
           0
 0.000642283
           0
           0
 5.29283e-05
           0
-2.57338e-05
           0
 0.000785824
           0
           0
 1.47522e-05
 1.35159e-05
           0
           0
  2.8178e-05
           0
           0
 2.68333e-06
           0
           0
 5.04394e-09
-7.71051e-10
 1.57372e-08
-8.75703e-09
 1.02908e-05
           0
           0
 2.12571e-05
           0
           0
 4.81596e-07
           0
           0
           0
           0
           0
           0
-6.83593e-06
  -0.0684345
   -0.169635
  -0.0545345
           0
           0
pk 0.970519
       1
       1
0.960434
       1
       1
0.991901
 0.99802
       1
0.954311
0.999452
       1
0.942896
0.998943
       1
0.979212
0.997623
       1
0.951457
 1.00097
       1
0.937349
 1.00071
       1
0.913275
0.997139
0.958706
0.866082
 1.00604
0.781968
0.876257
 1.00576
0.799621
0.773879
0.997931
       1
count 180
(curr.pk-pk_prev).cwiseAbs().sum() 0.032751
(curr.pk-p0).cwiseAbs().sum() 1.36651
stable?: 1 converged?: 1 G: 3.20524e-08
tp: 4
Elapsed Time d2w: 129131 us
Elapsed Time dG: 7802 us
vz_norm: 3.18991e-09vp_norm: 1.88892e-09
backtrackingCount 0
pk 0.967518
       1
       1
0.957453
       1
       1
0.989469
0.997412
       1
0.949601
0.999389
       1
0.938196
 0.99888
       1
 0.97486
0.996873
       1
0.941508
 1.00092
       1
0.927256
 1.00066
       1
0.911221
0.997133
0.950995
0.772331
 1.00528
0.643177
0.786232
 1.00502
0.666433
0.741248
0.997913
       1
backtrackingCount 1
pk 0.970331
       1
       1
0.960247
       1
       1
0.991749
0.997982
       1
0.954016
0.999448
       1
0.942602
0.998939
       1
 0.97894
0.997576
       1
0.950836
 1.00097
       1
0.936718
 1.00071
       1
0.913147
0.997139
0.958224
0.860222
 1.00599
0.773294
0.870631
 1.00571
0.791296
0.771839
 0.99793
       1
backtracking time: 39440 us
backtracking count: 2
zk  -0.00296455
  0.00123012
 -0.00253472
 -0.00371056
 -0.00325622
 -0.00332364
 -0.00153989
 0.000643058
 -0.00128064
-0.000693548
 -0.00100575
 -0.00169132
 1.25471e-13
           0
           0
-6.03107e-14
           0
           0
 0.000637265
           0
           0
 5.25148e-05
           0
-2.55328e-05
           0
 0.000779685
           0
           0
 1.46369e-05
 1.34103e-05
           0
           0
 2.79579e-05
           0
           0
 2.66237e-06
           0
           0
 5.00453e-09
-7.65027e-10
 1.56143e-08
-8.68861e-09
 1.02104e-05
           0
           0
  2.1091e-05
           0
           0
 4.77834e-07
           0
           0
           0
           0
           0
           0
  7.5982e-06
  -0.0920677
   -0.193521
   -0.100806
           0
           0
pk 0.970331
       1
       1
0.960247
       1
       1
0.991749
0.997982
       1
0.954016
0.999448
       1
0.942602
0.998939
       1
 0.97894
0.997576
       1
0.950836
 1.00097
       1
0.936718
 1.00071
       1
0.913147
0.997139
0.958224
0.860222
 1.00599
0.773294
0.870631
 1.00571
0.791296
0.771839
 0.99793
       1
count 181
(curr.pk-pk_prev).cwiseAbs().sum() 0.0339668
(curr.pk-p0).cwiseAbs().sum() 1.40027
stable?: 1 converged?: 1 G: 3.20302e-08
tp: 4
Elapsed Time d2w: 114288 us
Elapsed Time dG: 7865 us
vz_norm: 3.124e-09vp_norm: 1.87647e-09
backtrackingCount 0
pk 0.967238
       1
       1
0.957176
       1
       1
0.989251
0.997358
       1
0.949163
0.999384
       1
0.937759
0.998875
       1
0.974467
0.996805
       1
0.940596
 1.00092
       1
0.926333
 1.00065
       1
0.911019
0.997133
0.949863
 0.76284
 1.00521
0.629666
0.777008
 1.00495
0.653359
0.737737
0.997911
       1
backtrackingCount 1
pk 0.970138
       1
       1
0.960055
       1
       1
0.991593
0.997943
       1
0.953713
0.999444
       1
  0.9423
0.998935
       1
0.978661
0.997528
       1
0.950196
 1.00097
       1
0.936069
  1.0007
       1
0.913014
0.997138
0.957702
0.854136
 1.00594
0.764317
0.864779
 1.00566
0.782675
0.769708
0.997929
       1
backtracking time: 41416 us
backtracking count: 2
zk  -0.00330445
  0.00154322
 -0.00251491
 -0.00513914
 -0.00338599
 -0.00456555
 -0.00171867
 0.000805633
 -0.00127063
-0.000909634
 -0.00123962
 -0.00247304
 1.24491e-13
           0
           0
-5.98395e-14
           0
           0
 0.000632286
           0
           0
 5.21046e-05
           0
-2.53333e-05
           0
 0.000773594
           0
           0
 1.45226e-05
 1.33055e-05
           0
           0
 2.77395e-05
           0
           0
 2.64157e-06
           0
           0
 4.96543e-09
 -7.5905e-10
 1.54923e-08
-8.62073e-09
 1.01306e-05
           0
           0
 2.09262e-05
           0
           0
 4.74101e-07
           0
           0
           0
           0
           0
           0
 2.24094e-05
   -0.116087
   -0.218195
   -0.147817
           0
           0
pk 0.970138
       1
       1
0.960055
       1
       1
0.991593
0.997943
       1
0.953713
0.999444
       1
  0.9423
0.998935
       1
0.978661
0.997528
       1
0.950196
 1.00097
       1
0.936069
  1.0007
       1
0.913014
0.997138
0.957702
0.854136
 1.00594
0.764317
0.864779
 1.00566
0.782675
0.769708
0.997929
       1
count 182
(curr.pk-pk_prev).cwiseAbs().sum() 0.0352385
(curr.pk-p0).cwiseAbs().sum() 1.43531
stable?: 1 converged?: 1 G: 3.20074e-08
tp: 4
Elapsed Time d2w: 127396 us
Elapsed Time dG: 9299 us
vz_norm: 1.25602e-08vp_norm: 3.08673e-09
backtrackingCount 0
pk 0.969808
       1
       1
 0.95975
       1
       1
0.991202
0.997844
       1
0.953201
0.999437
       1
0.941821
0.998929
       1
 0.97797
0.997406
       1
0.949259
 1.00096
       1
0.934991
  1.0007
       1
0.912749
0.997137
0.958142
0.855003
 1.00591
0.757085
 0.84495
 1.00559
0.770231
0.775508
0.997929
       1
backtracking time: 40859 us
backtracking count: 1
zk  -0.00762789
 -0.00314149
    0.005784
 -0.00373106
 -0.00878678
 0.000781756
 -0.00395164
 -0.00163834
  0.00292129
 2.28022e-05
 -0.00231137
-0.000956798
 3.47618e-13
           0
           0
  1.8409e-13
           0
           0
 -0.00145517
           0
           0
 0.000145641
           0
 7.80937e-05
           0
 -0.00178323
           0
           0
-7.05138e-05
 -4.1195e-05
           0
           0
  7.7752e-05
           0
           0
 -1.2834e-05
           0
           0
-1.08648e-08
-2.47191e-09
 2.91306e-08
-5.69198e-09
-3.24836e-05
           0
           0
 5.96469e-05
           0
           0
 -2.3252e-06
           0
           0
           0
           0
           0
           0
 0.000168656
   0.0186479
    -0.35257
  -0.0654306
           0
           0
pk 0.969808
       1
       1
 0.95975
       1
       1
0.991202
0.997844
       1
0.953201
0.999437
       1
0.941821
0.998929
       1
 0.97797
0.997406
       1
0.949259
 1.00096
       1
0.934991
  1.0007
       1
0.912749
0.997137
0.958142
0.855003
 1.00591
0.757085
 0.84495
 1.00559
0.770231
0.775508
0.997929
       1
count 183
(curr.pk-pk_prev).cwiseAbs().sum() 0.0519592
(curr.pk-p0).cwiseAbs().sum() 1.4728
stable?: 1 converged?: 1 G: 3.19654e-08
tp: 4
Elapsed Time d2w: 122306 us
Elapsed Time dG: 7525 us
vz_norm: 3.08562e-09vp_norm: 1.88795e-09
backtrackingCount 0
pk 0.966741
       1
       1
0.956625
       1
       1
0.988626
  0.9972
       1
0.948387
0.999373
       1
0.936892
0.998863
       1
0.973354
 0.99661
       1
0.938791
 1.00091
       1
0.924646
 1.00065
       1
0.910429
0.997131
0.947383
0.752726
 1.00509
 0.60696
 0.75016
 1.00481
0.629667
0.737653
0.997908
       1
backtrackingCount 1
pk 0.969617
       1
       1
0.959555
       1
       1
0.991041
0.997804
       1
  0.9529
0.999433
       1
0.941513
0.998924
       1
0.977681
0.997356
       1
0.948605
 1.00096
       1
0.934345
 1.00069
       1
0.912604
0.997137
 0.95747
 0.84861
 1.00585
0.747703
0.839026
 1.00554
0.761446
0.773142
0.997927
       1
backtracking time: 42128 us
backtracking count: 2
zk  -0.00798253
 -0.00349643
  0.00573881
 -0.00177034
 -0.00921164
-0.000529641
  -0.0041386
 -0.00182307
  0.00289847
 0.000256409
 -0.00253971
 -0.00175451
 3.44902e-13
           0
           0
 1.82652e-13
           0
           0
  -0.0014438
           0
           0
 0.000144503
           0
 7.74836e-05
           0
  -0.0017693
           0
           0
-6.99629e-05
-4.08731e-05
           0
           0
 7.71445e-05
           0
           0
-1.27338e-05
           0
           0
-1.07799e-08
 -2.4526e-09
  2.8903e-08
-5.64751e-09
-3.22298e-05
           0
           0
 5.91809e-05
           0
           0
-2.30703e-06
           0
           0
           0
           0
           0
           0
 0.000182435
   0.0445903
   -0.376487
   -0.113324
           0
           0
pk 0.969617
       1
       1
0.959555
       1
       1
0.991041
0.997804
       1
  0.9529
0.999433
       1
0.941513
0.998924
       1
0.977681
0.997356
       1
0.948605
 1.00096
       1
0.934345
 1.00069
       1
0.912604
0.997137
 0.95747
 0.84861
 1.00585
0.747703
0.839026
 1.00554
0.761446
0.773142
0.997927
       1
count 184
(curr.pk-pk_prev).cwiseAbs().sum() 0.0366202
(curr.pk-p0).cwiseAbs().sum() 1.50921
stable?: 1 converged?: 1 G: 3.19425e-08
tp: 4
Elapsed Time d2w: 121757 us
Elapsed Time dG: 8812 us
vz_norm: 3.02206e-09vp_norm: 1.8759e-09
backtrackingCount 0
pk 0.966452
       1
       1
0.956332
       1
       1
0.988396
0.997142
       1
0.947933
0.999368
       1
 0.93643
0.998858
       1
0.972939
0.996538
       1
0.937827
 1.00091
       1
0.923695
 1.00064
       1
0.910201
 0.99713
0.945856
0.742377
 1.00501
0.592379
0.740479
 1.00474
0.615913
0.733518
0.997906
       1
backtrackingCount 1
pk 0.969419
       1
       1
0.959354
       1
       1
0.990876
0.997762
       1
 0.95259
0.999429
       1
0.941195
 0.99892
       1
0.977385
0.997305
       1
0.947931
 1.00096
       1
0.933679
 1.00069
       1
0.912454
0.997137
0.956744
0.841971
  1.0058
0.737995
0.832866
 1.00549
 0.75235
0.770665
0.997926
       1
backtracking time: 41947 us
backtracking count: 2
zk  -0.00835318
 -0.00385326
  0.00569398
 0.000273142
 -0.00979178
 -0.00184436
 -0.00433404
 -0.00200881
  0.00287583
 0.000496953
 -0.00277277
 -0.00256474
 3.42207e-13
           0
           0
 1.81225e-13
           0
           0
 -0.00143252
           0
           0
 0.000143374
           0
 7.68783e-05
           0
 -0.00175547
           0
           0
-6.94164e-05
-4.05538e-05
           0
           0
 7.65419e-05
           0
           0
-1.26343e-05
           0
           0
-1.06957e-08
-2.43344e-09
 2.86772e-08
-5.60339e-09
-3.19781e-05
           0
           0
 5.87186e-05
           0
           0
-2.28901e-06
           0
           0
           0
           0
           0
           0
 0.000196604
   0.0713063
   -0.400915
   -0.161968
           0
           0
pk 0.969419
       1
       1
0.959354
       1
       1
0.990876
0.997762
       1
 0.95259
0.999429
       1
0.941195
 0.99892
       1
0.977385
0.997305
       1
0.947931
 1.00096
       1
0.933679
 1.00069
       1
0.912454
0.997137
0.956744
0.841971
  1.0058
0.737995
0.832866
 1.00549
 0.75235
0.770665
0.997926
       1
count 185
(curr.pk-pk_prev).cwiseAbs().sum() 0.0379951
(curr.pk-p0).cwiseAbs().sum() 1.54699
stable?: 1 converged?: 1 G: 3.1919e-08
tp: 201
Elapsed Time d2w: 5794174 us
Elapsed Time dG: 7634 us
vz_norm: 5.12843e-07vp_norm: 1.36917e-07
zk   0.00587989
 -0.00710402
 -0.00589158
   0.0119554
  -0.0225634
  -0.0141926
  0.00324973
 -0.00418538
 -0.00369271
 0.000181164
  -0.0007678
 -0.00497256
-5.36315e-13
           0
           0
-5.20901e-14
           0
           0
  0.00143206
           0
           0
-0.000224507
           0
-2.20527e-05
           0
   0.0016122
           0
           0
 0.000246226
  2.6321e-05
           0
           0
-0.000134449
           0
           0
 4.41451e-05
           0
           0
-5.96789e-11
 5.84899e-11
 1.47329e-10
-7.07726e-11
 1.65002e-05
           0
           0
-7.23152e-06
           0
           0
  7.8541e-06
           0
           0
           0
           0
           0
           0
-0.000118705
   0.0203313
  -0.0829784
   -0.299564
           0
           0
pk 0.969327
       1
       1
0.959363
       1
       1
 0.99058
0.997723
       1
0.953099
0.999428
       1
0.941323
 0.99892
       1
0.975838
0.997195
       1
0.949001
 1.00098
       1
0.940313
 1.00091
       1
0.901519
0.996994
0.951631
0.843291
 1.00581
0.738598
0.855251
 1.00722
 0.74866
0.740402
0.997509
       1
count 186
(curr.pk-pk_prev).cwiseAbs().sum() 0.0872754
(curr.pk-p0).cwiseAbs().sum() 1.56895
stable?: 1 converged?: 1 G: 3.19942e-08
tp: 4
Elapsed Time d2w: 119757 us
Elapsed Time dG: 7494 us
vz_norm: 1.74303e-07vp_norm: 2.38726e-08
zk   0.00205991
-0.000594658
  0.00073768
  0.00172842
  0.00242224
 -0.00200243
  0.00106763
-0.000311618
 0.000375891
 8.06976e-05
 0.000472506
-0.000487955
-1.05023e-13
           0
           0
 2.18061e-14
           0
           0
-0.000185493
           0
           0
-4.40465e-05
           0
   9.254e-06
           0
-0.000227213
           0
           0
 3.48991e-05
-4.87166e-06
           0
           0
 -2.3425e-05
           0
           0
 6.42957e-06
           0
           0
-3.46409e-09
 2.86944e-09
 -1.0525e-08
   4.531e-09
-3.81958e-06
           0
           0
-1.82685e-05
           0
           0
 1.20857e-06
           0
           0
           0
           0
           0
           0
 1.38856e-05
   0.0368638
    0.102715
  -0.0287258
           0
           0
pk 0.969278
       1
       1
0.959318
       1
       1
0.990504
0.997703
       1
0.953025
0.999427
       1
0.941253
0.998919
       1
  0.9757
0.997171
       1
0.948868
 1.00098
       1
0.940233
  1.0009
       1
0.901412
0.996994
0.950454
0.843137
  1.0058
 0.73813
0.857333
 1.00723
0.751276
0.733633
0.997507
       1
count 187
(curr.pk-pk_prev).cwiseAbs().sum() 0.014101
(curr.pk-p0).cwiseAbs().sum() 1.57364
stable?: 1 converged?: 1 G: 3.20029e-08
tp: 9
Elapsed Time d2w: 269735 us
Elapsed Time dG: 8650 us
vz_norm: 8.07654e-08vp_norm: 1.06065e-08
zk   0.00159033
  0.00146154
  -0.0179386
 -0.00506097
  0.00208802
   -0.010287
 0.000818483
 0.000759843
 -0.00912161
 -0.00033775
 0.000337374
 -0.00257529
-7.98637e-14
           0
           0
-7.81022e-14
           0
           0
  0.00451242
           0
           0
-3.35029e-05
           0
-3.31569e-05
           0
  0.00553241
           0
           0
 0.000180047
 1.75212e-05
           0
           0
-1.78561e-05
           0
           0
 3.31633e-05
           0
           0
  1.6293e-08
-1.03053e-08
-1.65894e-08
 1.04943e-08
 1.39659e-05
           0
           0
-1.40167e-05
           0
           0
 6.28901e-06
           0
           0
           0
           0
           0
           0
-0.000270484
   -0.150748
    0.147939
   -0.155054
           0
           0
pk 0.968994
       1
       1
0.959035
       1
       1
0.990452
0.997689
       1
 0.95257
0.999421
       1
0.940799
0.998913
       1
 0.97565
0.997153
       1
0.947865
 1.00098
       1
0.939198
  1.0009
       1
0.901308
0.996994
0.949772
0.845292
 1.00572
0.733998
0.855407
 1.00713
0.735434
0.729895
0.997504
       1
count 188
(curr.pk-pk_prev).cwiseAbs().sum() 0.0324354
(curr.pk-p0).cwiseAbs().sum() 1.60138
stable?: 1 converged?: 1 G: 3.20136e-08
tp: 4
Elapsed Time d2w: 121843 us
Elapsed Time dG: 7821 us
vz_norm: 3.06877e-09vp_norm: 1.88726e-09
backtrackingCount 0
pk 0.965759
       1
       1
0.955848
       1
       1
0.987858
0.997041
       1
0.947541
0.999356
       1
0.935815
0.998848
       1
0.970996
 0.99635
       1
0.937307
 1.00092
       1
 0.92848
 1.00084
       1
0.899227
0.996988
0.941639
 0.74347
  1.0049
0.584106
0.756342
 1.00633
0.590166
0.694662
0.997485
       1
backtrackingCount 1
pk 0.968792
       1
       1
0.958836
       1
       1
 0.99029
0.997649
       1
0.952256
0.999417
       1
0.940487
0.998909
       1
0.975359
0.997103
       1
0.947205
 1.00097
       1
0.938528
  1.0009
       1
0.901178
0.996993
0.949264
0.838929
 1.00567
 0.72463
0.849216
 1.00708
0.726355
0.727693
0.997503
       1
backtracking time: 46809 us
backtracking count: 2
zk   0.00195769
  0.00179622
  -0.0177984
  -0.0064842
  0.00237047
  -0.0114821
  0.00101188
 0.000934031
 -0.00905035
-0.000573355
 0.000577144
 -0.00337285
-7.92398e-14
           0
           0
-7.74921e-14
           0
           0
  0.00447717
           0
           0
-3.32412e-05
           0
-3.28979e-05
           0
  0.00548918
           0
           0
  0.00017864
 1.73843e-05
           0
           0
-1.77166e-05
           0
           0
 3.29042e-05
           0
           0
 1.61658e-08
-1.02248e-08
-1.64598e-08
 1.04123e-08
 1.38568e-05
           0
           0
-1.39072e-05
           0
           0
 6.23988e-06
           0
           0
           0
           0
           0
           0
-0.000252858
   -0.176185
    0.173033
   -0.203011
           0
           0
pk 0.968792
       1
       1
0.958836
       1
       1
 0.99029
0.997649
       1
0.952256
0.999417
       1
0.940487
0.998909
       1
0.975359
0.997103
       1
0.947205
 1.00097
       1
0.938528
  1.0009
       1
0.901178
0.996993
0.949264
0.838929
 1.00567
 0.72463
0.849216
 1.00708
0.726355
0.727693
0.997503
       1
count 189
(curr.pk-pk_prev).cwiseAbs().sum() 0.0368617
(curr.pk-p0).cwiseAbs().sum() 1.63802
stable?: 1 converged?: 1 G: 3.19903e-08
tp: 4
Elapsed Time d2w: 121183 us
Elapsed Time dG: 7835 us
vz_norm: 3.00401e-09vp_norm: 1.87513e-09
backtrackingCount 0
pk 0.965455
       1
       1
 0.95555
       1
       1
0.987623
0.996982
       1
0.947069
 0.99935
       1
0.935349
0.998843
       1
0.970574
0.996277
       1
0.936335
 1.00092
       1
0.927494
 1.00084
       1
 0.89902
0.996987
0.940413
0.733029
 1.00482
0.569356
0.746174
 1.00625
0.575836
0.690794
0.997483
       1
backtrackingCount 1
pk 0.968583
       1
       1
0.958631
       1
       1
0.990123
0.997607
       1
0.951932
0.999413
       1
0.940166
0.998905
       1
 0.97506
0.997051
       1
0.946526
 1.00097
       1
0.937839
 1.00089
       1
0.901043
0.996993
 0.94871
 0.83231
 1.00561
0.714925
0.842775
 1.00703
0.716948
0.725387
0.997502
       1
backtracking time: 39070 us
backtracking count: 2
zk   0.00234007
  0.00213355
  -0.0176594
 -0.00790162
  0.00276854
   -0.012682
  0.00121323
  0.00110961
 -0.00897964
-0.000816053
 0.000821585
 -0.00418393
-7.86207e-14
           0
           0
-7.68866e-14
           0
           0
  0.00444219
           0
           0
-3.29815e-05
           0
-3.26409e-05
           0
   0.0054463
           0
           0
 0.000177244
 1.72485e-05
           0
           0
-1.75781e-05
           0
           0
 3.26471e-05
           0
           0
 1.60395e-08
-1.01449e-08
-1.63312e-08
 1.03309e-08
 1.37486e-05
           0
           0
-1.37985e-05
           0
           0
 6.19113e-06
           0
           0
           0
           0
           0
           0
-0.000234818
   -0.202424
    0.198633
   -0.251779
           0
           0
pk 0.968583
       1
       1
0.958631
       1
       1
0.990123
0.997607
       1
0.951932
0.999413
       1
0.940166
0.998905
       1
 0.97506
0.997051
       1
0.946526
 1.00097
       1
0.937839
 1.00089
       1
0.901043
0.996993
 0.94871
 0.83231
 1.00561
0.714925
0.842775
 1.00703
0.716948
0.725387
0.997502
       1
count 190
(curr.pk-pk_prev).cwiseAbs().sum() 0.0382739
(curr.pk-p0).cwiseAbs().sum() 1.67607
stable?: 1 converged?: 1 G: 3.19663e-08
tp: 311
Elapsed Time d2w: 9242425 us
Elapsed Time dG: 8836 us
vz_norm: 1.67542e-07vp_norm: 4.2061e-08
zk  -0.00582088
 -0.00150506
  -0.0147705
   0.0150417
 -0.00556366
 -0.00953927
  -0.0027863
 -0.00142002
 -0.00905893
  0.00113485
   0.0016868
 -0.00321229
 3.33283e-13
           0
           0
 3.03858e-13
           0
           0
  0.00360831
           0
           0
 0.000139622
           0
 0.000128899
           0
  0.00412642
           0
           0
 0.000166142
-4.86523e-05
           0
           0
 7.22897e-05
           0
           0
 2.98599e-05
           0
           0
 4.22232e-11
-4.87839e-12
-4.23427e-11
 4.89219e-12
-3.99466e-05
           0
           0
 1.35893e-05
           0
           0
 3.41411e-06
           0
           0
           0
           0
           0
           0
-0.000289522
    0.126657
    0.183744
   -0.193508
           0
           0
pk 0.968388
       1
       1
0.958628
       1
       1
0.989498
0.997513
       1
0.951589
 0.99941
       1
0.940529
0.998904
       1
0.973456
0.996839
       1
 0.94749
  1.0009
       1
0.939342
 1.00097
       1
0.889232
0.996694
0.944577
0.837195
 1.00508
0.715546
0.856527
 1.00793
0.718137
0.694993
0.997214
       1
count 191
(curr.pk-pk_prev).cwiseAbs().sum() 0.0748669
(curr.pk-p0).cwiseAbs().sum() 1.70318
stable?: 1 converged?: 1 G: 3.2031e-08
tp: 4
Elapsed Time d2w: 122106 us
Elapsed Time dG: 8053 us
vz_norm: 4.99803e-08vp_norm: 8.86161e-09
zk  -0.00694355
 -0.00478933
  -0.0103874
  0.00106539
 -0.00781349
 -0.00540581
 -0.00360188
 -0.00251181
 -0.00526461
  0.00128493
 -0.00141013
 -0.00143297
 3.10726e-13
           0
           0
 3.02809e-13
           0
           0
  0.00261675
           0
           0
 0.000130527
           0
 0.000128632
           0
   0.0032201
           0
           0
 9.58898e-05
-6.79538e-05
           0
           0
 6.95218e-05
           0
           0
 1.79072e-05
           0
           0
-2.58059e-08
 6.64056e-09
 2.58993e-08
 -6.6646e-09
-5.41118e-05
           0
           0
 5.42655e-05
           0
           0
 3.58639e-06
           0
           0
           0
           0
           0
           0
-0.000134318
     0.24035
   -0.244858
  -0.0822866
           0
           0
pk 0.967904
       1
       1
0.958151
       1
       1
0.988563
0.997294
       1
0.950841
  0.9994
       1
0.939784
0.998894
       1
0.971814
0.996567
       1
0.945991
  1.0009
       1
0.938018
 1.00096
       1
0.888621
0.996692
0.941876
0.823972
 1.00502
0.704522
0.868624
 1.00796
0.726908
0.674636
0.997209
       1
count 192
(curr.pk-pk_prev).cwiseAbs().sum() 0.0772575
(curr.pk-p0).cwiseAbs().sum() 1.73856
stable?: 1 converged?: 1 G: 3.20421e-08
tp: 4
Elapsed Time d2w: 124146 us
Elapsed Time dG: 8539 us
vz_norm: 1.26085e-07vp_norm: 2.71357e-08
zk  -0.00285237
  0.00263318
 -0.00271604
 -0.00541403
  -0.0035041
  0.00143773
 -0.00147799
  0.00137838
 -0.00137852
-0.000587457
-0.000647084
 0.000308863
 1.46237e-13
           0
           0
-1.38296e-13
           0
           0
 0.000684657
           0
           0
 6.14778e-05
           0
 -5.8794e-05
           0
 0.000843752
           0
           0
-2.43826e-05
 3.11118e-05
           0
           0
 3.27938e-05
           0
           0
-4.55627e-06
           0
           0
 1.10013e-08
-2.06093e-09
 1.13509e-08
-2.12641e-09
  2.5179e-05
           0
           0
 2.52528e-05
           0
           0
-9.39982e-07
           0
           0
           0
           0
           0
           0
-4.05859e-05
   -0.103268
   -0.107546
   0.0180476
           0
           0
pk  0.96785
       1
       1
0.958116
       1
       1
0.988483
0.997276
       1
 0.95076
0.999399
       1
0.939728
0.998893
       1
0.971666
0.996545
       1
0.945927
  1.0009
       1
0.937807
 1.00096
       1
0.888589
0.996692
0.941951
0.832851
 1.00504
0.710127
0.858867
 1.00793
0.720229
0.675057
0.997209
       1
count 193
(curr.pk-pk_prev).cwiseAbs().sum() 0.0322765
(curr.pk-p0).cwiseAbs().sum() 1.74081
stable?: 1 converged?: 1 G: 3.20418e-08
tp: 4
Elapsed Time d2w: 128623 us
Elapsed Time dG: 7522 us
vz_norm: 1.25198e-07vp_norm: 1.15077e-08
zk  -0.00253946
 -0.00205125
-0.000624074
  0.00294234
 -0.00296293
 -0.00032999
 -0.00131851
  -0.0010763
  -0.0003163
 0.000500315
-0.000536969
-5.32196e-05
 1.21302e-13
           0
           0
 1.17286e-13
           0
           0
 0.000157361
           0
           0
 5.09981e-05
           0
 4.98633e-05
           0
 0.000194059
           0
           0
 5.60939e-06
-2.63779e-05
           0
           0
 2.71996e-05
           0
           0
 1.04841e-06
           0
           0
-1.15761e-08
 4.70898e-09
 1.17408e-08
-4.77597e-09
 -2.1086e-05
           0
           0
 2.11466e-05
           0
           0
 2.16196e-07
           0
           0
           0
           0
           0
           0
-3.16205e-06
    0.109735
   -0.110846
 -0.00276677
           0
           0
pk 0.967736
       1
       1
0.958013
       1
       1
0.988452
0.997269
       1
0.950584
0.999397
       1
0.939567
0.998891
       1
0.971609
0.996536
       1
 0.94566
  1.0009
       1
0.937442
 1.00096
       1
0.888569
0.996692
0.941894
0.835464
 1.00505
0.713319
 0.85502
 1.00791
 0.71589
0.674746
0.997209
       1
count 194
(curr.pk-pk_prev).cwiseAbs().sum() 0.0157065
(curr.pk-p0).cwiseAbs().sum() 1.74486
stable?: 1 converged?: 1 G: 3.20404e-08
tp: 4
Elapsed Time d2w: 117092 us
Elapsed Time dG: 8291 us
vz_norm: 5.58492e-08vp_norm: 5.82422e-09
zk  -0.00389642
  0.00569815
 -0.00473071
 -0.00673837
 -0.00628927
  0.00242602
 -0.00201864
  0.00298211
 -0.00239878
 -0.00102635
 -0.00113217
 0.000539082
 2.51059e-13
           0
           0
-2.44626e-13
           0
           0
   0.0011928
           0
           0
 0.000105569
           0
-0.000104018
           0
  0.00147084
           0
           0
-4.24995e-05
 5.50341e-05
           0
           0
 5.63191e-05
           0
           0
-7.94308e-06
           0
           0
 2.59357e-08
 -1.2105e-08
 2.60292e-08
-1.21487e-08
 4.38302e-05
           0
           0
 4.39547e-05
           0
           0
-1.63864e-06
           0
           0
           0
           0
           0
           0
-3.70472e-05
   -0.243698
   -0.247717
   0.0297056
           0
           0
pk 0.967114
       1
       1
 0.95742
       1
       1
0.988369
0.997248
       1
 0.94962
0.999384
       1
0.938642
0.998878
       1
0.971441
 0.99651
       1
0.944012
 1.00089
       1
0.935542
 1.00095
       1
0.888515
0.996692
0.941801
0.839244
 1.00506
0.720075
0.844639
 1.00784
0.703609
0.674277
0.997209
       1
count 195
(curr.pk-pk_prev).cwiseAbs().sum() 0.0408828
(curr.pk-p0).cwiseAbs().sum() 1.7645
stable?: 1 converged?: 1 G: 3.20299e-08
tp: 4
Elapsed Time d2w: 123248 us
Elapsed Time dG: 9060 us
vz_norm: 2.31984e-08vp_norm: 5.70516e-09
backtrackingCount 0
pk 0.966741
       1
       1
0.957064
       1
       1
0.988208
 0.99721
       1
0.949043
0.999376
       1
0.938086
0.998871
       1
0.971137
0.996463
       1
0.943002
 1.00088
       1
0.934407
 1.00095
       1
0.888432
0.996692
0.941949
 0.84407
 1.00506
0.722195
0.835125
  1.0078
0.697111
0.675037
0.997208
       1
backtracking time: 39509 us
backtracking count: 1
zk  -0.00484132
    0.002365
 -0.00892398
-0.000762292
 -0.00814269
-0.000369497
 -0.00250542
  0.00124013
 -0.00452566
-0.000488134
 -0.00143537
-0.000119481
 3.24617e-13
           0
           0
 -1.1005e-13
           0
           0
  0.00225014
           0
           0
 0.000136546
           0
-4.67492e-05
           0
  0.00277479
           0
           0
 5.77311e-06
 2.46798e-05
           0
           0
 7.29063e-05
           0
           0
 1.07932e-06
           0
           0
 1.41772e-08
 -9.0565e-09
 3.10972e-08
-1.21304e-08
 1.96902e-05
           0
           0
 5.71732e-05
           0
           0
 2.23778e-07
           0
           0
           0
           0
           0
           0
-8.52601e-05
   -0.141783
   -0.289336
 -0.00698781
           0
           0
pk 0.966741
       1
       1
0.957064
       1
       1
0.988208
 0.99721
       1
0.949043
0.999376
       1
0.938086
0.998871
       1
0.971137
0.996463
       1
0.943002
 1.00088
       1
0.934407
 1.00095
       1
0.888432
0.996692
0.941949
 0.84407
 1.00506
0.722195
0.835125
  1.0078
0.697111
0.675037
0.997208
       1
count 196
(curr.pk-pk_prev).cwiseAbs().sum() 0.0285734
(curr.pk-p0).cwiseAbs().sum() 1.77727
stable?: 1 converged?: 1 G: 3.20224e-08
tp: 4
Elapsed Time d2w: 123767 us
Elapsed Time dG: 7307 us
vz_norm: 3.15852e-09vp_norm: 1.92304e-09
backtrackingCount 0
pk 0.963806
       1
       1
0.954099
       1
       1
0.985688
 0.99658
       1
0.944425
0.999314
       1
0.933398
0.998807
       1
0.966597
0.995678
       1
0.932965
 1.00083
       1
 0.92447
  1.0009
       1
0.886469
0.996686
0.933181
0.745275
 1.00427
  0.5761
0.740858
 1.00704
0.557567
0.638744
0.997189
       1
backtrackingCount 1
pk 0.966558
       1
       1
0.956879
       1
       1
 0.98805
0.997171
       1
0.948755
0.999372
       1
0.937793
0.998867
       1
0.970854
0.996414
       1
0.942375
 1.00088
       1
0.933786
 1.00094
       1
0.888309
0.996691
0.941401
0.837896
 1.00501
0.713064
0.829233
 1.00775
0.688389
0.672768
0.997207
       1
backtracking time: 42137 us
backtracking count: 2
zk  -0.00518795
  0.00272165
 -0.00885426
 -0.00248588
 -0.00834458
  0.00090409
 -0.00268861
  0.00142625
  -0.0044903
-0.000711876
 -0.00166524
-0.000911558
 3.22081e-13
           0
           0
 -1.0919e-13
           0
           0
  0.00223256
           0
           0
 0.000135479
           0
 -4.6384e-05
           0
  0.00275311
           0
           0
 5.72801e-06
  2.4487e-05
           0
           0
 7.23367e-05
           0
           0
 1.07089e-06
           0
           0
 1.40665e-08
-8.98575e-09
 3.08543e-08
-1.20356e-08
 1.95364e-05
           0
           0
 5.67265e-05
           0
           0
  2.2203e-07
           0
           0
           0
           0
           0
           0
-7.02121e-05
   -0.166078
   -0.313185
  -0.0547751
           0
           0
pk 0.966558
       1
       1
0.956879
       1
       1
 0.98805
0.997171
       1
0.948755
0.999372
       1
0.937793
0.998867
       1
0.970854
0.996414
       1
0.942375
 1.00088
       1
0.933786
 1.00094
       1
0.888309
0.996691
0.941401
0.837896
 1.00501
0.713064
0.829233
 1.00775
0.688389
0.672768
0.997207
       1
count 197
(curr.pk-pk_prev).cwiseAbs().sum() 0.0356999
(curr.pk-p0).cwiseAbs().sum() 1.81276
stable?: 1 converged?: 1 G: 3.20005e-08
tp: 4
Elapsed Time d2w: 116915 us
Elapsed Time dG: 7150 us
vz_norm: 3.14212e-09vp_norm: 1.9101e-09
backtrackingCount 0
pk 0.963643
       1
       1
0.953933
       1
       1
0.985542
0.996544
       1
0.944167
0.999311
       1
0.933134
0.998804
       1
0.966332
0.995633
       1
0.932398
 1.00083
       1
0.923917
 1.00089
       1
0.886341
0.996686
 0.93229
0.738486
 1.00422
0.566568
 0.73424
 1.00699
0.548322
0.636062
0.997187
       1
backtrackingCount 1
pk 0.966376
       1
       1
0.956695
       1
       1
0.987893
0.997131
       1
0.948468
0.999368
       1
0.937502
0.998863
       1
0.970571
0.996365
       1
0.941751
 1.00088
       1
0.933169
 1.00094
       1
0.888186
0.996691
0.940831
0.831683
 1.00496
0.703908
0.823296
 1.00771
0.679635
0.670474
0.997206
       1
backtracking time: 36870 us
backtracking count: 2
zk  -0.00553029
  0.00298625
 -0.00878509
 -0.00353964
 -0.00857502
-0.000348085
 -0.00286959
  0.00156443
 -0.00445522
-0.000929299
 -0.00189292
 -0.00171198
 3.19564e-13
           0
           0
-1.08337e-13
           0
           0
  0.00221512
           0
           0
 0.000134421
           0
-4.60216e-05
           0
  0.00273161
           0
           0
 5.68326e-06
 2.42957e-05
           0
           0
 7.17716e-05
           0
           0
 1.06252e-06
           0
           0
 1.39566e-08
-8.91555e-09
 3.06132e-08
-1.19416e-08
 1.93837e-05
           0
           0
 5.62833e-05
           0
           0
 2.20296e-07
           0
           0
           0
           0
           0
           0
-5.53729e-05
   -0.189706
   -0.336804
   -0.102904
           0
           0
pk 0.966376
       1
       1
0.956695
       1
       1
0.987893
0.997131
       1
0.948468
0.999368
       1
0.937502
0.998863
       1
0.970571
0.996365
       1
0.941751
 1.00088
       1
0.933169
 1.00094
       1
0.888186
0.996691
0.940831
0.831683
 1.00496
0.703908
0.823296
 1.00771
0.679635
0.670474
0.997206
       1
count 198
(curr.pk-pk_prev).cwiseAbs().sum() 0.0358726
(curr.pk-p0).cwiseAbs().sum() 1.84842
stable?: 1 converged?: 1 G: 3.19786e-08
tp: 28
Elapsed Time d2w: 816064 us
Elapsed Time dG: 7899 us
vz_norm: 1.61263e-07vp_norm: 3.03502e-08
zk  -0.00167232
-0.000525383
  -0.0261656
   0.0181986
 -0.00928767
  -0.0127848
-0.000900779
-0.000274853
  -0.0136843
 0.000378153
-0.000160162
 -0.00346542
 5.67686e-14
           0
           0
 3.05149e-14
           0
           0
  0.00657048
           0
           0
 2.39115e-05
           0
 1.30013e-05
           0
  0.00802123
           0
           0
 0.000224079
-6.89332e-06
           0
           0
 1.27329e-05
           0
           0
 4.17586e-05
           0
           0
-2.35656e-09
 1.93682e-09
 2.29329e-09
-1.88216e-09
-5.46473e-06
           0
           0
 1.00214e-05
           0
           0
 8.63761e-06
           0
           0
           0
           0
           0
           0
-0.000427495
   0.0627303
  -0.0368637
   -0.208672
           0
           0
pk 0.966255
       1
       1
0.956578
       1
       1
0.987267
0.996991
       1
0.948191
0.999366
       1
0.937238
 0.99886
       1
 0.97076
0.996188
       1
0.940915
 1.00087
       1
0.932155
 1.00093
       1
 0.88689
0.996687
0.938501
 0.83366
  1.0048
 0.70646
0.819371
 1.00742
0.675158
0.651095
0.997149
       1
count 199
(curr.pk-pk_prev).cwiseAbs().sum() 0.0402339
(curr.pk-p0).cwiseAbs().sum() 1.87828
stable?: 1 converged?: 1 G: 3.19896e-08
tp: 4
Elapsed Time d2w: 123105 us
Elapsed Time dG: 7984 us
vz_norm: 1.94769e-07vp_norm: 1.9353e-08
zk -2.42377e-05
  0.00205362
 0.000193202
  -0.0023314
-0.000109297
 -0.00182829
-1.37185e-05
  0.00107811
 0.000100698
-0.000454184
-3.63671e-05
-0.000468684
 5.67553e-15
           0
           0
-1.06837e-13
           0
           0
 -4.8568e-05
           0
           0
 2.39108e-06
           0
  -4.554e-05
           0
-5.93626e-05
           0
           0
 3.20358e-05
 2.42193e-05
           0
           0
 1.27326e-06
           0
           0
 5.99775e-06
           0
           0
 1.00892e-08
-3.88581e-09
 2.03724e-09
-2.47667e-09
  1.9338e-05
           0
           0
 1.00054e-06
           0
           0
 1.28195e-06
           0
           0
           0
           0
           0
           0
 3.61907e-06
  -0.0988547
  -0.0253629
  -0.0273497
           0
           0
pk 0.966238
       1
       1
0.956562
       1
       1
0.987241
0.996984
       1
0.948164
0.999366
       1
0.937212
 0.99886
       1
0.970713
0.996179
       1
0.940904
 1.00087
       1
0.932098
 1.00093
       1
0.886837
0.996687
0.937802
  0.8351
  1.0048
 0.70812
0.819284
 1.00742
0.674434
0.646463
0.997148
       1
count 200
(curr.pk-pk_prev).cwiseAbs().sum() 0.0095497
(curr.pk-p0).cwiseAbs().sum() 1.88163
stable?: 1 converged?: 1 G: 3.1996e-08
tp: 4
Elapsed Time d2w: 120751 us
Elapsed Time dG: 7871 us
vz_norm: 3.2931e-09vp_norm: 1.9707e-09
backtrackingCount 0
pk 0.963454
       1
       1
0.953736
       1
       1
0.984812
0.996377
       1
0.943781
0.999307
       1
0.932738
0.998799
       1
0.966343
0.995423
       1
0.931327
 1.00082
       1
0.922664
 1.00088
       1
0.885179
0.996682
0.932453
0.742947
 1.00405
0.570578
0.729027
 1.00668
0.540435
0.615593
 0.99713
       1
backtrackingCount 1
pk 0.966064
       1
       1
0.956385
       1
       1
0.987089
0.996946
       1
 0.94789
0.999362
       1
0.936932
0.998856
       1
 0.97044
0.996132
       1
0.940306
 1.00086
       1
0.931508
 1.00093
       1
0.886733
0.996687
0.937468
0.829341
 1.00476
0.699524
0.813643
 1.00737
0.666059
0.644533
0.997147
       1
backtracking time: 3934 us
backtracking count: 2
zk -0.000340192
  0.00234298
 0.000191692
 -0.00353862
-7.23121e-05
 -0.00300263
-0.000180338
  0.00122913
 9.99109e-05
-0.000665404
 -0.00026407
 -0.00123265
 5.63119e-15
           0
           0
-1.06002e-13
           0
           0
-4.81886e-05
           0
           0
  2.3724e-06
           0
-4.51842e-05
           0
-5.88988e-05
           0
           0
 3.17855e-05
 2.40301e-05
           0
           0
 1.26331e-06
           0
           0
 5.95089e-06
           0
           0
 1.00103e-08
-3.85545e-09
 2.02132e-09
-2.45732e-09
 1.91869e-05
           0
           0
 9.92718e-07
           0
           0
 1.27193e-06
           0
           0
           0
           0
           0
           0
 1.71075e-05
   -0.122079
  -0.0498721
  -0.0733011
           0
           0
pk 0.966064
       1
       1
0.956385
       1
       1
0.987089
0.996946
       1
 0.94789
0.999362
       1
0.936932
0.998856
       1
 0.97044
0.996132
       1
0.940306
 1.00086
       1
0.931508
 1.00093
       1
0.886733
0.996687
0.937468
0.829341
 1.00476
0.699524
0.813643
 1.00737
0.666059
0.644533
0.997147
       1
count 201
(curr.pk-pk_prev).cwiseAbs().sum() 0.0334497
(curr.pk-p0).cwiseAbs().sum() 1.91488
stable?: 1 converged?: 1 G: 3.19757e-08
tp: 9
Elapsed Time d2w: 260433 us
Elapsed Time dG: 7927 us
vz_norm: 9.86539e-08vp_norm: 1.39392e-08
zk   0.00257433
  0.00129466
  -0.0278188
  0.00258119
  0.00255053
  -0.0136436
  0.00135147
 0.000688076
  -0.0142336
-0.000464273
 0.000470755
 -0.00355573
-1.01188e-13
           0
           0
-1.01624e-13
           0
           0
  0.00701376
           0
           0
 -4.2662e-05
           0
-4.33249e-05
           0
  0.00863455
           0
           0
 0.000238726
 2.30087e-05
           0
           0
-2.28596e-05
           0
           0
  4.4672e-05
           0
           0
 6.45606e-09
-5.08459e-09
-6.18701e-09
 4.87606e-09
 1.82933e-05
           0
           0
-1.85654e-05
           0
           0
 9.63777e-06
           0
           0
           0
           0
           0
           0
-0.000435763
   -0.108108
    0.102789
   -0.214103
           0
           0
pk 0.965839
       1
       1
0.956142
       1
       1
0.986928
0.996905
       1
0.947528
0.999357
       1
 0.93654
0.998851
       1
0.970309
0.996081
       1
0.939346
 1.00086
       1
0.930714
 1.00092
       1
0.886412
0.996686
0.935336
0.824749
 1.00464
0.690321
0.811307
  1.0073
0.660077
0.630896
0.997135
       1
count 202
(curr.pk-pk_prev).cwiseAbs().sum() 0.0417834
(curr.pk-p0).cwiseAbs().sum() 1.95626
stable?: 1 converged?: 1 G: 3.19736e-08
tp: 4
Elapsed Time d2w: 122405 us
Elapsed Time dG: 8144 us
vz_norm: 3.07126e-09vp_norm: 1.92237e-09
backtrackingCount 0
pk 0.962689
       1
       1
0.952947
       1
       1
0.984279
0.996243
       1
0.942616
0.999294
       1
0.931532
0.998786
       1
0.965542
0.995256
       1
0.928688
 1.00081
       1
0.920191
 1.00087
       1
  0.8846
0.996681
0.928859
0.720042
  1.0038
0.536214
0.709374
 1.00648
0.510664
0.596055
0.997116
       1
backtrackingCount 1
pk 0.965642
       1
       1
0.955942
       1
       1
0.986763
0.996864
       1
0.947221
0.999353
       1
0.936227
0.998847
       1
0.970011
 0.99603
       1
0.938679
 1.00086
       1
0.930057
 1.00092
       1
0.886298
0.996686
0.934931
0.818204
 1.00459
 0.68069
0.804936
 1.00725
0.650739
0.628719
0.997134
       1
backtracking time: 42249 us
backtracking count: 2
zk   0.00292889
  0.00160932
  -0.0276015
  0.00134403
  0.00279488
  -0.0147652
  0.00153858
 0.000852273
  -0.0141224
-0.000705516
  0.00071096
 -0.00435695
-1.00398e-13
           0
           0
 -1.0083e-13
           0
           0
  0.00695897
           0
           0
-4.23287e-05
           0
-4.29864e-05
           0
  0.00856709
           0
           0
 0.000236861
  2.2829e-05
           0
           0
 -2.2681e-05
           0
           0
  4.4323e-05
           0
           0
 6.40562e-09
-5.04487e-09
-6.13868e-09
 4.83797e-09
 1.81503e-05
           0
           0
-1.84204e-05
           0
           0
 9.56247e-06
           0
           0
           0
           0
           0
           0
-0.000417047
   -0.134634
      0.1284
   -0.262283
           0
           0
pk 0.965642
       1
       1
0.955942
       1
       1
0.986763
0.996864
       1
0.947221
0.999353
       1
0.936227
0.998847
       1
0.970011
 0.99603
       1
0.938679
 1.00086
       1
0.930057
 1.00092
       1
0.886298
0.996686
0.934931
0.818204
 1.00459
 0.68069
0.804936
 1.00725
0.650739
0.628719
0.997134
       1
count 203
(curr.pk-pk_prev).cwiseAbs().sum() 0.0375975
(curr.pk-p0).cwiseAbs().sum() 1.99364
stable?: 1 converged?: 1 G: 3.19509e-08
tp: 212
Elapsed Time d2w: 6050735 us
Elapsed Time dG: 8893 us
vz_norm: 2.93133e-07vp_norm: 5.02119e-08
zk  -0.00370291
  -0.0025042
  -0.0112821
    0.012433
  0.00111503
 -0.00501884
 -0.00154965
 -0.00167771
 -0.00656698
 0.000949591
  0.00150511
 -0.00309507
 3.21785e-13
           0
           0
 2.89672e-13
           0
           0
  0.00278848
           0
           0
 0.000135321
           0
  0.00012336
           0
  0.00327085
           0
           0
 9.00162e-05
-8.16391e-05
           0
           0
 6.97097e-05
           0
           0
 1.66012e-05
           0
           0
-3.11303e-10
 3.05591e-10
 2.97605e-10
-2.92145e-10
-5.49825e-05
           0
           0
 2.96572e-05
           0
           0
 2.78985e-06
           0
           0
           0
           0
           0
           0
-0.000204739
    0.109386
    0.160463
   -0.186582
           0
           0
pk 0.965446
       1
       1
0.955964
       1
       1
0.986441
0.996803
       1
0.947142
0.999351
       1
0.936535
0.998846
       1
0.969719
0.995939
       1
0.940486
 1.00096
       1
0.931956
 1.00104
       1
0.881072
0.996607
0.932532
0.816848
 1.00387
0.681319
0.813017
 1.00804
0.651578
0.608472
0.996985
       1
count 204
(curr.pk-pk_prev).cwiseAbs().sum() 0.0458155
(curr.pk-p0).cwiseAbs().sum() 2.01085
stable?: 1 converged?: 1 G: 3.19778e-08
tp: 4
Elapsed Time d2w: 122593 us
Elapsed Time dG: 7651 us
vz_norm: 4.54727e-08vp_norm: 8.01202e-09
zk  -0.00777147
 -0.00540764
  -0.0121868
  0.00267937
 -0.00872182
 -0.00555713
 -0.00404407
  -0.0028441
 -0.00619578
  0.00147721
 -0.00158543
 -0.00147461
 3.44174e-13
           0
           0
 3.45037e-13
           0
           0
  0.00307734
           0
           0
 0.000145248
           0
 0.000147186
           0
  0.00380071
           0
           0
 9.82749e-05
-7.83426e-05
           0
           0
 7.79844e-05
           0
           0
 1.85208e-05
           0
           0
-2.91298e-08
 7.61297e-09
 2.78582e-08
-7.28065e-09
-6.38496e-05
           0
           0
 6.41149e-05
           0
           0
  4.2359e-06
           0
           0
           0
           0
           0
           0
-0.000157501
    0.275031
   -0.271596
  -0.0847738
           0
           0
pk  0.96486
       1
       1
0.955366
       1
       1
0.985263
0.996521
       1
0.946233
0.999339
       1
0.935599
0.998834
       1
0.967634
0.995588
       1
0.938628
 1.00095
       1
0.930337
 1.00103
       1
0.880397
0.996605
0.929592
0.802865
  1.0038
0.669425
  0.8247
 1.00807
0.659996
0.583695
0.996979
       1
count 205
(curr.pk-pk_prev).cwiseAbs().sum() 0.0849156
(curr.pk-p0).cwiseAbs().sum() 2.0554
stable?: 1 converged?: 1 G: 3.1989e-08
tp: 4
Elapsed Time d2w: 124333 us
Elapsed Time dG: 7172 us
vz_norm: 5.41005e-08vp_norm: 1.34707e-08
zk   0.00563444
 -0.00485771
  -0.0122879
-0.000727397
  0.00660326
  0.00538647
  0.00293281
 -0.00255519
 -0.00625622
  0.00117492
  0.00127589
  0.00152904
-2.79997e-13
           0
           0
 2.71952e-13
           0
           0
  0.00310557
           0
           0
-0.000118274
           0
 0.000116122
           0
  0.00384321
           0
           0
-9.52956e-05
-6.19169e-05
           0
           0
-6.35983e-05
           0
           0
-1.79726e-05
           0
           0
-2.54212e-08
 9.48577e-09
-2.50631e-08
 9.35217e-09
-5.12809e-05
           0
           0
-5.14987e-05
           0
           0
-4.28475e-06
           0
           0
           0
           0
           0
           0
-0.000179319
    0.247146
      0.2478
   0.0880361
           0
           0
pk 0.964579
       1
       1
0.955062
       1
       1
0.984838
0.996429
       1
0.945793
0.999333
       1
0.935127
0.998828
       1
 0.96686
0.995472
       1
 0.93755
 1.00095
       1
0.929658
 1.00103
       1
0.880255
0.996604
0.930328
0.778654
 1.00369
0.643531
0.842076
 1.00813
0.677996
0.587963
0.996979
       1
count 206
(curr.pk-pk_prev).cwiseAbs().sum() 0.0954941
(curr.pk-p0).cwiseAbs().sum() 2.06988
stable?: 1 converged?: 1 G: 3.19697e-08
tp: 4
Elapsed Time d2w: 121162 us
Elapsed Time dG: 7941 us
vz_norm: 1.0287e-07vp_norm: 2.39097e-08
zk     0.003633
  0.00321114
 -0.00362516
   -0.006574
   0.0044707
 -0.00166567
   0.0018891
  0.00168653
 -0.00184683
-0.000732802
 0.000835673
-0.000356247
-1.85327e-13
           0
           0
-1.70923e-13
           0
           0
  0.00091649
           0
           0
 -7.8322e-05
           0
-7.30215e-05
           0
  0.00113498
           0
           0
 2.83485e-05
 3.89926e-05
           0
           0
-4.21598e-05
           0
           0
 5.34724e-06
           0
           0
 1.33395e-08
-2.51274e-09
-1.40539e-08
 2.64731e-09
 3.33404e-05
           0
           0
-3.34881e-05
           0
           0
 1.26553e-06
           0
           0
           0
           0
           0
           0
-5.34146e-05
   -0.127555
    0.136907
   -0.020791
           0
           0
pk 0.964495
       1
       1
0.955001
       1
       1
0.984698
0.996398
       1
0.945664
0.999331
       1
0.935031
0.998826
       1
0.966605
0.995433
       1
0.937418
 1.00095
       1
0.929337
 1.00103
       1
  0.8802
0.996604
0.930368
0.790623
 1.00372
 0.65107
0.828926
 1.00809
0.668939
0.588261
0.996979
       1
count 207
(curr.pk-pk_prev).cwiseAbs().sum() 0.043478
(curr.pk-p0).cwiseAbs().sum() 2.07357
stable?: 1 converged?: 1 G: 3.19693e-08
tp: 4
Elapsed Time d2w: 123438 us
Elapsed Time dG: 8717 us
vz_norm: 1.05723e-07vp_norm: 1.30845e-08
zk   0.00314116
 -0.00246534
 5.43085e-05
  0.00335674
  0.00368845
-1.51335e-05
  0.00163645
 -0.00129774
 2.81846e-05
 0.000614771
 0.000677054
-4.74387e-05
-1.49895e-13
           0
           0
 1.42623e-13
           0
           0
-1.36938e-05
           0
           0
-6.33549e-05
           0
 6.09357e-05
           0
-1.68488e-05
           0
           0
 4.22995e-07
-3.25322e-05
           0
           0
 -3.4103e-05
           0
           0
  7.9628e-08
           0
           0
-1.35987e-08
 5.36274e-09
-1.39719e-08
 5.50992e-09
-2.73529e-05
           0
           0
-2.74719e-05
           0
           0
 1.87875e-08
           0
           0
           0
           0
           0
           0
 9.99273e-06
    0.130983
    0.135022
 -0.00308312
           0
           0
pk 0.964342
       1
       1
0.954866
       1
       1
0.984611
0.996376
       1
0.945428
0.999328
       1
 0.93482
0.998823
       1
0.966447
0.995405
       1
0.937072
 1.00094
       1
0.928839
 1.00102
       1
 0.88015
0.996604
0.930199
0.795145
 1.00374
  0.6562
0.822729
 1.00805
0.662105
0.587159
0.996979
       1
count 208
(curr.pk-pk_prev).cwiseAbs().sum() 0.025937
(curr.pk-p0).cwiseAbs().sum() 2.08013
stable?: 1 converged?: 1 G: 3.19681e-08
tp: 4
Elapsed Time d2w: 121694 us
Elapsed Time dG: 7536 us
vz_norm: 9.37764e-08vp_norm: 1.17935e-08
zk   0.00344993
  0.00248302
-0.000955861
  -0.0038326
  0.00392315
-0.000428464
  0.00179885
  0.00130869
-0.000486314
-0.000657861
 0.000710431
-5.83287e-05
-1.57724e-13
           0
           0
-1.52087e-13
           0
           0
 0.000241754
           0
           0
-6.66797e-05
           0
-6.49933e-05
           0
 0.000299681
           0
           0
 7.47163e-06
 3.47076e-05
           0
           0
 -3.5908e-05
           0
           0
 1.40974e-06
           0
           0
 1.53684e-08
-6.81719e-09
-1.55067e-08
 6.87853e-09
 2.90027e-05
           0
           0
-2.91274e-05
           0
           0
 3.34172e-07
           0
           0
           0
           0
           0
           0
-1.60135e-06
    -0.14812
    0.149604
 -0.00290968
           0
           0
pk 0.964119
       1
       1
0.954659
       1
       1
 0.98457
0.996366
       1
0.945081
0.999323
       1
0.934495
0.998819
       1
0.966368
0.995393
       1
0.936519
 1.00094
       1
0.928122
 1.00102
       1
0.880126
0.996604
0.930114
0.799696
 1.00376
0.662395
0.815942
 1.00802
0.653972
 0.58662
0.996979
       1
count 209
(curr.pk-pk_prev).cwiseAbs().sum() 0.0289028
(curr.pk-p0).cwiseAbs().sum() 2.08745
stable?: 1 converged?: 1 G: 3.19657e-08
tp: 4
Elapsed Time d2w: 118680 us
Elapsed Time dG: 7780 us
vz_norm: 4.57972e-08vp_norm: 6.82684e-09
zk   0.00478011
 -0.00748076
 -0.00721531
  0.00930967
  0.00813889
  0.00323298
  0.00248415
 -0.00392724
 -0.00367303
  0.00132684
  0.00147777
 0.000697632
-3.21134e-13
           0
           0
 3.14057e-13
           0
           0
  0.00182479
           0
           0
-0.000135812
           0
 0.000134256
           0
  0.00226178
           0
           0
-5.63454e-05
-7.17379e-05
           0
           0
-7.31941e-05
           0
           0
-1.06309e-05
           0
           0
-3.19764e-08
 1.41744e-08
-3.15698e-08
 1.39942e-08
-5.96103e-05
           0
           0
-5.98633e-05
           0
           0
-2.52213e-06
           0
           0
           0
           0
           0
           0
-5.85414e-05
    0.302322
    0.307068
   0.0383431
           0
           0
pk   0.9632
       1
       1
0.953785
       1
       1
0.984382
 0.99632
       1
0.943653
0.999304
       1
0.933126
  0.9988
       1
0.966001
0.995335
       1
0.934074
 1.00093
       1
0.925272
 1.00101
       1
0.880027
0.996604
0.930097
0.807989
 1.00378
0.674781
0.797458
 1.00791
0.633111
 0.58654
0.996978
       1
count 210
(curr.pk-pk_prev).cwiseAbs().sum() 0.0709596
(curr.pk-p0).cwiseAbs().sum() 2.11679
stable?: 1 converged?: 1 G: 3.19508e-08
tp: 4
Elapsed Time d2w: 116530 us
Elapsed Time dG: 8231 us
vz_norm: 1.14025e-07vp_norm: 3.27191e-08
zk  -0.00292579
 -0.00260438
-0.000769244
  0.00320242
 -0.00342247
-0.000310494
 -0.00152552
 -0.00137165
-0.000391666
 0.000628129
-0.000653531
-0.000167731
 1.43629e-13
           0
           0
 1.45257e-13
           0
           0
 0.000194574
           0
           0
 6.08345e-05
           0
 6.21866e-05
           0
 0.000241258
           0
           0
 6.00906e-06
-3.33221e-05
           0
           0
 3.28932e-05
           0
           0
 1.13388e-06
           0
           0
-1.34585e-08
  4.6973e-09
 1.26274e-08
-4.40722e-09
-2.74317e-05
           0
           0
 2.75444e-05
           0
           0
 2.69044e-07
           0
           0
           0
           0
           0
           0
-5.08938e-06
    0.128439
   -0.123424
 -0.00975373
           0
           0
pk 0.963098
       1
       1
0.953666
       1
       1
0.984264
 0.99629
       1
0.943492
0.999302
       1
0.932943
0.998797
       1
0.965786
0.995298
       1
0.933626
 1.00093
       1
0.925064
 1.00101
       1
0.879965
0.996603
0.929992
0.794846
 1.00372
0.661826
0.809035
 1.00795
0.644462
0.585397
0.996978
       1
count 211
(curr.pk-pk_prev).cwiseAbs().sum() 0.052069
(curr.pk-p0).cwiseAbs().sum() 2.12288
stable?: 1 converged?: 1 G: 3.19454e-08
tp: 4
Elapsed Time d2w: 116311 us
Elapsed Time dG: 8193 us
vz_norm: 9.65395e-08vp_norm: 1.13205e-08
zk   0.00334869
 -0.00258376
 -0.00083801
  0.00370727
  0.00383101
 0.000346345
  0.00174771
 -0.00136261
-0.000426587
 0.000666924
 0.000710078
 0.000134663
 -1.5664e-13
           0
           0
 1.53591e-13
           0
           0
 0.000211998
           0
           0
-6.63558e-05
           0
 6.57666e-05
           0
  0.00026295
           0
           0
-6.53584e-06
-3.52528e-05
           0
           0
-3.58822e-05
           0
           0
-1.23341e-06
           0
           0
-1.51658e-08
 6.23341e-09
-1.47679e-08
 6.06987e-09
-2.94793e-05
           0
           0
-2.96036e-05
           0
           0
-2.93246e-07
           0
           0
           0
           0
           0
           0
-1.47293e-06
    0.145514
    0.143574
  0.00765299
           0
           0
pk 0.962912
       1
       1
0.953477
       1
       1
0.984169
0.996267
       1
0.943203
0.999298
       1
0.932648
0.998793
       1
0.965612
0.995269
       1
0.933018
 1.00092
       1
0.924559
   1.001
       1
0.879912
0.996603
0.929858
0.788344
 1.00369
0.654381
0.813093
 1.00797
0.649543
0.584322
0.996977
       1
count 212
(curr.pk-pk_prev).cwiseAbs().sum() 0.0268049
(curr.pk-p0).cwiseAbs().sum() 2.13132
stable?: 1 converged?: 1 G: 3.19405e-08
tp: 4
Elapsed Time d2w: 118780 us
Elapsed Time dG: 7649 us
vz_norm: 6.91528e-08vp_norm: 9.46128e-09
zk  -0.00446442
 -0.00295512
 -0.00317187
  0.00400326
 -0.00482242
 -0.00135841
 -0.00233291
 -0.00156191
 -0.00161564
 0.000851655
-0.000912562
-0.000429052
 1.97787e-13
           0
           0
 1.91388e-13
           0
           0
 0.000802408
           0
           0
 8.38106e-05
           0
 8.19752e-05
           0
 0.000995248
           0
           0
 2.46947e-05
-4.39607e-05
           0
           0
 4.53363e-05
           0
           0
 4.66028e-06
           0
           0
-2.04317e-08
 1.00077e-08
 2.02807e-08
-9.93374e-09
-3.70253e-05
           0
           0
 3.71832e-05
           0
           0
 1.10994e-06
           0
           0
           0
           0
           0
           0
-2.66619e-05
     0.20206
   -0.201203
  -0.0244265
           0
           0
pk 0.962531
       1
       1
0.953099
       1
       1
0.984052
0.996238
       1
0.942608
0.999289
       1
0.932056
0.998785
       1
0.965393
0.995233
       1
0.931813
 1.00092
       1
0.923507
   1.001
       1
0.879848
0.996603
 0.92973
0.778418
 1.00363
0.641231
0.818125
 1.00799
0.658223
0.583373
0.996977
       1
count 213
(curr.pk-pk_prev).cwiseAbs().sum() 0.042649
(curr.pk-p0).cwiseAbs().sum() 2.1464
stable?: 1 converged?: 1 G: 3.19308e-08
tp: 4
Elapsed Time d2w: 121385 us
Elapsed Time dG: 7468 us
vz_norm: 1.15929e-07vp_norm: 2.22227e-08
zk  -0.00290101
  0.00230748
 -0.00100462
 -0.00358759
 -0.00344586
 0.000458478
 -0.00151417
  0.00121679
-0.000511589
 -0.00057693
-0.000632909
 5.62809e-05
 1.39611e-13
           0
           0
-1.32561e-13
           0
           0
 0.000254183
           0
           0
 5.91971e-05
           0
-5.68153e-05
           0
 0.000315382
           0
           0
-7.81173e-06
 3.05161e-05
           0
           0
 3.20673e-05
           0
           0
-1.47436e-06
           0
           0
 1.25756e-08
-4.77889e-09
 1.29089e-08
-4.90553e-09
 2.60599e-05
           0
           0
 2.61733e-05
           0
           0
 -3.5174e-07
           0
           0
           0
           0
           0
           0
-8.25914e-06
   -0.120891
   -0.124458
  0.00282756
           0
           0
pk 0.962399
       1
       1
0.952984
       1
       1
 0.98403
0.996233
       1
0.942404
0.999287
       1
0.931876
0.998783
       1
0.965351
0.995226
       1
0.931537
 1.00092
       1
0.923052
   1.001
       1
0.879836
0.996603
  0.9297
0.785682
 1.00365
0.649073
0.809606
 1.00795
0.649285
 0.58324
0.996977
       1
count 214
(curr.pk-pk_prev).cwiseAbs().sum() 0.0342522
(curr.pk-p0).cwiseAbs().sum() 2.15035
stable?: 1 converged?: 1 G: 3.19302e-08
tp: 4
Elapsed Time d2w: 116198 us
Elapsed Time dG: 7752 us
vz_norm: 9.79611e-08vp_norm: 1.14798e-08
zk  -0.00330227
 -0.00245552
 -0.00114996
  0.00380183
 -0.00380286
-0.000516535
 -0.00172493
 -0.00129623
-0.000585595
 0.000646036
-0.000694941
-8.63536e-05
 1.52952e-13
           0
           0
 1.48144e-13
           0
           0
 0.000290961
           0
           0
  6.4867e-05
           0
 6.35057e-05
           0
 0.000361034
           0
           0
 8.94034e-06
-3.41163e-05
           0
           0
 3.51526e-05
           0
           0
  1.6874e-06
           0
           0
 -1.4812e-08
 6.29912e-09
 1.48169e-08
-6.30118e-09
-2.88541e-05
           0
           0
 2.89776e-05
           0
           0
 4.02659e-07
           0
           0
           0
           0
           0
           0
-6.24751e-06
    0.142536
   -0.143192
 -0.00456402
           0
           0
pk   0.9622
       1
       1
0.952798
       1
       1
0.983998
0.996225
       1
0.942093
0.999283
       1
0.931585
0.998779
       1
0.965288
0.995216
       1
0.931039
 1.00091
       1
0.922408
 1.00099
       1
0.879817
0.996603
0.929639
0.789808
 1.00367
0.654444
0.803333
 1.00792
0.642061
0.582852
0.996977
       1
count 215
(curr.pk-pk_prev).cwiseAbs().sum() 0.0257688
(curr.pk-p0).cwiseAbs().sum() 2.15705
stable?: 1 converged?: 1 G: 3.19278e-08
tp: 4
Elapsed Time d2w: 115258 us
Elapsed Time dG: 7599 us
vz_norm: 3.69513e-08vp_norm: 5.68387e-09
zk   0.00743964
 -0.00258105
   -0.011245
  0.00401649
  0.00643855
  0.00492068
  0.00390372
 -0.00138428
 -0.00572884
    0.001164
  0.00121237
  0.00143477
-2.66809e-13
           0
           0
 2.61849e-13
           0
           0
  0.00284508
           0
           0
-0.000113182
           0
 0.000112274
           0
  0.00352997
           0
           0
-8.73629e-05
-6.02857e-05
           0
           0
-6.13144e-05
           0
           0
-1.64885e-05
           0
           0
-3.68751e-08
 2.64724e-08
-3.61774e-08
 2.59715e-08
-5.04767e-05
           0
           0
-5.06902e-05
           0
           0
-3.93698e-06
           0
           0
           0
           0
           0
           0
 -9.4083e-05
    0.381974
     0.36985
   0.0813276
           0
           0
pk 0.960838
       1
       1
0.951456
       1
       1
0.983637
0.996136
       1
0.939969
0.999253
       1
0.929482
 0.99875
       1
0.964604
0.995105
       1
0.926863
 1.00089
       1
0.918535
 1.00097
       1
 0.87962
0.996602
0.929322
0.773033
 1.00351
0.622303
0.803729
 1.00794
0.659612
0.580605
0.996975
       1
count 216
(curr.pk-pk_prev).cwiseAbs().sum() 0.0861262
(curr.pk-p0).cwiseAbs().sum() 2.20689
stable?: 1 converged?: 1 G: 3.18978e-08
tp: 4
Elapsed Time d2w: 119243 us
Elapsed Time dG: 8488 us
vz_norm: 8.29543e-08vp_norm: 3.02132e-08
zk   0.00398489
  0.00420075
 -0.00397305
  -0.0080322
  0.00535059
 -0.00181819
  0.00208042
  0.00221423
 -0.00202445
-0.000898779
  0.00100586
-0.000306561
-2.17539e-13
           0
           0
-2.08805e-13
           0
           0
  0.00100552
           0
           0
-9.24961e-05
           0
-8.97391e-05
           0
  0.00124852
           0
           0
 3.07756e-05
 4.84639e-05
           0
           0
-5.03838e-05
           0
           0
 5.80987e-06
           0
           0
 1.81902e-08
-5.64948e-09
-1.92808e-08
 5.98818e-09
 4.16971e-05
           0
           0
-4.18809e-05
           0
           0
 1.39263e-06
           0
           0
           0
           0
           0
           0
-5.55265e-05
   -0.174466
    0.184952
  -0.0163584
           0
           0
pk 0.960696
       1
       1
 0.95134
       1
       1
0.983524
0.996112
       1
0.939752
0.999251
       1
0.929299
0.998747
       1
0.964397
0.995074
       1
0.926668
 1.00089
       1
0.917957
 1.00097
       1
0.879581
0.996602
0.929574
0.795282
  1.0036
0.641752
0.779978
 1.00784
0.638255
0.582583
0.996976
       1
count 217
(curr.pk-pk_prev).cwiseAbs().sum() 0.0910667
(curr.pk-p0).cwiseAbs().sum() 2.2099
stable?: 1 converged?: 1 G: 3.18994e-08
tp: 4
Elapsed Time d2w: 113679 us
Elapsed Time dG: 7546 us
vz_norm: 1.08237e-07vp_norm: 1.88793e-08
zk   0.00295402
 -0.00245755
 -0.00100116
  0.00378755
  0.00348035
 0.000483544
  0.00154516
 -0.00129859
-0.000510019
 0.000626145
 0.000641686
  5.8105e-05
-1.40026e-13
           0
           0
 1.42505e-13
           0
           0
 0.000253416
           0
           0
 -5.9551e-05
           0
 6.12558e-05
           0
 0.000314763
           0
           0
-7.78443e-06
-3.30827e-05
           0
           0
 -3.2453e-05
           0
           0
-1.46968e-06
           0
           0
-1.35965e-08
 5.40138e-09
-1.35225e-08
 5.37196e-09
 -2.7651e-05
           0
           0
 -2.7768e-05
           0
           0
-3.51106e-07
           0
           0
           0
           0
           0
           0
-7.03747e-06
    0.132437
    0.129476
  0.00289546
           0
           0
pk 0.960547
       1
       1
0.951202
       1
       1
0.983487
0.996103
       1
0.939521
0.999248
       1
0.929082
0.998744
       1
0.964328
0.995063
       1
0.926325
 1.00089
       1
0.917449
 1.00097
       1
0.879561
0.996602
0.929504
0.801767
 1.00362
0.649153
0.771531
  1.0078
0.629052
 0.58221
0.996975
       1
count 218
(curr.pk-pk_prev).cwiseAbs().sum() 0.0337896
(curr.pk-p0).cwiseAbs().sum() 2.21583
stable?: 1 converged?: 1 G: 3.18984e-08
tp: 4
Elapsed Time d2w: 132944 us
Elapsed Time dG: 7930 us
vz_norm: 9.02834e-08vp_norm: 1.11946e-08
zk  -0.00347433
 -0.00276879
-0.000320151
  0.00419838
 -0.00394168
-0.000143212
 -0.00181844
 -0.00146418
-0.000162823
 0.000730799
-0.000736234
-8.22441e-05
 1.60167e-13
           0
           0
 1.66143e-13
           0
           0
 8.10601e-05
           0
           0
 6.81327e-05
           0
 7.14328e-05
           0
 0.000100752
           0
           0
 2.48902e-06
-3.85913e-05
           0
           0
 3.71483e-05
           0
           0
 4.70019e-07
           0
           0
 -1.6316e-08
 6.86119e-09
 1.58108e-08
-6.64872e-09
-3.19889e-05
           0
           0
 3.21221e-05
           0
           0
 1.12386e-07
           0
           0
           0
           0
           0
           0
 8.78944e-06
    0.158921
   -0.151912
 -0.00468416
           0
           0
pk 0.960339
       1
       1
0.950979
       1
       1
0.983365
0.996072
       1
0.939195
0.999243
       1
0.928733
0.998739
       1
0.964105
0.995025
       1
0.925603
 1.00089
       1
0.916876
 1.00097
       1
0.879494
0.996602
0.929334
0.794586
 1.00358
0.640718
0.776202
 1.00782
0.635003
 0.58078
0.996975
       1
count 219
(curr.pk-pk_prev).cwiseAbs().sum() 0.0307952
(curr.pk-p0).cwiseAbs().sum() 2.22528
stable?: 1 converged?: 1 G: 3.18931e-08
tp: 4
Elapsed Time d2w: 118792 us
Elapsed Time dG: 7112 us
vz_norm: 8.95712e-08vp_norm: 1.33345e-08
zk   0.00353897
 -0.00279969
 7.56141e-05
  0.00436556
  0.00402733
 -4.5657e-05
  0.00185251
 -0.00148074
 3.90079e-05
 0.000738207
 0.000756043
 4.65531e-05
-1.64092e-13
           0
           0
  1.6766e-13
           0
           0
-1.91065e-05
           0
           0
-6.98267e-05
           0
 7.21119e-05
           0
-2.36311e-05
           0
           0
 5.84419e-07
-3.89891e-05
           0
           0
-3.80962e-05
           0
           0
 1.10195e-07
           0
           0
-1.63095e-08
 6.76235e-09
 -1.6164e-08
 6.70202e-09
-3.26099e-05
           0
           0
-3.27475e-05
           0
           0
 2.63609e-08
           0
           0
           0
           0
           0
           0
 1.50659e-05
    0.159159
    0.155113
  0.00267887
           0
           0
pk 0.960133
       1
       1
 0.95076
       1
       1
0.983215
0.996035
       1
0.938872
0.999238
       1
 0.92839
0.998735
       1
0.963833
0.994978
       1
0.924879
 1.00088
       1
0.916319
 1.00096
       1
0.879412
0.996602
0.929132
0.785956
 1.00354
0.630703
0.782195
 1.00784
0.642285
0.579034
0.996974
       1
count 220
(curr.pk-pk_prev).cwiseAbs().sum() 0.0369138
(curr.pk-p0).cwiseAbs().sum() 2.23554
stable?: 1 converged?: 1 G: 3.18877e-08
tp: 4
Elapsed Time d2w: 127796 us
Elapsed Time dG: 7428 us
vz_norm: 9.19224e-08vp_norm: 1.38625e-08
zk  -0.00347149
 -0.00267024
 -0.00092311
   0.0038335
 -0.00395311
-0.000385753
 -0.00181766
 -0.00141279
-0.000470518
 0.000709927
-0.000739055
-0.000157628
 1.60724e-13
           0
           0
 1.61176e-13
           0
           0
 0.000233707
           0
           0
 6.84166e-05
           0
 6.93483e-05
           0
 0.000290421
           0
           0
 7.13842e-06
 -3.7524e-05
           0
           0
 3.73493e-05
           0
           0
 1.34794e-06
           0
           0
-1.56844e-08
 6.56224e-09
 1.59724e-08
-6.68274e-09
-3.17244e-05
           0
           0
 3.18605e-05
           0
           0
 3.23984e-07
           0
           0
           0
           0
           0
           0
 -1.1197e-06
    0.153429
   -0.152797
 -0.00906009
           0
           0
pk 0.959926
       1
       1
0.950543
       1
       1
0.983122
0.996011
       1
0.938547
0.999234
       1
 0.92805
 0.99873
       1
0.963662
0.994949
       1
0.924163
 1.00088
       1
0.915758
 1.00096
       1
 0.87936
0.996602
0.929004
0.777371
 1.00349
0.620789
0.788028
 1.00786
0.649566
0.577957
0.996974
       1
count 221
(curr.pk-pk_prev).cwiseAbs().sum() 0.0356388
(curr.pk-p0).cwiseAbs().sum() 2.24485
stable?: 1 converged?: 1 G: 3.18818e-08
tp: 4
Elapsed Time d2w: 121523 us
Elapsed Time dG: 7935 us
vz_norm: 4.73207e-08vp_norm: 7.36944e-09
zk  -0.00472987
  0.00712679
    -0.00723
 -0.00924106
 -0.00791906
  0.00321225
 -0.00246913
  0.00375788
 -0.00368596
  -0.0013189
 -0.00146514
 0.000691106
  3.1127e-13
           0
           0
-3.06427e-13
           0
           0
  0.00183054
           0
           0
 0.000132545
           0
-0.000131892
           0
  0.00227506
           0
           0
 -5.5816e-05
 7.14201e-05
           0
           0
 7.24008e-05
           0
           0
-1.05401e-05
           0
           0
 3.01394e-08
-1.29292e-08
 3.15365e-08
-1.35285e-08
 6.10363e-05
           0
           0
 6.13024e-05
           0
           0
-2.53805e-06
           0
           0
           0
           0
           0
           0
-6.55308e-05
   -0.290668
   -0.303633
   0.0379793
           0
           0
pk 0.959115
       1
       1
0.949766
       1
       1
0.982992
0.995979
       1
0.937282
0.999217
       1
0.926829
0.998713
       1
0.963403
0.994909
       1
0.921968
 1.00087
       1
0.913194
 1.00095
       1
0.879287
0.996601
0.928898
0.786651
 1.00352
  0.6337
0.769252
 1.00776
0.628712
0.577557
0.996973
       1
count 222
(curr.pk-pk_prev).cwiseAbs().sum() 0.0718881
(curr.pk-p0).cwiseAbs().sum() 2.27209
stable?: 1 converged?: 1 G: 3.18688e-08
tp: 4
Elapsed Time d2w: 117435 us
Elapsed Time dG: 7280 us
vz_norm: 1.02302e-07vp_norm: 3.00543e-08
zk  -0.00294756
 -0.00294875
 -0.00172701
  0.00480812
 -0.00380022
-0.000822149
 -0.00154318
 -0.00155898
-0.000880441
 0.000685555
-0.000707525
-9.43275e-05
 1.52554e-13
           0
           0
 1.55722e-13
           0
           0
  0.00043731
           0
           0
 6.50478e-05
           0
 6.71133e-05
           0
 0.000543675
           0
           0
 1.33282e-05
-3.64314e-05
           0
           0
 3.56338e-05
           0
           0
  2.5171e-06
           0
           0
-1.48232e-08
 5.80536e-09
 1.47065e-08
-5.75966e-09
-3.07816e-05
           0
           0
 3.09116e-05
           0
           0
 6.06548e-07
           0
           0
           0
           0
           0
           0
 -1.8871e-05
     0.14454
   -0.141768
 -0.00470893
           0
           0
pk 0.958972
       1
       1
 0.94964
       1
       1
0.982962
0.995973
       1
 0.93706
0.999214
       1
0.926628
 0.99871
       1
0.963346
0.994901
       1
0.921699
 1.00087
       1
0.912646
 1.00095
       1
0.879274
0.996601
0.928884
0.799146
 1.00357
0.647455
0.754516
 1.00769
0.612853
0.577644
0.996973
       1
count 223
(curr.pk-pk_prev).cwiseAbs().sum() 0.0587022
(curr.pk-p0).cwiseAbs().sum() 2.27797
stable?: 1 converged?: 1 G: 3.18692e-08
tp: 4
Elapsed Time d2w: 122102 us
Elapsed Time dG: 10028 us
vz_norm: 8.8814e-08vp_norm: 1.22026e-08
zk   0.00350447
 -0.00287362
 0.000163372
  0.00450148
  0.00399036
-6.31163e-05
  0.00183708
 -0.00152186
 8.38252e-05
 0.000759705
 0.000752667
 3.33568e-05
-1.62133e-13
           0
           0
 1.71432e-13
           0
           0
-4.13305e-05
           0
           0
-6.91482e-05
           0
 7.38996e-05
           0
-5.12664e-05
           0
           0
 1.25901e-06
-4.01253e-05
           0
           0
-3.79012e-05
           0
           0
 2.37605e-07
           0
           0
-1.68307e-08
  6.9467e-09
-1.59312e-08
 6.57545e-09
-3.33707e-05
           0
           0
-3.35076e-05
           0
           0
 5.71955e-08
           0
           0
           0
           0
           0
           0
  1.6621e-05
    0.163823
    0.153518
  0.00189968
           0
           0
pk 0.958766
       1
       1
0.949415
       1
       1
0.982805
0.995934
       1
0.936737
0.999209
       1
0.926276
0.998705
       1
0.963062
0.994852
       1
0.920961
 1.00086
       1
0.912084
 1.00094
       1
0.879189
0.996601
0.928672
0.791116
 1.00353
0.638136
0.760112
 1.00771
0.619664
0.575808
0.996973
       1
count 224
(curr.pk-pk_prev).cwiseAbs().sum() 0.0349065
(curr.pk-p0).cwiseAbs().sum() 2.28797
stable?: 1 converged?: 1 G: 3.1864e-08
tp: 4
Elapsed Time d2w: 126429 us
Elapsed Time dG: 7359 us
vz_norm: 8.40955e-08vp_norm: 1.29875e-08
zk  -0.00372416
 -0.00296514
  0.00114568
  0.00505071
 -0.00422686
 0.000508111
 -0.00195277
 -0.00157092
   0.0005852
 0.000792597
-0.000800395
 6.74302e-05
  1.7183e-13
           0
           0
 1.78513e-13
           0
           0
-0.000290075
           0
           0
 7.33084e-05
           0
  7.6981e-05
           0
-0.000360524
           0
           0
-8.81484e-06
-4.18316e-05
           0
           0
 4.02059e-05
           0
           0
 -1.6646e-06
           0
           0
-1.75422e-08
 7.30677e-09
 1.70344e-08
-7.09527e-09
 -3.5138e-05
           0
           0
 3.52845e-05
           0
           0
-4.02239e-07
           0
           0
           0
           0
           0
           0
 3.37225e-05
    0.171192
   -0.163978
   0.0038566
           0
           0
pk 0.958542
       1
       1
0.949174
       1
       1
0.982583
0.995878
       1
0.936386
0.999204
       1
0.925897
  0.9987
       1
0.962664
0.994782
       1
0.920159
 1.00086
       1
0.911475
 1.00094
       1
 0.87907
0.996601
0.928384
 0.78171
 1.00348
0.627055
0.766761
 1.00774
0.627662
0.573232
0.996972
       1
count 225
(curr.pk-pk_prev).cwiseAbs().sum() 0.0415629
(curr.pk-p0).cwiseAbs().sum() 2.30012
stable?: 1 converged?: 1 G: 3.18586e-08
tp: 4
Elapsed Time d2w: 121680 us
Elapsed Time dG: 9188 us
vz_norm: 8.40185e-08vp_norm: 1.3759e-08
zk   0.00375904
  -0.0028559
 5.63858e-05
  0.00457499
  0.00424479
-4.26762e-05
  0.00197182
 -0.00151391
 2.92485e-05
 0.000777804
 0.000799637
 5.83664e-05
-1.72016e-13
           0
           0
  1.7503e-13
           0
           0
-1.42463e-05
           0
           0
-7.34148e-05
           0
 7.55093e-05
           0
-1.76144e-05
           0
           0
 4.30393e-07
-4.10666e-05
           0
           0
-4.02901e-05
           0
           0
 8.11483e-08
           0
           0
-1.73402e-08
 7.41835e-09
 -1.7357e-08
 7.42554e-09
-3.49022e-05
           0
           0
-3.50503e-05
           0
           0
 1.96539e-08
           0
           0
           0
           0
           0
           0
 1.71994e-05
    0.169748
    0.166517
  0.00338365
           0
           0
pk   0.9583
       1
       1
0.948917
       1
       1
 0.98242
0.995838
       1
0.936006
0.999199
       1
0.925494
0.998695
       1
0.962369
0.994732
       1
0.919307
 1.00086
       1
0.910816
 1.00094
       1
0.878982
  0.9966
0.928169
0.771741
 1.00342
0.615198
0.773691
 1.00776
0.636397
0.571341
0.996971
       1
count 226
(curr.pk-pk_prev).cwiseAbs().sum() 0.0431273
(curr.pk-p0).cwiseAbs().sum() 2.31179
stable?: 1 converged?: 1 G: 3.18524e-08
tp: 4
Elapsed Time d2w: 125228 us
Elapsed Time dG: 8389 us
vz_norm: 9.22688e-08vp_norm: 1.51365e-08
zk  -0.00348698
 -0.00266889
 -0.00137548
  0.00365671
   -0.003993
-0.000573716
 -0.00182908
 -0.00141467
 -0.00070188
 0.000716428
-0.000751293
-0.000209238
 1.62082e-13
           0
           0
 1.61344e-13
           0
           0
  0.00034843
           0
           0
  6.9203e-05
           0
 6.96354e-05
           0
  0.00043357
           0
           0
 1.05137e-05
-3.79088e-05
           0
           0
 3.80079e-05
           0
           0
 1.98619e-06
           0
           0
-1.55759e-08
  6.3579e-09
 1.61126e-08
-6.57699e-09
-3.26375e-05
           0
           0
 3.27787e-05
           0
           0
 4.83795e-07
           0
           0
           0
           0
           0
           0
-8.47678e-06
    0.152611
   -0.153729
  -0.0120432
           0
           0
pk 0.958093
       1
       1
0.948702
       1
       1
0.982347
0.995819
       1
0.935682
0.999195
       1
0.925155
 0.99869
       1
0.962231
0.994708
       1
0.918585
 1.00085
       1
0.910257
 1.00093
       1
0.878941
  0.9966
0.928067
0.762292
 1.00337
  0.6046
0.780231
 1.00779
0.644297
0.570491
0.996971
       1
count 227
(curr.pk-pk_prev).cwiseAbs().sum() 0.0381917
(curr.pk-p0).cwiseAbs().sum() 2.32099
stable?: 1 converged?: 1 G: 3.18461e-08
tp: 4
Elapsed Time d2w: 118037 us
Elapsed Time dG: 7395 us
vz_norm: 1.02569e-07vp_norm: 1.54706e-08
zk  -0.00314623
  0.00245095
 -0.00119905
 -0.00385111
 -0.00371422
  0.00053544
 -0.00165028
    0.001299
-0.000611632
-0.000645114
-0.000690474
 8.21065e-05
 1.48735e-13
           0
           0
 -1.4501e-13
           0
           0
 0.000303774
           0
           0
 6.35264e-05
           0
-6.26082e-05
           0
 0.000378115
           0
           0
-9.15414e-06
 3.41106e-05
           0
           0
 3.49122e-05
           0
           0
-1.72951e-06
           0
           0
 1.38311e-08
-5.54628e-09
 1.47393e-08
-5.91044e-09
 2.97301e-05
           0
           0
  2.9861e-05
           0
           0
-4.21925e-07
           0
           0
           0
           0
           0
           0
-8.94537e-06
   -0.135949
   -0.140476
  0.00427638
           0
           0
pk 0.957924
       1
       1
0.948546
       1
       1
0.982308
 0.99581
       1
0.935418
0.999191
       1
 0.92491
0.998686
       1
0.962158
0.994697
       1
0.918174
 1.00085
       1
0.909689
 1.00093
       1
0.878919
  0.9966
0.927994
0.768136
  1.0034
0.611462
0.772533
 1.00775
 0.63584
0.570076
0.996971
       1
count 228
(curr.pk-pk_prev).cwiseAbs().sum() 0.0313918
(curr.pk-p0).cwiseAbs().sum() 2.32688
stable?: 1 converged?: 1 G: 3.18446e-08
tp: 4
Elapsed Time d2w: 115656 us
Elapsed Time dG: 7827 us
vz_norm: 9.68252e-08vp_norm: 1.32653e-08
zk  -0.00328243
 -0.00252536
 -0.00117104
  0.00395712
 -0.00383177
-0.000528452
 -0.00172241
 -0.00133907
-0.000597317
 0.000675927
-0.000710962
-8.04939e-05
 1.52907e-13
           0
           0
 1.51731e-13
           0
           0
 0.000296691
           0
           0
 6.53263e-05
           0
 6.55271e-05
           0
 0.000369336
           0
           0
  8.9348e-06
-3.57157e-05
           0
           0
 3.59226e-05
           0
           0
 1.68813e-06
           0
           0
 -1.4781e-08
 6.15282e-09
 1.53703e-08
-6.39813e-09
-3.08894e-05
           0
           0
 3.10235e-05
           0
           0
 4.12134e-07
           0
           0
           0
           0
           0
           0
 -6.8491e-06
     0.14508
    -0.14681
  -0.0041754
           0
           0
pk  0.95773
       1
       1
0.948362
       1
       1
0.982263
0.995799
       1
0.935115
0.999187
       1
 0.92462
0.998682
       1
0.962073
0.994683
       1
 0.91768
 1.00085
       1
0.909048
 1.00093
       1
0.878893
  0.9966
0.927904
0.773329
 1.00342
 0.61793
0.765091
 1.00771
0.627407
0.569529
0.996971
       1
count 229
(curr.pk-pk_prev).cwiseAbs().sum() 0.0305349
(curr.pk-p0).cwiseAbs().sum() 2.33401
stable?: 1 converged?: 1 G: 3.18427e-08
tp: 4
Elapsed Time d2w: 131218 us
Elapsed Time dG: 8151 us
vz_norm: 4.48151e-08vp_norm: 6.90371e-09
zk  -0.00470101
  0.00757969
 -0.00816634
 -0.00976657
 -0.00820018
  0.00363583
 -0.00245891
  0.00400559
  -0.0041671
 -0.00140277
 -0.00152405
 0.000783925
 3.20064e-13
           0
           0
-3.22883e-13
           0
           0
  0.00206897
           0
           0
 0.000136784
           0
-0.000139484
           0
  0.00257545
           0
           0
-6.22488e-05
 7.60642e-05
           0
           0
 7.52667e-05
           0
           0
-1.17611e-05
           0
           0
 3.23451e-08
-1.40762e-08
 3.28412e-08
 -1.4292e-08
 6.53358e-05
           0
           0
 6.56154e-05
           0
           0
-2.87393e-06
           0
           0
           0
           0
           0
           0
-7.40125e-05
   -0.311675
    -0.31719
   0.0432281
           0
           0
pk 0.956823
       1
       1
0.947471
       1
       1
0.982062
0.995749
       1
0.933696
0.999168
       1
0.923217
0.998663
       1
0.961681
0.994621
       1
0.915128
 1.00084
       1
0.906168
 1.00091
       1
0.878789
  0.9966
0.927859
0.782115
 1.00344
0.630855
0.745101
  1.0076
0.605173
0.569441
 0.99697
       1
count 230
(curr.pk-pk_prev).cwiseAbs().sum() 0.0751395
(curr.pk-p0).cwiseAbs().sum() 2.36544
stable?: 1 converged?: 1 G: 3.18275e-08
tp: 4
Elapsed Time d2w: 122878 us
Elapsed Time dG: 8166 us
vz_norm: 1.10139e-07vp_norm: 3.43957e-08
zk   0.00296759
    0.002766
-0.000315265
 -0.00378597
  0.00352722
-0.000111408
  0.00155741
  0.00146618
-0.000160808
-0.000687137
 0.000692306
-0.000121507
-1.47108e-13
           0
           0
-1.54148e-13
           0
           0
  7.9893e-05
           0
           0
-6.29638e-05
           0
-6.66921e-05
           0
 9.95121e-05
           0
           0
 2.40434e-06
 3.64778e-05
           0
           0
-3.47638e-05
           0
           0
 4.54352e-07
           0
           0
 1.40386e-08
-4.71564e-09
 -1.3467e-08
 4.52366e-09
 3.10139e-05
           0
           0
-3.11423e-05
           0
           0
 1.11052e-07
           0
           0
           0
           0
           0
           0
 2.24975e-06
   -0.136485
    0.130097
 -0.00718123
           0
           0
pk 0.956724
       1
       1
0.947351
       1
       1
0.981914
0.995713
       1
 0.93354
0.999165
       1
 0.92303
 0.99866
       1
0.961411
0.994574
       1
0.914658
 1.00083
       1
0.905967
 1.00091
       1
0.878712
  0.9966
0.927721
0.766984
 1.00338
0.616349
0.758665
 1.00765
0.617981
0.567874
 0.99697
       1
count 231
(curr.pk-pk_prev).cwiseAbs().sum() 0.0596505
(curr.pk-p0).cwiseAbs().sum() 2.37221
stable?: 1 converged?: 1 G: 3.18216e-08
tp: 4
Elapsed Time d2w: 112114 us
Elapsed Time dG: 7608 us
vz_norm: 9.13948e-08vp_norm: 1.19775e-08
zk   -0.0034623
  0.00272741
-0.000541612
 -0.00408336
 -0.00400227
 0.000218852
   -0.001819
  0.00144783
-0.000276236
-0.000731411
-0.000758743
 0.000104832
 1.61947e-13
           0
           0
-1.63416e-13
           0
           0
 0.000137273
           0
           0
 6.93258e-05
           0
-7.07154e-05
           0
 0.000171044
           0
           0
-4.12085e-06
  3.8693e-05
           0
           0
 3.82797e-05
           0
           0
-7.78813e-07
           0
           0
 1.59274e-08
-6.42214e-09
 1.59696e-08
-6.43914e-09
 3.35188e-05
           0
           0
 3.36615e-05
           0
           0
-1.90888e-07
           0
           0
           0
           0
           0
           0
 4.35496e-06
    -0.15557
   -0.153538
  0.00599108
           0
           0
pk 0.956526
       1
       1
0.947143
       1
       1
0.981793
0.995682
       1
0.933229
0.999161
       1
0.922704
0.998656
       1
 0.96119
0.994537
       1
0.913973
 1.00083
       1
0.905417
 1.00091
       1
0.878647
0.996599
0.927559
0.759211
 1.00334
0.607581
0.763681
 1.00767
0.624021
0.566478
0.996969
       1
count 232
(curr.pk-pk_prev).cwiseAbs().sum() 0.0319827
(curr.pk-p0).cwiseAbs().sum() 2.38198
stable?: 1 converged?: 1 G: 3.18161e-08
tp: 4
Elapsed Time d2w: 127038 us
Elapsed Time dG: 7547 us
vz_norm: 2.73486e-08vp_norm: 4.37093e-09
backtrackingCount 0
pk 0.956229
       1
       1
0.946846
       1
       1
0.981701
 0.99566
       1
0.932763
0.999155
       1
0.922236
 0.99865
       1
0.961014
0.994508
       1
0.913049
 1.00083
       1
0.904535
  1.0009
       1
0.878598
0.996599
0.927511
0.754356
 1.00331
0.602725
0.764589
 1.00766
0.625452
0.566095
0.996969
       1
backtracking time: 934 us
backtracking count: 1
zk  -0.00130695
  0.00307114
 -0.00310544
 -0.00451933
  -0.0019621
-0.000937169
-0.000685158
  0.00163281
 -0.00158534
-0.000970415
-0.000330652
-0.000216244
 7.70747e-14
           0
           0
-2.07115e-13
           0
           0
 0.000787047
           0
           0
 3.29848e-05
           0
-8.96351e-05
           0
  0.00098056
           0
           0
 1.63676e-05
 4.90574e-05
           0
           0
 1.82031e-05
           0
           0
 3.09322e-06
           0
           0
 2.00003e-08
-7.91352e-09
 7.74548e-09
-3.27803e-09
 4.26341e-05
           0
           0
 1.60912e-05
           0
           0
   7.603e-07
           0
           0
           0
           0
           0
           0
-1.95215e-05
    -0.20038
  -0.0712869
  -0.0121484
           0
           0
pk 0.956229
       1
       1
0.946846
       1
       1
0.981701
 0.99566
       1
0.932763
0.999155
       1
0.922236
 0.99865
       1
0.961014
0.994508
       1
0.913049
 1.00083
       1
0.904535
  1.0009
       1
0.878598
0.996599
0.927511
0.754356
 1.00331
0.602725
0.764589
 1.00766
0.625452
0.566095
0.996969
       1
count 233
(curr.pk-pk_prev).cwiseAbs().sum() 0.0162391
(curr.pk-p0).cwiseAbs().sum() 2.39346
stable?: 1 converged?: 1 G: 3.18088e-08
tp: 4
Elapsed Time d2w: 129775 us
Elapsed Time dG: 7430 us
vz_norm: 3.28579e-09vp_norm: 2.01085e-09
backtrackingCount 0
pk 0.953671
       1
       1
 0.94433
       1
       1
0.979214
0.995038
       1
0.928697
  0.9991
       1
0.918215
0.998595
       1
0.956506
0.993726
       1
0.904208
 1.00078
       1
0.895553
 1.00086
       1
0.877057
0.996595
0.921899
0.659048
 1.00253
0.459971
0.670412
  1.0069
0.485488
0.533031
0.996951
       1
backtrackingCount 1
pk 0.956069
       1
       1
0.946689
       1
       1
0.981546
0.995621
       1
0.932509
0.999151
       1
0.921984
0.998646
       1
0.960732
0.994459
       1
0.912496
 1.00082
       1
0.903974
  1.0009
       1
0.878502
0.996599
 0.92716
0.748399
 1.00326
0.593803
0.758703
 1.00762
0.616705
0.564028
0.996968
       1
backtracking time: 41244 us
backtracking count: 2
zk   -0.0015903
  0.00331874
 -0.00308118
 -0.00553645
 -0.00196109
 -0.00201502
-0.000836286
  0.00176332
 -0.00157295
 -0.00118436
-0.000559794
 -0.00100131
 7.64726e-14
           0
           0
-2.05497e-13
           0
           0
 0.000780899
           0
           0
 3.27271e-05
           0
-8.89349e-05
           0
 0.000972899
           0
           0
 1.62397e-05
 4.86741e-05
           0
           0
 1.80609e-05
           0
           0
 3.06906e-06
           0
           0
 1.98441e-08
-7.85169e-09
 7.68497e-09
-3.25242e-09
 4.23011e-05
           0
           0
 1.59655e-05
           0
           0
  7.5436e-07
           0
           0
           0
           0
           0
           0
-7.01399e-06
   -0.223578
  -0.0958405
  -0.0593739
           0
           0
pk 0.956069
       1
       1
0.946689
       1
       1
0.981546
0.995621
       1
0.932509
0.999151
       1
0.921984
0.998646
       1
0.960732
0.994459
       1
0.912496
 1.00082
       1
0.903974
  1.0009
       1
0.878502
0.996599
 0.92716
0.748399
 1.00326
0.593803
0.758703
 1.00762
0.616705
0.564028
0.996968
       1
count 234
(curr.pk-pk_prev).cwiseAbs().sum() 0.0345982
(curr.pk-p0).cwiseAbs().sum() 2.42786
stable?: 1 converged?: 1 G: 3.17901e-08
tp: 4
Elapsed Time d2w: 123909 us
Elapsed Time dG: 7701 us
vz_norm: 3.21713e-09vp_norm: 1.99773e-09
backtrackingCount 0
pk 0.953434
       1
       1
0.944097
       1
       1
0.978989
0.994982
       1
0.928321
0.999095
       1
0.917842
 0.99859
       1
0.956096
0.993655
       1
0.903403
 1.00078
       1
0.894735
 1.00085
       1
0.876906
0.996594
0.921068
0.649307
 1.00245
 0.44596
0.660716
 1.00682
0.471677
 0.52947
0.996949
       1
backtrackingCount 1
pk 0.955905
       1
       1
0.946527
       1
       1
0.981386
0.995581
       1
0.932247
0.999148
       1
0.921726
0.998643
       1
0.960443
0.994409
       1
0.911928
 1.00082
       1
0.903396
  1.0009
       1
0.878402
0.996599
 0.92678
0.742206
 1.00321
0.584563
0.752579
 1.00757
 0.60764
0.561868
0.996967
       1
backtracking time: 49769 us
backtracking count: 2
zk  -0.00188054
  0.00357071
 -0.00305711
 -0.00658502
 -0.00199697
 -0.00309892
 -0.00099102
  0.00189603
 -0.00156066
 -0.00140206
 -0.00079632
 -0.00179939
 7.58752e-14
           0
           0
-2.03891e-13
           0
           0
 0.000774798
           0
           0
 3.24714e-05
           0
  -8.824e-05
           0
 0.000965298
           0
           0
 1.61128e-05
 4.82938e-05
           0
           0
 1.79198e-05
           0
           0
 3.04508e-06
           0
           0
 1.96891e-08
-7.79035e-09
 7.62493e-09
-3.22701e-09
 4.19706e-05
           0
           0
 1.58407e-05
           0
           0
 7.48467e-07
           0
           0
           0
           0
           0
           0
 5.81803e-06
   -0.247201
   -0.121195
   -0.107381
           0
           0
pk 0.955905
       1
       1
0.946527
       1
       1
0.981386
0.995581
       1
0.932247
0.999148
       1
0.921726
0.998643
       1
0.960443
0.994409
       1
0.911928
 1.00082
       1
0.903396
  1.0009
       1
0.878402
0.996599
 0.92678
0.742206
 1.00321
0.584563
0.752579
 1.00757
 0.60764
0.561868
0.996967
       1
count 235
(curr.pk-pk_prev).cwiseAbs().sum() 0.0359093
(curr.pk-p0).cwiseAbs().sum() 2.46355
stable?: 1 converged?: 1 G: 3.17708e-08
tp: 4
Elapsed Time d2w: 128296 us
Elapsed Time dG: 7174 us
vz_norm: 3.14931e-09vp_norm: 1.98482e-09
backtrackingCount 0
pk 0.953191
       1
       1
0.943858
       1
       1
0.978758
0.994924
       1
0.927934
 0.99909
       1
 0.91746
0.998586
       1
0.955674
0.993582
       1
0.902576
 1.00077
       1
0.893897
 1.00085
       1
0.876748
0.996594
0.920171
0.639157
 1.00237
0.431407
  0.6506
 1.00675
 0.45732
0.525722
0.996947
       1
backtrackingCount 1
pk 0.955735
       1
       1
 0.94636
       1
       1
0.981222
 0.99554
       1
0.931977
0.999144
       1
0.921459
0.998639
       1
0.960144
0.994357
       1
0.911343
 1.00082
       1
0.902803
  1.0009
       1
0.878299
0.996598
0.926366
0.735765
 1.00316
 0.57499
0.746205
 1.00751
0.598245
0.559609
0.996965
       1
backtracking time: 36784 us
backtracking count: 2
zk  -0.00217811
  0.00382722
 -0.00303322
 -0.00766297
   -0.002074
 -0.00418876
 -0.00114972
  0.00203107
 -0.00154847
 -0.00162363
 -0.00104061
 -0.00261098
 7.52824e-14
           0
           0
-2.02298e-13
           0
           0
 0.000768745
           0
           0
 3.22177e-05
           0
-8.75507e-05
           0
 0.000957757
           0
           0
 1.59869e-05
 4.79165e-05
           0
           0
 1.77798e-05
           0
           0
 3.02129e-06
           0
           0
 1.95352e-08
-7.72949e-09
 7.56536e-09
 -3.2018e-09
 4.16427e-05
           0
           0
  1.5717e-05
           0
           0
  7.4262e-07
           0
           0
           0
           0
           0
           0
 1.89858e-05
   -0.271262
   -0.147391
   -0.156199
           0
           0
pk 0.955735
       1
       1
 0.94636
       1
       1
0.981222
 0.99554
       1
0.931977
0.999144
       1
0.921459
0.998639
       1
0.960144
0.994357
       1
0.911343
 1.00082
       1
0.902803
  1.0009
       1
0.878299
0.996598
0.926366
0.735765
 1.00316
 0.57499
0.746205
 1.00751
0.598245
0.559609
0.996965
       1
count 236
(curr.pk-pk_prev).cwiseAbs().sum() 0.0372808
(curr.pk-p0).cwiseAbs().sum() 2.50062
stable?: 1 converged?: 1 G: 3.1751e-08
tp: 4
Elapsed Time d2w: 127362 us
Elapsed Time dG: 8671 us
vz_norm: 3.08227e-09vp_norm: 1.97212e-09
backtrackingCount 0
pk 0.952942
       1
       1
0.943612
       1
       1
0.978519
0.994864
       1
0.927537
0.999086
       1
0.917067
0.998581
       1
0.955239
0.993506
       1
0.901728
 1.00077
       1
0.893038
 1.00085
       1
0.876585
0.996594
0.919202
0.628572
 1.00229
0.416277
0.640037
 1.00667
0.442383
0.521774
0.996945
       1
backtrackingCount 1
pk  0.95556
       1
       1
0.946188
       1
       1
0.981053
0.995498
       1
  0.9317
 0.99914
       1
0.921184
0.998635
       1
0.959838
0.994304
       1
0.910742
 1.00081
       1
0.902192
 1.00089
       1
0.878192
0.996598
0.925919
0.729066
  1.0031
0.565071
 0.73957
 1.00746
0.588504
0.557244
0.996964
       1
backtracking time: 39160 us
backtracking count: 2
zk  -0.00248351
  0.00408848
 -0.00300953
 -0.00877556
 -0.00219672
 -0.00528444
 -0.00131266
  0.00216862
 -0.00153637
 -0.00184925
 -0.00129315
 -0.00343655
 7.46942e-14
           0
           0
-2.00718e-13
           0
           0
 0.000762739
           0
           0
  3.1966e-05
           0
-8.68667e-05
           0
 0.000950275
           0
           0
  1.5862e-05
 4.75422e-05
           0
           0
 1.76409e-05
           0
           0
 2.99769e-06
           0
           0
 1.93826e-08
 -7.6691e-09
 7.50626e-09
-3.17678e-09
 4.13174e-05
           0
           0
 1.55942e-05
           0
           0
 7.36818e-07
           0
           0
           0
           0
           0
           0
 3.25015e-05
   -0.295778
    -0.17448
   -0.205857
           0
           0
pk  0.95556
       1
       1
0.946188
       1
       1
0.981053
0.995498
       1
  0.9317
 0.99914
       1
0.921184
0.998635
       1
0.959838
0.994304
       1
0.910742
 1.00081
       1
0.902192
 1.00089
       1
0.878192
0.996598
0.925919
0.729066
  1.0031
0.565071
 0.73957
 1.00746
0.588504
0.557244
0.996964
       1
count 237
(curr.pk-pk_prev).cwiseAbs().sum() 0.0387183
(curr.pk-p0).cwiseAbs().sum() 2.53911
stable?: 1 converged?: 1 G: 3.17306e-08
tp: 4
Elapsed Time d2w: 122030 us
Elapsed Time dG: 8304 us
vz_norm: 1.5846e-08vp_norm: 5.29821e-09
backtrackingCount 0
pk 0.955451
       1
       1
0.946067
       1
       1
0.980942
0.995468
       1
0.931525
0.999138
       1
0.920993
0.998633
       1
0.959652
0.994267
       1
0.910274
 1.00081
       1
0.901835
 1.00089
       1
0.878139
0.996598
0.926277
0.705161
 1.00303
0.553462
0.746718
 1.00745
0.585625
0.563831
0.996964
       1
backtracking time: 39767 us
backtracking count: 1
zk   0.00201816
  0.00752579
  0.00567279
  -0.0154605
  0.00310282
 -0.00161967
  0.00105049
  0.00398765
  0.00289618
 -0.00268092
-0.000341618
 -0.00258377
-1.40779e-13
           0
           0
-3.78452e-13
           0
           0
 -0.00143918
           0
           0
 -6.0449e-05
           0
-0.000163955
           0
 -0.00179738
           0
           0
-4.82529e-05
 8.99613e-05
           0
           0
-3.36254e-05
           0
           0
-9.12637e-06
           0
           0
 2.90147e-08
-5.27767e-09
-5.98683e-09
-4.27189e-09
 8.03548e-05
           0
           0
-3.07494e-05
           0
           0
-2.28992e-06
           0
           0
           0
           0
           0
           0
 0.000171383
    -0.40012
  -0.0443631
   -0.161219
           0
           0
pk 0.955451
       1
       1
0.946067
       1
       1
0.980942
0.995468
       1
0.931525
0.999138
       1
0.920993
0.998633
       1
0.959652
0.994267
       1
0.910274
 1.00081
       1
0.901835
 1.00089
       1
0.878139
0.996598
0.926277
0.705161
 1.00303
0.553462
0.746718
 1.00745
0.585625
0.563831
0.996964
       1
count 238
(curr.pk-pk_prev).cwiseAbs().sum() 0.0544158
(curr.pk-p0).cwiseAbs().sum() 2.56516
stable?: 1 converged?: 1 G: 3.16925e-08
tp: 4
Elapsed Time d2w: 117706 us
Elapsed Time dG: 8650 us
vz_norm: 3.04119e-09vp_norm: 1.97896e-09
backtrackingCount 0
pk 0.952562
       1
       1
0.943351
       1
       1
0.978154
0.994771
       1
0.926933
0.999078
       1
 0.91665
0.998576
       1
0.954588
0.993388
       1
0.900753
 1.00076
       1
0.891747
 1.00084
       1
0.876404
0.996593
0.919608
0.596172
 1.00215
 0.39133
0.634976
 1.00657
0.422471
0.526124
0.996944
       1
backtrackingCount 1
pk 0.955271
       1
       1
0.945897
       1
       1
0.980768
0.995424
       1
0.931238
0.999134
       1
0.920722
0.998629
       1
0.959335
0.994212
       1
0.909679
 1.00081
       1
0.901204
 1.00089
       1
 0.87803
0.996598
0.925861
0.698349
 1.00297
0.543329
0.739734
  1.0074
0.575428
0.561474
0.996963
       1
backtracking time: 37490 us
backtracking count: 2
zk   0.00244682
  0.00774905
  0.00562848
  -0.0166331
  0.00306692
 -0.00274859
  0.00127919
  0.00410513
  0.00287355
 -0.00290636
-0.000608158
 -0.00342241
-1.39679e-13
           0
           0
-3.75496e-13
           0
           0
 -0.00142793
           0
           0
-5.99768e-05
           0
-0.000162674
           0
 -0.00178334
           0
           0
-4.78759e-05
 8.92585e-05
           0
           0
-3.33627e-05
           0
           0
-9.05507e-06
           0
           0
  2.8788e-08
-5.23644e-09
-5.94006e-09
-4.23852e-09
 7.97271e-05
           0
           0
-3.05091e-05
           0
           0
-2.27203e-06
           0
           0
           0
           0
           0
           0
 0.000183971
   -0.424528
  -0.0731907
   -0.211613
           0
           0
pk 0.955271
       1
       1
0.945897
       1
       1
0.980768
0.995424
       1
0.931238
0.999134
       1
0.920722
0.998629
       1
0.959335
0.994212
       1
0.909679
 1.00081
       1
0.901204
 1.00089
       1
 0.87803
0.996598
0.925861
0.698349
 1.00297
0.543329
0.739734
  1.0074
0.575428
0.561474
0.996963
       1
count 239
(curr.pk-pk_prev).cwiseAbs().sum() 0.0398573
(curr.pk-p0).cwiseAbs().sum() 2.60479
stable?: 1 converged?: 1 G: 3.1672e-08
tp: 4
Elapsed Time d2w: 118460 us
Elapsed Time dG: 7435 us
vz_norm: 2.97565e-09vp_norm: 1.96654e-09
backtrackingCount 0
pk 0.952298
       1
       1
0.943103
       1
       1
0.977899
0.994707
       1
0.926514
0.999073
       1
0.916254
0.998571
       1
0.954124
0.993308
       1
0.899898
 1.00076
       1
0.890843
 1.00084
       1
 0.87623
0.996592
 0.91858
0.584908
 1.00206
0.375213
0.623393
 1.00648
 0.40621
0.521935
0.996941
       1
backtrackingCount 1
pk 0.955085
       1
       1
0.945723
       1
       1
0.980589
0.995379
       1
0.930943
 0.99913
       1
0.920443
0.998626
       1
 0.95901
0.994155
       1
0.909068
 1.00081
       1
0.900557
 1.00088
       1
0.877918
0.996597
0.925406
0.691259
 1.00292
0.532822
0.732462
 1.00734
0.564852
0.559003
0.996962
       1
backtracking time: 38664 us
backtracking count: 2
zk   0.00287853
  0.00796843
   0.0055845
  -0.0178469
  0.00296021
 -0.00388278
  0.00150955
   0.0042205
  0.00285111
 -0.00313621
-0.000883786
 -0.00427578
-1.38588e-13
           0
           0
-3.72562e-13
           0
           0
 -0.00141678
           0
           0
-5.95082e-05
           0
-0.000161403
           0
  -0.0017694
           0
           0
-4.75019e-05
 8.85612e-05
           0
           0
 -3.3102e-05
           0
           0
-8.98432e-06
           0
           0
 2.85631e-08
-5.19553e-09
-5.89365e-09
-4.20541e-09
 7.91042e-05
           0
           0
-3.02708e-05
           0
           0
-2.25428e-06
           0
           0
           0
           0
           0
           0
  0.00019693
   -0.449435
   -0.103001
   -0.262891
           0
           0
pk 0.955085
       1
       1
0.945723
       1
       1
0.980589
0.995379
       1
0.930943
 0.99913
       1
0.920443
0.998626
       1
 0.95901
0.994155
       1
0.909068
 1.00081
       1
0.900557
 1.00088
       1
0.877918
0.996597
0.925406
0.691259
 1.00292
0.532822
0.732462
 1.00734
0.564852
0.559003
0.996962
       1
count 240
(curr.pk-pk_prev).cwiseAbs().sum() 0.0414136
(curr.pk-p0).cwiseAbs().sum() 2.64596
stable?: 1 converged?: 1 G: 3.1651e-08
tp: 1997
Elapsed Time d2w: 58817232 us
Elapsed Time dG: 7848 us
vz_norm: 3.19484e-08vp_norm: 5.00264e-08
backtrackingCount 0
pk 0.955407
       1
       1
0.936935
       1
       1
0.980979
0.995328
       1
0.932277
0.999154
       1
0.908645
0.998306
       1
 0.95989
0.994253
       1
0.911081
0.999731
       1
0.901444
  1.0002
       1
0.858886
0.995697
0.925667
0.691383
 1.00687
0.534765
0.735058
 1.00736
0.564273
  0.5273
 0.99591
       1
backtracking time: 42343 us
backtracking count: 1
zk   0.00150158
 -0.00389404
  0.00585108
  0.00205632
   0.0240454
  -0.0423248
  0.00232892
 -0.00378155
  -0.0027283
 -0.00266918
 0.000128487
 -0.00427622
-3.65755e-13
           0
           0
-3.03233e-14
           0
           0
 -0.00183554
           0
           0
-0.000154938
           0
-1.20016e-05
           0
   -0.003051
           0
           0
  0.00063225
 0.000353752
           0
           0
 4.61273e-05
           0
           0
 0.000115018
           0
           0
 2.50544e-08
 -4.5772e-09
-5.30652e-09
-3.57766e-09
 6.76616e-05
           0
           0
-1.03508e-05
           0
           0
 7.91637e-06
           0
           0
           0
           0
           0
           0
 1.95949e-05
   -0.386162
  0.00780006
   -0.261201
           0
           0
pk 0.955407
       1
       1
0.936935
       1
       1
0.980979
0.995328
       1
0.932277
0.999154
       1
0.908645
0.998306
       1
 0.95989
0.994253
       1
0.911081
0.999731
       1
0.901444
  1.0002
       1
0.858886
0.995697
0.925667
0.691383
 1.00687
0.534765
0.735058
 1.00736
0.564273
  0.5273
 0.99591
       1
count 241
(curr.pk-pk_prev).cwiseAbs().sum() 0.0908344
(curr.pk-p0).cwiseAbs().sum() 2.71206
stable?: 1 converged?: 1 G: 3.16791e-08
tp: 4
Elapsed Time d2w: 120177 us
Elapsed Time dG: 8333 us
vz_norm: 3.06199e-09vp_norm: 1.97296e-09
backtrackingCount 0
pk 0.952469
       1
       1
0.934218
       1
       1
0.978253
0.994647
       1
0.927611
0.999096
       1
0.904271
0.998251
       1
0.954941
0.993395
       1
0.901754
0.999685
       1
0.891387
 1.00015
       1
0.857328
0.995692
0.920084
 0.58321
   1.006
0.374975
0.624131
 1.00648
0.403435
0.491447
 0.99589
       1
backtrackingCount 1
pk 0.955223
       1
       1
0.936765
       1
       1
0.980809
0.995286
       1
0.931986
0.999151
       1
0.908372
0.998303
       1
0.959581
  0.9942
       1
0.910498
0.999728
       1
0.900816
  1.0002
       1
0.858789
0.995696
0.925318
0.684622
 1.00682
0.524779
0.728125
  1.0073
 0.55422
0.525059
0.995909
       1
backtracking time: 44318 us
backtracking count: 2
zk   0.00171075
 -0.00436528
  0.00580536
  0.00112157
   0.0240974
  -0.0430047
  0.00243029
 -0.00401719
 -0.00270698
 -0.00290189
 0.000371359
 -0.00510995
-3.62897e-13
           0
           0
-3.00864e-14
           0
           0
  -0.0018212
           0
           0
-0.000153728
           0
-1.19078e-05
           0
 -0.00302717
           0
           0
 0.000627311
 0.000350989
           0
           0
 4.57669e-05
           0
           0
  0.00011412
           0
           0
 2.48587e-08
-4.54144e-09
-5.26507e-09
-3.54971e-09
 6.71329e-05
           0
           0
-1.02699e-05
           0
           0
 7.85452e-06
           0
           0
           0
           0
           0
           0
 3.30185e-05
   -0.411506
    0.034153
   -0.311324
           0
           0
pk 0.955223
       1
       1
0.936765
       1
       1
0.980809
0.995286
       1
0.931986
0.999151
       1
0.908372
0.998303
       1
0.959581
  0.9942
       1
0.910498
0.999728
       1
0.900816
  1.0002
       1
0.858789
0.995696
0.925318
0.684622
 1.00682
0.524779
0.728125
  1.0073
 0.55422
0.525059
0.995909
       1
count 242
(curr.pk-pk_prev).cwiseAbs().sum() 0.0392498
(curr.pk-p0).cwiseAbs().sum() 2.75108
stable?: 1 converged?: 1 G: 3.16592e-08
tp: 2487
Elapsed Time d2w: 74432026 us
Elapsed Time dG: 7727 us
vz_norm: 5.07235e-08vp_norm: 2.9182e-08
zk   0.00398897
  0.00249376
 -0.00583616
  -0.0160303
  -0.0110805
 0.000867591
  0.00226989
  0.00258897
  -0.0012513
-0.000787829
 -0.00104545
  -0.0029127
-2.61708e-14
           0
           0
-8.57362e-14
           0
           0
  0.00156873
           0
           0
 -1.1607e-05
           0
-3.80092e-05
           0
    0.002092
           0
           0
-1.01819e-05
-0.000191236
           0
           0
-0.000247376
           0
           0
-1.85705e-05
           0
           0
 5.04724e-10
-5.48948e-10
 5.87758e-10
-6.16074e-10
 1.03948e-05
           0
           0
-0.000105255
           0
           0
-3.65545e-06
           0
           0
           0
           0
           0
           0
-5.77129e-05
  -0.0936685
   -0.119636
   -0.175807
           0
           0
pk 0.954678
       1
       1
 0.95137
       1
       1
0.980073
0.995315
       1
0.930416
0.999133
       1
0.926429
0.999006
       1
0.958922
0.994025
       1
0.914779
 1.00195
       1
0.902361
 1.00134
       1
0.887243
0.995374
0.925194
0.685058
 1.00459
0.518936
0.724096
 1.00544
0.556203
0.568338
0.997024
       1
count 243
(curr.pk-pk_prev).cwiseAbs().sum() 0.135969
(curr.pk-p0).cwiseAbs().sum() 2.64934
stable?: 1 converged?: 1 G: 3.16181e-08
tp: 4
Elapsed Time d2w: 121754 us
Elapsed Time dG: 7779 us
vz_norm: 4.56128e-08vp_norm: 7.67596e-09
zk   0.00696315
  0.00498099
  -0.0132228
 -0.00231411
  0.00831402
 -0.00574403
  0.00366411
    0.002631
 -0.00677222
 -0.00136623
  0.00157043
  -0.0015176
-3.22587e-13
           0
           0
-3.08174e-13
           0
           0
  0.00335515
           0
           0
-0.000138551
           0
-0.000132914
           0
  0.00418724
           0
           0
 0.000102059
 7.27706e-05
           0
           0
-7.68436e-05
           0
           0
 1.90747e-05
           0
           0
 2.90109e-08
-1.21654e-08
-3.10944e-08
 1.30391e-08
 7.05288e-05
           0
           0
-7.05886e-05
           0
           0
 4.67586e-06
           0
           0
           0
           0
           0
           0
-0.000184609
   -0.286922
    0.308608
   -0.091403
           0
           0
pk 0.954202
       1
       1
0.950907
       1
       1
0.979025
 0.99506
       1
0.929668
0.999123
       1
0.925693
0.998996
       1
0.957053
0.993704
       1
0.913233
 1.00194
       1
0.901053
 1.00133
       1
0.886642
0.995373
0.921761
0.670783
  1.0045
0.502578
0.731405
 1.00546
0.565564
0.542882
0.997015
       1
count 244
(curr.pk-pk_prev).cwiseAbs().sum() 0.0857108
(curr.pk-p0).cwiseAbs().sum() 2.70151
stable?: 1 converged?: 1 G: 3.16231e-08
tp: 4
Elapsed Time d2w: 109724 us
Elapsed Time dG: 7570 us
vz_norm: 4.56225e-08vp_norm: 1.49305e-08
zk   0.00814069
 -0.00607618
  -0.0157336
   0.0195964
  0.00969344
   0.0067265
  0.00428076
 -0.00320695
 -0.00805908
  0.00157236
  0.00189678
  0.00150464
-3.87455e-13
           0
           0
 3.58753e-13
           0
           0
  0.00399605
           0
           0
-0.000166548
           0
 0.000154853
           0
  0.00499821
           0
           0
-0.000116302
-8.49519e-05
           0
           0
-9.25341e-05
           0
           0
-2.17536e-05
           0
           0
-2.80511e-08
 7.09763e-09
-3.15665e-08
 7.98714e-09
-8.42088e-05
           0
           0
 -8.4289e-05
           0
           0
-5.58322e-06
           0
           0
           0
           0
           0
           0
-0.000223656
    0.279959
    0.318334
   0.0855233
           0
           0
pk 0.953696
       1
       1
0.950483
       1
       1
  0.9779
0.994797
       1
0.928878
0.999113
       1
0.925023
0.998986
       1
0.955021
0.993371
       1
0.912109
 1.00193
       1
0.899296
 1.00133
       1
0.886145
0.995371
0.920709
0.704148
  1.0046
0.526995
0.690183
  1.0053
0.532646
0.537314
0.997013
       1
count 245
(curr.pk-pk_prev).cwiseAbs().sum() 0.14836
(curr.pk-p0).cwiseAbs().sum() 2.73396
stable?: 1 converged?: 1 G: 3.16211e-08
tp: 4
Elapsed Time d2w: 119767 us
Elapsed Time dG: 8724 us
vz_norm: 5.46261e-08vp_norm: 1.81723e-08
zk   0.00632231
  0.00570865
  -0.0133228
  -0.0172216
  0.00767449
 -0.00575918
  0.00332597
  0.00301369
 -0.00683206
 -0.00140929
  0.00150415
  -0.0012679
-3.09831e-13
           0
           0
-3.19236e-13
           0
           0
  0.00338677
           0
           0
-0.000133293
           0
-0.000137895
           0
  0.00424483
           0
           0
 9.77368e-05
  7.5742e-05
           0
           0
-7.42024e-05
           0
           0
 1.82914e-05
           0
           0
  2.4912e-08
-6.25611e-09
-2.51792e-08
  6.3232e-09
 7.15468e-05
           0
           0
-7.15965e-05
           0
           0
 4.74324e-06
           0
           0
           0
           0
           0
           0
-0.000198807
   -0.250202
    0.253378
  -0.0719768
           0
           0
pk 0.953392
       1
       1
0.950219
       1
       1
 0.97718
0.994636
       1
0.928407
0.999107
       1
0.924603
 0.99898
       1
 0.95372
0.993166
       1
0.911508
 1.00193
       1
 0.89819
 1.00132
       1
0.885862
 0.99537
0.920363
0.731992
 1.00468
0.547365
0.654283
 1.00516
0.504178
0.535576
0.997012
       1
count 246
(curr.pk-pk_prev).cwiseAbs().sum() 0.120746
(curr.pk-p0).cwiseAbs().sum() 2.75798
stable?: 1 converged?: 1 G: 3.16196e-08
tp: 4
Elapsed Time d2w: 119128 us
Elapsed Time dG: 7502 us
vz_norm: 5.91473e-08vp_norm: 1.61178e-08
zk  -0.00535473
  0.00522769
  -0.0117991
 -0.00107028
  -0.0062093
  0.00497652
 -0.00281831
    0.002761
 -0.00605559
 -0.00128109
 -0.00129088
  0.00134405
 2.60322e-13
           0
           0
-2.94173e-13
           0
           0
  0.00300112
           0
           0
  0.00011205
           0
-0.000127125
           0
  0.00376633
           0
           0
-8.64311e-05
 6.98709e-05
           0
           0
 6.24517e-05
           0
           0
-1.61805e-05
           0
           0
 2.32429e-08
-6.15602e-09
  2.1409e-08
-5.67031e-09
 6.35001e-05
           0
           0
 6.35301e-05
           0
           0
-4.20942e-06
           0
           0
           0
           0
           0
           0
-0.000172047
   -0.232583
   -0.218201
   0.0773558
           0
           0
pk 0.953141
       1
       1
0.949908
       1
       1
0.976473
0.994474
       1
0.928008
0.999101
       1
0.924118
0.998974
       1
0.952436
0.992959
       1
0.910381
 1.00193
       1
0.897528
 1.00132
       1
0.885584
0.995369
0.920458
0.705815
 1.00458
0.525722
0.675344
 1.00522
0.520235
0.533361
0.997011
       1
count 247
(curr.pk-pk_prev).cwiseAbs().sum() 0.0933122
(curr.pk-p0).cwiseAbs().sum() 2.77664
stable?: 1 converged?: 1 G: 3.16052e-08
tp: 4
Elapsed Time d2w: 114921 us
Elapsed Time dG: 7915 us
vz_norm: 6.09357e-08vp_norm: 1.50658e-08
zk   0.00531454
  0.00490209
  -0.0114572
  -0.0016967
  0.00626714
 -0.00477956
  0.00279784
  0.00258987
 -0.00588433
 -0.00120142
  0.00128603
  -0.0012907
-2.61104e-13
           0
           0
-2.75566e-13
           0
           0
  0.00291578
           0
           0
-0.000112434
           0
-0.000119146
           0
    0.003664
           0
           0
 8.37263e-05
 6.55665e-05
           0
           0
-6.27124e-05
           0
           0
 1.56791e-05
           0
           0
 2.17021e-08
-5.73063e-09
-2.14756e-08
 5.67082e-09
 6.17812e-05
           0
           0
-6.18208e-05
           0
           0
  4.0959e-06
           0
           0
           0
           0
           0
           0
-0.000170178
   -0.217656
    0.218036
  -0.0742213
           0
           0
pk 0.952904
       1
       1
0.949635
       1
       1
0.975835
0.994327
       1
0.927632
0.999096
       1
 0.92369
0.998968
       1
0.951273
0.992772
       1
0.909442
 1.00192
       1
0.896894
 1.00131
       1
0.885332
0.995368
0.920529
0.681941
 1.00448
0.505896
0.692825
 1.00527
0.533468
0.531848
 0.99701
       1
count 248
(curr.pk-pk_prev).cwiseAbs().sum() 0.0814407
(curr.pk-p0).cwiseAbs().sum() 2.7963
stable?: 1 converged?: 1 G: 3.15911e-08
tp: 4
Elapsed Time d2w: 121285 us
Elapsed Time dG: 7962 us
vz_norm: 1.27733e-07vp_norm: 3.1538e-08
zk   0.00271972
 -0.00255632
 -0.00130444
  0.00394311
  0.00344474
 0.000583614
  0.00143226
 -0.00135101
-0.000670023
 0.000617012
 0.000661485
 8.49279e-05
-1.38941e-13
           0
           0
 1.38092e-13
           0
           0
 0.000332165
           0
           0
 -5.9853e-05
           0
 5.97335e-05
           0
 0.000417979
           0
           0
 -9.5219e-06
-3.29033e-05
           0
           0
-3.34054e-05
           0
           0
-1.78374e-06
           0
           0
-1.12673e-08
 3.42867e-09
-1.18814e-08
 3.61554e-09
-3.20684e-05
           0
           0
-3.20937e-05
           0
           0
-4.67336e-07
           0
           0
           0
           0
           0
           0
-1.68511e-05
    0.114765
    0.118277
  0.00450671
           0
           0
pk 0.952832
       1
       1
0.949578
       1
       1
0.975804
0.994321
       1
0.927522
0.999095
       1
0.923599
0.998967
       1
0.951216
0.992764
       1
0.909321
 1.00192
       1
0.896612
 1.00131
       1
0.885321
0.995368
0.920531
0.691849
 1.00452
0.514556
0.681812
 1.00523
0.523661
0.532046
 0.99701
       1
count 249
(curr.pk-pk_prev).cwiseAbs().sum() 0.0405193
(curr.pk-p0).cwiseAbs().sum() 2.79919
stable?: 1 converged?: 1 G: 3.15915e-08
tp: 4
Elapsed Time d2w: 114905 us
Elapsed Time dG: 8157 us
vz_norm: 6.84401e-08vp_norm: 9.34531e-09
zk    0.0042265
  0.00409177
 -0.00347972
 -0.00600509
  0.00548111
 -0.00150998
  0.00222808
  0.00216454
 -0.00178748
-0.000984052
   0.0010371
-0.000302057
-2.15679e-13
           0
           0
 -2.2099e-13
           0
           0
 0.000886104
           0
           0
 -9.2919e-05
           0
-9.55992e-05
           0
  0.00111507
           0
           0
 2.54119e-05
 5.26519e-05
           0
           0
-5.18621e-05
           0
           0
 4.76046e-06
           0
           0
 2.06708e-08
-8.99529e-09
-2.10365e-08
 9.15446e-09
 5.05131e-05
           0
           0
 -5.0549e-05
           0
           0
 1.24676e-06
           0
           0
           0
           0
           0
           0
-3.25534e-05
   -0.210335
    0.210979
  -0.0166459
           0
           0
pk 0.952454
       1
       1
0.949205
       1
       1
0.975752
0.994308
       1
0.926929
0.999087
       1
 0.92301
0.998959
       1
0.951111
0.992748
       1
0.908261
 1.00191
       1
0.895379
 1.00131
       1
0.885293
0.995368
0.920447
  0.6978
 1.00454
0.523113
0.670531
 1.00516
0.510693
0.531556
 0.99701
       1
count 250
(curr.pk-pk_prev).cwiseAbs().sum() 0.0438879
(curr.pk-p0).cwiseAbs().sum() 2.81391
stable?: 1 converged?: 1 G: 3.15858e-08
tp: 4
Elapsed Time d2w: 115989 us
Elapsed Time dG: 7590 us
vz_norm: 8.79583e-08vp_norm: 2.09699e-08
zk  -0.00383678
  0.00328878
 -0.00117592
 -0.00444572
 -0.00448982
 0.000485355
 -0.00202272
  0.00174016
-0.000604087
-0.000860351
-0.000874309
 0.000198186
 1.82482e-13
           0
           0
 -1.9177e-13
           0
           0
 0.000299456
           0
           0
 7.86677e-05
           0
-8.30121e-05
           0
 0.000376875
           0
           0
-8.58075e-06
 4.57805e-05
           0
           0
 4.39758e-05
           0
           0
 -1.6075e-06
           0
           0
  1.6782e-08
-6.06306e-09
 1.63836e-08
 -5.9191e-09
 4.35883e-05
           0
           0
 4.36155e-05
           0
           0
-4.21389e-07
           0
           0
           0
           0
           0
           0
-5.48076e-06
    -0.16996
   -0.164081
   0.0114782
           0
           0
pk 0.952259
       1
       1
0.948987
       1
       1
0.975599
 0.99427
       1
 0.92662
0.999082
       1
0.922668
0.998954
       1
0.950829
  0.9927
       1
  0.9075
 1.00191
       1
0.894866
  1.0013
       1
0.885217
0.995368
0.920285
0.682795
 1.00447
 0.50789
0.682419
 1.00521
0.522955
0.529907
0.997009
       1
count 251
(curr.pk-pk_prev).cwiseAbs().sum() 0.059256
(curr.pk-p0).cwiseAbs().sum() 2.82472
stable?: 1 converged?: 1 G: 3.15787e-08
tp: 4
Elapsed Time d2w: 123973 us
Elapsed Time dG: 7752 us
vz_norm: 8.72567e-08vp_norm: 1.65451e-08
zk   0.00389279
  0.00314403
 -0.00150151
 -0.00429809
  0.00456486
 -0.00060172
  0.00205283
  0.00166417
-0.000771546
-0.000836095
 0.000881237
-0.000215415
-1.84209e-13
           0
           0
-1.86111e-13
           0
           0
 0.000382413
           0
           0
-7.94382e-05
           0
-8.05919e-05
           0
 0.000481399
           0
           0
 1.09264e-05
 4.44824e-05
           0
           0
-4.44313e-05
           0
           0
 2.04708e-06
           0
           0
 1.63102e-08
-6.01922e-09
 -1.6794e-08
 6.19776e-09
 4.32708e-05
           0
           0
-4.33027e-05
           0
           0
 5.38284e-07
           0
           0
           0
           0
           0
           0
-1.02131e-05
   -0.165895
    0.167322
  -0.0124001
           0
           0
pk 0.952048
       1
       1
0.948762
       1
       1
0.975481
0.994241
       1
0.926287
0.999077
       1
0.922314
0.998949
       1
 0.95061
0.992663
       1
0.906737
 1.00191
       1
0.894284
  1.0013
       1
0.885157
0.995368
0.920149
0.670405
 1.00441
0.495111
0.691136
 1.00524
0.532321
0.528617
0.997009
       1
count 252
(curr.pk-pk_prev).cwiseAbs().sum() 0.0477184
(curr.pk-p0).cwiseAbs().sum() 2.83613
stable?: 1 converged?: 1 G: 3.15717e-08
tp: 4
Elapsed Time d2w: 125137 us
Elapsed Time dG: 8622 us
vz_norm: 9.17681e-08vp_norm: 1.75735e-08
zk    0.0037455
 -0.00295539
 -0.00139804
  0.00463721
  0.00449309
 0.000602156
  0.00197546
 -0.00156466
-0.000718154
 0.000785861
 0.000852174
 8.40267e-05
 -1.7811e-13
           0
           0
 1.74452e-13
           0
           0
 0.000356114
           0
           0
-7.68355e-05
           0
 7.55718e-05
           0
 0.000448464
           0
           0
-1.01527e-05
-4.17464e-05
           0
           0
-4.30033e-05
           0
           0
-1.90233e-06
           0
           0
-1.52622e-08
 5.68762e-09
-1.64092e-08
 6.11508e-09
-4.13514e-05
           0
           0
-4.13857e-05
           0
           0
-5.01476e-07
           0
           0
           0
           0
           0
           0
 -1.0212e-05
    0.155822
    0.162844
  0.00433173
           0
           0
pk 0.951846
       1
       1
0.948576
       1
       1
 0.97542
0.994226
       1
 0.92597
0.999073
       1
0.922019
0.998945
       1
0.950495
0.992644
       1
0.906242
 1.00191
       1
 0.89359
  1.0013
       1
0.885125
0.995368
0.920038
0.679439
 1.00444
 0.50484
 0.67965
 1.00519
 0.52048
0.527918
0.997009
       1
count 253
(curr.pk-pk_prev).cwiseAbs().sum() 0.045437
(curr.pk-p0).cwiseAbs().sum() 2.84392
stable?: 1 converged?: 1 G: 3.15704e-08
tp: 4
Elapsed Time d2w: 115428 us
Elapsed Time dG: 7465 us
vz_norm: 8.78822e-08vp_norm: 1.62292e-08
zk   0.00384992
  0.00305246
 -0.00140845
 -0.00480316
  0.00456863
 -0.00062073
  0.00203118
  0.00161658
-0.000723522
-0.000822108
 0.000864708
-8.49235e-05
-1.80472e-13
           0
           0
-1.82187e-13
           0
           0
 0.000358786
           0
           0
-7.78808e-05
           0
-7.89474e-05
           0
 0.000451888
           0
           0
 1.02164e-05
  4.3634e-05
           0
           0
-4.36212e-05
           0
           0
 1.91435e-06
           0
           0
  1.6239e-08
-6.22964e-09
-1.67421e-08
 6.42263e-09
 4.26464e-05
           0
           0
 -4.2678e-05
           0
           0
 5.05314e-07
           0
           0
           0
           0
           0
           0
-8.76573e-06
   -0.165243
    0.166646
 -0.00437115
           0
           0
pk 0.951621
       1
       1
0.948361
       1
       1
0.975355
 0.99421
       1
0.925617
0.999068
       1
 0.92168
 0.99894
       1
0.950372
0.992623
       1
0.905663
  1.0019
       1
0.892824
  1.0013
       1
 0.88509
0.995368
0.919915
0.688028
 1.00447
0.514449
0.667991
 1.00513
  0.5082
0.527114
0.997008
       1
count 254
(curr.pk-pk_prev).cwiseAbs().sum() 0.0459054
(curr.pk-p0).cwiseAbs().sum() 2.8533
stable?: 1 converged?: 1 G: 3.15688e-08
tp: 4
Elapsed Time d2w: 126287 us
Elapsed Time dG: 8583 us
vz_norm: 8.44271e-08vp_norm: 1.59258e-08
zk  -0.00397539
  0.00323166
 -0.00180047
 -0.00437812
 -0.00461802
 0.000742613
 -0.00209798
  0.00171185
-0.000925444
-0.000870892
-0.000890926
 0.000248953
 1.85714e-13
           0
           0
 -1.9317e-13
           0
           0
 0.000458635
           0
           0
 8.01729e-05
           0
 -8.3737e-05
           0
 0.000577608
           0
           0
-1.30404e-05
 4.63113e-05
           0
           0
  4.4944e-05
           0
           0
-2.44347e-06
           0
           0
 1.72277e-08
-6.50758e-09
 1.70184e-08
-6.42854e-09
 4.47059e-05
           0
           0
  4.4735e-05
           0
           0
-6.45911e-07
           0
           0
           0
           0
           0
           0
-1.34631e-05
   -0.174721
   -0.170171
   0.0143209
           0
           0
pk 0.951388
       1
       1
0.948108
       1
       1
0.975248
0.994183
       1
0.925249
0.999063
       1
0.921282
0.998935
       1
0.950174
 0.99259
       1
 0.90481
  1.0019
       1
0.892179
 1.00129
       1
0.885036
0.995367
0.919784
0.675483
 1.00441
0.501314
0.676977
 1.00516
0.518176
0.525904
0.997008
       1
count 255
(curr.pk-pk_prev).cwiseAbs().sum() 0.0492661
(curr.pk-p0).cwiseAbs().sum() 2.86451
stable?: 1 converged?: 1 G: 3.15614e-08
tp: 4
Elapsed Time d2w: 124818 us
Elapsed Time dG: 7416 us
vz_norm: 8.88019e-08vp_norm: 1.75471e-08
zk   0.00382793
  0.00310954
 -0.00177369
 -0.00411723
  0.00451466
-0.000709197
  0.00202037
  0.00164733
-0.000911823
-0.000826993
 0.000874421
-0.000243304
-1.82049e-13
           0
           0
-1.83428e-13
           0
           0
 0.000451847
           0
           0
-7.86218e-05
           0
-7.95481e-05
           0
 0.000569164
           0
           0
 1.28201e-05
 4.40374e-05
           0
           0
-4.41077e-05
           0
           0
 2.40232e-06
           0
           0
 1.60187e-08
-5.82545e-09
-1.65575e-08
 6.02139e-09
 4.32995e-05
           0
           0
-4.33318e-05
           0
           0
  6.3649e-07
           0
           0
           0
           0
           0
           0
-1.52483e-05
   -0.163101
    0.165096
  -0.0140105
           0
           0
pk 0.951186
       1
       1
0.947893
       1
       1
0.975149
0.994159
       1
0.924929
0.999059
       1
0.920943
 0.99893
       1
0.949987
0.992559
       1
0.904074
  1.0019
       1
0.891624
 1.00129
       1
0.884987
0.995367
0.919676
0.662747
 1.00435
0.488358
0.686094
  1.0052
0.527815
0.524881
0.997008
       1
count 256
(curr.pk-pk_prev).cwiseAbs().sum() 0.048446
(curr.pk-p0).cwiseAbs().sum() 2.8753
stable?: 1 converged?: 1 G: 3.15544e-08
tp: 4
Elapsed Time d2w: 116701 us
Elapsed Time dG: 7747 us
vz_norm: 9.09496e-08vp_norm: 1.73132e-08
zk   0.00378224
 -0.00298422
 -0.00127366
  0.00462888
  0.00454946
 0.000545189
  0.00199658
 -0.00158131
 -0.00065442
 0.000795775
 0.000867814
 7.07419e-05
-1.80419e-13
           0
           0
 1.75986e-13
           0
           0
 0.000324519
           0
           0
-7.79444e-05
           0
 7.63486e-05
           0
 0.000408949
           0
           0
-9.19165e-06
-4.23002e-05
           0
           0
-4.37545e-05
           0
           0
-1.72262e-06
           0
           0
-1.53697e-08
 5.67162e-09
-1.66115e-08
 6.12985e-09
-4.23809e-05
           0
           0
-4.24165e-05
           0
           0
-4.57337e-07
           0
           0
           0
           0
           0
           0
-8.22067e-06
    0.157093
    0.165062
  0.00357282
           0
           0
pk 0.950984
       1
       1
0.947708
       1
       1
0.975075
0.994141
       1
0.924613
0.999054
       1
 0.92065
0.998926
       1
 0.94985
0.992535
       1
0.903579
 1.00189
       1
0.890929
 1.00129
       1
0.884948
0.995367
0.919544
0.671859
 1.00439
 0.49806
0.674498
 1.00514
0.515933
0.524027
0.997007
       1
count 257
(curr.pk-pk_prev).cwiseAbs().sum() 0.0458609
(curr.pk-p0).cwiseAbs().sum() 2.88342
stable?: 1 converged?: 1 G: 3.15532e-08
tp: 4
Elapsed Time d2w: 118451 us
Elapsed Time dG: 7739 us
vz_norm: 8.60667e-08vp_norm: 1.62356e-08
zk   0.00393613
  0.00310083
 -0.00123832
 -0.00483061
  0.00468161
-0.000545375
  0.00207853
  0.00164369
-0.000636242
 -0.00084094
 0.000888959
-6.42084e-05
-1.84526e-13
           0
           0
-1.85616e-13
           0
           0
 0.000315539
           0
           0
-7.97456e-05
           0
-8.05515e-05
           0
 0.000397704
           0
           0
 8.92394e-06
  4.4652e-05
           0
           0
-4.47992e-05
           0
           0
 1.67254e-06
           0
           0
 1.65635e-08
-6.33964e-09
-1.71578e-08
 6.56714e-09
  4.4129e-05
           0
           0
-4.41621e-05
           0
           0
 4.44773e-07
           0
           0
           0
           0
           0
           0
-5.55843e-06
   -0.168733
    0.170987
 -0.00316981
           0
           0
pk 0.950752
       1
       1
0.947487
       1
       1
0.974994
0.994121
       1
0.924248
 0.99905
       1
0.920301
0.998921
       1
0.949698
 0.99251
       1
0.902981
 1.00189
       1
0.890136
 1.00128
       1
0.884906
0.995367
0.919392
0.680861
 1.00442
0.508074
0.662323
 1.00508
0.503112
0.523002
0.997007
       1
count 258
(curr.pk-pk_prev).cwiseAbs().sum() 0.0481786
(curr.pk-p0).cwiseAbs().sum() 2.89343
stable?: 1 converged?: 1 G: 3.15516e-08
tp: 4
Elapsed Time d2w: 112325 us
Elapsed Time dG: 7996 us
vz_norm: 5.19999e-08vp_norm: 1.01681e-08
zk  -0.00635547
  0.00424494
 -0.00533598
 -0.00571341
 -0.00681512
   0.0022197
  -0.0033592
  0.00225358
 -0.00274371
  -0.0013406
 -0.00135872
 0.000663843
 2.74865e-13
           0
           0
-2.85347e-13
           0
           0
  0.00135962
           0
           0
 0.000118831
           0
-0.000123876
           0
  0.00171348
           0
           0
-3.83792e-05
 6.87032e-05
           0
           0
 6.68059e-05
           0
           0
-7.19289e-06
           0
           0
 2.71958e-08
-1.20593e-08
 2.69302e-08
-1.19415e-08
 6.69546e-05
           0
           0
 6.69985e-05
           0
           0
-1.91632e-06
           0
           0
           0
           0
           0
           0
-4.49242e-05
   -0.284474
   -0.275588
   0.0379376
           0
           0
pk 0.950128
       1
       1
0.946824
       1
       1
0.974739
0.994057
       1
0.923263
0.999036
       1
0.919255
0.998907
       1
0.949217
 0.99243
       1
0.900808
 1.00188
       1
 0.88833
 1.00127
       1
 0.88478
0.995367
 0.91919
0.660098
  1.0043
0.483392
0.673726
 1.00512
0.519665
0.521167
0.997006
       1
count 259
(curr.pk-pk_prev).cwiseAbs().sum() 0.083953
(curr.pk-p0).cwiseAbs().sum() 2.92119
stable?: 1 converged?: 1 G: 3.15348e-08
tp: 4
Elapsed Time d2w: 124951 us
Elapsed Time dG: 7769 us
vz_norm: 4.72943e-08vp_norm: 1.57787e-08
zk  -0.00584432
 -0.00777665
  -0.0090527
   0.0130184
 -0.00922874
 -0.00382084
 -0.00308627
 -0.00412028
 -0.00465499
  0.00157135
 -0.00177369
-0.000726125
 3.59614e-13
           0
           0
 3.55776e-13
           0
           0
  0.00230718
           0
           0
 0.000155637
           0
 0.000154627
           0
  0.00290933
           0
           0
 6.49278e-05
-8.59832e-05
           0
           0
 8.76945e-05
           0
           0
 1.21705e-05
           0
           0
-3.07246e-08
 1.09652e-08
 3.30301e-08
 -1.1788e-08
-8.65014e-05
           0
           0
 8.65724e-05
           0
           0
 3.25399e-06
           0
           0
           0
           0
           0
           0
-0.000105293
    0.308779
   -0.330872
  -0.0395486
           0
           0
pk 0.949477
       1
       1
0.946221
       1
       1
0.974416
0.993981
       1
0.922241
0.999022
       1
  0.9183
0.998893
       1
0.948604
0.992332
       1
0.899177
 1.00187
       1
 0.88608
 1.00126
       1
0.884646
0.995366
0.919505
0.691499
 1.00441
0.515141
0.633669
 1.00494
0.480309
0.523961
0.997006
       1
count 260
(curr.pk-pk_prev).cwiseAbs().sum() 0.154373
(curr.pk-p0).cwiseAbs().sum() 2.94263
stable?: 1 converged?: 1 G: 3.15296e-08
tp: 4
Elapsed Time d2w: 121377 us
Elapsed Time dG: 7796 us
vz_norm: 5.8593e-08vp_norm: 2.22882e-08
zk   0.00584603
 -0.00509296
 -0.00468629
  0.00485412
  0.00659866
  0.00196733
  0.00309216
 -0.00270402
  -0.0024113
  0.00133721
  0.00129911
 0.000673929
-2.72663e-13
           0
           0
 3.00475e-13
           0
           0
   0.0011946
           0
           0
-0.000118134
           0
 0.000130726
           0
  0.00150714
           0
           0
-3.38164e-05
  -7.282e-05
           0
           0
-6.67283e-05
           0
           0
-6.33952e-06
           0
           0
-2.67948e-08
 1.01003e-08
 -2.4983e-08
 9.41738e-09
 -6.9939e-05
           0
           0
-6.99755e-05
           0
           0
-1.68585e-06
           0
           0
           0
           0
           0
           0
 -4.8417e-05
    0.271639
    0.250117
    0.038909
           0
           0
pk 0.949108
       1
       1
0.945786
       1
       1
0.974021
0.993886
       1
0.921656
0.999014
       1
0.917615
0.998884
       1
0.947873
0.992211
       1
 0.89759
 1.00186
       1
0.885142
 1.00126
       1
0.884472
0.995366
0.919502
0.657077
 1.00425
0.478858
0.662882
 1.00505
0.511628
0.522682
0.997005
       1
count 261
(curr.pk-pk_prev).cwiseAbs().sum() 0.138948
(curr.pk-p0).cwiseAbs().sum() 2.96016
stable?: 1 converged?: 1 G: 3.15139e-08
tp: 4
Elapsed Time d2w: 123266 us
Elapsed Time dG: 8023 us
vz_norm: 9.09082e-08vp_norm: 2.82521e-08
zk  -0.00383002
  -0.0033265
-0.000399314
  0.00473367
 -0.00461896
 -0.00012059
 -0.00202565
 -0.00176585
 -0.00020536
 0.000860976
 -0.00092519
-0.000128826
 1.88997e-13
           0
           0
  1.8915e-13
           0
           0
 0.000101836
           0
           0
  8.1937e-05
           0
 8.23537e-05
           0
 0.000128618
           0
           0
  2.8779e-06
-4.59608e-05
           0
           0
 4.63365e-05
           0
           0
 5.39678e-07
           0
           0
-1.58292e-08
 5.19823e-09
 1.69125e-08
-5.55397e-09
-4.64601e-05
           0
           0
 4.64974e-05
           0
           0
 1.43887e-07
           0
           0
           0
           0
           0
           0
 3.98576e-06
    0.162866
   -0.168671
 -0.00759858
           0
           0
pk 0.948961
       1
       1
 0.94562
       1
       1
0.973792
0.993829
       1
0.921422
 0.99901
       1
0.917354
0.998881
       1
0.947453
0.992138
       1
0.896967
 1.00186
       1
 0.88478
 1.00125
       1
0.884361
0.995365
0.919286
0.637192
 1.00416
0.460069
0.678518
 1.00511
0.526142
0.520164
0.997004
       1
count 262
(curr.pk-pk_prev).cwiseAbs().sum() 0.0743955
(curr.pk-p0).cwiseAbs().sum() 2.97408
stable?: 1 converged?: 1 G: 3.15063e-08
tp: 4
Elapsed Time d2w: 124991 us
Elapsed Time dG: 8220 us
vz_norm: 8.19151e-08vp_norm: 1.6195e-08
zk  -0.00422948
  0.00317931
-7.51525e-05
 -0.00456559
 -0.00511348
  3.2104e-05
 -0.00223799
  0.00168888
-3.79045e-05
-0.000871566
-0.000983973
 -6.2281e-05
 2.01137e-13
           0
           0
-1.90716e-13
           0
           0
 1.92258e-05
           0
           0
 8.72213e-05
           0
-8.30585e-05
           0
 2.44681e-05
           0
           0
-5.41993e-07
 4.63823e-05
           0
           0
 4.93407e-05
           0
           0
-1.01869e-07
           0
           0
 1.65706e-08
-6.17141e-09
 1.89504e-08
-7.05772e-09
 4.83128e-05
           0
           0
 4.83585e-05
           0
           0
-2.73747e-08
           0
           0
           0
           0
           0
           0
 1.35008e-05
   -0.171234
    -0.18791
 -0.00413329
           0
           0
pk 0.948722
       1
       1
0.945405
       1
       1
0.973608
0.993783
       1
0.921046
0.999005
       1
0.917013
0.998876
       1
0.947117
 0.99208
       1
0.896385
 1.00186
       1
0.883953
 1.00125
       1
0.884266
0.995365
0.918947
0.647698
  1.0042
 0.47122
 0.66527
 1.00505
0.512323
0.517786
0.997004
       1
count 263
(curr.pk-pk_prev).cwiseAbs().sum() 0.0548639
(curr.pk-p0).cwiseAbs().sum() 2.98548
stable?: 1 converged?: 1 G: 3.15057e-08
tp: 4
Elapsed Time d2w: 115089 us
Elapsed Time dG: 7888 us
vz_norm: 7.57147e-08vp_norm: 1.64275e-08
zk  -0.00450303
 -0.00338479
 0.000746721
  0.00457824
  -0.0053846
 0.000282488
 -0.00238368
 -0.00179878
 0.000385594
 0.000945284
  -0.0010318
 0.000159199
 2.10015e-13
           0
           0
 2.06468e-13
           0
           0
-0.000190391
           0
           0
 9.11079e-05
           0
 8.99514e-05
           0
 -0.00024032
           0
           0
-5.33165e-06
-5.02625e-05
           0
           0
  5.1586e-05
           0
           0
-9.99642e-07
           0
           0
-1.83921e-08
  7.1291e-09
 1.99964e-08
-7.75094e-09
-5.15039e-05
           0
           0
 5.15473e-05
           0
           0
-2.68884e-07
           0
           0
           0
           0
           0
           0
 2.99511e-05
    0.189189
     -0.1992
  0.00977603
           0
           0
pk  0.94844
       1
       1
0.945142
       1
       1
0.973362
0.993722
       1
0.920602
0.998999
       1
0.916596
 0.99887
       1
0.946671
0.992002
       1
0.895669
 1.00185
       1
0.882976
 1.00125
       1
 0.88414
0.995365
 0.91849
0.659621
 1.00425
0.484309
0.649725
 1.00497
0.495522
0.514609
0.997003
       1
count 264
(curr.pk-pk_prev).cwiseAbs().sum() 0.0651911
(curr.pk-p0).cwiseAbs().sum() 3.00048
stable?: 1 converged?: 1 G: 3.15055e-08
tp: 4
Elapsed Time d2w: 121604 us
Elapsed Time dG: 7946 us
vz_norm: 8.02901e-08vp_norm: 1.89482e-08
zk  -0.00421173
  0.00324342
 -0.00153289
 -0.00532366
 -0.00497299
 0.000677477
 -0.00223031
  0.00172426
-0.000789023
-0.000913185
-0.000945794
 7.16838e-05
 1.93868e-13
           0
           0
-1.98757e-13
           0
           0
 0.000391118
           0
           0
  8.4143e-05
           0
-8.66305e-05
           0
 0.000494548
           0
           0
-1.08937e-05
 4.84449e-05
           0
           0
 4.76944e-05
           0
           0
-2.04356e-06
           0
           0
 1.80288e-08
-7.11592e-09
 1.84462e-08
-7.28068e-09
 4.87483e-05
           0
           0
 4.87834e-05
           0
           0
-5.53372e-07
           0
           0
           0
           0
           0
           0
-7.35552e-06
   -0.184633
    -0.18398
  0.00348157
           0
           0
pk 0.948165
       1
       1
0.944876
       1
       1
0.973292
0.993704
       1
0.920169
0.998994
       1
0.916174
0.998864
       1
0.946538
0.991979
       1
0.894948
 1.00185
       1
 0.88202
 1.00124
       1
0.884101
0.995365
0.918334
0.671775
 1.00429
0.498213
0.633709
 1.00489
0.478313
0.513576
0.997002
       1
count 265
(curr.pk-pk_prev).cwiseAbs().sum() 0.0639766
(curr.pk-p0).cwiseAbs().sum() 3.01216
stable?: 1 converged?: 1 G: 3.15043e-08
tp: 4
Elapsed Time d2w: 124608 us
Elapsed Time dG: 8504 us
vz_norm: 7.80549e-08vp_norm: 1.70844e-08
zk    0.0042613
  0.00355686
-0.000897668
 -0.00523873
  0.00495545
-0.000378184
  0.00225696
  0.00189092
-0.000462129
-0.000976745
 0.000976324
-0.000166463
 -1.9891e-13
           0
           0
-2.12935e-13
           0
           0
  0.00022905
           0
           0
-8.63719e-05
           0
-9.28527e-05
           0
 0.000289652
           0
           0
 6.36754e-06
 5.19689e-05
           0
           0
-4.90133e-05
           0
           0
 1.19453e-06
           0
           0
 1.90326e-08
-7.05608e-09
-1.82724e-08
 6.77423e-09
 5.13708e-05
           0
           0
-5.14012e-05
           0
           0
 3.24112e-07
           0
           0
           0
           0
           0
           0
 2.92403e-06
   -0.193873
     0.18405
 -0.00962887
           0
           0
pk 0.947914
       1
       1
0.944594
       1
       1
0.973079
0.993651
       1
 0.91977
0.998988
       1
0.915729
0.998858
       1
0.946147
0.991912
       1
0.893978
 1.00184
       1
0.881319
 1.00124
       1
0.883997
0.995364
0.918093
0.656078
 1.00422
0.481909
0.645505
 1.00493
0.490912
0.511105
0.997001
       1
count 266
(curr.pk-pk_prev).cwiseAbs().sum() 0.0631264
(curr.pk-p0).cwiseAbs().sum() 3.02633
stable?: 1 converged?: 1 G: 3.14965e-08
tp: 4
Elapsed Time d2w: 112666 us
Elapsed Time dG: 7552 us
vz_norm: 7.98477e-08vp_norm: 1.81188e-08
zk  -0.00424026
  0.00345386
-0.000869876
 -0.00506011
 -0.00498924
 0.000332177
 -0.00224622
  0.00183656
-0.000447941
-0.000944882
-0.000985934
 0.000161625
 2.00606e-13
           0
           0
-2.05885e-13
           0
           0
 0.000221994
           0
           0
 8.71454e-05
           0
-8.98219e-05
           0
 0.000280835
           0
           0
 -6.1438e-06
 5.03281e-05
           0
           0
 4.94925e-05
           0
           0
-1.15269e-06
           0
           0
 1.80898e-08
-6.55231e-09
 1.84277e-08
-6.67472e-09
 5.09327e-05
           0
           0
  5.0969e-05
           0
           0
-3.14268e-07
           0
           0
           0
           0
           0
           0
 2.03844e-06
   -0.185238
    -0.18488
  0.00936472
           0
           0
pk 0.947678
       1
       1
0.944338
       1
       1
0.972866
0.993598
       1
0.919396
0.998983
       1
0.915325
0.998852
       1
0.945755
0.991844
       1
0.893087
 1.00184
       1
0.880665
 1.00123
       1
0.883893
0.995364
0.917859
0.639796
 1.00414
 0.46531
0.657351
 1.00498
0.503215
0.508664
0.997001
       1
count 267
(curr.pk-pk_prev).cwiseAbs().sum() 0.0634907
(curr.pk-p0).cwiseAbs().sum() 3.04135
stable?: 1 converged?: 1 G: 3.14886e-08
tp: 4
Elapsed Time d2w: 113328 us
Elapsed Time dG: 8162 us
vz_norm: 8.74191e-08vp_norm: 1.96322e-08
zk  -0.00393233
 -0.00307943
 -0.00173716
  0.00503887
 -0.00475639
-0.000724948
  -0.0020835
 -0.00163792
-0.000894848
 0.000845427
-0.000914808
-0.000102836
 1.86883e-13
           0
           0
 1.83669e-13
           0
           0
 0.000443391
           0
           0
 8.12166e-05
           0
 8.01646e-05
           0
 0.000561115
           0
           0
 1.22166e-05
-4.49613e-05
           0
           0
 4.61591e-05
           0
           0
  2.2923e-06
           0
           0
 -1.6105e-08
 5.92684e-09
  1.7417e-08
-6.40965e-09
-4.66456e-05
           0
           0
 4.66844e-05
           0
           0
 6.27956e-07
           0
           0
           0
           0
           0
           0
-1.46354e-05
    0.165799
   -0.173527
 -0.00535654
           0
           0
pk 0.947458
       1
       1
0.944136
       1
       1
0.972814
0.993585
       1
 0.91905
0.998978
       1
0.915003
0.998848
       1
0.945654
0.991828
       1
0.892545
 1.00184
       1
0.879893
 1.00123
       1
0.883865
0.995364
 0.91776
 0.65129
 1.00418
0.477496
0.643151
 1.00491
0.488775
0.508052
   0.997
       1
count 268
(curr.pk-pk_prev).cwiseAbs().sum() 0.0557739
(curr.pk-p0).cwiseAbs().sum() 3.04962
stable?: 1 converged?: 1 G: 3.14876e-08
tp: 4
Elapsed Time d2w: 116025 us
Elapsed Time dG: 7460 us
vz_norm: 8.536e-08vp_norm: 1.771e-08
zk   -0.0039445
   0.0031753
 -0.00171021
 -0.00514065
 -0.00473437
 0.000734109
 -0.00209054
  0.00168935
-0.000881003
-0.000875138
-0.000910567
 0.000105258
 1.85663e-13
           0
           0
-1.89856e-13
           0
           0
  0.00043653
           0
           0
 8.07162e-05
           0
-8.28936e-05
           0
 0.000552493
           0
           0
-1.20142e-05
 4.65197e-05
           0
           0
 4.59146e-05
           0
           0
 -2.2544e-06
           0
           0
 1.68867e-08
-6.29732e-09
 1.72856e-08
-6.44608e-09
 4.74157e-05
           0
           0
 4.74499e-05
           0
           0
-6.18316e-07
           0
           0
           0
           0
           0
           0
-1.33166e-05
   -0.173058
   -0.172972
  0.00551471
           0
           0
pk 0.947228
       1
       1
0.943914
       1
       1
0.972756
0.993571
       1
0.918687
0.998973
       1
0.914651
0.998843
       1
0.945544
0.991809
       1
0.891941
 1.00183
       1
0.879092
 1.00123
       1
0.883835
0.995364
0.917651
0.661557
 1.00422
0.488611
0.629412
 1.00484
0.474669
0.507348
   0.997
       1
count 269
(curr.pk-pk_prev).cwiseAbs().sum() 0.0529671
(curr.pk-p0).cwiseAbs().sum() 3.05967
stable?: 1 converged?: 1 G: 3.14861e-08
tp: 4
Elapsed Time d2w: 130567 us
Elapsed Time dG: 8504 us
vz_norm: 7.92805e-08vp_norm: 1.64519e-08
zk   0.00419846
  0.00349041
 -0.00137345
  -0.0049864
  0.00491789
-0.000560089
   0.0022258
  0.00185742
-0.000707711
 -0.00096196
  0.00096953
-0.000207027
-1.96778e-13
           0
           0
-2.08856e-13
           0
           0
 0.000350578
           0
           0
-8.55819e-05
           0
 -9.1224e-05
           0
 0.000443724
           0
           0
   9.636e-06
   5.123e-05
           0
           0
-4.87273e-05
           0
           0
 1.80816e-06
           0
           0
 1.86032e-08
-6.82113e-09
-1.80723e-08
 6.62649e-09
  5.1417e-05
           0
           0
-5.14488e-05
           0
           0
 4.96598e-07
           0
           0
           0
           0
           0
           0
-5.41328e-06
   -0.189888
    0.182082
  -0.0119383
           0
           0
pk 0.946982
       1
       1
0.943642
       1
       1
0.972581
0.993527
       1
0.918297
0.998968
       1
 0.91422
0.998837
       1
 0.94522
0.991754
       1
0.891004
 1.00183
       1
  0.8784
 1.00122
       1
 0.88375
0.995363
0.917452
0.646663
 1.00415
0.473317
0.640338
 1.00488
0.486297
0.505334
0.996999
       1
count 270
(curr.pk-pk_prev).cwiseAbs().sum() 0.0587392
(curr.pk-p0).cwiseAbs().sum() 3.07314
stable?: 1 converged?: 1 G: 3.14782e-08
tp: 4
Elapsed Time d2w: 122960 us
Elapsed Time dG: 8311 us
vz_norm: 8.13396e-08vp_norm: 1.83543e-08
zk  -0.00416798
  0.00339148
  -0.0013951
 -0.00476775
 -0.00493443
 0.000535945
 -0.00221002
  0.00180514
-0.000719045
-0.000930237
 -0.00097678
 0.000210606
 1.97998e-13
           0
           0
-2.01905e-13
           0
           0
 0.000356148
           0
           0
 8.61489e-05
           0
-8.82291e-05
           0
 0.000450911
           0
           0
-9.75302e-06
 4.96012e-05
           0
           0
 4.90897e-05
           0
           0
-1.83028e-06
           0
           0
 1.76855e-08
-6.33075e-09
 1.81705e-08
-6.50436e-09
 5.09229e-05
           0
           0
 5.09601e-05
           0
           0
-5.04669e-07
           0
           0
           0
           0
           0
           0
-7.12471e-06
   -0.181408
   -0.182408
    0.012171
           0
           0
pk 0.946754
       1
       1
0.943395
       1
       1
0.972408
0.993484
       1
0.917934
0.998962
       1
 0.91383
0.998832
       1
  0.9449
0.991699
       1
0.890143
 1.00183
       1
0.877763
 1.00122
       1
0.883667
0.995363
0.917267
0.630613
 1.00407
0.457156
0.651984
 1.00492
0.498305
0.503406
0.996999
       1
count 271
(curr.pk-pk_prev).cwiseAbs().sum() 0.0615129
(curr.pk-p0).cwiseAbs().sum() 3.08718
stable?: 1 converged?: 1 G: 3.14703e-08
tp: 4
Elapsed Time d2w: 127320 us
Elapsed Time dG: 7795 us
vz_norm: 8.606e-08vp_norm: 1.92116e-08
zk  -0.00400222
 -0.00313565
 -0.00147186
  0.00500601
  -0.0048693
 -0.00060972
 -0.00212251
 -0.00166941
 -0.00075842
 0.000862374
-0.000941538
-7.50458e-05
  1.9108e-13
           0
           0
 1.86623e-13
           0
           0
 0.000375818
           0
           0
 8.31713e-05
           0
 8.15852e-05
           0
 0.000476045
           0
           0
 1.02558e-05
  -4.591e-05
           0
           0
  4.7427e-05
           0
           0
  1.9249e-06
           0
           0
-1.63044e-08
 5.91834e-09
  1.7772e-08
-6.45106e-09
 -4.8319e-05
           0
           0
   4.836e-05
           0
           0
 5.32829e-07
           0
           0
           0
           0
           0
           0
-1.03304e-05
    0.168117
   -0.177424
 -0.00376412
           0
           0
pk 0.946533
       1
       1
0.943193
       1
       1
0.972329
0.993464
       1
0.917587
0.998958
       1
 0.91351
0.998827
       1
0.944751
0.991674
       1
0.889601
 1.00182
       1
0.876987
 1.00122
       1
0.883627
0.995363
0.917124
0.642311
 1.00412
0.469351
0.637522
 1.00486
0.483714
0.502464
0.996998
       1
count 272
(curr.pk-pk_prev).cwiseAbs().sum() 0.0568794
(curr.pk-p0).cwiseAbs().sum() 3.09612
stable?: 1 converged?: 1 G: 3.14694e-08
tp: 4
Elapsed Time d2w: 123374 us
Elapsed Time dG: 8021 us
vz_norm: 8.25896e-08vp_norm: 1.76765e-08
zk  -0.00408966
   0.0032562
 -0.00145318
 -0.00519317
 -0.00491819
 0.000623659
  -0.0021696
  0.00173415
-0.000748821
-0.000905735
-0.000949179
 7.39925e-05
 1.92292e-13
           0
           0
-1.95636e-13
           0
           0
 0.000371076
           0
           0
   8.373e-05
           0
 -8.5555e-05
           0
 0.000470118
           0
           0
-1.01088e-05
 4.81723e-05
           0
           0
 4.77868e-05
           0
           0
-1.89741e-06
           0
           0
 1.74242e-08
-6.49454e-09
 1.79574e-08
-6.69328e-09
 4.97795e-05
           0
           0
 4.98161e-05
           0
           0
-5.26208e-07
           0
           0
           0
           0
           0
           0
-8.32558e-06
   -0.178859
       -0.18
  0.00369738
           0
           0
pk  0.94629
       1
       1
0.942961
       1
       1
0.972244
0.993443
       1
0.917204
0.998953
       1
 0.91314
0.998822
       1
0.944592
0.991647
       1
0.888964
 1.00182
       1
0.876139
 1.00121
       1
0.883583
0.995363
0.916965
  0.6533
 1.00416
0.481195
0.622865
 1.00478
0.468638
0.501382
0.996998
       1
count 273
(curr.pk-pk_prev).cwiseAbs().sum() 0.0569859
(curr.pk-p0).cwiseAbs().sum() 3.10729
stable?: 1 converged?: 1 G: 3.14681e-08
tp: 4
Elapsed Time d2w: 126647 us
Elapsed Time dG: 8042 us
vz_norm: 7.82224e-08vp_norm: 1.70559e-08
zk   0.00426866
  0.00351791
 -0.00162994
 -0.00495678
  0.00500045
-0.000654473
  0.00226527
  0.00187397
-0.000840399
-0.000978588
 0.000988734
-0.000234992
-1.99718e-13
           0
           0
 -2.1153e-13
           0
           0
 0.000416207
           0
           0
-8.69995e-05
           0
-9.25429e-05
           0
 0.000527281
           0
           0
 1.13149e-05
 5.21449e-05
           0
           0
-4.97015e-05
           0
           0
 2.12378e-06
           0
           0
  1.8879e-08
-6.91919e-09
-1.83864e-08
 6.73864e-09
   5.299e-05
           0
           0
-5.30231e-05
           0
           0
 5.90207e-07
           0
           0
           0
           0
           0
           0
-8.98031e-06
   -0.192959
    0.185498
  -0.0135571
           0
           0
pk 0.946036
       1
       1
0.942679
       1
       1
0.972077
0.993402
       1
0.916799
0.998947
       1
0.912693
0.998816
       1
0.944282
0.991594
       1
0.887989
 1.00182
       1
0.875421
 1.00121
       1
0.883503
0.995363
0.916776
0.637428
 1.00408
0.464949
0.634603
 1.00483
0.481132
0.499451
0.996997
       1
count 274
(curr.pk-pk_prev).cwiseAbs().sum() 0.062343
(curr.pk-p0).cwiseAbs().sum() 3.121
stable?: 1 converged?: 1 G: 3.14598e-08
tp: 4
Elapsed Time d2w: 117331 us
Elapsed Time dG: 7676 us
vz_norm: 8.15848e-08vp_norm: 1.89686e-08
zk  -0.00416583
  0.00338302
 -0.00165416
 -0.00465702
 -0.00495372
 0.000629149
 -0.00221102
  0.00180241
-0.000853095
-0.000931525
-0.000984061
  0.00023576
 1.98518e-13
           0
           0
-2.01348e-13
           0
           0
 0.000422442
           0
           0
 8.65143e-05
           0
 -8.8131e-05
           0
 0.000535336
           0
           0
-1.14433e-05
 4.97147e-05
           0
           0
 4.94661e-05
           0
           0
-2.14806e-06
           0
           0
 1.75967e-08
-6.23498e-09
 1.82092e-08
  -6.452e-09
 5.17735e-05
           0
           0
  5.1812e-05
           0
           0
-5.99254e-07
           0
           0
           0
           0
           0
           0
-1.15428e-05
   -0.180807
    -0.18301
   0.0136219
           0
           0
pk  0.94581
       1
       1
0.942435
       1
       1
0.971919
0.993362
       1
0.916439
0.998942
       1
0.912308
0.998811
       1
0.943987
0.991544
       1
0.887135
 1.00181
       1
 0.87479
 1.00121
       1
0.883428
0.995363
0.916612
0.620842
   1.004
0.448408
0.646684
 1.00487
0.493469
0.497722
0.996996
       1
count 275
(curr.pk-pk_prev).cwiseAbs().sum() 0.0628959
(curr.pk-p0).cwiseAbs().sum() 3.13489
stable?: 1 converged?: 1 G: 3.14517e-08
tp: 4
Elapsed Time d2w: 117462 us
Elapsed Time dG: 8939 us
vz_norm: 8.41502e-08vp_norm: 1.90198e-08
zk  -0.00410566
 -0.00320152
  -0.0011938
  0.00500925
 -0.00500898
-0.000490586
 -0.00217948
 -0.00170616
-0.000615289
 0.000884366
-0.000975217
-4.43818e-05
 1.96599e-13
           0
           0
 1.90591e-13
           0
           0
 0.000304949
           0
           0
 8.57115e-05
           0
 8.34574e-05
           0
 0.000386674
           0
           0
 8.23484e-06
-4.71232e-05
           0
           0
  4.9042e-05
           0
           0
 1.54605e-06
           0
           0
-1.66133e-08
 5.97438e-09
 1.82828e-08
-6.57475e-09
-5.03705e-05
           0
           0
 5.04141e-05
           0
           0
 4.32864e-07
           0
           0
           0
           0
           0
           0
-5.57038e-06
    0.171621
   -0.182875
 -0.00199554
           0
           0
pk 0.945585
       1
       1
0.942232
       1
       1
 0.97181
0.993335
       1
0.916085
0.998937
       1
0.911984
0.998806
       1
0.943785
0.991509
       1
0.886584
 1.00181
       1
0.873996
  1.0012
       1
0.883373
0.995362
0.916417
0.633048
 1.00405
0.460972
0.631633
  1.0048
0.478356
0.496385
0.996996
       1
count 276
(curr.pk-pk_prev).cwiseAbs().sum() 0.0594765
(curr.pk-p0).cwiseAbs().sum() 3.14467
stable?: 1 converged?: 1 G: 3.1451e-08
tp: 4
Elapsed Time d2w: 114340 us
Elapsed Time dG: 7544 us
vz_norm: 7.97259e-08vp_norm: 1.77491e-08
zk  -0.00425113
  0.00334591
 -0.00112827
 -0.00524447
 -0.00511201
 0.000487974
 -0.00225753
  0.00178378
-0.000581485
-0.000939693
-0.000992191
 3.54422e-05
 1.99649e-13
           0
           0
-2.02062e-13
           0
           0
 0.000288241
           0
           0
 8.70742e-05
           0
-8.85113e-05
           0
 0.000365585
           0
           0
-7.76426e-06
 5.00066e-05
           0
           0
 4.98657e-05
           0
           0
-1.45782e-06
           0
           0
 1.80211e-08
-6.71461e-09
 1.87007e-08
-6.96782e-09
 5.24233e-05
           0
           0
 5.24626e-05
           0
           0
-4.09271e-07
           0
           0
           0
           0
           0
           0
 -2.1425e-06
   -0.185305
    -0.18781
  0.00145717
           0
           0
pk 0.945328
       1
       1
0.941986
       1
       1
0.971691
0.993306
       1
 0.91568
0.998932
       1
0.911594
0.998801
       1
0.943564
0.991472
       1
 0.88591
  1.0018
       1
0.873095
  1.0012
       1
0.883313
0.995362
0.916198
0.644944
 1.00409
0.473727
0.615846
 1.00472
0.462084
0.494839
0.996995
       1
count 277
(curr.pk-pk_prev).cwiseAbs().sum() 0.0619551
(curr.pk-p0).cwiseAbs().sum() 3.15715
stable?: 1 converged?: 1 G: 3.14499e-08
tp: 4
Elapsed Time d2w: 122049 us
Elapsed Time dG: 7201 us
vz_norm: 7.6945e-08vp_norm: 1.76873e-08
zk   0.00435554
  0.00355535
 -0.00190099
 -0.00493573
  0.00509957
-0.000751922
  0.00231375
  0.00189592
-0.000980782
-0.000999099
  0.00101147
-0.000264377
-2.03293e-13
           0
           0
-2.14988e-13
           0
           0
 0.000485623
           0
           0
-8.87022e-05
           0
-9.42132e-05
           0
 0.000615852
           0
           0
 1.30417e-05
 5.32691e-05
           0
           0
 -5.0851e-05
           0
           0
 2.44863e-06
           0
           0
 1.92331e-08
-7.05075e-09
-1.87604e-08
 6.87745e-09
 5.48264e-05
           0
           0
-5.48609e-05
           0
           0
 6.89468e-07
           0
           0
           0
           0
           0
           0
 -1.2631e-05
   -0.196839
    0.189579
  -0.0152594
           0
           0
pk 0.945063
       1
       1
0.941693
       1
       1
0.971531
0.993266
       1
0.915258
0.998926
       1
0.911128
0.998794
       1
0.943267
0.991421
       1
 0.88489
  1.0018
       1
0.872344
 1.00119
       1
0.883237
0.995362
0.916017
 0.62793
 1.00401
0.456357
0.628534
 1.00477
0.475598
0.492974
0.996995
       1
count 278
(curr.pk-pk_prev).cwiseAbs().sum() 0.0666253
(curr.pk-p0).cwiseAbs().sum() 3.17119
stable?: 1 converged?: 1 G: 3.14412e-08
tp: 4
Elapsed Time d2w: 123022 us
Elapsed Time dG: 8574 us
vz_norm: 8.16619e-08vp_norm: 1.96492e-08
zk  -0.00417335
  0.00338202
 -0.00190074
  -0.0045605
 -0.00498446
 0.000714387
 -0.00221722
  0.00180371
-0.000980884
-0.000935036
-0.000993941
 0.000259387
 1.99493e-13
           0
           0
-2.01252e-13
           0
           0
 0.000485617
           0
           0
  8.7084e-05
           0
-8.82386e-05
           0
 0.000616015
           0
           0
-1.29958e-05
 4.99502e-05
           0
           0
 4.99679e-05
           0
           0
 -2.4402e-06
           0
           0
 1.75476e-08
-6.15327e-09
 1.82874e-08
-6.41271e-09
 5.27997e-05
           0
           0
 5.28397e-05
           0
           0
-6.89686e-07
           0
           0
           0
           0
           0
           0
-1.57137e-05
   -0.180628
   -0.184053
   0.0149866
           0
           0
pk 0.944838
       1
       1
0.941452
       1
       1
0.971385
 0.99323
       1
  0.9149
 0.99892
       1
0.910747
0.998789
       1
0.942994
0.991375
       1
0.884039
  1.0018
       1
0.871718
 1.00119
       1
0.883169
0.995362
0.915872
0.610685
 1.00393
0.439322
 0.64115
 1.00482
0.488353
0.491429
0.996994
       1
count 279
(curr.pk-pk_prev).cwiseAbs().sum() 0.064736
(curr.pk-p0).cwiseAbs().sum() 3.18501
stable?: 1 converged?: 1 G: 3.14329e-08
tp: 4
Elapsed Time d2w: 121379 us
Elapsed Time dG: 7438 us
vz_norm: 8.20689e-08vp_norm: 1.88433e-08
zk  -0.00422391
  -0.0032746
 -0.00090414
  0.00501469
  -0.0051777
-0.000368462
 -0.00224449
 -0.00174688
 -0.00046604
 0.000909005
 -0.00101303
-1.25885e-05
 2.02813e-13
           0
           0
 1.95076e-13
           0
           0
 0.000231069
           0
           0
 8.85673e-05
           0
 8.55658e-05
           0
 0.000293342
           0
           0
 6.16669e-06
-4.84834e-05
           0
           0
 5.08551e-05
           0
           0
 1.15816e-06
           0
           0
-1.69661e-08
 6.04618e-09
 1.88596e-08
-6.72097e-09
-5.26795e-05
           0
           0
  5.2726e-05
           0
           0
 3.28438e-07
           0
           0
           0
           0
           0
           0
-5.23142e-07
    0.175614
   -0.189044
-0.000159684
           0
           0
pk 0.944608
       1
       1
0.941245
       1
       1
0.971243
0.993195
       1
0.914537
0.998916
       1
0.910416
0.998784
       1
0.942732
 0.99133
       1
0.883476
 1.00179
       1
  0.8709
 1.00119
       1
0.883099
0.995362
0.915621
0.623489
 1.00398
0.452342
0.625399
 1.00474
0.472609
0.489644
0.996994
       1
count 280
(curr.pk-pk_prev).cwiseAbs().sum() 0.0625589
(curr.pk-p0).cwiseAbs().sum() 3.19576
stable?: 1 converged?: 1 G: 3.14324e-08
tp: 4
Elapsed Time d2w: 123450 us
Elapsed Time dG: 8504 us
vz_norm: 7.67905e-08vp_norm: 1.78457e-08
zk  -0.00442997
  0.00344517
-0.000753074
 -0.00527986
 -0.00533954
 0.000334992
 -0.00235493
  0.00183865
-0.000388021
-0.000977281
 -0.00104001
 -8.1317e-06
 2.07781e-13
           0
           0
-2.09191e-13
           0
           0
 0.000192498
           0
           0
 9.07723e-05
           0
-9.17897e-05
           0
 0.000244491
           0
           0
-5.12013e-06
 5.20414e-05
           0
           0
 5.21684e-05
           0
           0
-9.61744e-07
           0
           0
 1.86784e-08
-6.95402e-09
 1.95153e-08
-7.26559e-09
 5.53843e-05
           0
           0
 5.54266e-05
           0
           0
-2.73755e-07
           0
           0
           0
           0
           0
           0
 4.99821e-06
   -0.192409
   -0.196423
 -0.00107495
           0
           0
pk 0.944336
       1
       1
0.940986
       1
       1
0.971084
0.993155
       1
0.914106
 0.99891
       1
0.910004
0.998778
       1
0.942438
0.991279
       1
0.882763
 1.00179
       1
0.869939
 1.00118
       1
 0.88302
0.995361
0.915332
0.636443
 1.00403
 0.46615
0.608301
 1.00466
0.454951
0.487554
0.996993
       1
count 281
(curr.pk-pk_prev).cwiseAbs().sum() 0.0677199
(curr.pk-p0).cwiseAbs().sum() 3.20978
stable?: 1 converged?: 1 G: 3.14316e-08
tp: 4
Elapsed Time d2w: 114330 us
Elapsed Time dG: 7543 us
vz_norm: 7.35178e-08vp_norm: 1.78612e-08
zk   0.00457688
  0.00367158
 -0.00231728
 -0.00501117
  0.00532936
-0.000903786
  0.00243397
   0.0019601
 -0.00119637
 -0.00104935
  0.00106329
-0.000310414
-2.12291e-13
           0
           0
-2.24301e-13
           0
           0
 0.000592245
           0
           0
-9.27856e-05
           0
-9.84637e-05
           0
 0.000751915
           0
           0
 1.56869e-05
 5.58707e-05
           0
           0
-5.33847e-05
           0
           0
 2.94622e-06
           0
           0
  2.0167e-08
-7.44665e-09
-1.96825e-08
 7.26776e-09
 5.82622e-05
           0
           0
 -5.8299e-05
           0
           0
 8.41958e-07
           0
           0
           0
           0
           0
           0
-1.74651e-05
   -0.206938
    0.199452
  -0.0179164
           0
           0
pk 0.944042
       1
       1
0.940661
       1
       1
0.970923
0.993115
       1
0.913638
0.998903
       1
0.909489
0.998771
       1
0.942137
0.991228
       1
0.881632
 1.00178
       1
0.869105
 1.00118
       1
0.882944
0.995361
0.915152
0.617622
 1.00393
0.446882
0.622328
 1.00471
0.470034
0.485692
0.996992
       1
count 282
(curr.pk-pk_prev).cwiseAbs().sum() 0.0736039
(curr.pk-p0).cwiseAbs().sum() 3.22496
stable?: 1 converged?: 1 G: 3.1422e-08
tp: 4
Elapsed Time d2w: 118433 us
Elapsed Time dG: 7565 us
vz_norm: 2.5693e-08vp_norm: 6.4155e-09
backtrackingCount 0
pk 0.943754
       1
       1
0.940368
       1
       1
0.970753
0.993073
       1
0.913181
0.998897
       1
0.909023
0.998765
       1
0.941813
0.991174
       1
0.880673
 1.00178
       1
0.868219
 1.00117
       1
 0.88287
0.995361
0.915143
0.609238
 1.00389
0.438965
0.625463
 1.00472
0.473325
0.485403
0.996992
       1
backtracking time: 36505 us
backtracking count: 1
zk   0.00215529
  0.00409822
 -0.00512492
 -0.00531611
  0.00289914
 0.000397791
  0.00114568
  0.00218881
 -0.00264607
 -0.00131793
 0.000522793
 5.59018e-05
-1.12302e-13
           0
           0
-2.69877e-13
           0
           0
  0.00130992
           0
           0
-4.90674e-05
           0
-0.000118489
           0
  0.00166341
           0
           0
-7.16974e-06
 6.72582e-05
           0
           0
-2.82123e-05
           0
           0
-1.34694e-06
           0
           0
 2.39617e-08
-8.64453e-09
-1.05795e-08
 4.12029e-09
 7.07219e-05
           0
           0
-3.12539e-05
           0
           0
-3.89233e-07
           0
           0
           0
           0
           0
           0
 -4.6796e-05
   -0.252938
    0.102994
  0.00291314
           0
           0
pk 0.943754
       1
       1
0.940368
       1
       1
0.970753
0.993073
       1
0.913181
0.998897
       1
0.909023
0.998765
       1
0.941813
0.991174
       1
0.880673
 1.00178
       1
0.868219
 1.00117
       1
 0.88287
0.995361
0.915143
0.609238
 1.00389
0.438965
0.625463
 1.00472
0.473325
0.485403
0.996992
       1
count 283
(curr.pk-pk_prev).cwiseAbs().sum() 0.027107
(curr.pk-p0).cwiseAbs().sum() 3.23911
stable?: 1 converged?: 1 G: 3.14135e-08
tp: 4
Elapsed Time d2w: 130046 us
Elapsed Time dG: 7637 us
vz_norm: 3.3204e-09vp_norm: 2.12275e-09
backtrackingCount 0
pk 0.941655
       1
       1
0.938306
       1
       1
 0.96816
0.992425
       1
0.909803
0.998851
       1
0.905695
0.998719
       1
0.937048
0.990342
       1
0.873116
 1.00174
       1
0.860487
 1.00113
       1
0.881439
0.995357
0.909576
0.508004
 1.00307
0.286762
0.525204
  1.0039
0.323739
0.449531
0.996972
       1
backtrackingCount 1
pk 0.943623
       1
       1
0.940239
       1
       1
 0.97059
0.993032
       1
 0.91297
0.998894
       1
0.908815
0.998762
       1
0.941516
0.991122
       1
  0.8802
 1.00178
       1
0.867735
 1.00117
       1
0.882781
0.995361
0.914795
0.602911
 1.00384
0.429453
0.619197
 1.00467
0.463976
0.483161
0.996991
       1
backtracking time: 42584 us
backtracking count: 2
zk   0.00238759
  0.00430783
 -0.00508488
 -0.00639215
  0.00294453
-0.000502487
   0.0012705
  0.00230086
  -0.0026254
  -0.0015405
 0.000760838
 0.000862118
-1.11425e-13
           0
           0
-2.67769e-13
           0
           0
  0.00129968
           0
           0
 -4.8684e-05
           0
-0.000117563
           0
  0.00165041
           0
           0
-7.11372e-06
 6.67328e-05
           0
           0
-2.79919e-05
           0
           0
-1.33642e-06
           0
           0
 2.37745e-08
  -8.577e-09
-1.04968e-08
  4.0881e-09
 7.01694e-05
           0
           0
-3.10097e-05
           0
           0
-3.86192e-07
           0
           0
           0
           0
           0
           0
-3.61014e-05
   -0.276993
    0.128423
   0.0515254
           0
           0
pk 0.943623
       1
       1
0.940239
       1
       1
 0.97059
0.993032
       1
 0.91297
0.998894
       1
0.908815
0.998762
       1
0.941516
0.991122
       1
  0.8802
 1.00178
       1
0.867735
 1.00117
       1
0.882781
0.995361
0.914795
0.602911
 1.00384
0.429453
0.619197
 1.00467
0.463976
0.483161
0.996991
       1
count 284
(curr.pk-pk_prev).cwiseAbs().sum() 0.0364361
(curr.pk-p0).cwiseAbs().sum() 3.27533
stable?: 1 converged?: 1 G: 3.13988e-08
tp: 4
Elapsed Time d2w: 123648 us
Elapsed Time dG: 8320 us
vz_norm: 3.28491e-09vp_norm: 2.10883e-09
backtrackingCount 0
pk 0.941519
       1
       1
0.938172
       1
       1
 0.96798
 0.99238
       1
0.909583
0.998848
       1
0.905478
0.998717
       1
0.936717
0.990284
       1
0.872628
 1.00174
       1
0.859989
 1.00113
       1
0.881331
0.995356
  0.9089
0.499835
   1.003
0.275053
0.517034
 1.00384
0.312147
0.446445
 0.99697
       1
backtrackingCount 1
pk 0.943491
       1
       1
 0.94011
       1
       1
0.970427
0.992992
       1
0.912758
0.998891
       1
0.908607
0.998759
       1
0.941216
0.991069
       1
0.879727
 1.00177
       1
0.867251
 1.00117
       1
 0.88269
 0.99536
0.914427
0.596469
 1.00379
0.419803
0.612812
 1.00461
0.454487
0.480866
0.996989
       1
backtracking time: 40708 us
backtracking count: 2
zk   0.00261962
  0.00449165
 -0.00504516
 -0.00730168
  0.00300982
 0.000391881
  0.00139524
  0.00239894
 -0.00260489
 -0.00176086
 0.000999642
   0.0016786
-1.10554e-13
           0
           0
-2.65677e-13
           0
           0
  0.00128953
           0
           0
-4.83037e-05
           0
-0.000116645
           0
  0.00163752
           0
           0
-7.05815e-06
 6.62114e-05
           0
           0
-2.77732e-05
           0
           0
-1.32598e-06
           0
           0
 2.35887e-08
-8.50999e-09
-1.04148e-08
 4.05616e-09
 6.96212e-05
           0
           0
-3.07674e-05
           0
           0
-3.83175e-07
           0
           0
           0
           0
           0
           0
-2.54442e-05
   -0.300816
    0.153939
    0.100647
           0
           0
pk 0.943491
       1
       1
 0.94011
       1
       1
0.970427
0.992992
       1
0.912758
0.998891
       1
0.908607
0.998759
       1
0.941216
0.991069
       1
0.879727
 1.00177
       1
0.867251
 1.00117
       1
 0.88269
 0.99536
0.914427
0.596469
 1.00379
0.419803
0.612812
 1.00461
0.454487
0.480866
0.996989
       1
count 285
(curr.pk-pk_prev).cwiseAbs().sum() 0.037031
(curr.pk-p0).cwiseAbs().sum() 3.31214
stable?: 1 converged?: 1 G: 3.1384e-08
tp: 4
Elapsed Time d2w: 120004 us
Elapsed Time dG: 8070 us
vz_norm: 3.21477e-09vp_norm: 2.09545e-09
backtrackingCount 0
pk 0.941328
       1
       1
0.937985
       1
       1
0.967742
 0.99232
       1
0.909276
0.998844
       1
0.905176
0.998713
       1
0.936277
0.990207
       1
0.871952
 1.00173
       1
0.859298
 1.00113
       1
0.881188
0.995356
0.908056
0.489201
 1.00292
0.259748
0.506402
 1.00376
0.297004
0.442454
0.996968
       1
backtrackingCount 1
pk 0.943356
       1
       1
0.939977
       1
       1
 0.97026
 0.99295
       1
0.912541
0.998888
       1
0.908392
0.998756
       1
0.940907
0.991015
       1
0.879241
 1.00177
       1
0.866754
 1.00117
       1
0.882596
 0.99536
0.914029
0.589764
 1.00373
0.409799
0.606161
 1.00456
0.444644
0.478466
0.996988
       1
backtracking time: 45559 us
backtracking count: 2
zk   0.00285755
  0.00467896
 -0.00500574
   -0.008242
  0.00311561
  0.00129018
  0.00152321
  0.00249887
 -0.00258454
  -0.0019854
  0.00124664
  0.00250938
-1.09691e-13
           0
           0
-2.63601e-13
           0
           0
  0.00127946
           0
           0
-4.79263e-05
           0
-0.000115734
           0
  0.00162472
           0
           0
-7.00301e-06
 6.56941e-05
           0
           0
-2.75562e-05
           0
           0
-1.31562e-06
           0
           0
 2.34044e-08
 -8.4435e-09
-1.03334e-08
 4.02448e-09
 6.90773e-05
           0
           0
-3.05271e-05
           0
           0
-3.80181e-07
           0
           0
           0
           0
           0
           0
-1.45238e-05
   -0.325111
    0.180343
    0.150627
           0
           0
pk 0.943356
       1
       1
0.939977
       1
       1
 0.97026
 0.99295
       1
0.912541
0.998888
       1
0.908392
0.998756
       1
0.940907
0.991015
       1
0.879241
 1.00177
       1
0.866754
 1.00117
       1
0.882596
 0.99536
0.914029
0.589764
 1.00373
0.409799
0.606161
 1.00456
0.444644
0.478466
0.996988
       1
count 286
(curr.pk-pk_prev).cwiseAbs().sum() 0.038469
(curr.pk-p0).cwiseAbs().sum() 3.35039
stable?: 1 converged?: 1 G: 3.13688e-08
tp: 4
Elapsed Time d2w: 117273 us
Elapsed Time dG: 7055 us
vz_norm: 3.14545e-09vp_norm: 2.0823e-09
not stable: 0.163
backtrackingCount 0
pk 0.941133
       1
       1
0.937793
       1
       1
0.967497
0.992259
       1
0.908962
 0.99884
       1
0.904866
0.998709
       1
0.935823
0.990128
       1
0.871261
 1.00173
       1
0.858593
 1.00112
       1
 0.88104
0.995356
0.907146
0.478103
 1.00284
0.243825
0.495291
 1.00368
0.281236
0.438246
0.996966
       1
backtrackingCount 1
pk 0.943217
       1
       1
0.939841
       1
       1
0.970087
0.992907
       1
0.912317
0.998885
       1
0.908172
0.998754
       1
0.940589
 0.99096
       1
0.878742
 1.00177
       1
0.866244
 1.00116
       1
0.882499
 0.99536
0.913599
0.582786
 1.00368
0.399426
0.599232
 1.00451
0.434431
0.475952
0.996987
       1
backtracking time: 36312 us
backtracking count: 2
zk   0.00310176
  0.00486991
 -0.00496663
 -0.00921521
  0.00326637
  0.00219221
   0.0016544
  0.00260072
 -0.00256435
 -0.00221429
  0.00150233
  0.00335503
-1.08834e-13
           0
           0
-2.61542e-13
           0
           0
  0.00126946
           0
           0
-4.75519e-05
           0
-0.000114829
           0
  0.00161203
           0
           0
 -6.9483e-06
 6.51809e-05
           0
           0
-2.73409e-05
           0
           0
-1.30534e-06
           0
           0
 2.32216e-08
-8.37754e-09
-1.02527e-08
 3.99303e-09
 6.85376e-05
           0
           0
-3.02886e-05
           0
           0
-3.77211e-07
           0
           0
           0
           0
           0
           0
-3.33137e-06
   -0.349898
    0.207689
    0.201501
           0
           0
pk 0.943217
       1
       1
0.939841
       1
       1
0.970087
0.992907
       1
0.912317
0.998885
       1
0.908172
0.998754
       1
0.940589
 0.99096
       1
0.878742
 1.00177
       1
0.866244
 1.00116
       1
0.882499
 0.99536
0.913599
0.582786
 1.00368
0.399426
0.599232
 1.00451
0.434431
0.475952
0.996987
       1
count 287
(curr.pk-pk_prev).cwiseAbs().sum() 0.0399771
(curr.pk-p0).cwiseAbs().sum() 3.39013
stable?: 1 converged?: 1 G: 3.13533e-08
tp: 4
Elapsed Time d2w: 115732 us
Elapsed Time dG: 7619 us
vz_norm: 7.63923e-09vp_norm: 4.0691e-09
backtrackingCount 0
pk 0.942818
       1
       1
0.939416
       1
       1
0.969559
0.992765
       1
0.911672
0.998876
       1
0.907492
0.998745
       1
0.939646
 0.99078
       1
0.877095
 1.00176
       1
0.864856
 1.00116
       1
0.882223
0.995359
0.913711
0.502957
  1.0034
0.354207
0.615433
 1.00442
0.416345
0.488942
0.996986
       1
backtrackingCount 1
pk 0.943192
       1
       1
0.939814
       1
       1
0.970054
0.992898
       1
0.912277
0.998884
       1
0.908129
0.998753
       1
 0.94053
0.990949
       1
 0.87864
 1.00177
       1
0.866157
 1.00116
       1
0.882482
 0.99536
0.913606
0.577796
 1.00366
  0.3966
0.600244
  1.0045
  0.4333
0.476764
0.996987
       1
backtracking time: 37311 us
backtracking count: 2
zk   0.00249939
  0.00538117
 -0.00349614
  -0.0103781
  0.00256627
  0.00176647
  0.00133425
  0.00287319
 -0.00180515
 -0.00236868
  0.00139906
  0.00333304
 -8.0033e-14
           0
           0
-2.86951e-13
           0
           0
 0.000893294
           0
           0
-3.49399e-05
           0
-0.000126008
           0
  0.00113339
           0
           0
 2.59239e-06
 7.15595e-05
           0
           0
  -2.005e-05
           0
           0
 4.87791e-07
           0
           0
 2.45559e-08
-8.13194e-09
-8.52405e-09
 4.15778e-09
 7.58693e-05
           0
           0
-2.21783e-05
           0
           0
 1.47759e-07
           0
           0
           0
           0
           0
           0
 2.21333e-05
   -0.369187
    0.193149
    0.201164
           0
           0
pk 0.943192
       1
       1
0.939814
       1
       1
0.970054
0.992898
       1
0.912277
0.998884
       1
0.908129
0.998753
       1
 0.94053
0.990949
       1
 0.87864
 1.00177
       1
0.866157
 1.00116
       1
0.882482
 0.99536
0.913606
0.577796
 1.00366
  0.3966
0.600244
  1.0045
  0.4333
0.476764
0.996987
       1
count 288
(curr.pk-pk_prev).cwiseAbs().sum() 0.011255
(curr.pk-p0).cwiseAbs().sum() 3.39768
stable?: 1 converged?: 1 G: 3.13466e-08
tp: 4
Elapsed Time d2w: 113798 us
Elapsed Time dG: 7165 us
vz_norm: 3.07154e-09vp_norm: 2.07029e-09
backtrackingCount 0
pk 0.940896
       1
       1
0.937583
       1
       1
0.967199
0.992184
       1
0.908579
0.998836
       1
0.904526
0.998705
       1
0.935273
0.990031
       1
0.870491
 1.00173
       1
0.857739
 1.00112
       1
0.880865
0.995355
0.906227
0.461309
 1.00273
0.223972
0.483887
 1.00358
0.262633
 0.43464
0.996964
       1
backtrackingCount 1
pk 0.943049
       1
       1
0.939675
       1
       1
0.969875
0.992853
       1
0.912046
0.998881
       1
0.907904
 0.99875
       1
0.940202
0.990891
       1
 0.87813
 1.00177
       1
0.865631
 1.00116
       1
0.882381
0.995359
0.913144
0.570516
  1.0036
0.385811
0.592972
 1.00444
0.422634
0.474131
0.996985
       1
backtracking time: 39310 us
backtracking count: 2
zk   0.00275247
  0.00557381
 -0.00346882
  -0.0113911
  0.00275793
  0.00267754
  0.00147021
  0.00297595
 -0.00179105
 -0.00260205
   0.0016659
  0.00419604
-7.94077e-14
           0
           0
-2.84709e-13
           0
           0
 0.000886315
           0
           0
-3.46669e-05
           0
-0.000125024
           0
  0.00112453
           0
           0
 2.57214e-06
 7.10005e-05
           0
           0
-1.98934e-05
           0
           0
  4.8398e-07
           0
           0
 2.43641e-08
-8.06841e-09
-8.45745e-09
  4.1253e-09
 7.52766e-05
           0
           0
 -2.2005e-05
           0
           0
 1.46605e-07
           0
           0
           0
           0
           0
           0
 3.34271e-05
   -0.394465
    0.221731
    0.253072
           0
           0
pk 0.943049
       1
       1
0.939675
       1
       1
0.969875
0.992853
       1
0.912046
0.998881
       1
0.907904
 0.99875
       1
0.940202
0.990891
       1
 0.87813
 1.00177
       1
0.865631
 1.00116
       1
0.882381
0.995359
0.913144
0.570516
  1.0036
0.385811
0.592972
 1.00444
0.422634
0.474131
0.996985
       1
count 289
(curr.pk-pk_prev).cwiseAbs().sum() 0.0417162
(curr.pk-p0).cwiseAbs().sum() 3.43915
stable?: 1 converged?: 1 G: 3.13307e-08
tp: 1939
Elapsed Time d2w: 57792960 us
Elapsed Time dG: 7796 us
vz_norm: 3.93732e-08vp_norm: 5.13772e-08
zk   -0.0342508
  -0.0591871
   0.0914218
   0.0867669
  -0.0621493
    0.245013
  -0.0261271
  -0.0278842
  -0.0177109
-0.000172754
 -0.00270689
   0.0173661
 2.44057e-12
           0
           0
 7.27056e-13
           0
           0
  -0.0274734
           0
           0
  0.00107634
           0
 0.000343468
           0
  -0.0440165
           0
           0
 -0.00439723
   0.0026137
           0
           0
 -0.00102371
           0
           0
-0.000789226
           0
           0
-4.52057e-10
 6.87609e-10
-5.04688e-10
 7.84422e-10
-4.73043e-05
           0
           0
 0.000484961
           0
           0
-8.23727e-05
           0
           0
           0
           0
           0
           0
-0.000292767
  -0.0167736
   -0.282173
     1.04027
           0
           0
pk 0.943514
       1
       1
0.838897
       1
       1
0.977824
0.992499
       1
0.919891
0.998696
       1
0.764936
0.995405
       1
0.935721
0.993173
       1
0.865833
  1.0016
       1
0.892823
0.992597
       1
0.747815
0.986755
0.904239
0.512384
 1.04157
0.403556
0.633282
 1.01565
0.403346
0.160934
0.988341
       1
count 290
(curr.pk-pk_prev).cwiseAbs().sum() 0.977429
(curr.pk-p0).cwiseAbs().sum() 4.20635
stable?: 1 converged?: 1 G: 3.1516e-08
tp: 4580
Elapsed Time d2w: 137116589 us
Elapsed Time dG: 7709 us
vz_norm: 1.88664e-07vp_norm: 1.48738e-07
backtrackingCount 0
pk 0.943556
       1
       1
0.838884
       1
       1
0.973831
0.991567
       1
0.920003
 0.99869
       1
0.764845
0.995405
       1
0.932433
0.990387
       1
0.865658
  1.0016
       1
0.892586
0.992644
       1
0.754236
0.986733
0.905019
0.511982
 1.04146
0.403868
 0.63206
 1.01575
 0.40299
 0.20861
0.988406
       1
backtrackingCount 1
pk 0.943516
       1
       1
0.838896
       1
       1
0.977574
0.992441
       1
0.919898
0.998695
       1
 0.76493
0.995405
       1
0.935516
0.992999
       1
0.865822
  1.0016
       1
0.892809
  0.9926
       1
0.748216
0.986754
0.904287
0.512359
 1.04156
0.403575
0.633205
 1.01565
0.403323
0.163914
0.988345
       1
backtracking time: 251137 us
backtracking count: 2
zk   -0.0340032
  -0.0587456
   0.0913352
   0.0846717
  -0.0611539
    0.243097
  -0.0259503
  -0.0276921
  -0.0167324
-0.000167473
 -0.00267767
    0.017394
 2.42085e-12
           0
           0
 7.21513e-13
           0
           0
  -0.0273863
           0
           0
  0.00106769
           0
 0.000340844
           0
  -0.0437687
           0
           0
 -0.00436283
  0.00259319
           0
           0
 -0.00101609
           0
           0
-0.000783015
           0
           0
-4.42511e-10
 6.77759e-10
-4.93344e-10
 7.72003e-10
-4.68217e-05
           0
           0
 0.000481139
           0
           0
-8.17286e-05
           0
           0
           0
           0
           0
           0
-0.000263867
  -0.0161702
   -0.279185
     1.04201
           0
           0
pk 0.943516
       1
       1
0.838896
       1
       1
0.977574
0.992441
       1
0.919898
0.998695
       1
 0.76493
0.995405
       1
0.935516
0.992999
       1
0.865822
  1.0016
       1
0.892809
  0.9926
       1
0.748216
0.986754
0.904287
0.512359
 1.04156
0.403575
0.633205
 1.01565
0.403323
0.163914
0.988345
       1
count 291
(curr.pk-pk_prev).cwiseAbs().sum() 0.00432468
(curr.pk-p0).cwiseAbs().sum() 4.20373
stable?: 1 converged?: 1 G: 3.15139e-08
tp: 4558
Elapsed Time d2w: 134543523 us
Elapsed Time dG: 7410 us
vz_norm: 1.0824e-06vp_norm: 8.6475e-07
backtrackingCount 0
pk 0.943418
       1
       1
0.838886
       1
       1
 0.97321
0.991428
       1
0.919875
0.998691
       1
0.764898
0.995405
       1
0.932087
0.989966
       1
0.865756
  1.0016
       1
0.892543
0.992631
       1
0.755388
 0.98682
0.904978
0.511768
 1.04148
  0.4038
0.631845
 1.01574
0.403043
0.212723
0.988412
       1
backtrackingCount 1
pk  0.94351
       1
       1
0.838896
       1
       1
0.977302
0.992378
       1
0.919897
0.998695
       1
0.764928
0.995405
       1
0.935301
0.992809
       1
0.865818
  1.0016
       1
0.892792
0.992602
       1
0.748665
0.986758
0.904331
0.512322
 1.04155
0.403589
 0.63312
 1.01566
0.403306
0.166965
0.988349
       1
backtracking time: 242445 us
backtracking count: 2
zk   -0.0337555
  -0.0583144
   0.0912697
   0.0826168
  -0.0602624
    0.241182
  -0.0257776
  -0.0275098
  -0.0157352
-0.000163755
 -0.00264997
   0.0174253
 2.40007e-12
           0
           0
 7.17193e-13
           0
           0
  -0.0273038
           0
           0
  0.00105859
           0
  0.00033884
           0
  -0.0435235
           0
           0
 -0.00432846
  0.00257171
           0
           0
  -0.0010095
           0
           0
-0.000776847
           0
           0
-4.34728e-10
 6.69819e-10
-4.78892e-10
 7.56637e-10
-4.64318e-05
           0
           0
 0.000477299
           0
           0
-8.10841e-05
           0
           0
           0
           0
           0
           0
-0.000234323
  -0.0157236
   -0.276389
     1.04395
           0
           0
pk  0.94351
       1
       1
0.838896
       1
       1
0.977302
0.992378
       1
0.919897
0.998695
       1
0.764928
0.995405
       1
0.935301
0.992809
       1
0.865818
  1.0016
       1
0.892792
0.992602
       1
0.748665
0.986758
0.904331
0.512322
 1.04155
0.403589
 0.63312
 1.01566
0.403306
0.166965
0.988349
       1
count 292
(curr.pk-pk_prev).cwiseAbs().sum() 0.0044871
(curr.pk-p0).cwiseAbs().sum() 4.20108
stable?: 1 converged?: 1 G: 3.15118e-08
tp: 3008
Elapsed Time d2w: 89212992 us
Elapsed Time dG: 8564 us
vz_norm: 1.63919e-07vp_norm: 1.49557e-07
backtrackingCount 0
pk 0.943757
       1
       1
0.838863
       1
       1
0.972589
0.991436
       1
0.920161
0.998695
       1
0.764864
0.995406
       1
0.930932
0.989766
       1
0.865513
  1.0016
       1
0.892706
0.992588
       1
0.758336
0.986998
0.904728
0.510997
 1.04157
0.403904
0.632284
 1.01567
0.402641
0.220655
 0.98847
       1
backtrackingCount 1
pk 0.943526
       1
       1
0.838894
       1
       1
0.977007
0.992319
       1
0.919913
0.998695
       1
0.764924
0.995405
       1
0.935028
0.992619
       1
0.865799
  1.0016
       1
0.892787
0.992601
       1
0.749269
0.986773
0.904356
0.512239
 1.04156
0.403609
0.633068
 1.01566
0.403264
 0.17032
0.988357
       1
backtracking time: 255207 us
backtracking count: 2
zk   -0.0335153
  -0.0578737
   0.0913151
   0.0799928
  -0.0591905
    0.239257
  -0.0256036
  -0.0272893
  -0.0146609
-0.000158445
 -0.00261796
   0.0174605
  2.3773e-12
           0
           0
 7.14492e-13
           0
           0
   -0.027248
           0
           0
  0.00104861
           0
 0.000337654
           0
  -0.0433081
           0
           0
 -0.00429391
  0.00254863
           0
           0
 -0.00100504
           0
           0
-0.000770711
           0
           0
-4.22399e-10
 6.58084e-10
-4.60147e-10
 7.38018e-10
-4.59978e-05
           0
           0
 0.000473315
           0
           0
-8.04492e-05
           0
           0
           0
           0
           0
           0
-0.000202463
  -0.0151079
   -0.273168
     1.04614
           0
           0
pk 0.943526
       1
       1
0.838894
       1
       1
0.977007
0.992319
       1
0.919913
0.998695
       1
0.764924
0.995405
       1
0.935028
0.992619
       1
0.865799
  1.0016
       1
0.892787
0.992601
       1
0.749269
0.986773
0.904356
0.512239
 1.04156
0.403609
0.633068
 1.01566
0.403264
 0.17032
0.988357
       1
count 293
(curr.pk-pk_prev).cwiseAbs().sum() 0.00508623
(curr.pk-p0).cwiseAbs().sum() 4.19804
stable?: 1 converged?: 1 G: 3.15094e-08
tp: 10713
Elapsed Time d2w: 319173688 us
Elapsed Time dG: 7423 us
vz_norm: 1.97098e-07vp_norm: 1.24167e-07
backtrackingCount 0
pk  0.94359
       1
       1
0.839251
       1
       1
0.974344
0.991211
       1
0.920015
0.998686
       1
0.765274
0.995419
       1
0.933404
0.990086
       1
0.865518
 1.00161
       1
0.892612
0.992634
       1
0.755128
 0.98692
 0.90485
0.510601
 1.04135
 0.40408
0.631903
  1.0159
0.402512
 0.20766
 0.98843
       1
backtracking time: 141303 us
backtracking count: 1
zk   -0.0296547
  -0.0508033
   0.0898713
   0.0417754
    -0.04255
    0.209038
  -0.0227644
  -0.0237624
 0.000595504
 -9.7985e-05
 -0.00213246
   0.0175988
 2.02514e-12
           0
           0
 6.47485e-13
           0
           0
  -0.0258756
           0
           0
 0.000894866
           0
 0.000306572
           0
  -0.0394895
           0
           0
 -0.00375127
  0.00220823
           0
           0
-0.000903526
           0
           0
-0.000673326
           0
           0
-2.16975e-10
 4.60313e-10
-1.74314e-10
 4.55544e-10
-3.98202e-05
           0
           0
  0.00040843
           0
           0
-7.03851e-05
           0
           0
           0
           0
           0
           0
 0.000246676
 -0.00833183
   -0.224342
     1.05537
           0
           0
pk  0.94359
       1
       1
0.839251
       1
       1
0.974344
0.991211
       1
0.920015
0.998686
       1
0.765274
0.995419
       1
0.933404
0.990086
       1
0.865518
 1.00161
       1
0.892612
0.992634
       1
0.755128
 0.98692
 0.90485
0.510601
 1.04135
 0.40408
0.631903
  1.0159
0.402512
 0.20766
 0.98843
       1
count 294
(curr.pk-pk_prev).cwiseAbs().sum() 0.0577047
(curr.pk-p0).cwiseAbs().sum() 4.16473
stable?: 1 converged?: 1 G: 3.14804e-08
tp: 4384
Elapsed Time d2w: 132600750 us
Elapsed Time dG: 7531 us
vz_norm: 1.80054e-07vp_norm: 1.02243e-07
backtrackingCount 0
pk 0.943528
       1
       1
0.839207
       1
       1
0.969396
0.989779
       1
0.919936
0.998686
       1
0.765256
0.995419
       1
0.931486
 0.98619
       1
0.865897
 1.00162
       1
0.892052
0.992609
       1
0.760074
0.986799
0.905813
0.511716
 1.04152
0.403767
0.629744
  1.0157
0.401333
 0.24315
0.988441
       1
backtrackingCount 1
pk 0.943586
       1
       1
0.839248
       1
       1
0.974035
0.991121
       1
 0.92001
0.998686
       1
0.765273
0.995419
       1
0.933284
0.989842
       1
0.865542
 1.00161
       1
0.892577
0.992632
       1
0.755437
0.986912
 0.90491
0.510671
 1.04136
0.404061
0.631768
 1.01588
0.402438
0.209878
0.988431
       1
backtrackingCount 2
pk  0.94359
       1
       1
0.839251
       1
       1
0.974334
0.991208
       1
0.920015
0.998686
       1
0.765274
0.995419
       1
  0.9334
0.990078
       1
0.865519
 1.00161
       1
0.892611
0.992633
       1
0.755138
0.986919
0.904852
0.510603
 1.04135
 0.40408
0.631899
  1.0159
 0.40251
 0.20773
 0.98843
       1
backtracking time: 446663 us
backtracking count: 3
zk   -0.0296483
  -0.0507917
   0.0898618
   0.0417321
   -0.042538
    0.208987
  -0.0227597
  -0.0237571
 0.000615693
-9.79918e-05
 -0.00213166
   0.0175993
 2.02471e-12
           0
           0
 6.47341e-13
           0
           0
  -0.0258716
           0
           0
 0.000894676
           0
 0.000306504
           0
   -0.039481
           0
           0
 -0.00375035
  0.00220769
           0
           0
-0.000903284
           0
           0
-0.000673161
           0
           0
-2.17664e-10
 4.60281e-10
-1.72095e-10
 4.54327e-10
-3.98166e-05
           0
           0
 0.000408343
           0
           0
-7.03671e-05
           0
           0
           0
           0
           0
           0
 0.000247261
 -0.00832852
   -0.224271
      1.0554
           0
           0
pk  0.94359
       1
       1
0.839251
       1
       1
0.974334
0.991208
       1
0.920015
0.998686
       1
0.765274
0.995419
       1
  0.9334
0.990078
       1
0.865519
 1.00161
       1
0.892611
0.992633
       1
0.755138
0.986919
0.904852
0.510603
 1.04135
 0.40408
0.631899
  1.0159
 0.40251
 0.20773
 0.98843
       1
count 295
(curr.pk-pk_prev).cwiseAbs().sum() 0.000117246
(curr.pk-p0).cwiseAbs().sum() 4.16468
stable?: 1 converged?: 1 G: 3.14803e-08
tp: 4573
Elapsed Time d2w: 137461465 us
Elapsed Time dG: 7612 us
vz_norm: 1.77881e-07vp_norm: 7.77178e-08
backtrackingCount 0
pk 0.943549
       1
       1
 0.83923
       1
       1
0.972543
0.990478
       1
0.919968
0.998686
       1
0.765264
 0.99542
       1
0.933299
0.988356
       1
0.865556
 1.00161
       1
0.892522
0.992632
       1
0.756634
0.986841
0.905305
0.510684
 1.04138
0.403895
0.631067
 1.01585
0.401917
0.221366
0.988431
       1
backtracking time: 134327 us
backtracking count: 1
zk   -0.0279259
  -0.0478328
   0.0869001
   0.0297658
  -0.0400776
    0.195978
   -0.021503
  -0.0224543
  0.00546208
-0.000126772
 -0.00192948
   0.0176461
 1.89094e-12
           0
           0
 6.34046e-13
           0
           0
  -0.0247199
           0
           0
 0.000835826
           0
 0.000301016
           0
  -0.0372017
           0
           0
 -0.00351687
  0.00205382
           0
           0
-0.000859453
           0
           0
-0.000630783
           0
           0
-4.86404e-10
 4.99602e-10
 3.76444e-10
 1.73683e-10
-3.93721e-05
           0
           0
 0.000386313
           0
           0
 -6.5765e-05
           0
           0
           0
           0
           0
           0
  0.00038702
 -0.00987142
   -0.206001
     1.05866
           0
           0
pk 0.943549
       1
       1
 0.83923
       1
       1
0.972543
0.990478
       1
0.919968
0.998686
       1
0.765264
 0.99542
       1
0.933299
0.988356
       1
0.865556
 1.00161
       1
0.892522
0.992632
       1
0.756634
0.986841
0.905305
0.510684
 1.04138
0.403895
0.631067
 1.01585
0.401917
0.221366
0.988431
       1
count 296
(curr.pk-pk_prev).cwiseAbs().sum() 0.0220284
(curr.pk-p0).cwiseAbs().sum() 4.1552
stable?: 1 converged?: 1 G: 3.14707e-08
tp: 11779
Elapsed Time d2w: 344194517 us
Elapsed Time dG: 8213 us
vz_norm: 1.3509e-07vp_norm: 2.21382e-07
backtrackingCount 0
pk 0.943679
       1
       1
0.839028
       1
       1
0.966304
0.989547
       1
0.919989
0.998708
       1
0.765127
0.995408
       1
0.927235
0.984783
       1
0.865653
 1.00158
       1
0.892107
0.992625
       1
0.766041
0.986883
0.906275
0.511258
  1.0415
0.403984
0.629312
 1.01564
0.400911
0.270349
 0.98848
       1
backtrackingCount 1
pk 0.943553
       1
       1
0.839223
       1
       1
0.972348
0.990449
       1
0.919968
0.998687
       1
 0.76526
0.995419
       1
 0.93311
0.988244
       1
0.865559
 1.00161
       1
0.892509
0.992632
       1
0.756928
0.986843
0.905335
0.510702
 1.04139
0.403898
0.631013
 1.01584
0.401886
0.222897
0.988432
       1
backtracking time: 283317 us
backtracking count: 2
zk   -0.0278959
  -0.0477578
   0.0871532
    0.029129
  -0.0398642
    0.195565
  -0.0214821
  -0.0224239
  0.00599506
-0.000123306
 -0.00191655
   0.0176839
 1.89302e-12
           0
           0
 6.31374e-13
           0
           0
  -0.0247576
           0
           0
 0.000836655
           0
 0.000299693
           0
  -0.0371874
           0
           0
 -0.00350945
  0.00205108
           0
           0
-0.000854845
           0
           0
 -0.00062952
           0
           0
-5.10464e-10
 5.18112e-10
 4.35733e-10
 1.37222e-10
-3.94563e-05
           0
           0
 0.000386094
           0
           0
-6.56171e-05
           0
           0
           0
           0
           0
           0
 0.000403532
 -0.00924024
   -0.205022
     1.06096
           0
           0
pk 0.943553
       1
       1
0.839223
       1
       1
0.972348
0.990449
       1
0.919968
0.998687
       1
 0.76526
0.995419
       1
 0.93311
0.988244
       1
0.865559
 1.00161
       1
0.892509
0.992632
       1
0.756928
0.986843
0.905335
0.510702
 1.04139
0.403898
0.631013
 1.01584
0.401886
0.222897
0.988432
       1
count 297
(curr.pk-pk_prev).cwiseAbs().sum() 0.00253394
(curr.pk-p0).cwiseAbs().sum() 4.15394
stable?: 1 converged?: 1 G: 3.14696e-08
tp: 12110
Elapsed Time d2w: 358643097 us
Elapsed Time dG: 10287 us
vz_norm: 1.5306e-07vp_norm: 3.4447e-07
backtrackingCount 0
pk 0.943641
       1
       1
0.839113
       1
       1
0.964223
0.989499
       1
0.919986
  0.9987
       1
 0.76516
0.995416
       1
0.923981
 0.98399
       1
0.865703
 1.00159
       1
0.892158
0.992572
       1
0.771867
0.987199
0.906066
0.511345
 1.04161
  0.4039
0.628716
 1.01553
0.400703
0.287724
0.988549
       1
backtrackingCount 1
pk 0.943556
       1
       1
 0.83922
       1
       1
0.972094
 0.99042
       1
0.919969
0.998687
       1
0.765257
0.995419
       1
0.932824
0.988111
       1
0.865564
 1.00161
       1
0.892498
 0.99263
       1
0.757395
0.986854
0.905358
0.510722
 1.04139
0.403898
0.630941
 1.01583
0.401849
0.224923
0.988436
       1
backtracking time: 178097 us
backtracking count: 2
zk    -0.027895
  -0.0476954
   0.0877994
   0.0280222
  -0.0395305
    0.195104
  -0.0214854
  -0.0223973
  0.00698025
-0.000117602
 -0.00189509
   0.0177529
 1.90112e-12
           0
           0
 6.26331e-13
           0
           0
  -0.0248783
           0
           0
  0.00084006
           0
  0.00029717
           0
  -0.0372362
           0
           0
 -0.00350119
   0.0020503
           0
           0
-0.000847406
           0
           0
-0.000628232
           0
           0
-5.46545e-10
 5.47462e-10
 5.50629e-10
 6.80924e-11
-3.96384e-05
           0
           0
 0.000386465
           0
           0
-6.54524e-05
           0
           0
           0
           0
           0
           0
 0.000434408
 -0.00820938
   -0.203496
     1.06514
           0
           0
pk 0.943556
       1
       1
 0.83922
       1
       1
0.972094
 0.99042
       1
0.919969
0.998687
       1
0.765257
0.995419
       1
0.932824
0.988111
       1
0.865564
 1.00161
       1
0.892498
 0.99263
       1
0.757395
0.986854
0.905358
0.510722
 1.04139
0.403898
0.630941
 1.01583
0.401849
0.224923
0.988436
       1
count 298
(curr.pk-pk_prev).cwiseAbs().sum() 0.00340589
(curr.pk-p0).cwiseAbs().sum() 4.15221
stable?: 1 converged?: 1 G: 3.14683e-08
tp: 15341
Elapsed Time d2w: 461946935 us
Elapsed Time dG: 7759 us
vz_norm: 7.05426e-08vp_norm: 1.87102e-07
backtrackingCount 0
pk 0.944101
       1
       1
0.839139
       1
       1
0.962485
0.989506
       1
0.920286
0.998745
       1
0.765107
0.995418
       1
0.921747
0.983364
       1
0.865564
  1.0015
       1
0.891294
0.992656
       1
0.775226
0.987225
0.906279
0.512177
 1.04162
0.404247
 0.62768
 1.01544
0.400476
0.301961
0.988528
       1
backtrackingCount 1
pk 0.943573
       1
       1
0.839218
       1
       1
0.971794
0.990391
       1
0.919979
0.998689
       1
0.765252
0.995419
       1
0.932478
0.987963
       1
0.865564
 1.00161
       1
 0.89246
0.992631
       1
0.757952
0.986865
0.905387
0.510768
  1.0414
0.403909
0.630839
 1.01582
0.401806
 0.22733
0.988439
       1
backtrackingCount 2
pk 0.943556
       1
       1
 0.83922
       1
       1
0.972089
0.990419
       1
0.919969
0.998687
       1
0.765256
0.995419
       1
0.932819
0.988109
       1
0.865564
 1.00161
       1
0.892497
 0.99263
       1
0.757404
0.986854
0.905359
0.510723
 1.04139
0.403898
0.630939
 1.01583
0.401848
0.224961
0.988436
       1
backtracking time: 280859 us
backtracking count: 3
zk   -0.0278951
  -0.0476944
   0.0878143
   0.0279931
  -0.0395193
    0.195098
  -0.0214855
  -0.0223963
  0.00700001
-0.000117488
 -0.00189474
   0.0177544
 1.90131e-12
           0
           0
 6.26262e-13
           0
           0
  -0.0248812
           0
           0
 0.000840138
           0
 0.000297138
           0
  -0.0372378
           0
           0
 -0.00350107
  0.00205027
           0
           0
-0.000847264
           0
           0
-0.000628211
           0
           0
-5.47445e-10
 5.47995e-10
 5.53096e-10
 6.67534e-11
-3.96422e-05
           0
           0
 0.000386473
           0
           0
-6.54497e-05
           0
           0
           0
           0
           0
           0
 0.000435028
 -0.00818903
   -0.203474
     1.06523
           0
           0
pk 0.943556
       1
       1
 0.83922
       1
       1
0.972089
0.990419
       1
0.919969
0.998687
       1
0.765256
0.995419
       1
0.932819
0.988109
       1
0.865564
 1.00161
       1
0.892497
 0.99263
       1
0.757404
0.986854
0.905359
0.510723
 1.04139
0.403898
0.630939
 1.01583
0.401848
0.224961
0.988436
       1
count 299
(curr.pk-pk_prev).cwiseAbs().sum() 6.45243e-05
(curr.pk-p0).cwiseAbs().sum() 4.15218
stable?: 1 converged?: 1 G: 3.14683e-08
tp: 15383
Elapsed Time d2w: 453576902 us
Elapsed Time dG: 8385 us
vz_norm: 2.47557e-08vp_norm: 9.31059e-08
backtrackingCount 0
pk 0.944267
       1
       1
0.839168
       1
       1
 0.96552
0.990053
       1
0.920422
0.998759
       1
0.765132
0.995417
       1
0.924905
0.985227
       1
0.865368
 1.00147
       1
0.891154
0.992718
       1
0.769708
0.987086
0.905879
0.511997
 1.04151
0.404384
0.628904
 1.01557
0.401244
0.276006
0.988485
       1
backtrackingCount 1
pk 0.943567
       1
       1
0.839219
       1
       1
0.971987
0.990413
       1
0.919976
0.998688
       1
0.765255
0.995419
       1
0.932695
0.988064
       1
 0.86556
 1.00161
       1
0.892476
0.992631
       1
0.757596
0.986858
0.905367
0.510743
  1.0414
0.403906
0.630907
 1.01583
0.401839
0.225758
0.988437
       1
backtracking time: 259663 us
backtracking count: 2
zk   -0.0278983
  -0.0476717
   0.0883761
   0.0269727
  -0.0389685
     0.19502
  -0.0214831
  -0.0223449
  0.00755919
-0.000111678
 -0.00188621
   0.0177986
 1.90871e-12
           0
           0
 6.24653e-13
           0
           0
  -0.0250022
           0
           0
 0.000843197
           0
 0.000296399
           0
  -0.0373262
           0
           0
 -0.00349963
  0.00204931
           0
           0
-0.000842551
           0
           0
-0.000627882
           0
           0
-5.52689e-10
 5.50838e-10
 6.03884e-10
 4.15519e-11
-3.96626e-05
           0
           0
 0.000386637
           0
           0
-6.54035e-05
           0
           0
           0
           0
           0
           0
 0.000452606
 -0.00745173
   -0.202869
      1.0679
           0
           0
pk 0.943567
       1
       1
0.839219
       1
       1
0.971987
0.990413
       1
0.919976
0.998688
       1
0.765255
0.995419
       1
0.932695
0.988064
       1
 0.86556
 1.00161
       1
0.892476
0.992631
       1
0.757596
0.986858
0.905367
0.510743
  1.0414
0.403906
0.630907
 1.01583
0.401839
0.225758
0.988437
       1
count 300
(curr.pk-pk_prev).cwiseAbs().sum() 0.00140371
(curr.pk-p0).cwiseAbs().sum() 4.15147
stable?: 1 converged?: 1 G: 3.14678e-08
tp: 4504
Elapsed Time d2w: 132889044 us
Elapsed Time dG: 7489 us
vz_norm: 9.95759e-08vp_norm: 8.51128e-08
backtrackingCount 0
pk 0.943538
       1
       1
0.839194
       1
       1
0.970226
0.989966
       1
0.919939
0.998689
       1
0.765235
0.995419
       1
0.931547
0.986784
       1
0.865641
  1.0016
       1
0.892326
0.992641
       1
0.759894
0.986849
0.905718
0.511021
 1.04142
 0.40381
0.630091
 1.01577
0.401308
0.239355
0.988448
       1
backtrackingCount 1
pk 0.943567
       1
       1
0.839219
       1
       1
0.971959
0.990406
       1
0.919976
0.998688
       1
0.765254
0.995419
       1
0.932677
0.988044
       1
0.865562
 1.00161
       1
0.892474
0.992631
       1
0.757632
0.986857
0.905372
0.510747
  1.0414
0.403904
0.630895
 1.01583
0.401831
0.225971
0.988437
       1
backtracking time: 239068 us
backtracking count: 2
zk   -0.0278878
  -0.0476513
   0.0883719
   0.0268744
  -0.0389575
    0.194924
  -0.0214762
  -0.0223362
  0.00761747
-0.000111856
 -0.00188461
   0.0178013
 1.90816e-12
           0
           0
 6.24482e-13
           0
           0
  -0.0249974
           0
           0
 0.000842948
           0
 0.000296323
           0
  -0.0373118
           0
           0
 -0.00349791
  0.00204828
           0
           0
-0.000841994
           0
           0
-0.000627571
           0
           0
-5.58595e-10
  5.5402e-10
 6.12911e-10
 3.63289e-11
-3.96739e-05
           0
           0
 0.000386503
           0
           0
-6.53689e-05
           0
           0
           0
           0
           0
           0
 0.000454356
  -0.0074299
   -0.202754
     1.06807
           0
           0
pk 0.943567
       1
       1
0.839219
       1
       1
0.971959
0.990406
       1
0.919976
0.998688
       1
0.765254
0.995419
       1
0.932677
0.988044
       1
0.865562
 1.00161
       1
0.892474
0.992631
       1
0.757632
0.986857
0.905372
0.510747
  1.0414
0.403904
0.630895
 1.01583
0.401831
0.225971
0.988437
       1
count 301
(curr.pk-pk_prev).cwiseAbs().sum() 0.000360529
(curr.pk-p0).cwiseAbs().sum() 4.15131
stable?: 1 converged?: 1 G: 3.14676e-08
tp: 4504
Elapsed Time d2w: 132445022 us
Elapsed Time dG: 7210 us
vz_norm: 9.38367e-08vp_norm: 8.3769e-08
backtrackingCount 0
pk 0.943538
       1
       1
0.839192
       1
       1
0.970132
0.989951
       1
0.919938
0.998689
       1
0.765232
0.995419
       1
0.931449
0.986729
       1
0.865645
 1.00159
       1
0.892317
 0.99264
       1
0.760052
0.986851
0.905735
0.511047
 1.04143
 0.40381
0.630034
 1.01576
0.401286
0.240155
0.988449
       1
backtrackingCount 1
pk 0.943566
       1
       1
0.839218
       1
       1
 0.97193
0.990399
       1
0.919975
0.998688
       1
0.765254
0.995419
       1
0.932658
0.988023
       1
0.865563
 1.00161
       1
0.892472
0.992632
       1
 0.75767
0.986857
0.905378
0.510752
  1.0414
0.403903
0.630881
 1.01582
0.401822
0.226192
0.988437
       1
backtracking time: 246444 us
backtracking count: 2
zk   -0.0278774
   -0.047631
   0.0883701
   0.0267736
  -0.0389447
    0.194828
  -0.0214693
  -0.0223277
  0.00767875
-0.000112014
 -0.00188296
   0.0178044
 1.90766e-12
           0
           0
 6.24294e-13
           0
           0
   -0.024993
           0
           0
 0.000842721
           0
 0.000296238
           0
  -0.0372978
           0
           0
 -0.00349618
  0.00204725
           0
           0
-0.000841414
           0
           0
 -0.00062726
           0
           0
-5.64596e-10
 5.57274e-10
 6.22405e-10
 3.08464e-11
-3.96859e-05
           0
           0
 0.000386375
           0
           0
-6.53341e-05
           0
           0
           0
           0
           0
           0
 0.000456201
 -0.00740504
   -0.202636
     1.06825
           0
           0
pk 0.943566
       1
       1
0.839218
       1
       1
 0.97193
0.990399
       1
0.919975
0.998688
       1
0.765254
0.995419
       1
0.932658
0.988023
       1
0.865563
 1.00161
       1
0.892472
0.992632
       1
 0.75767
0.986857
0.905378
0.510752
  1.0414
0.403903
0.630881
 1.01582
0.401822
0.226192
0.988437
       1
count 302
(curr.pk-pk_prev).cwiseAbs().sum() 0.000376223
(curr.pk-p0).cwiseAbs().sum() 4.15114
stable?: 1 converged?: 1 G: 3.14675e-08
tp: 4504
Elapsed Time d2w: 130808718 us
Elapsed Time dG: 8042 us
vz_norm: 1.11964e-07vp_norm: 1.04895e-07
backtrackingCount 0
pk 0.943543
       1
       1
0.839196
       1
       1
0.970015
0.989955
       1
0.919943
0.998689
       1
0.765239
0.995419
       1
 0.93126
0.986694
       1
0.865648
  1.0016
       1
 0.89231
0.992638
       1
0.760299
 0.98686
0.905738
0.511051
 1.04143
 0.40382
0.630034
 1.01576
0.401287
 0.24105
 0.98845
       1
backtrackingCount 1
pk 0.943566
       1
       1
0.839218
       1
       1
0.971901
0.990392
       1
0.919975
0.998688
       1
0.765254
0.995419
       1
0.932636
0.988003
       1
0.865564
 1.00161
       1
0.892469
0.992632
       1
0.757711
0.986857
0.905384
0.510757
  1.0414
0.403901
0.630868
 1.01582
0.401814
0.226424
0.988438
       1
backtracking time: 241031 us
backtracking count: 2
zk   -0.0278673
  -0.0476107
   0.0883707
   0.0266676
  -0.0389337
    0.194731
  -0.0214628
  -0.0223189
  0.00774233
-0.000112194
 -0.00188128
   0.0178077
 1.90716e-12
           0
           0
 6.24113e-13
           0
           0
  -0.0249891
           0
           0
 0.000842495
           0
 0.000296156
           0
  -0.0372843
           0
           0
 -0.00349446
  0.00204622
           0
           0
-0.000840839
           0
           0
-0.000626949
           0
           0
-5.70698e-10
 5.60546e-10
 6.32115e-10
 2.52587e-11
-3.96983e-05
           0
           0
 0.000386247
           0
           0
-6.52993e-05
           0
           0
           0
           0
           0
           0
 0.000458119
 -0.00738192
   -0.202516
     1.06846
           0
           0
pk 0.943566
       1
       1
0.839218
       1
       1
0.971901
0.990392
       1
0.919975
0.998688
       1
0.765254
0.995419
       1
0.932636
0.988003
       1
0.865564
 1.00161
       1
0.892469
0.992632
       1
0.757711
0.986857
0.905384
0.510757
  1.0414
0.403901
0.630868
 1.01582
0.401814
0.226424
0.988438
       1
count 303
(curr.pk-pk_prev).cwiseAbs().sum() 0.000393367
(curr.pk-p0).cwiseAbs().sum() 4.15096
stable?: 1 converged?: 1 G: 3.14673e-08
tp: 4504
Elapsed Time d2w: 131553487 us
Elapsed Time dG: 9083 us
vz_norm: 1.26842e-07vp_norm: 1.18344e-07
backtrackingCount 0
pk 0.943543
       1
       1
0.839197
       1
       1
 0.96999
0.989948
       1
0.919943
0.998689
       1
 0.76524
0.995419
       1
0.931247
0.986674
       1
0.865649
  1.0016
       1
0.892309
0.992638
       1
0.760328
0.986859
0.905744
0.511054
 1.04143
0.403819
0.630022
 1.01576
0.401281
0.241227
 0.98845
       1
backtrackingCount 1
pk 0.943566
       1
       1
0.839218
       1
       1
0.971871
0.990385
       1
0.919974
0.998688
       1
0.765253
0.995419
       1
0.932615
0.987982
       1
0.865566
 1.00161
       1
0.892467
0.992632
       1
0.757752
0.986857
0.905389
0.510761
  1.0414
  0.4039
0.630855
 1.01582
0.401805
0.226656
0.988438
       1
backtracking time: 262686 us
backtracking count: 2
zk   -0.0278572
  -0.0475904
    0.088371
   0.0265619
  -0.0389227
    0.194635
  -0.0214563
  -0.0223102
  0.00780544
-0.000112374
 -0.00187961
   0.0178111
 1.90666e-12
           0
           0
 6.23929e-13
           0
           0
  -0.0249852
           0
           0
 0.000842268
           0
 0.000296073
           0
  -0.0372707
           0
           0
 -0.00349273
   0.0020452
           0
           0
-0.000840267
           0
           0
-0.000626638
           0
           0
-5.76733e-10
 5.63779e-10
 6.41773e-10
 1.97002e-11
-3.97104e-05
           0
           0
  0.00038612
           0
           0
-6.52645e-05
           0
           0
           0
           0
           0
           0
 0.000460023
 -0.00735937
   -0.202396
     1.06866
           0
           0
pk 0.943566
       1
       1
0.839218
       1
       1
0.971871
0.990385
       1
0.919974
0.998688
       1
0.765253
0.995419
       1
0.932615
0.987982
       1
0.865566
 1.00161
       1
0.892467
0.992632
       1
0.757752
0.986857
0.905389
0.510761
  1.0414
  0.4039
0.630855
 1.01582
0.401805
0.226656
0.988438
       1
count 304
(curr.pk-pk_prev).cwiseAbs().sum() 0.000391836
(curr.pk-p0).cwiseAbs().sum() 4.15078
stable?: 1 converged?: 1 G: 3.14671e-08
tp: 4505
Elapsed Time d2w: 130982272 us
Elapsed Time dG: 7564 us
vz_norm: 1.33551e-07vp_norm: 1.66902e-07
backtrackingCount 0
pk 0.943546
       1
       1
0.839201
       1
       1
0.969407
0.989917
       1
0.919945
0.998689
       1
0.765242
0.995419
       1
0.930422
0.986427
       1
0.865683
  1.0016
       1
0.892265
 0.99263
       1
0.761543
0.986893
0.905795
0.511167
 1.04146
0.403835
0.629772
 1.01572
0.401208
0.246273
 0.98846
       1
backtrackingCount 1
pk 0.943565
       1
       1
0.839217
       1
       1
0.971832
0.990378
       1
0.919974
0.998688
       1
0.765253
0.995419
       1
 0.93258
0.987958
       1
0.865568
 1.00161
       1
0.892463
0.992632
       1
0.757811
0.986858
0.905396
0.510768
  1.0414
0.403899
0.630838
 1.01582
0.401796
0.226962
0.988438
       1
backtracking time: 252279 us
backtracking count: 2
zk    -0.027849
   -0.047571
   0.0883951
   0.0264227
  -0.0389034
    0.194537
  -0.0214514
  -0.0223017
  0.00789722
-0.000112464
 -0.00187753
   0.0178171
 1.90655e-12
           0
           0
 6.23667e-13
           0
           0
  -0.0249862
           0
           0
 0.000842204
           0
 0.000295951
           0
  -0.0372607
           0
           0
 -0.00349097
  0.00204425
           0
           0
-0.000839532
           0
           0
-0.000626325
           0
           0
-5.84187e-10
 5.67843e-10
 6.55604e-10
  1.1834e-11
-3.97304e-05
           0
           0
 0.000386031
           0
           0
-6.52286e-05
           0
           0
           0
           0
           0
           0
 0.000462837
 -0.00731543
   -0.202258
     1.06903
           0
           0
pk 0.943565
       1
       1
0.839217
       1
       1
0.971832
0.990378
       1
0.919974
0.998688
       1
0.765253
0.995419
       1
 0.93258
0.987958
       1
0.865568
 1.00161
       1
0.892463
0.992632
       1
0.757811
0.986858
0.905396
0.510768
  1.0414
0.403899
0.630838
 1.01582
0.401796
0.226962
0.988438
       1
count 305
(curr.pk-pk_prev).cwiseAbs().sum() 0.000520051
(curr.pk-p0).cwiseAbs().sum() 4.15054
stable?: 1 converged?: 1 G: 3.14669e-08
tp: 4512
Elapsed Time d2w: 134425241 us
Elapsed Time dG: 9410 us
vz_norm: 1.29405e-07vp_norm: 1.86031e-07
backtrackingCount 0
pk 0.943548
       1
       1
0.839201
       1
       1
0.969054
0.989901
       1
0.919946
0.998689
       1
0.765245
0.995419
       1
0.929914
0.986279
       1
0.865706
 1.00159
       1
0.892242
0.992624
       1
0.762318
0.986917
0.905821
0.511234
 1.04148
0.403858
0.629607
 1.01569
0.401165
0.249374
0.988466
       1
backtrackingCount 1
pk 0.943565
       1
       1
0.839217
       1
       1
0.971789
0.990371
       1
0.919973
0.998688
       1
0.765253
0.995419
       1
0.932539
0.987931
       1
 0.86557
 1.00161
       1
 0.89246
0.992632
       1
0.757881
0.986859
0.905402
0.510775
  1.0414
0.403898
0.630819
 1.01582
0.401786
0.227312
0.988438
       1
backtracking time: 270933 us
backtracking count: 2
zk   -0.0278422
  -0.0475523
   0.0884376
    0.026262
  -0.0388761
    0.194438
  -0.0214475
  -0.0222934
  0.00801004
-0.000112403
 -0.00187512
    0.017825
 1.90677e-12
           0
           0
 6.23305e-13
           0
           0
  -0.0249911
           0
           0
 0.000842287
           0
 0.000295779
           0
  -0.0372537
           0
           0
 -0.00348918
  0.00204337
           0
           0
-0.000838647
           0
           0
-0.000626011
           0
           0
-5.92102e-10
  5.7226e-10
 6.72467e-10
 2.27976e-12
-3.97539e-05
           0
           0
 0.000385973
           0
           0
-6.51919e-05
           0
           0
           0
           0
           0
           0
  0.00046632
 -0.00724956
   -0.202105
     1.06951
           0
           0
pk 0.943565
       1
       1
0.839217
       1
       1
0.971789
0.990371
       1
0.919973
0.998688
       1
0.765253
0.995419
       1
0.932539
0.987931
       1
 0.86557
 1.00161
       1
 0.89246
0.992632
       1
0.757881
0.986859
0.905402
0.510775
  1.0414
0.403898
0.630819
 1.01582
0.401786
0.227312
0.988438
       1
count 306
(curr.pk-pk_prev).cwiseAbs().sum() 0.00059478
(curr.pk-p0).cwiseAbs().sum() 4.15025
stable?: 1 converged?: 1 G: 3.14667e-08
tp: 10626
Elapsed Time d2w: 312114777 us
Elapsed Time dG: 8685 us
vz_norm: 4.13171e-07vp_norm: 2.3458e-07
backtrackingCount 0
pk 0.943567
       1
       1
0.839191
       1
       1
0.970487
0.989993
       1
 0.91997
0.998689
       1
0.765241
0.995419
       1
0.931935
0.986914
       1
0.865586
 1.00159
       1
 0.89234
0.992653
       1
0.759431
0.986848
0.905637
 0.51091
  1.0414
 0.40379
0.630331
 1.01581
0.401334
0.236385
0.988446
       1
backtracking time: 51656 us
backtracking count: 1
zk   -0.0271019
  -0.0461962
   0.0871697
   0.0207742
  -0.0390288
    0.188357
  -0.0209876
  -0.0216793
   0.0104342
-0.000134451
 -0.00179296
   0.0178984
 1.85136e-12
           0
           0
 6.19909e-13
           0
           0
  -0.0244754
           0
           0
  0.00081775
           0
  0.00029461
           0
  -0.0361953
           0
           0
 -0.00337996
  0.00197278
           0
           0
-0.000812133
           0
           0
-0.000606247
           0
           0
-9.17096e-10
 7.36928e-10
 1.07427e-09
-2.33891e-10
-4.01616e-05
           0
           0
 0.000375421
           0
           0
-6.30314e-05
           0
           0
           0
           0
           0
           0
 0.000536861
 -0.00751416
   -0.195765
     1.07413
           0
           0
pk 0.943567
       1
       1
0.839191
       1
       1
0.970487
0.989993
       1
 0.91997
0.998689
       1
0.765241
0.995419
       1
0.931935
0.986914
       1
0.865586
 1.00159
       1
 0.89234
0.992653
       1
0.759431
0.986848
0.905637
 0.51091
  1.0414
 0.40379
0.630331
 1.01581
0.401334
0.236385
0.988446
       1
count 307
(curr.pk-pk_prev).cwiseAbs().sum() 0.0155913
(curr.pk-p0).cwiseAbs().sum() 4.14371
stable?: 1 converged?: 1 G: 3.14606e-08
tp: 8976
Elapsed Time d2w: 265136763 us
Elapsed Time dG: 8359 us
vz_norm: 1.37451e-07vp_norm: 7.35712e-08
backtrackingCount 0
pk 0.943465
       1
       1
 0.83922
       1
       1
0.969501
0.989835
       1
0.919874
0.998681
       1
0.765255
0.995421
       1
0.930829
0.986344
       1
0.865644
 1.00163
       1
0.892463
0.992598
       1
0.761731
0.986954
0.905661
0.510876
  1.0415
0.403691
 0.62981
 1.01572
0.400607
0.244768
0.988478
       1
backtracking time: 54683 us
backtracking count: 1
zk    -0.026474
  -0.0448409
    0.085702
   0.0186201
  -0.0375196
    0.182292
  -0.0204608
  -0.0210798
   0.0121339
-0.000107434
 -0.00167902
   0.0179645
 1.80103e-12
           0
           0
 5.89979e-13
           0
           0
  -0.0239511
           0
           0
 0.000795768
           0
 0.000279924
           0
  -0.0352191
           0
           0
 -0.00327106
  0.00192128
           0
           0
-0.000785056
           0
           0
-0.000586977
           0
           0
-7.68871e-10
 6.71373e-10
 1.76337e-09
-6.34409e-10
-3.87876e-05
           0
           0
 0.000366627
           0
           0
-6.08707e-05
           0
           0
           0
           0
           0
           0
 0.000584524
 -0.00518083
   -0.187885
     1.07831
           0
           0
pk 0.943465
       1
       1
 0.83922
       1
       1
0.969501
0.989835
       1
0.919874
0.998681
       1
0.765255
0.995421
       1
0.930829
0.986344
       1
0.865644
 1.00163
       1
0.892463
0.992598
       1
0.761731
0.986954
0.905661
0.510876
  1.0415
0.403691
 0.62981
 1.01572
0.400607
0.244768
0.988478
       1
count 308
(curr.pk-pk_prev).cwiseAbs().sum() 0.0157477
(curr.pk-p0).cwiseAbs().sum() 4.13714
stable?: 1 converged?: 1 G: 3.14546e-08
tp: 7801
Elapsed Time d2w: 233294698 us
Elapsed Time dG: 8032 us
vz_norm: 2.73647e-08vp_norm: 3.31246e-08
backtrackingCount 0
pk 0.944243
       1
       1
0.838888
       1
       1
0.964841
0.988485
       1
0.920807
0.998716
       1
 0.76545
 0.99539
       1
0.930547
0.982589
       1
0.867181
 1.00127
       1
0.890127
0.992998
       1
0.761596
0.986268
0.907009
0.515268
 1.04192
0.403766
0.627231
 1.01521
0.401307
0.262574
0.988409
       1
backtrackingCount 1
pk 0.943477
       1
       1
0.839215
       1
       1
0.969428
0.989813
       1
0.919888
0.998681
       1
0.765259
 0.99542
       1
0.930825
0.986285
       1
0.865668
 1.00162
       1
0.892426
0.992604
       1
0.761729
0.986943
0.905682
0.510944
  1.0415
0.403692
0.629769
 1.01571
0.400618
0.245046
0.988477
       1
backtracking time: 202585 us
backtracking count: 2
zk   -0.0264579
   -0.044823
    0.085724
   0.0184555
  -0.0376426
    0.182215
  -0.0204619
  -0.0210712
   0.0121838
-0.000109073
 -0.00168098
   0.0179698
 1.80264e-12
           0
           0
 5.91775e-13
           0
           0
  -0.0239527
           0
           0
  0.00079638
           0
 0.000280908
           0
  -0.0352084
           0
           0
 -0.00326968
  0.00191806
           0
           0
 -0.00078333
           0
           0
-0.000586703
           0
           0
-7.95844e-10
 6.85383e-10
 1.73266e-09
-6.17224e-10
-3.88637e-05
           0
           0
 0.000366341
           0
           0
 -6.0848e-05
           0
           0
           0
           0
           0
           0
 0.000586026
 -0.00519518
   -0.187903
     1.07864
           0
           0
pk 0.943477
       1
       1
0.839215
       1
       1
0.969428
0.989813
       1
0.919888
0.998681
       1
0.765259
 0.99542
       1
0.930825
0.986285
       1
0.865668
 1.00162
       1
0.892426
0.992604
       1
0.761729
0.986943
0.905682
0.510944
  1.0415
0.403692
0.629769
 1.01571
0.400618
0.245046
0.988477
       1
count 309
(curr.pk-pk_prev).cwiseAbs().sum() 0.000714178
(curr.pk-p0).cwiseAbs().sum() 4.13695
stable?: 1 converged?: 1 G: 3.14545e-08
tp: 7935
Elapsed Time d2w: 236729728 us
Elapsed Time dG: 7515 us
vz_norm: 1.20889e-07vp_norm: 9.17267e-08
backtrackingCount 0
pk 0.943602
       1
       1
0.839128
       1
       1
0.967284
0.989325
       1
0.920053
0.998687
       1
0.765274
0.995415
       1
0.929808
0.984782
       1
0.866048
 1.00155
       1
0.891906
0.992678
       1
0.763511
0.986855
0.906128
0.512012
 1.04165
0.403677
  0.6287
 1.01554
 0.40016
0.257185
0.988466
       1
backtrackingCount 1
pk 0.943479
       1
       1
0.839214
       1
       1
0.969395
0.989806
       1
0.919891
0.998681
       1
0.765259
 0.99542
       1
0.930809
0.986261
       1
0.865674
 1.00162
       1
0.892418
0.992606
       1
0.761757
0.986942
0.905689
0.510961
  1.0415
0.403692
0.629753
 1.01571
0.400611
0.245236
0.988477
       1
backtracking time: 209120 us
backtracking count: 2
zk   -0.0264475
   -0.044803
   0.0857137
    0.018399
   -0.037648
    0.182126
  -0.0204557
  -0.0210623
   0.0122183
-0.000109097
 -0.00167984
   0.0179722
 1.80239e-12
           0
           0
 5.91714e-13
           0
           0
  -0.0239474
           0
           0
  0.00079625
           0
 0.000280896
           0
  -0.0351951
           0
           0
 -0.00326807
  0.00191684
           0
           0
-0.000782638
           0
           0
-0.000586414
           0
           0
-7.97308e-10
 6.86098e-10
  1.7371e-09
-6.19945e-10
-3.88547e-05
           0
           0
 0.000366184
           0
           0
-6.08168e-05
           0
           0
           0
           0
           0
           0
 0.000587027
  -0.0051868
   -0.187809
     1.07878
           0
           0
pk 0.943479
       1
       1
0.839214
       1
       1
0.969395
0.989806
       1
0.919891
0.998681
       1
0.765259
 0.99542
       1
0.930809
0.986261
       1
0.865674
 1.00162
       1
0.892418
0.992606
       1
0.761757
0.986942
0.905689
0.510961
  1.0415
0.403692
0.629753
 1.01571
0.400611
0.245236
0.988477
       1
count 310
(curr.pk-pk_prev).cwiseAbs().sum() 0.00037497
(curr.pk-p0).cwiseAbs().sum() 4.13681
stable?: 1 converged?: 1 G: 3.14544e-08
tp: 7946
Elapsed Time d2w: 232459815 us
Elapsed Time dG: 8121 us
vz_norm: 1.08851e-07vp_norm: 6.97201e-08
backtrackingCount 0
pk 0.943612
       1
       1
0.839119
       1
       1
0.967539
0.989323
       1
0.920068
0.998688
       1
0.765269
0.995414
       1
0.930136
0.984874
       1
0.866069
 1.00155
       1
0.891898
0.992684
       1
0.762961
0.986833
0.906134
0.512046
 1.04165
0.403662
 0.62872
 1.01554
 0.40021
0.255477
 0.98846
       1
backtrackingCount 1
pk 0.943481
       1
       1
0.839212
       1
       1
0.969366
0.989798
       1
0.919894
0.998681
       1
0.765259
 0.99542
       1
0.930798
 0.98624
       1
 0.86568
 1.00162
       1
 0.89241
0.992607
       1
0.761776
 0.98694
0.905696
0.510978
 1.04151
0.403691
0.629737
 1.01571
0.400605
0.245396
0.988477
       1
backtracking time: 205087 us
backtracking count: 2
zk   -0.0264366
  -0.0447829
   0.0856986
    0.018346
  -0.0376555
    0.182037
  -0.0204493
  -0.0210535
   0.0122485
-0.000109188
 -0.00167881
   0.0179738
 1.80205e-12
           0
           0
 5.91681e-13
           0
           0
  -0.0239409
           0
           0
 0.000796087
           0
 0.000280898
           0
  -0.0351809
           0
           0
 -0.00326648
  0.00191561
           0
           0
-0.000781978
           0
           0
-0.000586126
           0
           0
-7.99433e-10
 6.87159e-10
 1.74021e-09
-6.21912e-10
-3.88477e-05
           0
           0
 0.000366023
           0
           0
 -6.0786e-05
           0
           0
           0
           0
           0
           0
 0.000587892
 -0.00518224
   -0.187718
     1.07888
           0
           0
pk 0.943481
       1
       1
0.839212
       1
       1
0.969366
0.989798
       1
0.919894
0.998681
       1
0.765259
 0.99542
       1
0.930798
 0.98624
       1
 0.86568
 1.00162
       1
 0.89241
0.992607
       1
0.761776
 0.98694
0.905696
0.510978
 1.04151
0.403691
0.629737
 1.01571
0.400605
0.245396
0.988477
       1
count 311
(curr.pk-pk_prev).cwiseAbs().sum() 0.000324573
(curr.pk-p0).cwiseAbs().sum() 4.13669
stable?: 1 converged?: 1 G: 3.14543e-08
tp: 7933
Elapsed Time d2w: 238246064 us
Elapsed Time dG: 8177 us
vz_norm: 1.23483e-07vp_norm: 1.01822e-07
backtrackingCount 0
pk   0.9436
       1
       1
0.839131
       1
       1
0.967093
 0.98933
       1
0.920052
0.998687
       1
0.765271
0.995415
       1
0.929525
0.984723
       1
0.866052
 1.00155
       1
0.891911
0.992674
       1
0.763893
 0.98687
 0.90614
0.512014
 1.04166
0.403674
0.628658
 1.01554
0.400099
0.258594
0.988468
       1
backtracking time: 99695 us
backtracking count: 1
zk   -0.0257935
  -0.0435063
   0.0852334
   0.0148159
  -0.0378937
     0.17628
  -0.0200687
  -0.0204929
   0.0146016
-0.000106242
 -0.00160036
   0.0181523
 1.78684e-12
           0
           0
 5.86127e-13
           0
           0
  -0.0236425
           0
           0
 0.000788344
           0
 0.000279293
           0
  -0.0343692
           0
           0
 -0.00316306
  0.00183892
           0
           0
-0.000737025
           0
           0
-0.000567613
           0
           0
-8.48755e-10
  7.1087e-10
  2.0969e-09
-8.37092e-10
-3.81289e-05
           0
           0
 0.000356293
           0
           0
-5.87754e-05
           0
           0
           0
           0
           0
           0
 0.000656653
 -0.00440682
   -0.181528
     1.08983
           0
           0
pk   0.9436
       1
       1
0.839131
       1
       1
0.967093
 0.98933
       1
0.920052
0.998687
       1
0.765271
0.995415
       1
0.929525
0.984723
       1
0.866052
 1.00155
       1
0.891911
0.992674
       1
0.763893
 0.98687
 0.90614
0.512014
 1.04166
0.403674
0.628658
 1.01554
0.400099
0.258594
0.988468
       1
count 312
(curr.pk-pk_prev).cwiseAbs().sum() 0.0257165
(curr.pk-p0).cwiseAbs().sum() 4.12687
stable?: 1 converged?: 1 G: 3.14462e-08
tp: 12317
Elapsed Time d2w: 382269868 us
Elapsed Time dG: 11446 us
vz_norm: 1.23712e-08vp_norm: 5.12437e-09
backtrackingCount 0
pk 0.943528
       1
       1
0.838433
       1
       1
0.966612
0.989814
       1
0.919895
0.998691
       1
0.764455
0.995368
       1
0.927171
0.985249
       1
0.866105
 1.00152
       1
 0.89211
0.992663
       1
0.769574
0.987366
0.904721
0.512315
 1.04185
0.403765
0.629589
 1.01541
0.401126
0.256457
0.988579
       1
backtrackingCount 1
pk 0.943599
       1
       1
 0.83912
       1
       1
0.967085
0.989338
       1
0.920049
0.998687
       1
0.765259
0.995414
       1
0.929488
0.984731
       1
0.866052
 1.00155
       1
0.891914
0.992674
       1
0.763982
0.986877
0.906117
0.512019
 1.04166
0.403676
0.628673
 1.01553
0.400115
 0.25856
 0.98847
       1
backtracking time: 266505 us
backtracking count: 2
zk   -0.0257782
  -0.0434828
   0.0851847
   0.0147099
  -0.0379052
    0.176198
  -0.0200607
  -0.0204766
   0.0145868
-0.000106615
 -0.00160084
   0.0181526
 1.78616e-12
           0
           0
 5.85959e-13
           0
           0
  -0.0236294
           0
           0
 0.000788028
           0
 0.000279229
           0
  -0.0343514
           0
           0
  -0.0031616
  0.00183794
           0
           0
-0.000736651
           0
           0
-0.000567342
           0
           0
-8.48591e-10
 7.09305e-10
 2.08219e-09
-8.28532e-10
-3.81073e-05
           0
           0
 0.000356066
           0
           0
-5.87501e-05
           0
           0
           0
           0
           0
           0
 0.000656085
 -0.00445755
   -0.181486
     1.08986
           0
           0
pk 0.943599
       1
       1
 0.83912
       1
       1
0.967085
0.989338
       1
0.920049
0.998687
       1
0.765259
0.995414
       1
0.929488
0.984731
       1
0.866052
 1.00155
       1
0.891914
0.992674
       1
0.763982
0.986877
0.906117
0.512019
 1.04166
0.403676
0.628673
 1.01553
0.400115
 0.25856
 0.98847
       1
count 313
(curr.pk-pk_prev).cwiseAbs().sum() 0.000288178
(curr.pk-p0).cwiseAbs().sum() 4.12685
stable?: 1 converged?: 1 G: 3.14463e-08
tp: 12171
Elapsed Time d2w: 481891900 us
Elapsed Time dG: 9628 us
vz_norm: 4.12698e-08vp_norm: 4.87477e-09
zk   0.00143427
  0.00183998
 0.000593228
   -0.111422
  -0.0415666
  0.00534911
 -0.00358215
  0.00524867
  0.00981793
-0.000365555
 -0.00122894
   0.0180927
 -1.9803e-13
           0
           0
 4.57897e-13
           0
           0
 0.000361586
           0
           0
-8.56577e-05
           0
  0.00022469
           0
  0.00122118
           0
           0
 -9.0632e-05
-0.000143914
           0
           0
-0.000128051
           0
           0
-4.15611e-06
           0
           0
-5.06038e-10
-9.48439e-10
-8.71521e-09
 4.95608e-09
 6.00019e-07
           0
           0
-3.43804e-05
           0
           0
-2.23541e-06
           0
           0
           0
           0
           0
           0
 0.000312548
  -0.0425837
  -0.0762925
     1.09094
           0
           0
pk 0.943562
       1
       1
0.833284
       1
       1
0.950016
0.988608
       1
0.918776
0.998674
       1
0.758263
0.995138
       1
0.919657
0.977125
       1
0.865605
 1.00135
       1
0.894213
0.992284
       1
0.800478
0.989505
0.895164
 0.51459
 1.04355
0.403475
0.643766
 1.01507
0.410079
0.215701
0.989242
       1
count 314
(curr.pk-pk_prev).cwiseAbs().sum() 0.176888
(curr.pk-p0).cwiseAbs().sum() 4.16277
stable?: 1 converged?: 1 G: 3.15048e-08
tp: 3406
Elapsed Time d2w: 178232992 us
Elapsed Time dG: 17486 us
vz_norm: 2.59964e-07vp_norm: 1.87288e-07
backtrackingCount 0
pk 0.943493
       1
       1
0.833194
       1
       1
0.947803
0.988275
       1
0.918642
0.998673
       1
0.758184
0.995139
       1
0.918136
 0.97582
       1
0.865653
 1.00134
       1
0.894174
0.992247
       1
0.803292
0.989558
0.895195
0.514626
 1.04366
0.403451
0.643802
 1.01497
0.410128
 0.22695
0.989258
       1
backtracking time: 205607 us
backtracking count: 1
zk   0.00146643
  0.00195525
  0.00241041
   -0.115511
   -0.034895
  0.00508398
 -0.00323263
  0.00566309
   0.0121315
-0.000392551
 -0.00114443
   0.0181948
-1.49692e-13
           0
           0
 3.92719e-13
           0
           0
   -1.47e-05
           0
           0
-6.53201e-05
           0
 0.000192462
           0
 0.000963811
           0
           0
-8.60592e-05
-0.000121683
           0
           0
-0.000103259
           0
           0
-4.03218e-06
           0
           0
-5.06791e-10
-9.07517e-10
 -8.4597e-09
 4.81267e-09
 6.64082e-08
           0
           0
-3.44213e-05
           0
           0
-2.16938e-06
           0
           0
           0
           0
           0
           0
 0.000387173
  -0.0450219
  -0.0690635
      1.0971
           0
           0
pk 0.943493
       1
       1
0.833194
       1
       1
0.947803
0.988275
       1
0.918642
0.998673
       1
0.758184
0.995139
       1
0.918136
 0.97582
       1
0.865653
 1.00134
       1
0.894174
0.992247
       1
0.803292
0.989558
0.895195
0.514626
 1.04366
0.403451
0.643802
 1.01497
0.410128
 0.22695
0.989258
       1
count 315
(curr.pk-pk_prev).cwiseAbs().sum() 0.0204066
(curr.pk-p0).cwiseAbs().sum() 4.15427
stable?: 1 converged?: 1 G: 3.14979e-08
tp: 5905
Elapsed Time d2w: 366802582 us
Elapsed Time dG: 20308 us
vz_norm: 1.36345e-07vp_norm: 3.02772e-07
backtrackingCount 0
pk 0.943122
       1
       1
0.832961
       1
       1
0.942342
0.986511
       1
 0.91794
0.998672
       1
0.757917
0.995146
       1
0.915375
 0.97128
       1
 0.86603
 1.00136
       1
0.892941
0.991964
       1
0.808747
0.989605
0.895641
0.516763
 1.04373
0.403151
0.642657
  1.0149
0.410027
 0.25393
0.989232
       1
backtrackingCount 1
pk 0.943487
       1
       1
 0.83319
       1
       1
0.947718
0.988247
       1
0.918631
0.998673
       1
 0.75818
0.995139
       1
0.918093
0.975749
       1
0.865659
 1.00134
       1
0.894155
0.992243
       1
0.803377
0.989559
0.895202
0.514659
 1.04366
0.403446
0.643784
 1.01496
0.410126
0.227371
0.989257
       1
backtracking time: 534350 us
backtracking count: 2
zk   0.00150809
  0.00196186
  0.00270603
   -0.115394
  -0.0341741
  0.00508171
 -0.00318244
   0.0056631
    0.012463
-0.000391978
 -0.00114598
    0.018204
-1.39088e-13
           0
           0
 3.89112e-13
           0
           0
-7.69907e-05
           0
           0
-6.09042e-05
           0
 0.000190969
           0
 0.000922092
           0
           0
-8.60151e-05
-0.000120932
           0
           0
-9.75744e-05
           0
           0
-4.04276e-06
           0
           0
-5.45342e-10
-8.84528e-10
-8.49501e-09
 4.83324e-09
-4.80713e-07
           0
           0
-3.45224e-05
           0
           0
  -2.176e-06
           0
           0
           0
           0
           0
           0
 0.000397564
  -0.0447131
  -0.0690541
     1.09765
           0
           0
pk 0.943487
       1
       1
 0.83319
       1
       1
0.947718
0.988247
       1
0.918631
0.998673
       1
 0.75818
0.995139
       1
0.918093
0.975749
       1
0.865659
 1.00134
       1
0.894155
0.992243
       1
0.803377
0.989559
0.895202
0.514659
 1.04366
0.403446
0.643784
 1.01496
0.410126
0.227371
0.989257
       1
count 316
(curr.pk-pk_prev).cwiseAbs().sum() 0.000856082
(curr.pk-p0).cwiseAbs().sum() 4.15402
stable?: 1 converged?: 1 G: 3.14976e-08
tp: 5905
Elapsed Time d2w: 347102017 us
Elapsed Time dG: 11520 us
vz_norm: 3.6589e-07vp_norm: 5.36033e-07
backtrackingCount 0
pk  0.94339
       1
       1
0.833068
       1
       1
0.943655
0.987367
       1
0.918414
0.998673
       1
0.758039
0.995141
       1
0.915134
0.972986
       1
0.865767
 1.00135
       1
0.893735
0.992128
       1
0.808642
0.989651
0.895383
0.515375
 1.04373
0.403367
0.643407
  1.0149
0.410111
0.249415
0.989274
       1
backtracking time: 140111 us
backtracking count: 1
zk   0.00211435
   0.0019883
   0.0096477
   -0.113218
  -0.0149186
  0.00477504
 -0.00207618
   0.0057434
   0.0205545
-0.000334298
 -0.00115918
   0.0186645
 6.46309e-14
           0
           0
 3.19907e-13
           0
           0
 -0.00153946
           0
           0
 2.42752e-05
           0
 0.000160243
           0
-8.72933e-05
           0
           0
-8.06207e-05
-9.96898e-05
           0
           0
 6.94503e-06
           0
           0
   -4.09e-06
           0
           0
 -1.0637e-09
-5.45393e-10
 -8.7738e-09
 4.99885e-09
-7.04133e-06
           0
           0
-3.50713e-05
           0
           0
-2.21397e-06
           0
           0
           0
           0
           0
           0
 0.000652088
  -0.0347115
  -0.0698462
     1.12539
           0
           0
pk  0.94339
       1
       1
0.833068
       1
       1
0.943655
0.987367
       1
0.918414
0.998673
       1
0.758039
0.995141
       1
0.915134
0.972986
       1
0.865767
 1.00135
       1
0.893735
0.992128
       1
0.808642
0.989651
0.895383
0.515375
 1.04373
0.403367
0.643407
  1.0149
0.410111
0.249415
0.989274
       1
count 317
(curr.pk-pk_prev).cwiseAbs().sum() 0.0408074
(curr.pk-p0).cwiseAbs().sum() 4.13785
stable?: 1 converged?: 1 G: 3.14846e-08
tp: 12153
Elapsed Time d2w: 589040679 us
Elapsed Time dG: 12188 us
vz_norm: 5.35417e-08vp_norm: 2.71928e-08
backtrackingCount 0
pk 0.943658
       1
       1
0.832998
       1
       1
0.943545
0.986543
       1
0.918709
0.998676
       1
0.758025
0.995158
       1
0.918027
0.971766
       1
0.865994
 1.00149
       1
0.894227
0.992238
       1
0.803358
 0.98925
0.896329
0.516348
 1.04401
0.403049
0.643245
 1.01452
0.410084
0.245139
0.989171
       1
backtracking time: 337311 us
backtracking count: 1
zk   0.00224071
  0.00171377
  0.00987795
   -0.112697
 -0.00709103
  0.00428848
 -0.00151077
  0.00548184
   0.0211416
-0.000222951
 -0.00104851
   0.0185844
 2.02479e-13
           0
           0
  2.2223e-13
           0
           0
 -0.00156551
           0
           0
 8.20152e-05
           0
 0.000111835
           0
-6.79731e-05
           0
           0
-7.21425e-05
-6.15991e-05
           0
           0
 4.91706e-05
           0
           0
-3.96219e-06
           0
           0
-1.03046e-09
-5.28349e-10
-8.49962e-09
 4.84264e-09
-6.82128e-06
           0
           0
-3.39753e-05
           0
           0
-2.14479e-06
           0
           0
           0
           0
           0
           0
 0.000669883
  -0.0221164
   -0.059969
     1.12056
           0
           0
pk 0.943658
       1
       1
0.832998
       1
       1
0.943545
0.986543
       1
0.918709
0.998676
       1
0.758025
0.995158
       1
0.918027
0.971766
       1
0.865994
 1.00149
       1
0.894227
0.992238
       1
0.803358
 0.98925
0.896329
0.516348
 1.04401
0.403049
0.643245
 1.01452
0.410084
0.245139
0.989171
       1
count 318
(curr.pk-pk_prev).cwiseAbs().sum() 0.0198442
(curr.pk-p0).cwiseAbs().sum() 4.14448
stable?: 1 converged?: 1 G: 3.14888e-08
tp: 5121
Elapsed Time d2w: 328221956 us
Elapsed Time dG: 11383 us
vz_norm: 4.24978e-08vp_norm: 2.25606e-08
zk    0.0121926
 0.000451082
  -0.0373073
   -0.221308
    0.268115
  0.00750892
   0.0240711
  0.00629366
  -0.0731177
 -0.00271835
 -0.00293171
   0.0043203
 2.94985e-12
           0
           0
-1.07267e-12
           0
           0
  0.00701676
           0
           0
  0.00124164
           0
-0.000523186
           0
  0.00507437
           0
           0
-0.000128398
 0.000436727
           0
           0
 0.000801439
           0
           0
           0
           0
           0
5.45279e-100
 7.4485e-101
5.54796e-100
7.57851e-101
-8.65718e-05
           0
           0
 4.21893e-05
           0
           0
           0
           0
           0
           0
           0
           0
           0
 -0.00228795
    -0.29309
   -0.333152
    0.259461
           0
           0
pk 0.940355
       1
       1
0.832736
       1
       1
0.933955
0.984682
       1
0.914881
0.998588
       1
0.757564
0.995143
       1
0.951323
0.963866
       1
0.878413
 1.00319
       1
0.876004
0.992055
       1
 0.75632
 0.98574
0.899204
0.557218
 1.05021
0.397396
0.621251
 1.00667
0.406495
0.122892
0.988606
       1
count 319
(curr.pk-pk_prev).cwiseAbs().sum() 0.355507
(curr.pk-p0).cwiseAbs().sum() 4.30538
stable?: 1 converged?: 1 G: 3.16136e-08
tp: 4
Elapsed Time d2w: 164566 us
Elapsed Time dG: 9185 us
vz_norm: 2.00392e-08vp_norm: 9.2015e-09
backtrackingCount 0
pk 0.940264
       1
       1
0.832669
       1
       1
0.933685
 0.98462
       1
0.914739
0.998586
       1
0.757447
0.995141
       1
0.950831
0.963788
       1
0.878288
 1.00319
       1
 0.87581
0.992054
       1
0.756293
 0.98574
0.899173
0.560451
 1.05021
0.399379
0.616415
 1.00665
0.402637
0.122099
0.988606
       1
backtracking time: 44187 us
backtracking count: 1
zk    0.0110757
 0.000174573
  -0.0377111
   -0.213355
    0.258966
  0.00718915
    0.022919
  0.00592853
  -0.0716754
 -0.00250788
 -0.00301619
  0.00415926
 2.89081e-12
           0
           0
-1.01443e-12
           0
           0
  0.00721104
           0
           0
  0.00121731
           0
-0.000493854
           0
   0.0054259
           0
           0
-0.000122019
 0.000415636
           0
           0
 0.000784592
           0
           0
 5.13843e-07
           0
           0
-2.28143e-09
 5.24799e-10
 2.33367e-09
-5.36815e-10
-9.31297e-05
           0
           0
 4.97502e-05
           0
           0
 5.82493e-07
           0
           0
           0
           0
           0
           0
 -0.00224386
   -0.261665
   -0.349967
    0.249913
           0
           0
pk 0.940264
       1
       1
0.832669
       1
       1
0.933685
 0.98462
       1
0.914739
0.998586
       1
0.757447
0.995141
       1
0.950831
0.963788
       1
0.878288
 1.00319
       1
 0.87581
0.992054
       1
0.756293
 0.98574
0.899173
0.560451
 1.05021
0.399379
0.616415
 1.00665
0.402637
0.122099
0.988606
       1
count 320
(curr.pk-pk_prev).cwiseAbs().sum() 0.0164319
(curr.pk-p0).cwiseAbs().sum() 4.31133
stable?: 1 converged?: 1 G: 3.16126e-08
tp: 4
Elapsed Time d2w: 189372 us
Elapsed Time dG: 9681 us
vz_norm: 3.01582e-09vp_norm: 2.08046e-09
backtrackingCount 0
pk 0.939616
       1
       1
0.832173
       1
       1
0.932935
0.984433
       1
0.913699
0.998573
       1
 0.75655
0.995129
       1
0.949489
 0.96355
       1
0.876334
 1.00318
       1
 0.87353
0.992042
       1
 0.75617
 0.98574
0.898527
0.529461
 1.04997
0.353604
0.586393
 1.00641
0.358612
0.110386
0.988599
       1
backtracking time: 57459 us
backtracking count: 1
zk    0.0117278
  0.00136442
  -0.0365327
   -0.208255
    0.251886
   0.0102087
   0.0228114
  0.00639624
  -0.0694355
 -0.00353475
 -0.00395784
  0.00774318
 2.80048e-12
           0
           0
-9.82734e-13
           0
           0
  0.00698569
           0
           0
  0.00117927
           0
-0.000478421
           0
  0.00525634
           0
           0
-0.000118206
 0.000402648
           0
           0
 0.000760074
           0
           0
 4.97786e-07
           0
           0
-2.21014e-09
 5.08399e-10
 2.26074e-09
-5.20039e-10
-9.02194e-05
           0
           0
 4.81955e-05
           0
           0
  5.6429e-07
           0
           0
           0
           0
           0
           0
 -0.00211742
    -0.37724
   -0.451315
     0.46557
           0
           0
pk 0.939616
       1
       1
0.832173
       1
       1
0.932935
0.984433
       1
0.913699
0.998573
       1
 0.75655
0.995129
       1
0.949489
 0.96355
       1
0.876334
 1.00318
       1
 0.87353
0.992042
       1
 0.75617
 0.98574
0.898527
0.529461
 1.04997
0.353604
0.586393
 1.00641
0.358612
0.110386
0.988599
       1
count 321
(curr.pk-pk_prev).cwiseAbs().sum() 0.173662
(curr.pk-p0).cwiseAbs().sum() 4.48401
stable?: 1 converged?: 1 G: 3.15465e-08
tp: 849
Elapsed Time d2w: 36037356 us
Elapsed Time dG: 11854 us
vz_norm: 9.84126e-08vp_norm: 1.92082e-07
zk  0.000157666
 0.000958512
  0.00269309
-0.000811684
  0.00572226
-0.000959579
 0.000709904
 0.000321606
   0.0023755
 0.000164488
 0.000118464
 0.000538693
-7.10244e-14
           0
           0
-4.07692e-14
           0
           0
-0.000642579
           0
           0
-3.07706e-05
           0
-2.13555e-05
           0
-0.000638349
           0
           0
 1.63118e-05
-1.12601e-08
           0
           0
-1.91876e-05
           0
           0
 3.37768e-06
           0
           0
 1.80707e-11
-7.96633e-13
-1.83455e-11
 8.26599e-13
 7.45079e-07
           0
           0
-4.61919e-07
           0
           0
 1.08597e-07
           0
           0
           0
           0
           0
           0
 7.95448e-05
   0.0184651
   0.0126291
   0.0325006
           0
           0
pk  0.93997
       1
       1
0.832185
       1
       1
0.932985
0.984445
       1
0.914249
0.998579
       1
0.756553
 0.99513
       1
0.949522
0.963569
       1
0.875508
 1.00318
       1
0.873292
0.992043
       1
0.757172
0.985766
0.898706
0.528104
 1.04988
0.354064
0.587254
  1.0064
0.358253
 0.12366
0.988726
       1
count 322
(curr.pk-pk_prev).cwiseAbs().sum() 0.0198474
(curr.pk-p0).cwiseAbs().sum() 4.46973
stable?: 1 converged?: 1 G: 3.15369e-08
tp: 3
Elapsed Time d2w: 114919 us
Elapsed Time dG: 10239 us
vz_norm: 5.36291e-08vp_norm: 1.39818e-08
backtrackingCount 0
pk 0.939931
       1
       1
0.832155
       1
       1
0.932922
0.984431
       1
0.914188
0.998578
       1
  0.7565
0.995129
       1
0.949426
0.963551
       1
0.875412
 1.00318
       1
0.873174
0.992042
       1
0.757165
0.985766
0.898662
 0.52926
 1.04988
0.354476
0.588339
  1.0064
0.358658
0.121863
0.988726
       1
backtracking time: 45158 us
backtracking count: 1
zk  0.000504764
 0.000787185
  0.00829767
-0.000385997
  0.00595334
-0.000398488
 0.000878691
  0.00022169
  0.00535658
  0.00022784
   0.0001983
 0.000683998
-8.50364e-14
           0
           0
-2.68927e-14
           0
           0
 -0.00212259
           0
           0
   -3.69e-05
           0
 -1.4058e-05
           0
 -0.00247247
           0
           0
 6.04568e-06
-3.82494e-06
           0
           0
-2.26181e-05
           0
           0
 1.15576e-06
           0
           0
 -9.9546e-10
 1.33345e-10
-1.00703e-09
 1.35642e-10
 -4.2892e-06
           0
           0
-5.06653e-06
           0
           0
-2.28014e-06
           0
           0
           0
           0
           0
           0
 0.000176198
   0.0285854
   0.0241434
   0.0404803
           0
           0
pk 0.939931
       1
       1
0.832155
       1
       1
0.932922
0.984431
       1
0.914188
0.998578
       1
  0.7565
0.995129
       1
0.949426
0.963551
       1
0.875412
 1.00318
       1
0.873174
0.992042
       1
0.757165
0.985766
0.898662
 0.52926
 1.04988
0.354476
0.588339
  1.0064
0.358658
0.121863
0.988726
       1
count 323
(curr.pk-pk_prev).cwiseAbs().sum() 0.00549993
(curr.pk-p0).cwiseAbs().sum() 4.46912
stable?: 1 converged?: 1 G: 3.15419e-08
tp: 3
Elapsed Time d2w: 113189 us
Elapsed Time dG: 11423 us
vz_norm: 8.42265e-08vp_norm: 4.56506e-09
zk   0.00595955
  -0.0038975
    0.013393
  0.00706911
  0.00798014
 -0.00142942
  0.00317929
 -0.00234907
  0.00719409
  0.00140297
  0.00149043
 -0.00045255
-3.16471e-13
           0
           0
 2.35792e-13
           0
           0
  -0.0035318
           0
           0
-0.000138265
           0
 0.000124059
           0
 -0.00436552
           0
           0
 2.74136e-05
-7.13742e-05
           0
           0
-7.85943e-05
           0
           0
 5.94661e-06
           0
           0
-1.87317e-08
 2.26156e-09
-1.90125e-08
 2.30975e-09
-9.35785e-05
           0
           0
-8.99229e-05
           0
           0
 6.80094e-06
           0
           0
           0
           0
           0
           0
 0.000240593
    0.212129
    0.215538
   -0.025168
           0
           0
pk  0.93972
       1
       1
0.831999
       1
       1
0.932732
0.984394
       1
0.913854
0.998573
       1
0.756223
0.995125
       1
0.949141
0.963504
       1
0.874878
 1.00318
       1
0.872471
0.992039
       1
0.757151
0.985766
0.898722
0.524877
 1.04986
0.350867
0.584248
 1.00638
0.355382
0.124489
0.988726
       1
count 324
(curr.pk-pk_prev).cwiseAbs().sum() 0.0208903
(curr.pk-p0).cwiseAbs().sum() 4.48454
stable?: 1 converged?: 1 G: 3.15281e-08
tp: 4
Elapsed Time d2w: 202036 us
Elapsed Time dG: 7768 us
vz_norm: 3.186e-08vp_norm: 1.06193e-08
backtrackingCount 0
pk 0.939666
       1
       1
 0.83196
       1
       1
0.932705
0.984387
       1
0.913768
0.998572
       1
0.756154
0.995124
       1
0.949092
0.963495
       1
0.874756
 1.00318
       1
0.872291
0.992038
       1
0.757148
0.985766
0.898709
0.526234
 1.04987
0.352192
0.582171
 1.00637
0.353427
 0.12409
0.988726
       1
backtracking time: 80079 us
backtracking count: 1
zk   0.00620041
 -0.00364246
   0.0127127
  0.00641353
  0.00822809
 -0.00136952
  0.00331279
 -0.00218818
  0.00682868
  0.00128162
  0.00154182
-0.000436862
-3.25621e-13
           0
           0
 2.14213e-13
           0
           0
 -0.00335239
           0
           0
-0.000142266
           0
 0.000112703
           0
 -0.00414372
           0
           0
 2.69585e-05
-6.48399e-05
           0
           0
-8.08704e-05
           0
           0
 5.84789e-06
           0
           0
-1.67713e-08
 1.72087e-09
 -1.9811e-08
 2.71363e-09
-8.49794e-05
           0
           0
-9.25526e-05
           0
           0
 6.68596e-06
           0
           0
           0
           0
           0
           0
 0.000231756
    0.190955
    0.225157
  -0.0242548
           0
           0
pk 0.939666
       1
       1
 0.83196
       1
       1
0.932705
0.984387
       1
0.913768
0.998572
       1
0.756154
0.995124
       1
0.949092
0.963495
       1
0.874756
 1.00318
       1
0.872291
0.992038
       1
0.757148
0.985766
0.898709
0.526234
 1.04987
0.352192
0.582171
 1.00637
0.353427
 0.12409
0.988726
       1
count 325
(curr.pk-pk_prev).cwiseAbs().sum() 0.00779091
(curr.pk-p0).cwiseAbs().sum() 4.48695
stable?: 1 converged?: 1 G: 3.15277e-08
tp: 4
Elapsed Time d2w: 125629 us
Elapsed Time dG: 8395 us
vz_norm: 3.04019e-08vp_norm: 1.04317e-08
backtrackingCount 0
pk  0.93961
       1
       1
0.831919
       1
       1
0.932614
0.984364
       1
0.913681
0.998571
       1
0.756082
0.995123
       1
 0.94893
0.963466
       1
0.874629
 1.00318
       1
0.872106
0.992037
       1
0.757137
0.985766
 0.89867
0.527532
 1.04987
0.353447
0.580002
 1.00636
0.351311
0.122941
0.988725
       1
backtracking time: 37465 us
backtracking count: 1
zk   0.00644938
 -0.00338798
   0.0123324
  0.00578748
  0.00849128
 -0.00128657
  0.00345065
 -0.00202764
  0.00662457
  0.00116062
  0.00159597
-0.000414403
-3.35192e-13
           0
           0
  1.9269e-13
           0
           0
  -0.0032521
           0
           0
-0.000146451
           0
 0.000101376
           0
 -0.00401972
           0
           0
 2.60899e-05
-5.83215e-05
           0
           0
-8.32523e-05
           0
           0
 5.65949e-06
           0
           0
-1.48025e-08
 1.16387e-09
-2.06417e-08
 3.13382e-09
-7.64166e-05
           0
           0
-9.53228e-05
           0
           0
 6.47074e-06
           0
           0
           0
           0
           0
           0
 0.000228052
    0.169685
    0.235238
  -0.0229521
           0
           0
pk  0.93961
       1
       1
0.831919
       1
       1
0.932614
0.984364
       1
0.913681
0.998571
       1
0.756082
0.995123
       1
 0.94893
0.963466
       1
0.874629
 1.00318
       1
0.872106
0.992037
       1
0.757137
0.985766
 0.89867
0.527532
 1.04987
0.353447
0.580002
 1.00636
0.351311
0.122941
0.988725
       1
count 326
(curr.pk-pk_prev).cwiseAbs().sum() 0.0089267
(curr.pk-p0).cwiseAbs().sum() 4.49075
stable?: 1 converged?: 1 G: 3.15276e-08
tp: 4
Elapsed Time d2w: 129436 us
Elapsed Time dG: 8972 us
vz_norm: 3.4134e-09vp_norm: 2.20384e-09
backtrackingCount 0
pk  0.93912
       1
       1
0.831546
       1
       1
 0.93196
0.984201
       1
0.912894
 0.99856
       1
0.755412
0.995113
       1
0.947765
0.963258
       1
0.873153
 1.00317
       1
0.870309
0.992028
       1
0.757038
0.985765
 0.89825
0.501994
 1.04966
0.314813
0.555061
 1.00616
0.314078
0.113758
 0.98872
       1
backtracking time: 39711 us
backtracking count: 1
zk   0.00691566
 -0.00406975
   0.0119469
  0.00625611
  0.00849536
 -0.00411733
  0.00374826
 -0.00238771
   0.0064175
  0.00203289
  0.00246741
 -0.00368997
 -3.2473e-13
           0
           0
 1.86658e-13
           0
           0
 -0.00315045
           0
           0
 -0.00014188
           0
 9.82025e-05
           0
 -0.00389407
           0
           0
 2.52747e-05
-5.64959e-05
           0
           0
 -8.0654e-05
           0
           0
 5.48266e-06
           0
           0
-1.43388e-08
 1.12683e-09
-1.99977e-08
 3.03655e-09
-7.40246e-05
           0
           0
-9.23478e-05
           0
           0
 6.26857e-06
           0
           0
           0
           0
           0
           0
 0.000255467
    0.266139
    0.327732
   -0.220116
           0
           0
pk  0.93912
       1
       1
0.831546
       1
       1
 0.93196
0.984201
       1
0.912894
 0.99856
       1
0.755412
0.995113
       1
0.947765
0.963258
       1
0.873153
 1.00317
       1
0.870309
0.992028
       1
0.757038
0.985765
 0.89825
0.501994
 1.04966
0.314813
0.555061
 1.00616
0.314078
0.113758
 0.98872
       1
count 327
(curr.pk-pk_prev).cwiseAbs().sum() 0.144284
(curr.pk-p0).cwiseAbs().sum() 4.63419
stable?: 1 converged?: 1 G: 3.14782e-08
tp: 4
Elapsed Time d2w: 149269 us
Elapsed Time dG: 8103 us
vz_norm: 1.22215e-08vp_norm: 6.12453e-09
backtrackingCount 0
pk  0.93901
       1
       1
0.831459
       1
       1
0.931684
0.984128
       1
0.912719
0.998558
       1
0.755257
0.995111
       1
0.947252
0.963166
       1
0.872822
 1.00317
       1
0.869977
0.992026
       1
0.757007
0.985765
0.898247
 0.49266
 1.04962
0.307148
0.560902
 1.00617
0.316822
0.112335
 0.98872
       1
backtracking time: 42383 us
backtracking count: 1
zk   0.00548929
 -0.00456798
  0.00835196
  0.00704452
  0.00670928
 -0.00417445
   0.0029797
 -0.00269924
  0.00448411
  0.00229515
  0.00215794
 -0.00365996
-2.53941e-13
           0
           0
 2.26398e-13
           0
           0
  -0.0022018
           0
           0
-0.000110915
           0
 0.000119145
           0
 -0.00271986
           0
           0
  2.9012e-05
-6.85787e-05
           0
           0
-6.30047e-05
           0
           0
 6.29348e-06
           0
           0
-1.74973e-08
  1.8047e-09
-1.57746e-08
 2.23025e-09
-9.08267e-05
           0
           0
-7.11387e-05
           0
           0
 7.27546e-06
           0
           0
           0
           0
           0
           0
 0.000199619
    0.306889
    0.280264
    -0.21809
           0
           0
pk  0.93901
       1
       1
0.831459
       1
       1
0.931684
0.984128
       1
0.912719
0.998558
       1
0.755257
0.995111
       1
0.947252
0.963166
       1
0.872822
 1.00317
       1
0.869977
0.992026
       1
0.757007
0.985765
0.898247
 0.49266
 1.04962
0.307148
0.560902
 1.00617
0.316822
0.112335
 0.98872
       1
count 328
(curr.pk-pk_prev).cwiseAbs().sum() 0.0292421
(curr.pk-p0).cwiseAbs().sum() 4.64618
stable?: 1 converged?: 1 G: 3.14744e-08
tp: 4
Elapsed Time d2w: 142643 us
Elapsed Time dG: 13762 us
vz_norm: 5.58169e-09vp_norm: 3.80182e-09
backtrackingCount 0
pk 0.937031
       1
       1
0.829951
       1
       1
0.930465
0.983817
       1
0.909578
0.998513
       1
0.752582
0.995071
       1
0.945036
0.962771
       1
0.867693
 1.00314
       1
0.863753
0.991994
       1
0.756883
0.985765
0.898388
 0.46335
 1.04944
0.281034
0.560619
 1.00611
0.319575
0.111444
 0.98872
       1
backtracking time: 42422 us
backtracking count: 1
zk  0.000492133
 -0.00200826
 -0.00181857
  0.00948013
  0.00381281
 -0.00254508
 0.000136378
 -0.00142841
 -0.00098423
  0.00297514
  0.00168156
 -0.00376123
-1.17145e-13
           0
           0
 3.13418e-13
           0
           0
 0.000483019
           0
           0
-5.10627e-05
           0
 0.000165007
           0
 0.000606218
           0
           0
 4.18645e-05
 -9.5037e-05
           0
           0
-2.88786e-05
           0
           0
 9.08218e-06
           0
           0
-2.53796e-08
 4.61801e-09
-6.58708e-09
-7.99551e-10
-0.000128132
           0
           0
-3.04343e-05
           0
           0
 1.07522e-05
           0
           0
           0
           0
           0
           0
 0.000162277
    0.418299
    0.190653
   -0.223147
           0
           0
pk 0.937031
       1
       1
0.829951
       1
       1
0.930465
0.983817
       1
0.909578
0.998513
       1
0.752582
0.995071
       1
0.945036
0.962771
       1
0.867693
 1.00314
       1
0.863753
0.991994
       1
0.756883
0.985765
0.898388
 0.46335
 1.04944
0.281034
0.560619
 1.00611
0.319575
0.111444
 0.98872
       1
count 329
(curr.pk-pk_prev).cwiseAbs().sum() 0.0848046
(curr.pk-p0).cwiseAbs().sum() 4.72465
stable?: 1 converged?: 1 G: 3.14366e-08
tp: 4
Elapsed Time d2w: 128475 us
Elapsed Time dG: 8523 us
vz_norm: 3.08905e-09vp_norm: 2.15897e-09
backtrackingCount 0
pk 0.936466
       1
       1
0.829562
       1
       1
0.929709
0.983628
       1
 0.90867
0.998501
       1
 0.75188
0.995061
       1
0.943684
0.962529
       1
0.866141
 1.00313
       1
 0.86168
0.991984
       1
0.756778
0.985765
  0.8979
0.432959
  1.0492
0.235473
0.529647
 1.00586
0.274268
0.100471
0.988714
       1
backtracking time: 47537 us
backtracking count: 1
zk   0.00114386
 -0.00285783
 -0.00176174
    0.010047
  0.00412026
 -0.00549333
 0.000539947
 -0.00187555
-0.000953473
  0.00392764
  0.00274948
 -0.00733759
-1.13484e-13
           0
           0
 3.03623e-13
           0
           0
 0.000467925
           0
           0
 -4.9467e-05
           0
 0.000159851
           0
 0.000587273
           0
           0
 4.05562e-05
-9.20671e-05
           0
           0
-2.79762e-05
           0
           0
 8.79836e-06
           0
           0
-2.45865e-08
  4.4737e-09
-6.38124e-09
-7.74565e-10
-0.000124128
           0
           0
-2.94832e-05
           0
           0
 1.04162e-05
           0
           0
           0
           0
           0
           0
 0.000196618
    0.522321
    0.306114
    -0.43843
           0
           0
pk 0.936466
       1
       1
0.829562
       1
       1
0.929709
0.983628
       1
 0.90867
0.998501
       1
 0.75188
0.995061
       1
0.943684
0.962529
       1
0.866141
 1.00313
       1
 0.86168
0.991984
       1
0.756778
0.985765
  0.8979
0.432959
  1.0492
0.235473
0.529647
 1.00586
0.274268
0.100471
0.988714
       1
count 330
(curr.pk-pk_prev).cwiseAbs().sum() 0.173059
(curr.pk-p0).cwiseAbs().sum() 4.89672
stable?: 1 converged?: 1 G: 3.09793e-08
tp: 1142
Elapsed Time d2w: 39187437 us
Elapsed Time dG: 9071 us
vz_norm: 1.32733e-07vp_norm: 2.96597e-07
backtrackingCount 0
pk 0.936801
       1
       1
0.829565
       1
       1
0.929747
0.983639
       1
0.909025
0.998499
       1
0.751857
0.995063
       1
0.943639
0.962558
       1
0.865447
 1.00313
       1
0.861636
0.991976
       1
0.757784
0.985839
0.897993
0.432396
 1.04906
0.235888
0.529953
 1.00587
0.274055
0.111484
 0.98886
       1
backtracking time: 48400 us
backtracking count: 1
zk  0.000689974
  -0.0022293
 -0.00193222
  0.00928789
  0.00344062
 -0.00393902
 6.05765e-05
-0.000647221
 -0.00163989
  0.00378578
  0.00265309
 -0.00768183
-1.74467e-13
           0
           0
 2.60376e-13
           0
           0
  0.00047275
           0
           0
-7.60823e-05
           0
 0.000137622
           0
 0.000515761
           0
           0
 1.58267e-05
-7.61574e-05
           0
           0
-6.06413e-05
           0
           0
 3.88457e-06
           0
           0
-2.38178e-08
 4.33351e-09
-6.18221e-09
-7.49951e-10
-0.000120249
           0
           0
-2.80022e-05
           0
           0
 9.44588e-06
           0
           0
           0
           0
           0
           0
 0.000165779
    0.503871
    0.295441
   -0.459378
           0
           0
pk 0.936801
       1
       1
0.829565
       1
       1
0.929747
0.983639
       1
0.909025
0.998499
       1
0.751857
0.995063
       1
0.943639
0.962558
       1
0.865447
 1.00313
       1
0.861636
0.991976
       1
0.757784
0.985839
0.897993
0.432396
 1.04906
0.235888
0.529953
 1.00587
0.274055
0.111484
 0.98886
       1
count 331
(curr.pk-pk_prev).cwiseAbs().sum() 0.0155584
(curr.pk-p0).cwiseAbs().sum() 4.88435
stable?: 1 converged?: 1 G: 3.09709e-08
tp: 918
Elapsed Time d2w: 30935034 us
Elapsed Time dG: 8479 us
vz_norm: 8.78469e-08vp_norm: 2.41516e-07
zk   0.00234988
  0.00174768
  0.00226952
  -0.0244117
  0.00395098
  0.00687941
  0.00110574
  0.00426693
  0.00351775
-0.000484254
-0.000493219
 -0.00237506
-2.68468e-13
           0
           0
-1.14486e-13
           0
           0
-0.000424036
           0
           0
-0.000117512
           0
-5.86371e-05
           0
-7.98796e-05
           0
           0
-0.000113568
  0.00010342
           0
           0
-9.61063e-05
           0
           0
-2.32326e-05
           0
           0
 2.56812e-12
-1.42777e-12
-2.89921e-12
 1.85065e-12
           0
           0
           0
-4.69912e-07
           0
           0
-2.41269e-06
           0
           0
           0
           0
           0
           0
 0.000101874
  -0.0530706
  -0.0538325
   -0.143531
           0
           0
pk 0.938145
       1
       1
0.829389
       1
       1
0.929935
0.983683
       1
 0.91101
 0.99851
       1
0.751347
 0.99506
       1
0.943345
0.962673
       1
0.862259
 1.00304
       1
0.861875
 0.99199
       1
0.761177
0.985986
0.898645
 0.42854
 1.04854
0.236863
0.531067
 1.00594
0.274304
 0.15828
0.989357
       1
count 332
(curr.pk-pk_prev).cwiseAbs().sum() 0.0664702
(curr.pk-p0).cwiseAbs().sum() 4.83408
stable?: 1 converged?: 1 G: 3.09237e-08
tp: 4
Elapsed Time d2w: 133443 us
Elapsed Time dG: 8241 us
vz_norm: 2.89497e-08vp_norm: 3.94658e-09
backtrackingCount 0
pk 0.938068
       1
       1
0.829337
       1
       1
0.929914
0.983677
       1
0.910887
0.998508
       1
0.751255
0.995059
       1
0.943307
0.962666
       1
0.862089
 1.00304
       1
0.861628
0.991988
       1
0.761174
0.985986
0.898623
0.428462
 1.04854
0.236932
0.530008
 1.00593
0.273365
0.157661
0.989356
       1
backtracking time: 41995 us
backtracking count: 1
zk   0.00177379
  0.00159676
  0.00177505
   -0.023223
  0.00324757
  0.00669234
 0.000796153
   0.0040649
  0.00317954
-0.000385997
-0.000592665
 -0.00231019
-2.37942e-13
           0
           0
-9.61349e-14
           0
           0
-0.000298825
           0
           0
-0.000104135
           0
-4.89795e-05
           0
 6.18652e-05
           0
           0
-0.000109181
 9.56197e-05
           0
           0
-8.75166e-05
           0
           0
-2.23257e-05
           0
           0
-1.21662e-09
 4.30654e-10
 1.40901e-09
-4.98538e-10
-7.35451e-06
           0
           0
  6.6005e-06
           0
           0
-2.17797e-06
           0
           0
           0
           0
           0
           0
 9.54816e-05
  -0.0367971
  -0.0705332
   -0.139556
           0
           0
pk 0.938068
       1
       1
0.829337
       1
       1
0.929914
0.983677
       1
0.910887
0.998508
       1
0.751255
0.995059
       1
0.943307
0.962666
       1
0.862089
 1.00304
       1
0.861628
0.991988
       1
0.761174
0.985986
0.898623
0.428462
 1.04854
0.236932
0.530008
 1.00593
0.273365
0.157661
0.989356
       1
count 333
(curr.pk-pk_prev).cwiseAbs().sum() 0.0036377
(curr.pk-p0).cwiseAbs().sum() 4.83756
stable?: 1 converged?: 1 G: 3.09138e-08
tp: 4
Elapsed Time d2w: 153561 us
Elapsed Time dG: 8318 us
vz_norm: 2.73364e-08vp_norm: 4.73986e-09
backtrackingCount 0
pk 0.937988
       1
       1
0.829282
       1
       1
 0.92982
0.983654
       1
 0.91076
0.998506
       1
0.751158
0.995057
       1
0.943139
0.962636
       1
0.861912
 1.00304
       1
0.861368
0.991987
       1
0.761159
0.985986
0.898577
0.428316
 1.04853
0.236864
 0.52881
 1.00592
0.272228
0.156396
0.989356
       1
backtracking time: 38925 us
backtracking count: 1
zk   0.00118767
  0.00144308
  0.00156878
  -0.0220571
  0.00252399
  0.00654529
 0.000480914
  0.00386417
  0.00299898
-0.000285951
-0.000696739
 -0.00223831
-2.07105e-13
           0
           0
-7.74844e-14
           0
           0
-0.000249617
           0
           0
 -9.0621e-05
           0
-3.91602e-05
           0
 0.000109541
           0
           0
-0.000105472
 8.77915e-05
           0
           0
-7.88739e-05
           0
           0
-2.15639e-05
           0
           0
-2.46927e-09
 8.73029e-10
 2.85412e-09
-1.00889e-09
 -1.4918e-05
           0
           0
 1.38709e-05
           0
           0
-2.05314e-06
           0
           0
           0
           0
           0
           0
 9.41061e-05
  -0.0201858
  -0.0878412
   -0.135186
           0
           0
pk 0.937988
       1
       1
0.829282
       1
       1
 0.92982
0.983654
       1
 0.91076
0.998506
       1
0.751158
0.995057
       1
0.943139
0.962636
       1
0.861912
 1.00304
       1
0.861368
0.991987
       1
0.761159
0.985986
0.898577
0.428316
 1.04853
0.236864
 0.52881
 1.00592
0.272228
0.156396
0.989356
       1
count 334
(curr.pk-pk_prev).cwiseAbs().sum() 0.00500135
(curr.pk-p0).cwiseAbs().sum() 4.84253
stable?: 1 converged?: 1 G: 3.0902e-08
tp: 4
Elapsed Time d2w: 131823 us
Elapsed Time dG: 10419 us
vz_norm: 2.68319e-08vp_norm: 4.45124e-09
backtrackingCount 0
pk 0.937966
       1
       1
0.829268
       1
       1
0.929763
0.983639
       1
0.910725
0.998506
       1
0.751132
0.995057
       1
0.943036
0.962617
       1
0.861852
 1.00304
       1
0.861299
0.991987
       1
 0.76115
0.985986
0.898525
0.427549
 1.04853
0.236028
0.529296
 1.00592
0.272438
0.154824
0.989356
       1
backtracking time: 43221 us
backtracking count: 1
zk    0.0016447
  0.00166626
 8.29212e-05
  -0.0218322
  0.00310221
  0.00619047
 0.000731057
  0.00390685
  0.00213044
-0.000368963
-0.000548849
 -0.00221431
-2.26282e-13
           0
           0
-9.22414e-14
           0
           0
 0.000138012
           0
           0
-9.90363e-05
           0
 -4.7038e-05
           0
 0.000578553
           0
           0
-9.93664e-05
 9.03648e-05
           0
           0
-8.28886e-05
           0
           0
-2.02836e-05
           0
           0
-1.10362e-09
 5.14133e-10
 1.28407e-09
-5.96235e-10
-5.87527e-06
           0
           0
  5.2094e-06
           0
           0
 -1.4484e-06
           0
           0
           0
           0
           0
           0
 6.79166e-05
  -0.0347728
    -0.06599
   -0.133587
           0
           0
pk 0.937966
       1
       1
0.829268
       1
       1
0.929763
0.983639
       1
0.910725
0.998506
       1
0.751132
0.995057
       1
0.943036
0.962617
       1
0.861852
 1.00304
       1
0.861299
0.991987
       1
 0.76115
0.985986
0.898525
0.427549
 1.04853
0.236028
0.529296
 1.00592
0.272438
0.154824
0.989356
       1
count 335
(curr.pk-pk_prev).cwiseAbs().sum() 0.00435961
(curr.pk-p0).cwiseAbs().sum() 4.84549
stable?: 1 converged?: 1 G: 3.08987e-08
tp: 4
Elapsed Time d2w: 151456 us
Elapsed Time dG: 7793 us
vz_norm: 2.74156e-08vp_norm: 4.61236e-09
backtrackingCount 0
pk 0.937886
       1
       1
0.829214
       1
       1
0.929675
0.983617
       1
0.910598
0.998504
       1
0.751036
0.995056
       1
0.942878
0.962589
       1
0.861675
 1.00304
       1
0.861041
0.991985
       1
0.761137
0.985986
0.898482
0.427367
 1.04852
0.235928
0.528133
 1.00592
0.271344
0.153604
0.989355
       1
backtracking time: 42681 us
backtracking count: 1
zk   0.00106373
  0.00150915
-0.000105985
  -0.0207074
  0.00238517
  0.00605482
 0.000418492
   0.0037104
  0.00196349
-0.000269626
-0.000654333
 -0.00214664
-1.95814e-13
           0
           0
-7.37256e-14
           0
           0
 0.000182963
           0
           0
-8.56815e-05
           0
 -3.7285e-05
           0
  0.00062178
           0
           0
-9.59005e-05
 8.27028e-05
           0
           0
-7.43882e-05
           0
           0
-1.95719e-05
           0
           0
 -2.3544e-09
 9.49406e-10
 2.72748e-09
-1.09857e-09
-1.34985e-05
           0
           0
 1.25363e-05
           0
           0
-1.33299e-06
           0
           0
           0
           0
           0
           0
 6.67758e-05
  -0.0182827
   -0.083407
   -0.129474
           0
           0
pk 0.937886
       1
       1
0.829214
       1
       1
0.929675
0.983617
       1
0.910598
0.998504
       1
0.751036
0.995056
       1
0.942878
0.962589
       1
0.861675
 1.00304
       1
0.861041
0.991985
       1
0.761137
0.985986
0.898482
0.427367
 1.04852
0.235928
0.528133
 1.00592
0.271344
0.153604
0.989355
       1
count 336
(curr.pk-pk_prev).cwiseAbs().sum() 0.00492043
(curr.pk-p0).cwiseAbs().sum() 4.85039
stable?: 1 converged?: 1 G: 3.08868e-08
tp: 4
Elapsed Time d2w: 156385 us
Elapsed Time dG: 9293 us
vz_norm: 2.71498e-08vp_norm: 4.42245e-09
backtrackingCount 0
pk 0.937864
       1
       1
0.829199
       1
       1
0.929615
0.983602
       1
0.910563
0.998503
       1
0.751009
0.995055
       1
 0.94277
 0.96257
       1
0.861615
 1.00304
       1
 0.86097
0.991985
       1
0.761128
0.985986
0.898431
0.426638
 1.04852
0.235133
0.528554
 1.00592
0.271517
0.152047
0.989355
       1
backtracking time: 48661 us
backtracking count: 1
zk   0.00151342
  0.00172263
  -0.0015143
  -0.0205204
  0.00294982
   0.0057219
 0.000664468
  0.00375342
  0.00114078
-0.000351546
-0.000508611
 -0.00212385
-2.14859e-13
           0
           0
-8.82617e-14
           0
           0
 0.000550454
           0
           0
-9.40405e-05
           0
-4.50436e-05
           0
  0.00106667
           0
           0
-9.01913e-05
 8.53326e-05
           0
           0
 -7.8424e-05
           0
           0
-1.83749e-05
           0
           0
-1.01798e-09
 5.93154e-10
 1.18984e-09
 -6.8863e-10
-4.64712e-06
           0
           0
 4.05746e-06
           0
           0
-7.60014e-07
           0
           0
           0
           0
           0
           0
 4.18801e-05
  -0.0326615
  -0.0618788
   -0.127959
           0
           0
pk 0.937864
       1
       1
0.829199
       1
       1
0.929615
0.983602
       1
0.910563
0.998503
       1
0.751009
0.995055
       1
 0.94277
 0.96257
       1
0.861615
 1.00304
       1
 0.86097
0.991985
       1
0.761128
0.985986
0.898431
0.426638
 1.04852
0.235133
0.528554
 1.00592
0.271517
0.152047
0.989355
       1
count 337
(curr.pk-pk_prev).cwiseAbs().sum() 0.00417439
(curr.pk-p0).cwiseAbs().sum() 4.85336
stable?: 1 converged?: 1 G: 3.08833e-08
tp: 4
Elapsed Time d2w: 149415 us
Elapsed Time dG: 8419 us
vz_norm: 2.74584e-08vp_norm: 4.49867e-09
backtrackingCount 0
pk 0.937785
       1
       1
0.829145
       1
       1
0.929531
0.983581
       1
0.910436
0.998502
       1
0.750913
0.995054
       1
0.942619
0.962543
       1
0.861439
 1.00304
       1
0.860714
0.991984
       1
0.761116
0.985986
 0.89839
0.426419
 1.04852
0.235002
0.527421
 1.00591
0.270461
0.150864
0.989354
       1
backtracking time: 38542 us
backtracking count: 1
zk   0.00093698
  0.00156251
  -0.0016836
  -0.0194344
  0.00223857
  0.00559746
 0.000354243
  0.00356109
 0.000988398
-0.000252827
-0.000615545
    -0.00206
-1.84726e-13
           0
           0
-6.98656e-14
           0
           0
 0.000590536
           0
           0
-8.08307e-05
           0
 -3.5349e-05
           0
  0.00110464
           0
           0
-8.69608e-05
 7.78242e-05
           0
           0
-7.00545e-05
           0
           0
-1.77118e-05
           0
           0
-2.26774e-09
 1.02226e-09
 2.63253e-09
-1.18402e-09
-1.23313e-05
           0
           0
  1.1442e-05
           0
           0
-6.54671e-07
           0
           0
           0
           0
           0
           0
 4.10222e-05
  -0.0162751
  -0.0794166
    -0.12408
           0
           0
pk 0.937785
       1
       1
0.829145
       1
       1
0.929531
0.983581
       1
0.910436
0.998502
       1
0.750913
0.995054
       1
0.942619
0.962543
       1
0.861439
 1.00304
       1
0.860714
0.991984
       1
0.761116
0.985986
 0.89839
0.426419
 1.04852
0.235002
0.527421
 1.00591
0.270461
0.150864
0.989354
       1
count 338
(curr.pk-pk_prev).cwiseAbs().sum() 0.00486237
(curr.pk-p0).cwiseAbs().sum() 4.8582
stable?: 1 converged?: 1 G: 3.08714e-08
tp: 4
Elapsed Time d2w: 149095 us
Elapsed Time dG: 11219 us
vz_norm: 2.72141e-08vp_norm: 4.3568e-09
backtrackingCount 0
pk 0.937762
       1
       1
0.829129
       1
       1
0.929468
0.983566
       1
  0.9104
0.998501
       1
0.750886
0.995053
       1
0.942505
0.962523
       1
0.861377
 1.00304
       1
0.860641
0.991983
       1
0.761106
0.985986
 0.89834
0.425719
 1.04851
0.234232
0.527791
 1.00591
0.270594
0.149313
0.989354
       1
backtracking time: 39814 us
backtracking count: 1
zk   0.00138903
  0.00177092
 -0.00303708
  -0.0192889
  0.00280467
    0.005283
 0.000601464
  0.00360685
 0.000199034
-0.000334796
-0.000470581
 -0.00203891
-2.03982e-13
           0
           0
 -8.4419e-14
           0
           0
  0.00094387
           0
           0
-8.92837e-05
           0
-4.31149e-05
           0
   0.0015328
           0
           0
-8.15886e-05
 8.05769e-05
           0
           0
 -7.4195e-05
           0
           0
-1.65854e-05
           0
           0
-9.44444e-10
 6.67663e-10
 1.10886e-09
-7.75683e-10
-3.54588e-06
           0
           0
 3.02567e-06
           0
           0
-1.04747e-07
           0
           0
           0
           0
           0
           0
 1.70448e-05
  -0.0306145
   -0.058017
   -0.122675
           0
           0
pk 0.937762
       1
       1
0.829129
       1
       1
0.929468
0.983566
       1
  0.9104
0.998501
       1
0.750886
0.995053
       1
0.942505
0.962523
       1
0.861377
 1.00304
       1
0.860641
0.991983
       1
0.761106
0.985986
 0.89834
0.425719
 1.04851
0.234232
0.527791
 1.00591
0.270594
0.149313
0.989354
       1
count 339
(curr.pk-pk_prev).cwiseAbs().sum() 0.0040389
(curr.pk-p0).cwiseAbs().sum() 4.86122
stable?: 1 converged?: 1 G: 3.08678e-08
tp: 4
Elapsed Time d2w: 154928 us
Elapsed Time dG: 10534 us
vz_norm: 2.75018e-08vp_norm: 4.39156e-09
backtrackingCount 0
pk 0.937683
       1
       1
0.829076
       1
       1
0.929388
0.983546
       1
0.910274
0.998499
       1
0.750791
0.995052
       1
0.942362
0.962497
       1
0.861202
 1.00304
       1
0.860386
0.991982
       1
0.761095
0.985986
0.898302
0.425465
 1.04851
 0.23407
0.526687
  1.0059
0.269574
0.148167
0.989354
       1
backtracking time: 43788 us
backtracking count: 1
zk   0.00081694
   0.0016081
 -0.00318625
  -0.0182296
  0.00209859
  0.00516927
 0.000293483
  0.00341846
 6.12506e-05
-0.000236637
-0.000578814
 -0.00197858
-1.74171e-13
           0
           0
-6.61396e-14
           0
           0
 0.000978923
           0
           0
-7.62124e-05
           0
-3.34774e-05
           0
  0.00156526
           0
           0
-7.85829e-05
 7.32139e-05
           0
           0
-6.59494e-05
           0
           0
-1.59686e-05
           0
           0
-2.19288e-09
 1.09098e-09
 2.55056e-09
-1.26459e-09
-1.12866e-05
           0
           0
 1.04637e-05
           0
           0
-9.51155e-09
           0
           0
           0
           0
           0
           0
 1.64796e-05
  -0.0143246
  -0.0756609
   -0.119011
           0
           0
pk 0.937683
       1
       1
0.829076
       1
       1
0.929388
0.983546
       1
0.910274
0.998499
       1
0.750791
0.995052
       1
0.942362
0.962497
       1
0.861202
 1.00304
       1
0.860386
0.991982
       1
0.761095
0.985986
0.898302
0.425465
 1.04851
 0.23407
0.526687
  1.0059
0.269574
0.148167
0.989354
       1
count 340
(curr.pk-pk_prev).cwiseAbs().sum() 0.00480463
(curr.pk-p0).cwiseAbs().sum() 4.866
stable?: 1 converged?: 1 G: 3.08557e-08
tp: 4
Elapsed Time d2w: 168789 us
Elapsed Time dG: 7756 us
vz_norm: 3.05884e-08vp_norm: 4.88463e-09
backtrackingCount 0
pk 0.937665
       1
       1
0.829064
       1
       1
0.929335
0.983533
       1
0.910245
0.998499
       1
0.750768
0.995052
       1
0.942268
0.962481
       1
0.861152
 1.00303
       1
0.860327
0.991982
       1
0.761087
0.985986
0.898257
0.424918
  1.0485
0.233474
 0.52701
  1.0059
0.269693
0.146734
0.989353
       1
backtracking time: 52875 us
backtracking count: 1
zk   0.00120824
  0.00178032
 -0.00430632
  -0.0180611
  0.00258431
  0.00488873
 0.000508012
  0.00344745
-0.000598631
-0.000308096
-0.000445823
 -0.00195369
-1.90402e-13
           0
           0
-7.85555e-14
           0
           0
  0.00127086
           0
           0
-8.33399e-05
           0
-4.01084e-05
           0
  0.00191784
           0
           0
-7.38648e-05
 7.54144e-05
           0
           0
-6.93731e-05
           0
           0
-1.49813e-05
           0
           0
-1.05074e-09
 7.91058e-10
  1.2344e-09
-9.18922e-10
-3.64439e-06
           0
           0
 3.14341e-06
           0
           0
 4.50251e-07
           0
           0
           0
           0
           0
           0
-3.80698e-06
  -0.0267313
  -0.0563866
   -0.117399
           0
           0
pk 0.937665
       1
       1
0.829064
       1
       1
0.929335
0.983533
       1
0.910245
0.998499
       1
0.750768
0.995052
       1
0.942268
0.962481
       1
0.861152
 1.00303
       1
0.860327
0.991982
       1
0.761087
0.985986
0.898257
0.424918
  1.0485
0.233474
 0.52701
  1.0059
0.269693
0.146734
0.989353
       1
count 341
(curr.pk-pk_prev).cwiseAbs().sum() 0.00344254
(curr.pk-p0).cwiseAbs().sum() 4.86856
stable?: 1 converged?: 1 G: 3.08533e-08
tp: 4
Elapsed Time d2w: 135167 us
Elapsed Time dG: 11857 us
vz_norm: 2.73349e-08vp_norm: 4.41397e-09
backtrackingCount 0
pk 0.937585
       1
       1
 0.82901
       1
       1
0.929249
0.983512
       1
0.910119
0.998497
       1
0.750673
 0.99505
       1
0.942114
0.962454
       1
0.860976
 1.00303
       1
0.860072
0.991981
       1
0.761075
0.985986
0.898218
0.424621
  1.0485
0.233265
0.525915
 1.00589
0.268681
0.145533
0.989353
       1
backtracking time: 38910 us
backtracking count: 1
zk  0.000638302
  0.00161522
 -0.00440909
  -0.0170367
  0.00188044
  0.00478854
 0.000201052
  0.00326283
-0.000707871
-0.000210179
-0.000556043
 -0.00189581
-1.60824e-13
           0
           0
-6.03363e-14
           0
           0
  0.00129392
           0
           0
-7.03689e-05
           0
-3.04984e-05
           0
  0.00193608
           0
           0
-7.11205e-05
 6.81726e-05
           0
           0
-6.12267e-05
           0
           0
 -1.4419e-05
           0
           0
-2.30244e-09
 1.21064e-09
 2.67964e-09
-1.40344e-09
 -1.1462e-05
           0
           0
 1.06545e-05
           0
           0
 5.25643e-07
           0
           0
           0
           0
           0
           0
-3.59026e-06
  -0.0104805
  -0.0742292
   -0.113889
           0
           0
pk 0.937585
       1
       1
 0.82901
       1
       1
0.929249
0.983512
       1
0.910119
0.998497
       1
0.750673
 0.99505
       1
0.942114
0.962454
       1
0.860976
 1.00303
       1
0.860072
0.991981
       1
0.761075
0.985986
0.898218
0.424621
  1.0485
0.233265
0.525915
 1.00589
0.268681
0.145533
0.989353
       1
count 342
(curr.pk-pk_prev).cwiseAbs().sum() 0.00495575
(curr.pk-p0).cwiseAbs().sum() 4.87349
stable?: 1 converged?: 1 G: 3.0841e-08
tp: 4
Elapsed Time d2w: 153850 us
Elapsed Time dG: 8272 us
vz_norm: 2.7027e-08vp_norm: 4.01457e-09
backtrackingCount 0
pk 0.937563
       1
       1
0.828995
       1
       1
0.929186
0.983496
       1
0.910084
0.998497
       1
0.750646
 0.99505
       1
   0.942
0.962434
       1
0.860917
 1.00303
       1
    0.86
 0.99198
       1
0.761066
0.985986
0.898172
0.423992
  1.0485
0.232543
0.526227
 1.00589
0.268762
0.144063
0.989353
       1
backtracking time: 54044 us
backtracking count: 1
zk   0.00110237
  0.00182523
 -0.00569267
  -0.0169771
  0.00246214
  0.00450226
 0.000454493
  0.00331981
  -0.0014527
-0.000293933
  -0.0004118
 -0.00187865
 -1.8102e-13
           0
           0
-7.52982e-14
           0
           0
   0.0016294
           0
           0
-7.92375e-05
           0
-3.84773e-05
           0
  0.00234364
           0
           0
-6.63072e-05
 7.12656e-05
           0
           0
 -6.5699e-05
           0
           0
-1.34092e-05
           0
           0
-9.73596e-10
 8.49925e-10
 1.14819e-09
-9.87682e-10
-2.60544e-06
           0
           0
 2.16851e-06
           0
           0
 1.04488e-06
           0
           0
           0
           0
           0
           0
-2.64904e-05
  -0.0250626
  -0.0528493
   -0.112733
           0
           0
pk 0.937563
       1
       1
0.828995
       1
       1
0.929186
0.983496
       1
0.910084
0.998497
       1
0.750646
 0.99505
       1
   0.942
0.962434
       1
0.860917
 1.00303
       1
    0.86
 0.99198
       1
0.761066
0.985986
0.898172
0.423992
  1.0485
0.232543
0.526227
 1.00589
0.268762
0.144063
0.989353
       1
count 343
(curr.pk-pk_prev).cwiseAbs().sum() 0.00371744
(curr.pk-p0).cwiseAbs().sum() 4.87641
stable?: 1 converged?: 1 G: 3.08374e-08
tp: 3
Elapsed Time d2w: 103639 us
Elapsed Time dG: 8781 us
vz_norm: 3.86793e-08vp_norm: 1.02663e-08
backtrackingCount 0
pk 0.937523
       1
       1
0.828968
       1
       1
0.929114
0.983478
       1
0.910021
0.998496
       1
0.750598
0.995049
       1
0.941872
 0.96241
       1
 0.86083
 1.00303
       1
0.859875
 0.99198
       1
0.761056
0.985986
0.898128
 0.42505
  1.0485
0.232589
0.527557
 1.00589
0.268902
0.142162
0.989352
       1
backtracking time: 39096 us
backtracking count: 1
zk   0.00151451
  0.00145899
 -0.00444688
   -0.015855
  0.00300523
  0.00421806
 0.000677572
  0.00303145
-0.000831821
-0.000180011
-0.000282498
 -0.00187131
-2.00194e-13
           0
           0
-5.61731e-14
           0
           0
  0.00129598
           0
           0
-8.76581e-05
           0
-2.83822e-05
           0
  0.00191842
           0
           0
 -6.1066e-05
 6.38355e-05
           0
           0
-6.99363e-05
           0
           0
-1.23061e-05
           0
           0
-1.86569e-09
  7.2531e-10
 8.11718e-11
-1.09277e-09
 -1.1033e-05
           0
           0
-5.94998e-06
           0
           0
 1.67468e-06
           0
           0
           0
           0
           0
           0
 -5.3356e-06
   -0.010782
  -0.0367747
   -0.111947
           0
           0
pk 0.937523
       1
       1
0.828968
       1
       1
0.929114
0.983478
       1
0.910021
0.998496
       1
0.750598
0.995049
       1
0.941872
 0.96241
       1
 0.86083
 1.00303
       1
0.859875
 0.99198
       1
0.761056
0.985986
0.898128
 0.42505
  1.0485
0.232589
0.527557
 1.00589
0.268902
0.142162
0.989352
       1
count 344
(curr.pk-pk_prev).cwiseAbs().sum() 0.00516548
(curr.pk-p0).cwiseAbs().sum() 4.87643
stable?: 1 converged?: 1 G: 3.08568e-08
tp: 3
Elapsed Time d2w: 118304 us
Elapsed Time dG: 8497 us
vz_norm: 3.90263e-08vp_norm: 1.96527e-08
backtrackingCount 0
pk 0.937468
       1
       1
0.828929
       1
       1
0.929029
0.983454
       1
0.909934
0.998495
       1
0.750528
0.995048
       1
0.941722
 0.96238
       1
0.860697
 1.00303
       1
0.859703
0.991979
       1
0.761042
0.985986
0.897967
0.426282
  1.0485
 0.23295
0.528432
 1.00589
0.269116
0.136242
0.989351
       1
backtracking time: 39929 us
backtracking count: 1
zk  0.000965459
  0.00163172
  0.00286745
  -0.0156285
  0.00228461
  0.00329426
 0.000385434
  0.00307314
  0.00306389
-0.000266488
-0.000402953
 -0.00205652
 -1.6926e-13
           0
           0
 -7.1389e-14
           0
           0
-0.000642647
           0
           0
-7.40886e-05
           0
 -3.6494e-05
           0
-0.000506087
           0
           0
-4.43864e-05
 6.71052e-05
           0
           0
-6.14993e-05
           0
           0
-8.73294e-06
           0
           0
-6.86773e-10
 5.74763e-10
 1.33788e-09
-1.20666e-09
-2.11461e-06
           0
           0
 2.20498e-06
           0
           0
 4.75034e-06
           0
           0
           0
           0
           0
           0
 0.000120896
  -0.0240339
  -0.0532028
   -0.121963
           0
           0
pk 0.937468
       1
       1
0.828929
       1
       1
0.929029
0.983454
       1
0.909934
0.998495
       1
0.750528
0.995048
       1
0.941722
 0.96238
       1
0.860697
 1.00303
       1
0.859703
0.991979
       1
0.761042
0.985986
0.897967
0.426282
  1.0485
 0.23295
0.528432
 1.00589
0.269116
0.136242
0.989351
       1
count 345
(curr.pk-pk_prev).cwiseAbs().sum() 0.00962821
(curr.pk-p0).cwiseAbs().sum() 4.88069
stable?: 1 converged?: 1 G: 3.08781e-08
tp: 3
Elapsed Time d2w: 108610 us
Elapsed Time dG: 8859 us
vz_norm: 3.92143e-08vp_norm: 1.04854e-08
backtrackingCount 0
pk  0.93743
       1
       1
0.828902
       1
       1
0.928956
0.983436
       1
0.909873
0.998494
       1
0.750481
0.995047
       1
0.941593
0.962357
       1
0.860612
 1.00303
       1
0.859582
0.991978
       1
0.761033
0.985986
0.897925
0.427288
  1.0485
0.232988
0.529725
 1.00589
0.269252
0.134305
0.989351
       1
backtracking time: 37939 us
backtracking count: 1
zk   0.00137674
  0.00127512
  0.00383161
  -0.0145604
  0.00282588
  0.00305948
 0.000607976
  0.00279461
  0.00353611
-0.000154617
-0.000275125
 -0.00203994
-1.88513e-13
           0
           0
-5.25659e-14
           0
           0
 -0.00090137
           0
           0
-8.25454e-05
           0
-2.65549e-05
           0
-0.000837735
           0
           0
-4.00533e-05
 5.98588e-05
           0
           0
 -6.5798e-05
           0
           0
-7.82404e-06
           0
           0
-1.57491e-09
 4.59972e-10
 2.79161e-10
-1.30285e-09
-1.04248e-05
           0
           0
-5.79213e-06
           0
           0
 5.25307e-06
           0
           0
           0
           0
           0
           0
 0.000137152
 -0.00994411
    -0.03727
   -0.120692
           0
           0
pk  0.93743
       1
       1
0.828902
       1
       1
0.928956
0.983436
       1
0.909873
0.998494
       1
0.750481
0.995047
       1
0.941593
0.962357
       1
0.860612
 1.00303
       1
0.859582
0.991978
       1
0.761033
0.985986
0.897925
0.427288
  1.0485
0.232988
0.529725
 1.00589
0.269252
0.134305
0.989351
       1
count 346
(curr.pk-pk_prev).cwiseAbs().sum() 0.0050874
(curr.pk-p0).cwiseAbs().sum() 4.88083
stable?: 1 converged?: 1 G: 3.08968e-08
tp: 3
Elapsed Time d2w: 117994 us
Elapsed Time dG: 8397 us
vz_norm: 3.78385e-08vp_norm: 2.07028e-08
backtrackingCount 0
pk 0.937372
       1
       1
0.828861
       1
       1
0.928836
0.983409
       1
0.909781
0.998492
       1
0.750408
0.995046
       1
0.941395
0.962323
       1
0.860473
 1.00303
       1
0.859401
0.991977
       1
0.761018
0.985986
0.897752
0.428555
  1.0485
 0.23335
0.530613
 1.00589
0.269457
0.127629
0.989349
       1
backtracking time: 39857 us
backtracking count: 1
zk  0.000803501
   0.0014681
   0.0114841
  -0.0143988
  0.00207397
  0.00215653
 0.000302645
  0.00285265
  0.00761793
-0.000247221
-0.000403737
 -0.00222552
-1.56506e-13
           0
           0
-6.89092e-14
           0
           0
 -0.00292948
           0
           0
-6.85026e-05
           0
-3.52633e-05
           0
 -0.00337385
           0
           0
-2.36842e-05
 6.35698e-05
           0
           0
-5.71227e-05
           0
           0
-4.31615e-06
           0
           0
-3.42032e-10
  3.1082e-10
 1.59959e-09
 -1.4179e-09
-1.05634e-06
           0
           0
 2.79226e-06
           0
           0
 8.47733e-06
           0
           0
           0
           0
           0
           0
 0.000269409
  -0.0240021
  -0.0547333
   -0.130747
           0
           0
pk 0.937372
       1
       1
0.828861
       1
       1
0.928836
0.983409
       1
0.909781
0.998492
       1
0.750408
0.995046
       1
0.941395
0.962323
       1
0.860473
 1.00303
       1
0.859401
0.991977
       1
0.761018
0.985986
0.897752
0.428555
  1.0485
 0.23335
0.530613
 1.00589
0.269457
0.127629
0.989349
       1
count 347
(curr.pk-pk_prev).cwiseAbs().sum() 0.0105562
(curr.pk-p0).cwiseAbs().sum() 4.88594
stable?: 1 converged?: 1 G: 3.0919e-08
tp: 3
Elapsed Time d2w: 109646 us
Elapsed Time dG: 10216 us
vz_norm: 4.00169e-08vp_norm: 1.09353e-08
backtrackingCount 0
pk 0.937335
       1
       1
0.828836
       1
       1
 0.92876
0.983391
       1
0.909723
0.998492
       1
0.750363
0.995046
       1
0.941264
  0.9623
       1
0.860391
 1.00303
       1
0.859284
0.991977
       1
0.761009
0.985986
0.897712
0.429537
  1.0485
0.233389
0.531892
 1.00589
0.269596
0.125664
0.989349
       1
backtracking time: 43165 us
backtracking count: 1
zk    0.0012108
  0.00112043
   0.0121601
  -0.0133817
  0.00260962
  0.00197005
  0.00052297
  0.00258329
  0.00793775
-0.000137432
-0.000277989
 -0.00219957
-1.75678e-13
           0
           0
-5.03869e-14
           0
           0
 -0.00311178
           0
           0
-7.69249e-05
           0
-2.54796e-05
           0
 -0.00360982
           0
           0
-2.02466e-05
 5.65011e-05
           0
           0
-6.14396e-05
           0
           0
-3.59891e-06
           0
           0
-1.22657e-09
 2.06711e-10
 5.55741e-10
-1.50558e-09
-9.24667e-06
           0
           0
 -5.0403e-06
           0
           0
 8.84886e-06
           0
           0
           0
           0
           0
           0
 0.000280629
  -0.0101022
  -0.0390249
   -0.128983
           0
           0
pk 0.937335
       1
       1
0.828836
       1
       1
 0.92876
0.983391
       1
0.909723
0.998492
       1
0.750363
0.995046
       1
0.941264
  0.9623
       1
0.860391
 1.00303
       1
0.859284
0.991977
       1
0.761009
0.985986
0.897712
0.429537
  1.0485
0.233389
0.531892
 1.00589
0.269596
0.125664
0.989349
       1
count 348
(curr.pk-pk_prev).cwiseAbs().sum() 0.00506915
(curr.pk-p0).cwiseAbs().sum() 4.88613
stable?: 1 converged?: 1 G: 3.09375e-08
tp: 3
Elapsed Time d2w: 99076 us
Elapsed Time dG: 9349 us
vz_norm: 3.65505e-08vp_norm: 2.18374e-08
backtrackingCount 0
pk 0.937274
       1
       1
0.828792
       1
       1
0.928595
0.983358
       1
0.909626
 0.99849
       1
0.750286
0.995044
       1
0.941001
0.962258
       1
0.860243
 1.00303
       1
0.859093
0.991976
       1
0.760993
0.985986
0.897529
0.430847
  1.0485
0.233753
0.532793
 1.00589
0.269789
0.118076
0.989348
       1
backtracking time: 63348 us
backtracking count: 1
zk  0.000607181
  0.00133521
   0.0202974
  -0.0132781
   0.0018188
  0.00108422
 0.000201088
  0.00265846
   0.0122849
-0.000237076
-0.000416249
 -0.00238647
  -1.423e-13
           0
           0
-6.80383e-14
           0
           0
 -0.00526831
           0
           0
 -6.2278e-05
           0
-3.48808e-05
           0
 -0.00630635
           0
           0
-4.10907e-06
 6.07043e-05
           0
           0
-5.24477e-05
           0
           0
-1.39338e-07
           0
           0
 7.29969e-11
 5.68009e-11
  1.9541e-09
-1.62402e-09
 6.62144e-07
           0
           0
 4.05904e-06
           0
           0
 1.22863e-05
           0
           0
           0
           0
           0
           0
 0.000421476
  -0.0251093
  -0.0577272
    -0.13913
           0
           0
pk 0.937274
       1
       1
0.828792
       1
       1
0.928595
0.983358
       1
0.909626
 0.99849
       1
0.750286
0.995044
       1
0.941001
0.962258
       1
0.860243
 1.00303
       1
0.859093
0.991976
       1
0.760993
0.985986
0.897529
0.430847
  1.0485
0.233753
0.532793
 1.00589
0.269789
0.118076
0.989348
       1
count 349
(curr.pk-pk_prev).cwiseAbs().sum() 0.0116809
(curr.pk-p0).cwiseAbs().sum() 4.89227
stable?: 1 converged?: 1 G: 3.09607e-08
tp: 3
Elapsed Time d2w: 97306 us
Elapsed Time dG: 8657 us
vz_norm: 4.11901e-08vp_norm: 1.16635e-08
backtrackingCount 0
pk 0.937239
       1
       1
0.828768
       1
       1
0.928516
0.983341
       1
0.909571
 0.99849
       1
0.750243
0.995044
       1
0.940867
0.962235
       1
0.860165
 1.00303
       1
0.858983
0.991975
       1
0.760985
0.985986
0.897491
0.431839
  1.0485
0.233808
 0.53408
  1.0059
0.269936
0.116097
0.989347
       1
backtracking time: 43672 us
backtracking count: 1
zk   0.00100367
 0.000989986
   0.0206801
  -0.0122997
  0.00234012
 0.000944921
 0.000415515
   0.0023943
   0.0124494
-0.000128819
-0.000294044
 -0.00235102
-1.61042e-13
           0
           0
-4.95979e-14
           0
           0
 -0.00537286
           0
           0
-7.05132e-05
           0
-2.51368e-05
           0
   -0.006445
           0
           0
-1.55547e-06
 5.37399e-05
           0
           0
-5.66924e-05
           0
           0
 3.88599e-07
           0
           0
-8.23398e-10
-3.31298e-11
 9.43225e-10
-1.70707e-09
 -7.5141e-06
           0
           0
-3.50588e-06
           0
           0
 1.25208e-05
           0
           0
           0
           0
           0
           0
 0.000427543
  -0.0112857
  -0.0424608
   -0.136865
           0
           0
pk 0.937239
       1
       1
0.828768
       1
       1
0.928516
0.983341
       1
0.909571
 0.99849
       1
0.750243
0.995044
       1
0.940867
0.962235
       1
0.860165
 1.00303
       1
0.858983
0.991975
       1
0.760985
0.985986
0.897491
0.431839
  1.0485
0.233808
 0.53408
  1.0059
0.269936
0.116097
0.989347
       1
count 350
(curr.pk-pk_prev).cwiseAbs().sum() 0.00510839
(curr.pk-p0).cwiseAbs().sum() 4.89242
stable?: 1 converged?: 1 G: 3.09795e-08
tp: 3
Elapsed Time d2w: 118693 us
Elapsed Time dG: 8842 us
vz_norm: 1.66794e-08vp_norm: 1.92817e-08
backtrackingCount 0
pk  0.936967
        1
        1
 0.828575
        1
        1
  0.92768
 0.983181
        1
 0.909141
 0.998484
        1
 0.749901
 0.995039
        1
 0.939521
 0.962027
        1
  0.85953
  1.00303
        1
 0.858139
 0.991971
        1
 0.760914
 0.985986
  0.89688
 0.438314
  1.04851
 0.236125
 0.539478
   1.0059
  0.27303
0.0866803
 0.989342
        1
backtracking time: 68028 us
backtracking count: 1
zk  0.000645852
 0.000450579
   0.0604821
  -0.0103613
  0.00215957
 -0.00275481
 0.000210328
   0.0020439
   0.0338824
-5.61337e-05
 -0.00034322
 -0.00344698
-1.54423e-13
           0
           0
-4.60152e-14
           0
           0
  -0.0159107
           0
           0
-6.76104e-05
           0
-2.32757e-05
           0
  -0.0195952
           0
           0
 6.97928e-05
 5.14487e-05
           0
           0
-5.44947e-05
           0
           0
 1.57693e-05
           0
           0
-4.06384e-09
 3.74175e-09
-2.69637e-09
 2.75504e-09
-8.02193e-06
           0
           0
-2.67904e-06
           0
           0
 3.06179e-05
           0
           0
           0
           0
           0
           0
  0.00113024
   0.0214058
  -0.0199458
   -0.196176
           0
           0
pk  0.936967
        1
        1
 0.828575
        1
        1
  0.92768
 0.983181
        1
 0.909141
 0.998484
        1
 0.749901
 0.995039
        1
 0.939521
 0.962027
        1
  0.85953
  1.00303
        1
 0.858139
 0.991971
        1
 0.760914
 0.985986
  0.89688
 0.438314
  1.04851
 0.236125
 0.539478
   1.0059
  0.27303
0.0866803
 0.989342
        1
count 351
(curr.pk-pk_prev).cwiseAbs().sum() 0.0526846
(curr.pk-p0).cwiseAbs().sum() 4.91053
stable?: 1 converged?: 1 G: 3.11039e-08
tp: 3
Elapsed Time d2w: 101739 us
Elapsed Time dG: 9072 us
vz_norm: 2.92041e-08vp_norm: 2.91427e-08
backtrackingCount 0
pk 0.936877
       1
       1
0.828511
       1
       1
0.927172
0.983122
       1
0.908998
0.998482
       1
0.749788
0.995037
       1
0.938803
0.961943
       1
 0.85932
 1.00302
       1
0.857856
 0.99197
       1
0.760896
0.985986
 0.89661
 0.43989
 1.04851
0.236422
0.540937
  1.0059
0.273353
0.070601
0.989339
       1
backtrackingCount 1
pk  0.936966
        1
        1
 0.828574
        1
        1
 0.927672
  0.98318
        1
 0.909138
 0.998484
        1
   0.7499
 0.995039
        1
  0.93951
 0.962025
        1
 0.859527
  1.00303
        1
 0.858134
 0.991971
        1
 0.760914
 0.985986
 0.896876
 0.438338
  1.04851
 0.236129
   0.5395
   1.0059
 0.273035
0.0864291
 0.989342
        1
backtracking time: 257755 us
backtracking count: 2
zk  0.000630572
 0.000446165
   0.0607164
  -0.0103405
  0.00214103
 -0.00277013
 0.000202062
  0.00204011
   0.0340083
-5.34737e-05
-0.000346652
 -0.00345063
-1.53669e-13
           0
           0
-4.55152e-14
           0
           0
  -0.0159728
           0
           0
-6.72789e-05
           0
-2.30109e-05
           0
  -0.0196729
           0
           0
 7.00835e-05
 5.12751e-05
           0
           0
-5.42955e-05
           0
           0
 1.58317e-05
           0
           0
-4.09331e-09
 3.74387e-09
-2.66012e-09
 2.74916e-09
-8.25255e-06
           0
           0
-2.46253e-06
           0
           0
 3.07157e-05
           0
           0
           0
           0
           0
           0
  0.00113431
   0.0217832
  -0.0204263
   -0.196375
           0
           0
pk  0.936966
        1
        1
 0.828574
        1
        1
 0.927672
  0.98318
        1
 0.909138
 0.998484
        1
   0.7499
 0.995039
        1
  0.93951
 0.962025
        1
 0.859527
  1.00303
        1
 0.858134
 0.991971
        1
 0.760914
 0.985986
 0.896876
 0.438338
  1.04851
 0.236129
   0.5395
   1.0059
 0.273035
0.0864291
 0.989342
        1
count 352
(curr.pk-pk_prev).cwiseAbs().sum() 0.000348519
(curr.pk-p0).cwiseAbs().sum() 4.91077
stable?: 1 converged?: 1 G: 3.11044e-08
tp: 3
Elapsed Time d2w: 98653 us
Elapsed Time dG: 8455 us
vz_norm: 2.91529e-08vp_norm: 2.9188e-08
backtrackingCount 0
pk  0.936876
        1
        1
  0.82851
        1
        1
 0.927159
  0.98312
        1
 0.908996
 0.998482
        1
 0.749786
 0.995037
        1
 0.938783
 0.961941
        1
 0.859317
  1.00302
        1
 0.857851
  0.99197
        1
 0.760895
 0.985986
 0.896606
 0.439914
  1.04851
 0.236424
 0.540958
   1.0059
 0.273355
0.0702684
 0.989339
        1
backtrackingCount 1
pk  0.936964
        1
        1
 0.828573
        1
        1
 0.927664
 0.983179
        1
 0.909136
 0.998483
        1
 0.749898
 0.995039
        1
 0.939499
 0.962024
        1
 0.859524
  1.00303
        1
  0.85813
 0.991971
        1
 0.760914
 0.985986
 0.896872
 0.438363
  1.04851
 0.236134
 0.539523
   1.0059
  0.27304
0.0861766
 0.989342
        1
backtracking time: 194631 us
backtracking count: 2
zk  0.000615239
 0.000441736
   0.0609518
  -0.0103196
  0.00212243
 -0.00278546
 0.000193766
  0.00203631
   0.0341349
-5.08046e-05
-0.000350097
 -0.00345428
-1.52911e-13
           0
           0
-4.50136e-14
           0
           0
  -0.0160353
           0
           0
-6.69464e-05
           0
-2.27452e-05
           0
   -0.019751
           0
           0
 7.03745e-05
  5.1101e-05
           0
           0
-5.40956e-05
           0
           0
 1.58942e-05
           0
           0
-4.12288e-09
   3.746e-09
-2.62375e-09
 2.74326e-09
-8.48397e-06
           0
           0
-2.24524e-06
           0
           0
 3.08139e-05
           0
           0
           0
           0
           0
           0
  0.00113841
    0.022162
  -0.0209086
   -0.196575
           0
           0
pk  0.936964
        1
        1
 0.828573
        1
        1
 0.927664
 0.983179
        1
 0.909136
 0.998483
        1
 0.749898
 0.995039
        1
 0.939499
 0.962024
        1
 0.859524
  1.00303
        1
  0.85813
 0.991971
        1
 0.760914
 0.985986
 0.896872
 0.438363
  1.04851
 0.236134
 0.539523
   1.0059
  0.27304
0.0861766
 0.989342
        1
count 353
(curr.pk-pk_prev).cwiseAbs().sum() 0.00034995
(curr.pk-p0).cwiseAbs().sum() 4.911
stable?: 1 converged?: 1 G: 3.1105e-08
tp: 3
Elapsed Time d2w: 100220 us
Elapsed Time dG: 8697 us
vz_norm: 2.91017e-08vp_norm: 2.92334e-08
backtrackingCount 0
pk  0.936874
        1
        1
 0.828509
        1
        1
 0.927145
 0.983118
        1
 0.908993
 0.998481
        1
 0.749784
 0.995037
        1
 0.938764
 0.961938
        1
 0.859313
  1.00302
        1
 0.857846
  0.99197
        1
 0.760895
 0.985986
 0.896601
 0.439938
  1.04851
 0.236427
 0.540978
   1.0059
 0.273357
0.0699339
 0.989339
        1
backtrackingCount 1
pk  0.936963
        1
        1
 0.828572
        1
        1
 0.927656
 0.983179
        1
 0.909134
 0.998483
        1
 0.749896
 0.995038
        1
 0.939487
 0.962023
        1
 0.859521
  1.00303
        1
 0.858125
 0.991971
        1
 0.760913
 0.985986
 0.896868
 0.438387
  1.04851
 0.236139
 0.539546
   1.0059
 0.273045
0.0859228
 0.989342
        1
backtracking time: 222187 us
backtracking count: 2
zk   0.00059985
 0.000437293
   0.0611885
  -0.0102985
  0.00210376
  -0.0028008
 0.000185441
  0.00203249
   0.0342621
-4.81264e-05
-0.000353556
 -0.00345794
-1.52152e-13
           0
           0
-4.45102e-14
           0
           0
   -0.016098
           0
           0
-6.66127e-05
           0
-2.24786e-05
           0
  -0.0198294
           0
           0
 7.06659e-05
 5.09264e-05
           0
           0
-5.38951e-05
           0
           0
 1.59568e-05
           0
           0
-4.15257e-09
 3.74815e-09
-2.58726e-09
 2.73735e-09
-8.71621e-06
           0
           0
-2.02717e-06
           0
           0
 3.09125e-05
           0
           0
           0
           0
           0
           0
  0.00114253
   0.0225421
  -0.0213928
   -0.196776
           0
           0
pk  0.936963
        1
        1
 0.828572
        1
        1
 0.927656
 0.983179
        1
 0.909134
 0.998483
        1
 0.749896
 0.995038
        1
 0.939487
 0.962023
        1
 0.859521
  1.00303
        1
 0.858125
 0.991971
        1
 0.760913
 0.985986
 0.896868
 0.438387
  1.04851
 0.236139
 0.539546
   1.0059
 0.273045
0.0859228
 0.989342
        1
count 354
(curr.pk-pk_prev).cwiseAbs().sum() 0.000351391
(curr.pk-p0).cwiseAbs().sum() 4.91124
stable?: 1 converged?: 1 G: 3.11055e-08
tp: 3
Elapsed Time d2w: 105113 us
Elapsed Time dG: 7817 us
vz_norm: 2.90504e-08vp_norm: 2.9279e-08
backtrackingCount 0
pk  0.936873
        1
        1
 0.828508
        1
        1
 0.927132
 0.983116
        1
 0.908991
 0.998481
        1
 0.749782
 0.995037
        1
 0.938743
 0.961936
        1
 0.859309
  1.00302
        1
 0.857841
  0.99197
        1
 0.760894
 0.985986
 0.896596
 0.439962
  1.04851
 0.236429
 0.540999
   1.0059
 0.273359
0.0695975
 0.989339
        1
backtrackingCount 1
pk  0.936962
        1
        1
 0.828571
        1
        1
 0.927647
 0.983178
        1
 0.909132
 0.998483
        1
 0.749894
 0.995038
        1
 0.939476
 0.962021
        1
 0.859517
  1.00303
        1
 0.858121
 0.991971
        1
 0.760913
 0.985986
 0.896863
 0.438412
  1.04851
 0.236143
 0.539569
   1.0059
  0.27305
0.0856677
 0.989342
        1
backtracking time: 204994 us
backtracking count: 2
zk  0.000584407
 0.000432835
   0.0614263
  -0.0102774
  0.00208501
 -0.00281616
 0.000177085
  0.00202867
     0.03439
 -4.5439e-05
 -0.00035703
 -0.00346161
-1.51389e-13
           0
           0
-4.40052e-14
           0
           0
   -0.016161
           0
           0
 -6.6278e-05
           0
-2.22112e-05
           0
  -0.0199083
           0
           0
 7.09576e-05
 5.07512e-05
           0
           0
 -5.3694e-05
           0
           0
 1.60194e-05
           0
           0
-4.18236e-09
  3.7503e-09
-2.55063e-09
 2.73143e-09
-8.94927e-06
           0
           0
-1.80831e-06
           0
           0
 3.10117e-05
           0
           0
           0
           0
           0
           0
  0.00114667
   0.0229236
  -0.0218789
   -0.196977
           0
           0
pk  0.936962
        1
        1
 0.828571
        1
        1
 0.927647
 0.983178
        1
 0.909132
 0.998483
        1
 0.749894
 0.995038
        1
 0.939476
 0.962021
        1
 0.859517
  1.00303
        1
 0.858121
 0.991971
        1
 0.760913
 0.985986
 0.896863
 0.438412
  1.04851
 0.236143
 0.539569
   1.0059
  0.27305
0.0856677
 0.989342
        1
count 355
(curr.pk-pk_prev).cwiseAbs().sum() 0.000352843
(curr.pk-p0).cwiseAbs().sum() 4.91148
stable?: 1 converged?: 1 G: 3.11061e-08
tp: 3
Elapsed Time d2w: 119250 us
Elapsed Time dG: 9985 us
vz_norm: 2.89992e-08vp_norm: 2.93248e-08
backtrackingCount 0
pk  0.936871
        1
        1
 0.828507
        1
        1
 0.927118
 0.983115
        1
 0.908988
 0.998481
        1
  0.74978
 0.995037
        1
 0.938723
 0.961933
        1
 0.859305
  1.00302
        1
 0.857836
  0.99197
        1
 0.760894
 0.985986
 0.896591
 0.439985
  1.04851
 0.236431
 0.541019
   1.0059
 0.273361
0.0692593
 0.989339
        1
backtrackingCount 1
pk   0.93696
        1
        1
  0.82857
        1
        1
 0.927639
 0.983177
        1
 0.909129
 0.998483
        1
 0.749893
 0.995038
        1
 0.939464
  0.96202
        1
 0.859514
  1.00303
        1
 0.858116
 0.991971
        1
 0.760913
 0.985986
 0.896859
 0.438437
  1.04851
 0.236148
 0.539591
   1.0059
 0.273055
0.0854113
 0.989342
        1
backtracking time: 200022 us
backtracking count: 2
zk  0.000568907
 0.000428362
   0.0616654
  -0.0102562
   0.0020662
 -0.00283153
 0.000168699
  0.00202484
   0.0345186
-4.27422e-05
-0.000360517
 -0.00346528
-1.50625e-13
           0
           0
-4.34985e-14
           0
           0
  -0.0162244
           0
           0
-6.59422e-05
           0
-2.19428e-05
           0
  -0.0199876
           0
           0
 7.12497e-05
 5.05756e-05
           0
           0
-5.34923e-05
           0
           0
 1.60821e-05
           0
           0
-4.21227e-09
 3.75247e-09
-2.51388e-09
 2.72549e-09
-9.18317e-06
           0
           0
-1.58864e-06
           0
           0
 3.11113e-05
           0
           0
           0
           0
           0
           0
  0.00115084
   0.0233064
  -0.0223668
   -0.197178
           0
           0
pk   0.93696
        1
        1
  0.82857
        1
        1
 0.927639
 0.983177
        1
 0.909129
 0.998483
        1
 0.749893
 0.995038
        1
 0.939464
  0.96202
        1
 0.859514
  1.00303
        1
 0.858116
 0.991971
        1
 0.760913
 0.985986
 0.896859
 0.438437
  1.04851
 0.236148
 0.539591
   1.0059
 0.273055
0.0854113
 0.989342
        1
count 356
(curr.pk-pk_prev).cwiseAbs().sum() 0.000354305
(curr.pk-p0).cwiseAbs().sum() 4.91172
stable?: 1 converged?: 1 G: 3.11066e-08
tp: 3
Elapsed Time d2w: 124032 us
Elapsed Time dG: 10090 us
vz_norm: 2.89479e-08vp_norm: 2.93707e-08
backtrackingCount 0
pk   0.93687
        1
        1
 0.828506
        1
        1
 0.927104
 0.983113
        1
 0.908986
 0.998481
        1
 0.749778
 0.995037
        1
 0.938702
 0.961931
        1
 0.859302
  1.00302
        1
 0.857831
  0.99197
        1
 0.760893
 0.985986
 0.896586
 0.440009
  1.04851
 0.236433
  0.54104
   1.0059
 0.273363
0.0689192
 0.989339
        1
backtrackingCount 1
pk  0.936959
        1
        1
 0.828569
        1
        1
 0.927631
 0.983176
        1
 0.909127
 0.998483
        1
 0.749891
 0.995038
        1
 0.939452
 0.962019
        1
 0.859511
  1.00303
        1
 0.858112
 0.991971
        1
 0.760912
 0.985986
 0.896855
 0.438461
  1.04851
 0.236152
 0.539614
   1.0059
 0.273059
0.0851536
 0.989342
        1
backtracking time: 204378 us
backtracking count: 2
zk  0.000553352
 0.000423875
   0.0619057
  -0.0102349
  0.00204731
 -0.00284691
 0.000160282
    0.002021
   0.0346478
-4.00359e-05
-0.000364019
 -0.00346896
-1.49857e-13
           0
           0
-4.29901e-14
           0
           0
  -0.0162881
           0
           0
-6.56052e-05
           0
-2.16735e-05
           0
  -0.0200673
           0
           0
 7.15421e-05
 5.03994e-05
           0
           0
-5.32899e-05
           0
           0
 1.61449e-05
           0
           0
-4.24229e-09
 3.75466e-09
  -2.477e-09
 2.71953e-09
 -9.4179e-06
           0
           0
-1.36818e-06
           0
           0
 3.12113e-05
           0
           0
           0
           0
           0
           0
  0.00115502
   0.0236906
  -0.0228566
   -0.197379
           0
           0
pk  0.936959
        1
        1
 0.828569
        1
        1
 0.927631
 0.983176
        1
 0.909127
 0.998483
        1
 0.749891
 0.995038
        1
 0.939452
 0.962019
        1
 0.859511
  1.00303
        1
 0.858112
 0.991971
        1
 0.760912
 0.985986
 0.896855
 0.438461
  1.04851
 0.236152
 0.539614
   1.0059
 0.273059
0.0851536
 0.989342
        1
count 357
(curr.pk-pk_prev).cwiseAbs().sum() 0.000355777
(curr.pk-p0).cwiseAbs().sum() 4.91196
stable?: 1 converged?: 1 G: 3.11072e-08
tp: 3
Elapsed Time d2w: 94256 us
Elapsed Time dG: 8512 us
vz_norm: 2.88965e-08vp_norm: 2.94168e-08
backtrackingCount 0
pk  0.936868
        1
        1
 0.828504
        1
        1
  0.92709
 0.983111
        1
 0.908983
 0.998481
        1
 0.749776
 0.995037
        1
 0.938681
 0.961928
        1
 0.859298
  1.00302
        1
 0.857826
  0.99197
        1
 0.760893
 0.985986
 0.896582
 0.440033
  1.04851
 0.236435
  0.54106
   1.0059
 0.273365
0.0685773
 0.989338
        1
backtrackingCount 1
pk  0.936957
        1
        1
 0.828568
        1
        1
 0.927622
 0.983175
        1
 0.909125
 0.998483
        1
 0.749889
 0.995038
        1
  0.93944
 0.962017
        1
 0.859507
  1.00303
        1
 0.858108
 0.991971
        1
 0.760912
 0.985986
 0.896851
 0.438486
  1.04851
 0.236156
 0.539637
   1.0059
 0.273064
0.0848946
 0.989342
        1
backtracking time: 193555 us
backtracking count: 2
zk   0.00053774
 0.000419371
   0.0621473
  -0.0102135
  0.00202835
 -0.00286231
 0.000151835
  0.00201715
   0.0347777
-3.73202e-05
-0.000367536
 -0.00347265
-1.49087e-13
           0
           0
-4.24799e-14
           0
           0
  -0.0163522
           0
           0
-6.52672e-05
           0
-2.14033e-05
           0
  -0.0201474
           0
           0
 7.18349e-05
 5.02226e-05
           0
           0
-5.30869e-05
           0
           0
 1.62078e-05
           0
           0
-4.27242e-09
 3.75685e-09
-2.43999e-09
 2.71357e-09
-9.65348e-06
           0
           0
-1.14689e-06
           0
           0
 3.13119e-05
           0
           0
           0
           0
           0
           0
  0.00115923
   0.0240762
  -0.0233483
   -0.197581
           0
           0
pk  0.936957
        1
        1
 0.828568
        1
        1
 0.927622
 0.983175
        1
 0.909125
 0.998483
        1
 0.749889
 0.995038
        1
  0.93944
 0.962017
        1
 0.859507
  1.00303
        1
 0.858108
 0.991971
        1
 0.760912
 0.985986
 0.896851
 0.438486
  1.04851
 0.236156
 0.539637
   1.0059
 0.273064
0.0848946
 0.989342
        1
count 358
(curr.pk-pk_prev).cwiseAbs().sum() 0.00035726
(curr.pk-p0).cwiseAbs().sum() 4.91221
stable?: 1 converged?: 1 G: 3.11077e-08
tp: 3
Elapsed Time d2w: 104503 us
Elapsed Time dG: 8914 us
vz_norm: 2.88452e-08vp_norm: 2.94631e-08
backtrackingCount 0
pk  0.936866
        1
        1
 0.828503
        1
        1
 0.927076
 0.983109
        1
 0.908981
 0.998481
        1
 0.749774
 0.995037
        1
  0.93866
 0.961925
        1
 0.859294
  1.00302
        1
 0.857821
  0.99197
        1
 0.760892
 0.985986
 0.896577
 0.440057
  1.04851
 0.236437
  0.54108
   1.0059
 0.273366
0.0682333
 0.989338
        1
backtrackingCount 1
pk  0.936956
        1
        1
 0.828567
        1
        1
 0.927614
 0.983174
        1
 0.909123
 0.998483
        1
 0.749887
 0.995038
        1
 0.939428
 0.962016
        1
 0.859504
  1.00303
        1
 0.858103
 0.991971
        1
 0.760912
 0.985986
 0.896846
  0.43851
  1.04851
 0.236161
 0.539659
   1.0059
 0.273069
0.0846343
 0.989342
        1
backtracking time: 225134 us
backtracking count: 2
zk   0.00052207
 0.000414853
   0.0623901
   -0.010192
  0.00200932
 -0.00287772
 0.000143356
  0.00201329
   0.0349083
-3.45949e-05
-0.000371067
 -0.00347634
-1.48315e-13
           0
           0
 -4.1968e-14
           0
           0
  -0.0164165
           0
           0
 -6.4928e-05
           0
-2.11322e-05
           0
  -0.0202279
           0
           0
 7.21281e-05
 5.00454e-05
           0
           0
-5.28832e-05
           0
           0
 1.62708e-05
           0
           0
-4.30266e-09
 3.75906e-09
-2.40285e-09
 2.70759e-09
-9.88992e-06
           0
           0
-9.24787e-07
           0
           0
 3.14129e-05
           0
           0
           0
           0
           0
           0
  0.00116345
   0.0244632
   -0.023842
   -0.197783
           0
           0
pk  0.936956
        1
        1
 0.828567
        1
        1
 0.927614
 0.983174
        1
 0.909123
 0.998483
        1
 0.749887
 0.995038
        1
 0.939428
 0.962016
        1
 0.859504
  1.00303
        1
 0.858103
 0.991971
        1
 0.760912
 0.985986
 0.896846
  0.43851
  1.04851
 0.236161
 0.539659
   1.0059
 0.273069
0.0846343
 0.989342
        1
count 359
(curr.pk-pk_prev).cwiseAbs().sum() 0.000358755
(curr.pk-p0).cwiseAbs().sum() 4.91245
stable?: 1 converged?: 1 G: 3.11083e-08
tp: 3
Elapsed Time d2w: 115458 us
Elapsed Time dG: 9736 us
vz_norm: 2.87938e-08vp_norm: 2.95095e-08
backtrackingCount 0
pk  0.936865
        1
        1
 0.828502
        1
        1
 0.927062
 0.983107
        1
 0.908978
 0.998481
        1
 0.749772
 0.995037
        1
 0.938639
 0.961923
        1
  0.85929
  1.00302
        1
 0.857816
  0.99197
        1
 0.760892
 0.985986
 0.896572
  0.44008
  1.04851
 0.236439
 0.541101
   1.0059
 0.273368
0.0678875
 0.989338
        1
backtrackingCount 1
pk  0.936954
        1
        1
 0.828566
        1
        1
 0.927605
 0.983172
        1
  0.90912
 0.998483
        1
 0.749885
 0.995038
        1
 0.939415
 0.962014
        1
 0.859501
  1.00303
        1
 0.858099
 0.991971
        1
 0.760911
 0.985986
 0.896842
 0.438535
  1.04851
 0.236165
 0.539682
   1.0059
 0.273074
0.0843726
 0.989341
        1
backtracking time: 218607 us
backtracking count: 2
zk  0.000506343
 0.000410319
   0.0626343
  -0.0101704
  0.00199022
 -0.00289314
 0.000134845
  0.00200942
   0.0350396
-3.18599e-05
-0.000374613
 -0.00348004
 -1.4754e-13
           0
           0
-4.14544e-14
           0
           0
  -0.0164813
           0
           0
-6.45876e-05
           0
-2.08601e-05
           0
  -0.0203089
           0
           0
 7.24216e-05
 4.98676e-05
           0
           0
-5.26788e-05
           0
           0
 1.63338e-05
           0
           0
-4.33303e-09
 3.76128e-09
-2.36557e-09
 2.70159e-09
-1.01272e-05
           0
           0
-7.01851e-07
           0
           0
 3.15144e-05
           0
           0
           0
           0
           0
           0
   0.0011677
   0.0248516
  -0.0243377
   -0.197986
           0
           0
pk  0.936954
        1
        1
 0.828566
        1
        1
 0.927605
 0.983172
        1
  0.90912
 0.998483
        1
 0.749885
 0.995038
        1
 0.939415
 0.962014
        1
 0.859501
  1.00303
        1
 0.858099
 0.991971
        1
 0.760911
 0.985986
 0.896842
 0.438535
  1.04851
 0.236165
 0.539682
   1.0059
 0.273074
0.0843726
 0.989341
        1
count 360
(curr.pk-pk_prev).cwiseAbs().sum() 0.00036026
(curr.pk-p0).cwiseAbs().sum() 4.9127
stable?: 1 converged?: 1 G: 3.11088e-08
tp: 3
Elapsed Time d2w: 96482 us
Elapsed Time dG: 9479 us
vz_norm: 2.87424e-08vp_norm: 2.95561e-08
backtrackingCount 0
pk  0.936863
        1
        1
 0.828501
        1
        1
 0.927047
 0.983105
        1
 0.908976
 0.998481
        1
  0.74977
 0.995037
        1
 0.938618
  0.96192
        1
 0.859287
  1.00302
        1
 0.857811
  0.99197
        1
 0.760891
 0.985986
 0.896567
 0.440104
  1.04851
 0.236441
 0.541121
   1.0059
  0.27337
0.0675397
 0.989338
        1
backtrackingCount 1
pk  0.936953
        1
        1
 0.828565
        1
        1
 0.927596
 0.983171
        1
 0.909118
 0.998483
        1
 0.749884
 0.995038
        1
 0.939403
 0.962013
        1
 0.859497
  1.00303
        1
 0.858094
 0.991971
        1
 0.760911
 0.985986
 0.896838
 0.438559
  1.04851
 0.236169
 0.539704
   1.0059
 0.273078
0.0841096
 0.989341
        1
backtracking time: 197813 us
backtracking count: 2
zk  0.000490557
 0.000405769
   0.0628797
  -0.0101486
  0.00197104
 -0.00290858
 0.000126303
  0.00200554
   0.0351716
-2.91151e-05
-0.000378174
 -0.00348374
-1.46762e-13
           0
           0
-4.09389e-14
           0
           0
  -0.0165463
           0
           0
-6.42461e-05
           0
-2.05871e-05
           0
  -0.0203903
           0
           0
 7.27154e-05
 4.96892e-05
           0
           0
-5.24738e-05
           0
           0
 1.63969e-05
           0
           0
 -4.3635e-09
 3.76351e-09
-2.32816e-09
 2.69558e-09
-1.03654e-05
           0
           0
-4.78077e-07
           0
           0
 3.16164e-05
           0
           0
           0
           0
           0
           0
  0.00117198
   0.0252414
  -0.0248353
   -0.198189
           0
           0
pk  0.936953
        1
        1
 0.828565
        1
        1
 0.927596
 0.983171
        1
 0.909118
 0.998483
        1
 0.749884
 0.995038
        1
 0.939403
 0.962013
        1
 0.859497
  1.00303
        1
 0.858094
 0.991971
        1
 0.760911
 0.985986
 0.896838
 0.438559
  1.04851
 0.236169
 0.539704
   1.0059
 0.273078
0.0841096
 0.989341
        1
count 361
(curr.pk-pk_prev).cwiseAbs().sum() 0.000361777
(curr.pk-p0).cwiseAbs().sum() 4.91295
stable?: 1 converged?: 1 G: 3.11094e-08
tp: 3
Elapsed Time d2w: 114740 us
Elapsed Time dG: 8979 us
vz_norm: 2.86909e-08vp_norm: 2.96029e-08
backtrackingCount 0
pk 0.936862
       1
       1
  0.8285
       1
       1
0.927033
0.983103
       1
0.908973
0.998481
       1
0.749767
0.995037
       1
0.938596
0.961917
       1
0.859283
 1.00302
       1
0.857806
 0.99197
       1
0.760891
0.985986
0.896562
0.440128
 1.04851
0.236442
0.541141
  1.0059
0.273371
 0.06719
0.989338
       1
backtrackingCount 1
pk  0.936952
        1
        1
 0.828564
        1
        1
 0.927588
  0.98317
        1
 0.909116
 0.998483
        1
 0.749882
 0.995038
        1
  0.93939
 0.962011
        1
 0.859494
  1.00303
        1
  0.85809
 0.991971
        1
 0.760911
 0.985986
 0.896834
 0.438584
  1.04851
 0.236174
 0.539727
   1.0059
 0.273083
0.0838452
 0.989341
        1
backtracking time: 199209 us
backtracking count: 2
zk  0.000474712
 0.000401203
   0.0631264
  -0.0101268
  0.00195178
 -0.00292402
 0.000117728
  0.00200165
   0.0353042
-2.63605e-05
 -0.00038175
 -0.00348745
-1.45982e-13
           0
           0
-4.04216e-14
           0
           0
  -0.0166117
           0
           0
-6.39034e-05
           0
-2.03132e-05
           0
  -0.0204721
           0
           0
 7.30096e-05
 4.95103e-05
           0
           0
-5.22681e-05
           0
           0
 1.64601e-05
           0
           0
 -4.3941e-09
 3.76576e-09
-2.29062e-09
 2.68956e-09
-1.06044e-05
           0
           0
-2.53455e-07
           0
           0
 3.17189e-05
           0
           0
           0
           0
           0
           0
  0.00117627
   0.0256327
  -0.0253349
   -0.198392
           0
           0
pk  0.936952
        1
        1
 0.828564
        1
        1
 0.927588
  0.98317
        1
 0.909116
 0.998483
        1
 0.749882
 0.995038
        1
  0.93939
 0.962011
        1
 0.859494
  1.00303
        1
  0.85809
 0.991971
        1
 0.760911
 0.985986
 0.896834
 0.438584
  1.04851
 0.236174
 0.539727
   1.0059
 0.273083
0.0838452
 0.989341
        1
count 362
(curr.pk-pk_prev).cwiseAbs().sum() 0.000363304
(curr.pk-p0).cwiseAbs().sum() 4.9132
stable?: 1 converged?: 1 G: 3.11099e-08
tp: 3
Elapsed Time d2w: 105734 us
Elapsed Time dG: 9307 us
vz_norm: 2.86394e-08vp_norm: 2.96498e-08
backtrackingCount 0
pk   0.93686
        1
        1
 0.828499
        1
        1
 0.927018
 0.983101
        1
 0.908971
 0.998481
        1
 0.749765
 0.995037
        1
 0.938574
 0.961914
        1
 0.859279
  1.00302
        1
 0.857801
  0.99197
        1
  0.76089
 0.985986
 0.896557
 0.440151
  1.04851
 0.236444
 0.541161
   1.0059
 0.273372
0.0668383
 0.989338
        1
backtrackingCount 1
pk   0.93695
        1
        1
 0.828563
        1
        1
 0.927579
 0.983169
        1
 0.909114
 0.998483
        1
  0.74988
 0.995038
        1
 0.939378
  0.96201
        1
 0.859491
  1.00303
        1
 0.858085
 0.991971
        1
  0.76091
 0.985986
 0.896829
 0.438608
  1.04851
 0.236178
 0.539749
   1.0059
 0.273087
0.0835795
 0.989341
        1
backtracking time: 242508 us
backtracking count: 2
zk  0.000458808
 0.000396621
   0.0633744
  -0.0101049
  0.00193245
 -0.00293949
 0.000109121
  0.00199775
   0.0354376
-2.35959e-05
-0.000385342
 -0.00349117
-1.45199e-13
           0
           0
-3.99025e-14
           0
           0
  -0.0166775
           0
           0
-6.35595e-05
           0
-2.00382e-05
           0
  -0.0205543
           0
           0
 7.33042e-05
 4.93309e-05
           0
           0
-5.20617e-05
           0
           0
 1.65233e-05
           0
           0
-4.42481e-09
 3.76802e-09
-2.25294e-09
 2.68352e-09
-1.08444e-05
           0
           0
-2.79785e-08
           0
           0
 3.18219e-05
           0
           0
           0
           0
           0
           0
  0.00118059
   0.0260255
  -0.0258365
   -0.198595
           0
           0
pk   0.93695
        1
        1
 0.828563
        1
        1
 0.927579
 0.983169
        1
 0.909114
 0.998483
        1
  0.74988
 0.995038
        1
 0.939378
  0.96201
        1
 0.859491
  1.00303
        1
 0.858085
 0.991971
        1
  0.76091
 0.985986
 0.896829
 0.438608
  1.04851
 0.236178
 0.539749
   1.0059
 0.273087
0.0835795
 0.989341
        1
count 363
(curr.pk-pk_prev).cwiseAbs().sum() 0.000364843
(curr.pk-p0).cwiseAbs().sum() 4.91346
stable?: 1 converged?: 1 G: 3.11105e-08
tp: 3
Elapsed Time d2w: 135004 us
Elapsed Time dG: 8180 us
vz_norm: 2.85879e-08vp_norm: 2.96969e-08
backtrackingCount 0
pk  0.936858
        1
        1
 0.828498
        1
        1
 0.927003
 0.983099
        1
 0.908968
 0.998481
        1
 0.749763
 0.995036
        1
 0.938552
 0.961911
        1
 0.859275
  1.00302
        1
 0.857796
 0.991969
        1
  0.76089
 0.985986
 0.896553
 0.440175
  1.04851
 0.236446
 0.541181
   1.0059
 0.273374
0.0664846
 0.989338
        1
backtrackingCount 1
pk  0.936949
        1
        1
 0.828562
        1
        1
  0.92757
 0.983168
        1
 0.909111
 0.998483
        1
 0.749878
 0.995038
        1
 0.939365
 0.962008
        1
 0.859487
  1.00303
        1
 0.858081
 0.991971
        1
  0.76091
 0.985986
 0.896825
 0.438633
  1.04851
 0.236182
 0.539771
   1.0059
 0.273092
0.0833124
 0.989341
        1
backtracking time: 246365 us
backtracking count: 2
zk  0.000442844
 0.000392023
   0.0636238
  -0.0100829
  0.00191305
 -0.00295496
 0.000100481
  0.00199384
   0.0355718
-2.08212e-05
-0.000388949
 -0.00349489
-1.44413e-13
           0
           0
-3.93816e-14
           0
           0
  -0.0167436
           0
           0
-6.32145e-05
           0
-1.97623e-05
           0
   -0.020637
           0
           0
 7.35991e-05
 4.91508e-05
           0
           0
-5.18547e-05
           0
           0
 1.65867e-05
           0
           0
-4.45564e-09
  3.7703e-09
-2.21512e-09
 2.67746e-09
-1.10852e-05
           0
           0
 1.98362e-07
           0
           0
 3.19254e-05
           0
           0
           0
           0
           0
           0
  0.00118493
   0.0264197
  -0.0263401
   -0.198799
           0
           0
pk  0.936949
        1
        1
 0.828562
        1
        1
  0.92757
 0.983168
        1
 0.909111
 0.998483
        1
 0.749878
 0.995038
        1
 0.939365
 0.962008
        1
 0.859487
  1.00303
        1
 0.858081
 0.991971
        1
  0.76091
 0.985986
 0.896825
 0.438633
  1.04851
 0.236182
 0.539771
   1.0059
 0.273092
0.0833124
 0.989341
        1
count 364
(curr.pk-pk_prev).cwiseAbs().sum() 0.000366393
(curr.pk-p0).cwiseAbs().sum() 4.91371
stable?: 1 converged?: 1 G: 3.1111e-08
tp: 3
Elapsed Time d2w: 113205 us
Elapsed Time dG: 9188 us
vz_norm: 3.45349e-08vp_norm: 1.42628e-08
backtrackingCount 0
pk  0.936895
        1
        1
 0.828524
        1
        1
 0.927218
  0.98313
        1
 0.909026
 0.998482
        1
 0.749811
 0.995037
        1
 0.938872
 0.961953
        1
 0.859363
  1.00303
        1
 0.857912
  0.99197
        1
 0.760902
 0.985986
 0.896747
 0.440068
  1.04851
 0.236145
 0.540696
   1.0059
 0.273228
0.0779884
  0.98934
        1
backtracking time: 159080 us
backtracking count: 1
zk -0.000171605
 0.000146706
   0.0701292
 -0.00915193
  0.00111451
 -0.00306502
-0.000228239
  0.00178374
   0.0390481
 9.10664e-05
-0.000528035
 -0.00347656
-1.10975e-13
           0
           0
-1.82426e-14
           0
           0
  -0.0184702
           0
           0
-4.85322e-05
           0
-8.57877e-06
           0
  -0.0228022
           0
           0
 7.57077e-05
 4.14243e-05
           0
           0
-4.28848e-05
           0
           0
 1.70202e-05
           0
           0
-5.70387e-09
 3.90895e-09
-5.64567e-10
 2.28747e-09
-2.05038e-05
           0
           0
 9.34467e-06
           0
           0
 3.25199e-05
           0
           0
           0
           0
           0
           0
  0.00129644
   0.0425288
  -0.0468671
   -0.197657
           0
           0
pk  0.936895
        1
        1
 0.828524
        1
        1
 0.927218
  0.98313
        1
 0.909026
 0.998482
        1
 0.749811
 0.995037
        1
 0.938872
 0.961953
        1
 0.859363
  1.00303
        1
 0.857912
  0.99197
        1
 0.760902
 0.985986
 0.896747
 0.440068
  1.04851
 0.236145
 0.540696
   1.0059
 0.273228
0.0779884
  0.98934
        1
count 365
(curr.pk-pk_prev).cwiseAbs().sum() 0.00942172
(curr.pk-p0).cwiseAbs().sum() 4.91814
stable?: 1 converged?: 1 G: 3.11328e-08
tp: 4
Elapsed Time d2w: 169830 us
Elapsed Time dG: 9287 us
vz_norm: 2.95521e-08vp_norm: 3.55708e-09
backtrackingCount 0
pk  0.936848
        1
        1
 0.828493
        1
        1
   0.9272
 0.983121
        1
 0.908952
 0.998481
        1
 0.749755
 0.995036
        1
  0.93883
 0.961943
        1
 0.859255
  1.00302
        1
 0.857758
 0.991969
        1
 0.760899
 0.985986
  0.89675
 0.440024
   1.0485
 0.236061
 0.539702
   1.0059
 0.272322
0.0781843
  0.98934
        1
backtracking time: 123286 us
backtracking count: 1
zk  -0.00063471
  0.00032961
   0.0673508
 -0.00934587
 0.000508445
 -0.00297132
-0.000474815
  0.00184626
   0.0375106
 6.72967e-06
-0.000633973
 -0.00336036
-8.47203e-14
           0
           0
-3.30262e-14
           0
           0
  -0.0177376
           0
           0
-3.70049e-05
           0
-1.64599e-05
           0
  -0.0218954
           0
           0
 7.27648e-05
 4.49041e-05
           0
           0
-3.57546e-05
           0
           0
 1.63637e-05
           0
           0
-4.36178e-09
  3.4447e-09
 7.99682e-10
 1.82018e-09
-1.23696e-05
           0
           0
 1.62417e-05
           0
           0
 3.12812e-05
           0
           0
           0
           0
           0
           0
  0.00124842
   0.0274033
  -0.0638926
   -0.191059
           0
           0
pk  0.936848
        1
        1
 0.828493
        1
        1
   0.9272
 0.983121
        1
 0.908952
 0.998481
        1
 0.749755
 0.995036
        1
  0.93883
 0.961943
        1
 0.859255
  1.00302
        1
 0.857758
 0.991969
        1
 0.760899
 0.985986
  0.89675
 0.440024
   1.0485
 0.236061
 0.539702
   1.0059
 0.272322
0.0781843
  0.98934
        1
count 366
(curr.pk-pk_prev).cwiseAbs().sum() 0.00278915
(curr.pk-p0).cwiseAbs().sum() 4.92052
stable?: 1 converged?: 1 G: 3.11226e-08
tp: 4
Elapsed Time d2w: 162713 us
Elapsed Time dG: 10602 us
vz_norm: 2.76627e-08vp_norm: 4.80158e-09
backtrackingCount 0
pk  0.936797
        1
        1
 0.828459
        1
        1
  0.92708
 0.983089
        1
 0.908871
  0.99848
        1
 0.749694
 0.995035
        1
 0.938606
 0.961902
        1
 0.859135
  1.00302
        1
  0.85759
 0.991968
        1
 0.760889
 0.985986
 0.896726
 0.439827
   1.0485
 0.235817
 0.538472
  1.00589
 0.271183
0.0769544
  0.98934
        1
backtracking time: 187589 us
backtracking count: 1
zk  -0.00112066
 0.000519414
   0.0648774
 -0.00957569
-0.000119635
 -0.00289632
-0.000734006
  0.00191499
   0.0361391
-8.14443e-05
-0.000746615
 -0.00325139
-5.75422e-14
           0
           0
-4.85525e-14
           0
           0
  -0.0170856
           0
           0
-2.50706e-05
           0
-2.47348e-05
           0
   -0.021089
           0
           0
 7.01275e-05
 4.86507e-05
           0
           0
-2.84025e-05
           0
           0
 1.57739e-05
           0
           0
-2.96929e-09
 2.96677e-09
 2.22384e-09
 1.33613e-09
-3.89923e-06
           0
           0
 2.34894e-05
           0
           0
 3.01639e-05
           0
           0
           0
           0
           0
           0
  0.00120593
   0.0116501
  -0.0818614
   -0.184875
           0
           0
pk  0.936797
        1
        1
 0.828459
        1
        1
  0.92708
 0.983089
        1
 0.908871
  0.99848
        1
 0.749694
 0.995035
        1
 0.938606
 0.961902
        1
 0.859135
  1.00302
        1
  0.85759
 0.991968
        1
 0.760889
 0.985986
 0.896726
 0.439827
   1.0485
 0.235817
 0.538472
  1.00589
 0.271183
0.0769544
  0.98934
        1
count 367
(curr.pk-pk_prev).cwiseAbs().sum() 0.00502033
(curr.pk-p0).cwiseAbs().sum() 4.92551
stable?: 1 converged?: 1 G: 3.11092e-08
tp: 4
Elapsed Time d2w: 169107 us
Elapsed Time dG: 9572 us
vz_norm: 1.56275e-08vp_norm: 4.6074e-09
backtrackingCount 0
pk  0.936618
        1
        1
 0.828339
        1
        1
 0.926627
  0.98296
        1
 0.908586
 0.998476
        1
 0.749481
 0.995032
        1
 0.937754
 0.961739
        1
 0.858721
  1.00302
        1
 0.857005
 0.991966
        1
 0.760851
 0.985986
 0.896651
 0.438675
  1.04849
 0.234575
 0.535184
  1.00587
 0.268403
0.0729747
 0.989339
        1
backtrackingCount 1
pk  0.936794
        1
        1
 0.828457
        1
        1
 0.927073
 0.983087
        1
 0.908866
  0.99848
        1
 0.749691
 0.995035
        1
 0.938593
 0.961899
        1
 0.859129
  1.00302
        1
 0.857581
 0.991968
        1
 0.760888
 0.985986
 0.896725
 0.439809
   1.0485
 0.235797
 0.538421
  1.00589
 0.271139
0.0768922
  0.98934
        1
backtracking time: 376097 us
backtracking count: 2
zk  -0.00113608
 0.000522198
   0.0648076
 -0.00958653
-0.000137007
 -0.00289508
-0.000742396
  0.00191623
   0.0361008
-8.37669e-05
-0.000750164
 -0.00324926
-5.68198e-14
           0
           0
-4.89982e-14
           0
           0
  -0.0170671
           0
           0
-2.47533e-05
           0
 -2.4972e-05
           0
  -0.0210661
           0
           0
 7.00562e-05
  4.8773e-05
           0
           0
-2.82121e-05
           0
           0
 1.57582e-05
           0
           0
-2.93369e-09
 2.95683e-09
 2.26202e-09
 1.32571e-09
-3.66781e-06
           0
           0
 2.36982e-05
           0
           0
 3.01347e-05
           0
           0
           0
           0
           0
           0
  0.00120485
   0.0112527
  -0.0823858
   -0.184753
           0
           0
pk  0.936794
        1
        1
 0.828457
        1
        1
 0.927073
 0.983087
        1
 0.908866
  0.99848
        1
 0.749691
 0.995035
        1
 0.938593
 0.961899
        1
 0.859129
  1.00302
        1
 0.857581
 0.991968
        1
 0.760888
 0.985986
 0.896725
 0.439809
   1.0485
 0.235797
 0.538421
  1.00589
 0.271139
0.0768922
  0.98934
        1
count 368
(curr.pk-pk_prev).cwiseAbs().sum() 0.000249907
(curr.pk-p0).cwiseAbs().sum() 4.92576
stable?: 1 converged?: 1 G: 3.11086e-08
tp: 4
Elapsed Time d2w: 162606 us
Elapsed Time dG: 11318 us
vz_norm: 1.55495e-08vp_norm: 4.63223e-09
backtrackingCount 0
pk  0.936612
        1
        1
 0.828335
        1
        1
 0.926613
 0.982957
        1
 0.908577
 0.998476
        1
 0.749474
 0.995032
        1
 0.937727
 0.961734
        1
 0.858708
  1.00302
        1
 0.856987
 0.991966
        1
 0.760849
 0.985986
 0.896649
  0.43864
  1.04849
  0.23454
 0.535097
  1.00587
 0.268332
0.0728264
 0.989339
        1
backtrackingCount 1
pk  0.936791
        1
        1
 0.828455
        1
        1
 0.927066
 0.983085
        1
 0.908862
  0.99848
        1
 0.749687
 0.995035
        1
  0.93858
 0.961897
        1
 0.859122
  1.00302
        1
 0.857571
 0.991968
        1
 0.760888
 0.985986
 0.896724
 0.439791
   1.0485
 0.235778
 0.538369
  1.00589
 0.271096
0.0768287
  0.98934
        1
backtracking time: 398159 us
backtracking count: 2
zk  -0.00115161
 0.000524943
   0.0647375
 -0.00959745
-0.000154473
 -0.00289388
-0.000750853
  0.00191745
   0.0360625
-8.61011e-05
-0.000753735
 -0.00324712
-5.60939e-14
           0
           0
-4.94464e-14
           0
           0
  -0.0170486
           0
           0
-2.44345e-05
           0
-2.52104e-05
           0
  -0.0210431
           0
           0
 6.99848e-05
 4.88961e-05
           0
           0
-2.80208e-05
           0
           0
 1.57425e-05
           0
           0
-2.89791e-09
 2.94685e-09
 2.30041e-09
 1.31525e-09
-3.43517e-06
           0
           0
  2.3908e-05
           0
           0
 3.01054e-05
           0
           0
           0
           0
           0
           0
  0.00120376
   0.0108532
  -0.0829134
   -0.184632
           0
           0
pk  0.936791
        1
        1
 0.828455
        1
        1
 0.927066
 0.983085
        1
 0.908862
  0.99848
        1
 0.749687
 0.995035
        1
  0.93858
 0.961897
        1
 0.859122
  1.00302
        1
 0.857571
 0.991968
        1
 0.760888
 0.985986
 0.896724
 0.439791
   1.0485
 0.235778
 0.538369
  1.00589
 0.271096
0.0768287
  0.98934
        1
count 369
(curr.pk-pk_prev).cwiseAbs().sum() 0.000253574
(curr.pk-p0).cwiseAbs().sum() 4.92602
stable?: 1 converged?: 1 G: 3.11079e-08
tp: 4
Elapsed Time d2w: 150078 us
Elapsed Time dG: 10083 us
vz_norm: 1.54715e-08vp_norm: 4.65712e-09
backtrackingCount 0
pk  0.936607
        1
        1
 0.828332
        1
        1
 0.926598
 0.982953
        1
 0.908569
 0.998476
        1
 0.749468
 0.995032
        1
   0.9377
 0.961729
        1
 0.858696
  1.00302
        1
  0.85697
 0.991965
        1
 0.760848
 0.985986
 0.896646
 0.438604
  1.04849
 0.234505
  0.53501
  1.00587
 0.268262
0.0726752
 0.989339
        1
backtrackingCount 1
pk  0.936788
        1
        1
 0.828453
        1
        1
 0.927058
 0.983083
        1
 0.908857
  0.99848
        1
 0.749684
 0.995035
        1
 0.938566
 0.961894
        1
 0.859116
  1.00302
        1
 0.857562
 0.991968
        1
 0.760887
 0.985986
 0.896723
 0.439772
   1.0485
 0.235758
 0.538317
  1.00589
 0.271051
0.0767638
  0.98934
        1
backtracking time: 415896 us
backtracking count: 2
zk  -0.00116726
 0.000527649
   0.0646673
 -0.00960846
-0.000172036
  -0.0028927
-0.000759377
  0.00191865
    0.036024
 -8.8447e-05
-0.000757328
 -0.00324499
-5.53644e-14
           0
           0
-4.98971e-14
           0
           0
  -0.0170301
           0
           0
 -2.4114e-05
           0
-2.54502e-05
           0
    -0.02102
           0
           0
 6.99132e-05
   4.902e-05
           0
           0
-2.78286e-05
           0
           0
 1.57267e-05
           0
           0
-2.86196e-09
 2.93682e-09
   2.339e-09
 1.30473e-09
-3.20132e-06
           0
           0
 2.41191e-05
           0
           0
 3.00761e-05
           0
           0
           0
           0
           0
           0
  0.00120268
   0.0104519
  -0.0834441
   -0.184511
           0
           0
pk  0.936788
        1
        1
 0.828453
        1
        1
 0.927058
 0.983083
        1
 0.908857
  0.99848
        1
 0.749684
 0.995035
        1
 0.938566
 0.961894
        1
 0.859116
  1.00302
        1
 0.857562
 0.991968
        1
 0.760887
 0.985986
 0.896723
 0.439772
   1.0485
 0.235758
 0.538317
  1.00589
 0.271051
0.0767638
  0.98934
        1
count 370
(curr.pk-pk_prev).cwiseAbs().sum() 0.000257296
(curr.pk-p0).cwiseAbs().sum() 4.92627
stable?: 1 converged?: 1 G: 3.11073e-08
tp: 4
Elapsed Time d2w: 239286 us
Elapsed Time dG: 11776 us
vz_norm: 1.53936e-08vp_norm: 4.68206e-09
backtrackingCount 0
pk  0.936601
        1
        1
 0.828328
        1
        1
 0.926583
 0.982948
        1
  0.90856
 0.998476
        1
 0.749461
 0.995032
        1
 0.937672
 0.961724
        1
 0.858683
  1.00302
        1
 0.856952
 0.991965
        1
 0.760847
 0.985986
 0.896643
 0.438567
  1.04849
 0.234469
 0.534921
  1.00587
  0.26819
0.0725212
 0.989339
        1
backtrackingCount 1
pk  0.936786
        1
        1
 0.828451
        1
        1
 0.927051
  0.98308
        1
 0.908853
  0.99848
        1
  0.74968
 0.995035
        1
 0.938552
 0.961891
        1
 0.859109
  1.00302
        1
 0.857552
 0.991968
        1
 0.760887
 0.985986
 0.896721
 0.439753
   1.0485
 0.235738
 0.538263
  1.00589
 0.271007
0.0766975
  0.98934
        1
backtracking time: 372201 us
backtracking count: 2
zk  -0.00118304
 0.000530315
   0.0645969
 -0.00961956
-0.000189697
 -0.00289154
-0.000767969
  0.00191984
   0.0359854
-9.08048e-05
-0.000760943
 -0.00324286
-5.46312e-14
           0
           0
-5.03503e-14
           0
           0
  -0.0170115
           0
           0
-2.37919e-05
           0
-2.56913e-05
           0
  -0.0209969
           0
           0
 6.98414e-05
 4.91446e-05
           0
           0
-2.76354e-05
           0
           0
 1.57109e-05
           0
           0
-2.82582e-09
 2.92675e-09
  2.3778e-09
 1.29417e-09
-2.96622e-06
           0
           0
 2.43314e-05
           0
           0
 3.00467e-05
           0
           0
           0
           0
           0
           0
  0.00120159
   0.0100485
  -0.0839779
   -0.184389
           0
           0
pk  0.936786
        1
        1
 0.828451
        1
        1
 0.927051
  0.98308
        1
 0.908853
  0.99848
        1
  0.74968
 0.995035
        1
 0.938552
 0.961891
        1
 0.859109
  1.00302
        1
 0.857552
 0.991968
        1
 0.760887
 0.985986
 0.896721
 0.439753
   1.0485
 0.235738
 0.538263
  1.00589
 0.271007
0.0766975
  0.98934
        1
count 371
(curr.pk-pk_prev).cwiseAbs().sum() 0.000261074
(curr.pk-p0).cwiseAbs().sum() 4.92653
stable?: 1 converged?: 1 G: 3.11066e-08
tp: 4
Elapsed Time d2w: 166965 us
Elapsed Time dG: 8791 us
vz_norm: 1.53156e-08vp_norm: 4.70706e-09
backtrackingCount 0
pk  0.936596
        1
        1
 0.828324
        1
        1
 0.926568
 0.982944
        1
 0.908551
 0.998475
        1
 0.749454
 0.995032
        1
 0.937644
 0.961718
        1
  0.85867
  1.00302
        1
 0.856933
 0.991965
        1
 0.760846
 0.985986
  0.89664
 0.438531
  1.04849
 0.234432
 0.534832
  1.00587
 0.268117
0.0723642
 0.989338
        1
backtrackingCount 1
pk  0.936783
        1
        1
 0.828449
        1
        1
 0.927043
 0.983078
        1
 0.908848
 0.998479
        1
 0.749677
 0.995035
        1
 0.938538
 0.961889
        1
 0.859102
  1.00302
        1
 0.857543
 0.991968
        1
 0.760886
 0.985986
  0.89672
 0.439734
   1.0485
 0.235717
  0.53821
  1.00589
 0.270961
0.0766298
  0.98934
        1
backtracking time: 465439 us
backtracking count: 2
zk  -0.00119893
  0.00053294
   0.0645264
 -0.00963076
-0.000207457
 -0.00289042
-0.000776629
    0.001921
   0.0359467
-9.31746e-05
-0.000764582
 -0.00324072
-5.38943e-14
           0
           0
-5.08061e-14
           0
           0
  -0.0169928
           0
           0
-2.34682e-05
           0
-2.59337e-05
           0
  -0.0209737
           0
           0
 6.97696e-05
 4.92701e-05
           0
           0
-2.74413e-05
           0
           0
 1.56951e-05
           0
           0
 -2.7895e-09
 2.91663e-09
 2.41681e-09
 1.28355e-09
-2.72987e-06
           0
           0
 2.45449e-05
           0
           0
 3.00172e-05
           0
           0
           0
           0
           0
           0
   0.0012005
  0.00964305
  -0.0845149
   -0.184268
           0
           0
pk  0.936783
        1
        1
 0.828449
        1
        1
 0.927043
 0.983078
        1
 0.908848
 0.998479
        1
 0.749677
 0.995035
        1
 0.938538
 0.961889
        1
 0.859102
  1.00302
        1
 0.857543
 0.991968
        1
 0.760886
 0.985986
  0.89672
 0.439734
   1.0485
 0.235717
  0.53821
  1.00589
 0.270961
0.0766298
  0.98934
        1
count 372
(curr.pk-pk_prev).cwiseAbs().sum() 0.000264909
(curr.pk-p0).cwiseAbs().sum() 4.9268
stable?: 1 converged?: 1 G: 3.1106e-08
tp: 4
Elapsed Time d2w: 201883 us
Elapsed Time dG: 13667 us
vz_norm: 1.28451e-08vp_norm: 3.92595e-09
backtrackingCount 0
pk  0.936576
        1
        1
  0.82831
        1
        1
 0.926543
 0.982933
        1
  0.90852
 0.998475
        1
 0.749429
 0.995031
        1
 0.937578
 0.961705
        1
 0.858614
  1.00302
        1
 0.856864
 0.991965
        1
 0.760843
 0.985986
 0.896654
 0.437725
  1.04848
 0.233447
 0.533349
  1.00586
 0.267198
0.0726914
 0.989339
        1
backtrackingCount 1
pk  0.936779
        1
        1
 0.828447
        1
        1
 0.927036
 0.983076
        1
 0.908843
 0.998479
        1
 0.749673
 0.995035
        1
 0.938523
 0.961886
        1
 0.859094
  1.00302
        1
 0.857532
 0.991968
        1
 0.760885
 0.985986
 0.896719
 0.439703
   1.0485
 0.235682
 0.538134
  1.00589
 0.270903
0.0765683
  0.98934
        1
backtrackingCount 2
pk  0.936783
        1
        1
 0.828449
        1
        1
 0.927043
 0.983078
        1
 0.908848
 0.998479
        1
 0.749677
 0.995035
        1
 0.938538
 0.961889
        1
 0.859102
  1.00302
        1
 0.857543
 0.991968
        1
 0.760886
 0.985986
  0.89672
 0.439734
   1.0485
 0.235717
 0.538209
  1.00589
 0.270961
0.0766293
  0.98934
        1
backtracking time: 651493 us
backtracking count: 3
zk  -0.00119908
  0.00053298
   0.0645257
 -0.00963088
-0.000207635
 -0.00289041
-0.000776713
  0.00192103
   0.0359464
-9.31973e-05
 -0.00076462
  -0.0032407
-5.38869e-14
           0
           0
-5.08108e-14
           0
           0
  -0.0169926
           0
           0
 -2.3465e-05
           0
-2.59362e-05
           0
  -0.0209735
           0
           0
 6.97689e-05
 4.92714e-05
           0
           0
-2.74394e-05
           0
           0
 1.56949e-05
           0
           0
-2.78918e-09
 2.91659e-09
 2.41715e-09
  1.2835e-09
-2.72748e-06
           0
           0
  2.4547e-05
           0
           0
 3.00169e-05
           0
           0
           0
           0
           0
           0
  0.00120049
  0.00963941
  -0.0845203
   -0.184267
           0
           0
pk  0.936783
        1
        1
 0.828449
        1
        1
 0.927043
 0.983078
        1
 0.908848
 0.998479
        1
 0.749677
 0.995035
        1
 0.938538
 0.961889
        1
 0.859102
  1.00302
        1
 0.857543
 0.991968
        1
 0.760886
 0.985986
  0.89672
 0.439734
   1.0485
 0.235717
 0.538209
  1.00589
 0.270961
0.0766293
  0.98934
        1
count 373
(curr.pk-pk_prev).cwiseAbs().sum() 2.54991e-06
(curr.pk-p0).cwiseAbs().sum() 4.9268
stable?: 1 converged?: 1 G: 3.1106e-08
tp: 4
Elapsed Time d2w: 166145 us
Elapsed Time dG: 9271 us
vz_norm: 1.28447e-08vp_norm: 3.92613e-09
backtrackingCount 0
pk  0.936679
        1
        1
  0.82838
        1
        1
 0.926793
 0.983006
        1
 0.908684
 0.998477
        1
 0.749553
 0.995033
        1
 0.938058
 0.961797
        1
 0.858858
  1.00302
        1
 0.857203
 0.991967
        1
 0.760864
 0.985986
 0.896687
 0.438729
  1.04849
 0.234582
 0.535779
  1.00588
 0.269079
0.0746598
 0.989339
        1
backtrackingCount 1
pk  0.936782
        1
        1
 0.828449
        1
        1
 0.927041
 0.983078
        1
 0.908847
 0.998479
        1
 0.749676
 0.995035
        1
 0.938534
 0.961888
        1
   0.8591
  1.00302
        1
  0.85754
 0.991968
        1
 0.760886
 0.985986
  0.89672
 0.439726
   1.0485
 0.235708
  0.53819
  1.00589
 0.270946
0.0766139
  0.98934
        1
backtrackingCount 2
pk  0.936783
        1
        1
 0.828449
        1
        1
 0.927043
 0.983078
        1
 0.908848
 0.998479
        1
 0.749677
 0.995035
        1
 0.938538
 0.961889
        1
 0.859102
  1.00302
        1
 0.857543
 0.991968
        1
 0.760886
 0.985986
  0.89672
 0.439734
   1.0485
 0.235717
 0.538209
  1.00589
 0.270961
0.0766292
  0.98934
        1
backtracking time: 602496 us
backtracking count: 3
zk   -0.0011991
 0.000532985
   0.0645256
 -0.00963089
-0.000207658
 -0.00289041
-0.000776723
  0.00192103
   0.0359463
-9.32002e-05
-0.000764625
  -0.0032407
 -5.3886e-14
           0
           0
-5.08114e-14
           0
           0
  -0.0169926
           0
           0
-2.34646e-05
           0
-2.59365e-05
           0
  -0.0209735
           0
           0
 6.97688e-05
 4.92716e-05
           0
           0
-2.74392e-05
           0
           0
 1.56949e-05
           0
           0
-2.78914e-09
 2.91658e-09
 2.41719e-09
 1.28349e-09
-2.72718e-06
           0
           0
 2.45473e-05
           0
           0
 3.00169e-05
           0
           0
           0
           0
           0
           0
  0.00120049
  0.00963895
  -0.0845209
   -0.184267
           0
           0
pk  0.936783
        1
        1
 0.828449
        1
        1
 0.927043
 0.983078
        1
 0.908848
 0.998479
        1
 0.749677
 0.995035
        1
 0.938538
 0.961889
        1
 0.859102
  1.00302
        1
 0.857543
 0.991968
        1
 0.760886
 0.985986
  0.89672
 0.439734
   1.0485
 0.235717
 0.538209
  1.00589
 0.270961
0.0766292
  0.98934
        1
count 374
(curr.pk-pk_prev).cwiseAbs().sum() 3.18771e-07
(curr.pk-p0).cwiseAbs().sum() 4.9268
stable?: 1 converged?: 1 G: 3.1106e-08
count: 374
zkpk
  -0.0011991
 0.000532985
   0.0645256
 -0.00963089
-0.000207658
 -0.00289041
-0.000776723
  0.00192103
   0.0359463
-9.32002e-05
-0.000764625
  -0.0032407
 -5.3886e-14
           0
           0
-5.08114e-14
           0
           0
  -0.0169926
           0
           0
-2.34646e-05
           0
-2.59365e-05
           0
  -0.0209735
           0
           0
 6.97688e-05
 4.92716e-05
           0
           0
-2.74392e-05
           0
           0
 1.56949e-05
           0
           0
-2.78914e-09
 2.91658e-09
 2.41719e-09
 1.28349e-09
-2.72718e-06
           0
           0
 2.45473e-05
           0
           0
 3.00169e-05
           0
           0
           0
           0
           0
           0
  0.00120049
  0.00963895
  -0.0845209
   -0.184267
           0
           0

 0.936783
        1
        1
 0.828449
        1
        1
 0.927043
 0.983078
        1
 0.908848
 0.998479
        1
 0.749677
 0.995035
        1
 0.938538
 0.961889
        1
 0.859102
  1.00302
        1
 0.857543
 0.991968
        1
 0.760886
 0.985986
  0.89672
 0.439734
   1.0485
 0.235717
 0.538209
  1.00589
 0.270961
0.0766292
  0.98934
        1
