1
tp: 2
Elapsed Time d2w: 64384 us
Elapsed Time dG: 8304 us
vz_norm: 1.08138e-07vp_norm: 4.21939e-09
backtrackingCount 0
pk 0.999998
       1
       1
0.999997
       1
       1
0.999999
       1
       1
0.999996
       1
       1
0.999996
       1
       1
       1
       1
       1
0.999993
       1
       1
0.999993
       1
       1
0.999999
       1
0.999998
 1.00004
       1
0.999997
 1.00004
       1
0.999997
 0.99999
       1
       1
backtracking time: 1432 us
backtracking count: 1
zk -3.50051e-06
-4.01933e-06
 1.86589e-05
  0.00453006
 -0.00419097
-0.000366843
 -0.00175381
 -0.00201385
   0.0093458
 0.000791776
-0.000708156
-5.48706e-05
           0
           0
           0
           0
           0
           0
 -0.00466357
           0
           0
 7.32264e-05
           0
 8.33421e-05
           0
 -0.00559293
           0
           0
 6.17051e-06
-4.16502e-05
           0
           0
 3.65949e-05
           0
           0
 1.02825e-06
           0
           0
-1.34159e-08
-1.59462e-09
 1.17876e-08
 1.40096e-09
-2.77114e-05
           0
           0
 2.43479e-05
           0
           0
 1.43078e-07
           0
           0
           0
           0
           0
           0
 0.000304254
    0.113591
   -0.097859
 -0.00267764
           0
           0
pk 0.999998
       1
       1
0.999997
       1
       1
0.999999
       1
       1
0.999996
       1
       1
0.999996
       1
       1
       1
       1
       1
0.999993
       1
       1
0.999993
       1
       1
0.999999
       1
0.999998
 1.00004
       1
0.999997
 1.00004
       1
0.999997
 0.99999
       1
       1
count 1
(curr.pk-pk_prev).cwiseAbs().sum() 0.000126804
(curr.pk-p0).cwiseAbs().sum() 0.000126804
stable?: 1 converged?: 0 G: 3.23992e-08
tp: 4
Elapsed Time d2w: 134753 us
Elapsed Time dG: 8273 us
vz_norm: 1.27583e-07vp_norm: 9.01194e-09
zk  2.08902e-06
-1.70969e-06
 2.39318e-06
  0.00320963
  0.00220632
 -0.00197379
  0.00105022
-0.000859923
  0.00120078
 0.000365538
 0.000376152
-0.000421508
           0
           0
           0
           0
           0
           0
-0.000597995
           0
           0
-3.80046e-05
           0
 3.80047e-05
           0
-0.000716733
           0
           0
 3.44239e-05
-1.89756e-05
           0
           0
-1.89755e-05
           0
           0
 5.73541e-06
           0
           0
-1.12773e-08
 5.94819e-09
-1.12773e-08
 5.94819e-09
-1.25783e-05
           0
           0
-1.25783e-05
           0
           0
 7.97963e-07
           0
           0
           0
           0
           0
           0
 4.43659e-05
    0.101031
   0.0988386
  -0.0242067
           0
           0
pk 0.999996
       1
       1
0.999996
       1
       1
0.999998
0.999999
       1
0.999993
       1
       1
0.999993
       1
       1
0.999997
0.999999
       1
0.999987
       1
       1
0.999989
       1
       1
0.999998
       1
0.999994
       1
       1
0.999928
 1.00007
       1
 1.00004
0.999972
       1
       1
count 2
(curr.pk-pk_prev).cwiseAbs().sum() 0.000239805
(curr.pk-p0).cwiseAbs().sum() 0.000276391
stable?: 1 converged?: 0 G: 3.23992e-08
tp: 4
Elapsed Time d2w: 177340 us
Elapsed Time dG: 7373 us
vz_norm: 7.9511e-08vp_norm: 6.07703e-09
zk -2.23523e-06
-8.76417e-07
 1.25237e-06
  0.00271472
 -0.00197539
   0.0010363
 -0.00112921
-0.000447095
 0.000628844
 0.000305984
-0.000312807
 0.000180169
           0
           0
           0
           0
           0
           0
-0.000312903
           0
           0
 3.12316e-05
           0
 3.12295e-05
           0
-0.000374939
           0
           0
-1.80099e-05
-1.55638e-05
           0
           0
 1.55649e-05
           0
           0
-3.00044e-06
           0
           0
-1.72353e-08
 1.54694e-08
 1.72373e-08
-1.54712e-08
-1.02402e-05
           0
           0
 1.02402e-05
           0
           0
-4.17433e-07
           0
           0
           0
           0
           0
           0
 4.08676e-05
    0.163631
   -0.159038
   0.0104961
           0
           0
pk 0.999989
       1
       1
0.999989
       1
       1
0.999997
0.999999
       1
0.999983
       1
       1
0.999983
       1
       1
0.999995
0.999999
       1
0.999968
       1
       1
0.999972
       1
       1
0.999997
       1
0.999991
0.999965
0.999999
0.999789
 1.00006
       1
 1.00014
0.999961
       1
       1
count 3
(curr.pk-pk_prev).cwiseAbs().sum() 0.000360218
(curr.pk-p0).cwiseAbs().sum() 0.000629167
stable?: 1 converged?: 0 G: 3.23991e-08
tp: 4
Elapsed Time d2w: 135189 us
Elapsed Time dG: 8311 us
vz_norm: 1.0635e-07vp_norm: 1.20377e-08
zk  2.22529e-06
-1.54383e-06
 1.34738e-06
  0.00330554
  0.00222502
 -0.00111049
  0.00112021
-0.000778237
 0.000676252
 0.000365049
 0.000373397
-0.000196006
           0
           0
           0
           0
           0
           0
-0.000336664
           0
           0
-3.77609e-05
           0
  3.7757e-05
           0
-0.000403473
           0
           0
 1.93788e-05
-1.88445e-05
           0
           0
-1.88463e-05
           0
           0
 3.22863e-06
           0
           0
-1.33923e-08
 8.80441e-09
 -1.3397e-08
  8.8075e-09
-1.24714e-05
           0
           0
-1.24714e-05
           0
           0
   4.492e-07
           0
           0
           0
           0
           0
           0
  3.2322e-05
    0.122345
    0.119275
  -0.0112457
           0
           0
pk 0.999986
       1
       1
0.999986
       1
       1
0.999995
0.999999
       1
0.999978
       1
       1
0.999978
       1
       1
0.999993
0.999999
       1
0.999958
       1
       1
0.999964
       1
       1
0.999996
       1
0.999989
  0.9999
0.999999
0.999652
 1.00011
       1
 1.00025
0.999949
       1
       1
count 4
(curr.pk-pk_prev).cwiseAbs().sum() 0.000413415
(curr.pk-p0).cwiseAbs().sum() 0.00104258
stable?: 1 converged?: 0 G: 3.23991e-08
tp: 4
Elapsed Time d2w: 146922 us
Elapsed Time dG: 8823 us
vz_norm: 1.06699e-07vp_norm: 8.99377e-09
zk -2.18568e-06
 -1.4817e-06
 7.74473e-07
   0.0027199
 -0.00217953
 0.000639107
  -0.0011005
-0.000747207
 0.000388876
  0.00035451
-0.000363121
 0.000103028
           0
           0
           0
           0
           0
           0
-0.000193502
           0
           0
 3.67332e-05
           0
 3.67253e-05
           0
-0.000231867
           0
           0
-1.11373e-05
-1.83285e-05
           0
           0
 1.83323e-05
           0
           0
-1.85547e-06
           0
           0
-1.33614e-08
 9.01058e-09
 1.33694e-08
-9.01597e-09
-1.21275e-05
           0
           0
 1.21275e-05
           0
           0
-2.58146e-07
           0
           0
           0
           0
           0
           0
 2.34466e-05
    0.122355
   -0.119323
  0.00598686
           0
           0
pk 0.999982
       1
       1
0.999982
       1
       1
0.999994
0.999999
       1
0.999973
       1
       1
0.999973
       1
       1
0.999991
0.999998
       1
0.999947
       1
       1
0.999956
       1
       1
0.999995
       1
0.999986
0.999851
0.999998
0.999547
 1.00013
       1
 1.00033
0.999939
       1
       1
count 5
(curr.pk-pk_prev).cwiseAbs().sum() 0.000311628
(curr.pk-p0).cwiseAbs().sum() 0.00135421
stable?: 1 converged?: 0 G: 3.2399e-08
tp: 4
Elapsed Time d2w: 135035 us
Elapsed Time dG: 8771 us
vz_norm: 1.19143e-07vp_norm: 9.86687e-09
zk  2.08209e-06
-1.53607e-06
 5.40379e-07
  0.00252289
  0.00212827
-0.000445417
  0.00104767
-0.000773682
 0.000271384
 0.000348514
 0.000357443
 -6.5358e-05
           0
           0
           0
           0
           0
           0
 -0.00013501
           0
           0
-3.62263e-05
           0
 3.62158e-05
           0
-0.000161769
           0
           0
 7.77039e-06
-1.80783e-05
           0
           0
-1.80834e-05
           0
           0
 1.29453e-06
           0
           0
-1.20942e-08
 7.45798e-09
-1.21037e-08
 7.46382e-09
-1.19728e-05
           0
           0
-1.19728e-05
           0
           0
 1.80103e-07
           0
           0
           0
           0
           0
           0
 1.73297e-05
    0.109835
    0.107247
 -0.00381642
           0
           0
pk 0.999979
       1
       1
0.999979
       1
       1
0.999994
0.999998
       1
0.999969
       1
       1
0.999969
       1
       1
 0.99999
0.999998
       1
0.999939
       1
       1
0.999949
       1
       1
0.999994
       1
0.999984
0.999804
0.999998
0.999456
 1.00016
       1
  1.0004
 0.99993
       1
       1
count 6
(curr.pk-pk_prev).cwiseAbs().sum() 0.000278009
(curr.pk-p0).cwiseAbs().sum() 0.00163222
stable?: 1 converged?: 0 G: 3.2399e-08
tp: 4
Elapsed Time d2w: 133095 us
Elapsed Time dG: 9068 us
vz_norm: 1.25299e-07vp_norm: 9.22082e-09
zk -2.02512e-06
-1.53407e-06
 3.17472e-07
  0.00234284
 -0.00208885
  0.00026156
 -0.00101879
-0.000772392
 0.000159546
 0.000342288
-0.000351187
  2.9664e-05
           0
           0
           0
           0
           0
           0
-7.93107e-05
           0
           0
 3.56293e-05
           0
 3.56163e-05
           0
-9.50076e-05
           0
           0
 -4.5641e-06
-1.77804e-05
           0
           0
 1.77867e-05
           0
           0
-7.60318e-07
           0
           0
-1.15558e-08
 6.88654e-09
 1.15667e-08
-6.89303e-09
-1.17793e-05
           0
           0
 1.17793e-05
           0
           0
-1.05775e-07
           0
           0
           0
           0
           0
           0
 1.29284e-05
    0.104594
    -0.10218
  0.00178439
           0
           0
pk 0.999977
       1
       1
0.999977
       1
       1
0.999993
0.999998
       1
0.999965
       1
       1
0.999965
       1
       1
0.999989
0.999998
       1
0.999932
       1
       1
0.999943
       1
       1
0.999994
       1
0.999983
0.999761
0.999997
 0.99938
 1.00019
       1
 1.00045
0.999923
       1
       1
count 7
(curr.pk-pk_prev).cwiseAbs().sum() 0.000237567
(curr.pk-p0).cwiseAbs().sum() 0.00186978
stable?: 1 converged?: 0 G: 3.23989e-08
tp: 4
Elapsed Time d2w: 135513 us
Elapsed Time dG: 8220 us
vz_norm: 1.30784e-07vp_norm: 9.10085e-09
zk  1.97938e-06
-1.53399e-06
 2.07687e-07
  0.00224955
  0.00205705
-0.000171045
 0.000995591
-0.000772116
 0.000104457
  0.00033752
 0.000346376
-1.23031e-05
           0
           0
           0
           0
           0
           0
-5.18784e-05
           0
           0
-3.51672e-05
           0
  3.5152e-05
           0
 -6.2129e-05
           0
           0
 2.98503e-06
-1.75498e-05
           0
           0
-1.75572e-05
           0
           0
 4.97228e-07
           0
           0
-1.11142e-08
 6.41136e-09
-1.11261e-08
 6.41825e-09
-1.16298e-05
           0
           0
-1.16298e-05
           0
           0
 6.91705e-08
           0
           0
           0
           0
           0
           0
 1.04845e-05
    0.100293
   0.0980187
-0.000792034
           0
           0
pk 0.999975
       1
       1
0.999975
       1
       1
0.999992
0.999998
       1
0.999962
0.999999
       1
0.999962
0.999999
       1
0.999987
0.999998
       1
0.999925
       1
       1
0.999937
       1
       1
0.999993
       1
0.999981
0.999721
0.999997
0.999311
 1.00021
       1
  1.0005
0.999916
       1
       1
count 8
(curr.pk-pk_prev).cwiseAbs().sum() 0.000216567
(curr.pk-p0).cwiseAbs().sum() 0.00208635
stable?: 1 converged?: 0 G: 3.23989e-08
tp: 4
Elapsed Time d2w: 136390 us
Elapsed Time dG: 8967 us
vz_norm: 1.3368e-07vp_norm: 8.88355e-09
zk -1.95412e-06
 -1.5298e-06
 1.41636e-07
  0.00219543
 -0.00203795
 0.000116553
-0.000982803
-0.000769907
 7.13151e-05
 0.000334513
-0.000343326
   1.876e-06
           0
           0
           0
           0
           0
           0
-3.53738e-05
           0
           0
 3.48712e-05
           0
 3.48539e-05
           0
-4.23472e-05
           0
           0
-2.03498e-06
-1.74015e-05
           0
           0
   1.741e-05
           0
           0
-3.38939e-07
           0
           0
-1.08926e-08
 6.18845e-09
 1.09056e-08
-6.19585e-09
-1.15332e-05
           0
           0
 1.15333e-05
           0
           0
-4.71466e-08
           0
           0
           0
           0
           0
           0
 9.10851e-06
   0.0981576
  -0.0959535
  0.00019765
           0
           0
pk 0.999973
       1
       1
0.999973
       1
       1
0.999992
0.999998
       1
0.999959
0.999999
       1
0.999958
0.999999
       1
0.999986
0.999998
       1
0.999919
       1
       1
0.999932
       1
       1
0.999993
       1
 0.99998
0.999683
0.999997
0.999247
 1.00023
       1
 1.00055
0.999909
       1
       1
count 9
(curr.pk-pk_prev).cwiseAbs().sum() 0.000203104
(curr.pk-p0).cwiseAbs().sum() 0.00228946
stable?: 1 converged?: 0 G: 3.23988e-08
tp: 4
Elapsed Time d2w: 157440 us
Elapsed Time dG: 9876 us
vz_norm: 1.35409e-07vp_norm: 8.78724e-09
zk  1.93944e-06
 -1.5272e-06
  1.0776e-07
  0.00216708
  0.00202674
-8.86066e-05
 0.000975373
-0.000768539
 5.43169e-05
 0.000332754
 0.000341549
  3.4709e-06
           0
           0
           0
           0
           0
           0
 -2.6909e-05
           0
           0
-3.46982e-05
           0
 3.46789e-05
           0
-3.22017e-05
           0
           0
 1.54773e-06
-1.73145e-05
           0
           0
-1.73239e-05
           0
           0
 2.57757e-07
           0
           0
-1.07642e-08
  6.0599e-09
-1.07783e-08
 6.06781e-09
-1.14767e-05
           0
           0
-1.14767e-05
           0
           0
 3.58513e-08
           0
           0
           0
           0
           0
           0
 8.38349e-06
   0.0969218
   0.0947614
 0.000107539
           0
           0
pk  0.99997
       1
       1
 0.99997
       1
       1
0.999991
0.999998
       1
0.999956
0.999999
       1
0.999955
0.999999
       1
0.999986
0.999997
       1
0.999913
       1
       1
0.999927
       1
       1
0.999992
       1
0.999978
0.999646
0.999996
0.999185
 1.00025
       1
  1.0006
0.999903
       1
       1
count 10
(curr.pk-pk_prev).cwiseAbs().sum() 0.00019618
(curr.pk-p0).cwiseAbs().sum() 0.00248564
stable?: 1 converged?: 0 G: 3.23988e-08
tp: 4
Elapsed Time d2w: 130395 us
Elapsed Time dG: 8518 us
vz_norm: 1.36326e-07vp_norm: 8.72505e-09
zk -1.93155e-06
-1.52541e-06
 8.85286e-08
  0.00215149
 -0.00202059
 7.27517e-05
-0.000971387
-0.000767607
 4.46672e-05
 0.000331772
-0.000340561
 -6.5318e-06
           0
           0
           0
           0
           0
           0
-2.21036e-05
           0
           0
 3.46019e-05
           0
 3.45806e-05
           0
 -2.6442e-05
           0
           0
-1.27111e-06
-1.72657e-05
           0
           0
 1.72761e-05
           0
           0
 -2.1167e-07
           0
           0
-1.06969e-08
  5.9941e-09
  1.0712e-08
-6.00257e-09
-1.14451e-05
           0
           0
 1.14452e-05
           0
           0
-2.94389e-08
           0
           0
           0
           0
           0
           0
 7.98284e-06
   0.0962765
  -0.0941422
-0.000282196
           0
           0
pk 0.999968
       1
       1
0.999968
       1
       1
0.999991
0.999998
       1
0.999952
0.999999
       1
0.999952
0.999999
       1
0.999985
0.999997
       1
0.999906
       1
       1
0.999922
       1
       1
0.999992
       1
0.999977
 0.99961
0.999996
0.999124
 1.00027
       1
 1.00064
0.999897
       1
       1
count 11
(curr.pk-pk_prev).cwiseAbs().sum() 0.000192373
(curr.pk-p0).cwiseAbs().sum() 0.00267801
stable?: 1 converged?: 0 G: 3.23988e-08
tp: 4
Elapsed Time d2w: 144864 us
Elapsed Time dG: 9746 us
vz_norm: 1.36857e-07vp_norm: 8.6953e-09
zk  1.92702e-06
-1.52429e-06
 7.72861e-08
  0.00214253
  0.00201704
-6.34906e-05
 0.000969093
-0.000767029
 3.90261e-05
 0.000331197
 0.000339991
  8.3467e-06
           0
           0
           0
           0
           0
           0
-1.92943e-05
           0
           0
-3.45462e-05
           0
 3.45229e-05
           0
 -2.3075e-05
           0
           0
  1.1094e-06
-1.72371e-05
           0
           0
-1.72484e-05
           0
           0
 1.84727e-07
           0
           0
-1.06581e-08
 5.95645e-09
-1.06742e-08
 5.96549e-09
-1.14268e-05
           0
           0
-1.14268e-05
           0
           0
 2.56902e-08
           0
           0
           0
           0
           0
           0
 7.75023e-06
   0.0959052
   0.0937891
 0.000385867
           0
           0
pk 0.999966
       1
       1
0.999966
       1
       1
 0.99999
0.999998
       1
0.999949
0.999999
       1
0.999949
0.999999
       1
0.999984
0.999997
       1
  0.9999
       1
       1
0.999917
       1
       1
0.999991
       1
0.999976
0.999573
0.999996
0.999064
 1.00029
       1
 1.00068
0.999891
       1
       1
count 12
(curr.pk-pk_prev).cwiseAbs().sum() 0.000190326
(curr.pk-p0).cwiseAbs().sum() 0.00286833
stable?: 1 converged?: 0 G: 3.23987e-08
tp: 4
Elapsed Time d2w: 150310 us
Elapsed Time dG: 9985 us
vz_norm: 1.3718e-07vp_norm: 8.6793e-09
zk -1.92423e-06
 -1.5235e-06
 6.98232e-08
   0.0021368
 -0.00201483
 5.73496e-05
-0.000967687
-0.000766627
 3.52816e-05
 0.000330833
-0.000339636
-9.57462e-06
           0
           0
           0
           0
           0
           0
-1.74295e-05
           0
           0
 3.45115e-05
           0
 3.44864e-05
           0
-2.08399e-05
           0
           0
-1.00206e-06
 -1.7219e-05
           0
           0
 1.72313e-05
           0
           0
-1.66842e-07
           0
           0
-1.06343e-08
 5.93375e-09
 1.06515e-08
-5.94336e-09
-1.14153e-05
           0
           0
 1.14153e-05
           0
           0
-2.32018e-08
           0
           0
           0
           0
           0
           0
 7.59944e-06
   0.0956787
  -0.0935765
-0.000456064
           0
           0
pk 0.999964
       1
       1
0.999964
       1
       1
 0.99999
0.999997
       1
0.999946
0.999999
       1
0.999946
0.999999
       1
0.999983
0.999997
       1
0.999894
       1
       1
0.999912
       1
       1
0.999991
       1
0.999974
0.999537
0.999996
0.999004
 1.00031
       1
 1.00072
0.999885
       1
       1
count 13
(curr.pk-pk_prev).cwiseAbs().sum() 0.000189127
(curr.pk-p0).cwiseAbs().sum() 0.00305746
stable?: 1 converged?: 0 G: 3.23987e-08
tp: 4
Elapsed Time d2w: 126075 us
Elapsed Time dG: 8324 us
vz_norm: 1.37404e-07vp_norm: 8.67124e-09
zk   1.9223e-06
 -1.5229e-06
 6.42629e-08
  0.00213267
  0.00201329
-5.27792e-05
 0.000966712
 -0.00076632
 3.24917e-05
 0.000330574
 0.000339388
  1.0507e-05
           0
           0
           0
           0
           0
           0
-1.60401e-05
           0
           0
-3.44873e-05
           0
 3.44602e-05
           0
-1.91746e-05
           0
           0
 9.22078e-07
-1.72061e-05
           0
           0
-1.72193e-05
           0
           0
 1.53517e-07
           0
           0
-1.06177e-08
 5.91811e-09
 -1.0636e-08
 5.92829e-09
-1.14072e-05
           0
           0
-1.14073e-05
           0
           0
 2.13478e-08
           0
           0
           0
           0
           0
           0
 7.48913e-06
   0.0955211
   0.0934309
 0.000509418
           0
           0
pk 0.999962
       1
       1
0.999962
       1
       1
0.999989
0.999997
       1
0.999943
0.999999
       1
0.999943
0.999999
       1
0.999982
0.999997
       1
0.999888
       1
       1
0.999907
       1
       1
 0.99999
       1
0.999973
0.999501
0.999995
0.998945
 1.00033
       1
 1.00077
0.999879
       1
       1
count 14
(curr.pk-pk_prev).cwiseAbs().sum() 0.000188357
(curr.pk-p0).cwiseAbs().sum() 0.00324582
stable?: 1 converged?: 0 G: 3.23986e-08
tp: 4
Elapsed Time d2w: 131970 us
Elapsed Time dG: 8428 us
vz_norm: 1.37578e-07vp_norm: 8.66685e-09
zk -1.92079e-06
-1.52239e-06
 5.96225e-08
  0.00212932
 -0.00201208
 4.89682e-05
 -0.00096595
 -0.00076606
 3.01634e-05
 0.000330366
-0.000339193
-1.12964e-05
           0
           0
           0
           0
           0
           0
-1.48806e-05
           0
           0
 3.44682e-05
           0
 3.44392e-05
           0
-1.77848e-05
           0
           0
-8.55331e-07
-1.71957e-05
           0
           0
 1.72099e-05
           0
           0
-1.42396e-07
           0
           0
-1.06047e-08
 5.90598e-09
  1.0624e-08
-5.91675e-09
-1.14008e-05
           0
           0
 1.14009e-05
           0
           0
-1.98005e-08
           0
           0
           0
           0
           0
           0
 7.39856e-06
   0.0953979
  -0.0933187
-0.000554626
           0
           0
pk  0.99996
       1
       1
 0.99996
       1
       1
0.999989
0.999997
       1
 0.99994
0.999999
       1
 0.99994
0.999999
       1
0.999981
0.999997
       1
0.999882
0.999999
       1
0.999902
0.999999
       1
 0.99999
       1
0.999972
0.999465
0.999995
0.998886
 1.00035
       1
 1.00081
0.999873
       1
       1
count 15
(curr.pk-pk_prev).cwiseAbs().sum() 0.000187795
(curr.pk-p0).cwiseAbs().sum() 0.00343361
stable?: 1 converged?: 0 G: 3.23986e-08
tp: 4
Elapsed Time d2w: 146700 us
Elapsed Time dG: 9017 us
vz_norm: 1.37728e-07vp_norm: 8.66433e-09
zk  1.91948e-06
-1.52193e-06
 5.54427e-08
  0.00212635
  0.00201103
-4.55373e-05
 0.000965292
-0.000765822
 2.80662e-05
 0.000330184
 0.000339024
 1.20141e-05
           0
           0
           0
           0
           0
           0
-1.38362e-05
           0
           0
-3.44516e-05
           0
 3.44207e-05
           0
 -1.6533e-05
           0
           0
 7.95209e-07
-1.71866e-05
           0
           0
-1.72017e-05
           0
           0
 1.32379e-07
           0
           0
-1.05934e-08
 5.89557e-09
-1.06138e-08
 5.90692e-09
-1.13952e-05
           0
           0
-1.13953e-05
           0
           0
 1.84068e-08
           0
           0
           0
           0
           0
           0
  7.3178e-06
   0.0952915
   0.0932228
 0.000595744
           0
           0
pk 0.999958
       1
       1
0.999958
       1
       1
0.999988
0.999997
       1
0.999937
0.999999
       1
0.999937
0.999999
       1
 0.99998
0.999996
       1
0.999876
0.999999
       1
0.999897
0.999999
       1
0.999989
       1
 0.99997
0.999429
0.999995
0.998827
 1.00037
       1
 1.00085
0.999867
       1
       1
count 16
(curr.pk-pk_prev).cwiseAbs().sum() 0.000187335
(curr.pk-p0).cwiseAbs().sum() 0.00362095
stable?: 1 converged?: 0 G: 3.23986e-08
tp: 4
Elapsed Time d2w: 120511 us
Elapsed Time dG: 8995 us
vz_norm: 1.37866e-07vp_norm: 8.66269e-09
zk -1.91828e-06
-1.52148e-06
 5.14972e-08
  0.00212358
 -0.00201006
 4.22997e-05
-0.000964686
-0.000765596
 2.60866e-05
 0.000330015
-0.000338868
-1.26951e-05
           0
           0
           0
           0
           0
           0
-1.28503e-05
           0
           0
 3.44363e-05
           0
 3.44035e-05
           0
-1.53513e-05
           0
           0
-7.38457e-07
-1.71781e-05
           0
           0
 1.71941e-05
           0
           0
-1.22923e-07
           0
           0
 -1.0583e-08
 5.88603e-09
 1.06045e-08
-5.89796e-09
  -1.139e-05
           0
           0
 1.13901e-05
           0
           0
-1.70912e-08
           0
           0
           0
           0
           0
           0
 7.24202e-06
   0.0951935
   -0.093135
-0.000634769
           0
           0
pk 0.999956
       1
       1
0.999956
       1
       1
0.999988
0.999997
       1
0.999934
0.999999
       1
0.999934
0.999999
       1
0.999979
0.999996
       1
 0.99987
0.999999
       1
0.999892
0.999999
       1
0.999989
       1
0.999969
0.999393
0.999995
0.998768
 1.00039
       1
 1.00089
0.999861
       1
       1
count 17
(curr.pk-pk_prev).cwiseAbs().sum() 0.000186926
(curr.pk-p0).cwiseAbs().sum() 0.00380787
stable?: 1 converged?: 0 G: 3.23985e-08
tp: 4
Elapsed Time d2w: 131061 us
Elapsed Time dG: 8334 us
vz_norm: 1.37998e-07vp_norm: 8.66148e-09
zk  1.91713e-06
-1.52105e-06
 4.76786e-08
  0.00212091
  0.00200913
-3.91669e-05
 0.000964107
-0.000765375
 2.41707e-05
 0.000329851
 0.000338718
  1.3356e-05
           0
           0
           0
           0
           0
           0
-1.18961e-05
           0
           0
-3.44216e-05
           0
 3.43869e-05
           0
-1.42077e-05
           0
           0
 6.83533e-07
-1.71699e-05
           0
           0
-1.71869e-05
           0
           0
 1.13772e-07
           0
           0
-1.05731e-08
 5.87693e-09
-1.05956e-08
 5.88943e-09
 -1.1385e-05
           0
           0
-1.13851e-05
           0
           0
  1.5818e-08
           0
           0
           0
           0
           0
           0
  7.1689e-06
   0.0950998
   0.0930514
 0.000672646
           0
           0
pk 0.999954
       1
       1
0.999954
       1
       1
0.999987
0.999997
       1
0.999931
0.999999
       1
0.999931
0.999999
       1
0.999978
0.999996
       1
0.999864
0.999999
       1
0.999887
0.999999
       1
0.999988
       1
0.999968
0.999358
0.999994
 0.99871
 1.00041
       1
 1.00093
0.999856
       1
       1
count 18
(curr.pk-pk_prev).cwiseAbs().sum() 0.000186543
(curr.pk-p0).cwiseAbs().sum() 0.00399442
stable?: 1 converged?: 0 G: 3.23985e-08
tp: 4
Elapsed Time d2w: 144962 us
Elapsed Time dG: 8439 us
vz_norm: 1.38127e-07vp_norm: 8.66048e-09
zk -1.91601e-06
-1.52062e-06
 4.39355e-08
   0.0021183
 -0.00200823
 3.60963e-05
-0.000963542
-0.000765156
 2.22925e-05
 0.000329691
-0.000338571
-1.40047e-05
           0
           0
           0
           0
           0
           0
-1.09608e-05
           0
           0
 3.44073e-05
           0
 3.43706e-05
           0
-1.30866e-05
           0
           0
-6.29692e-07
-1.71619e-05
           0
           0
 1.71799e-05
           0
           0
-1.04802e-07
           0
           0
-1.05634e-08
 5.86809e-09
 1.05869e-08
-5.88116e-09
-1.13802e-05
           0
           0
 1.13803e-05
           0
           0
-1.45698e-08
           0
           0
           0
           0
           0
           0
 7.09735e-06
   0.0950086
  -0.0929702
-0.000709829
           0
           0
pk 0.999952
       1
       1
0.999952
       1
       1
0.999987
0.999997
       1
0.999928
0.999999
       1
0.999928
0.999999
       1
0.999977
0.999996
       1
0.999858
0.999999
       1
0.999882
0.999999
       1
0.999988
       1
0.999967
0.999322
0.999994
0.998651
 1.00043
       1
 1.00098
 0.99985
       1
       1
count 19
(curr.pk-pk_prev).cwiseAbs().sum() 0.000186174
(curr.pk-p0).cwiseAbs().sum() 0.00418059
stable?: 1 converged?: 0 G: 3.23984e-08
tp: 4
Elapsed Time d2w: 137360 us
Elapsed Time dG: 7939 us
vz_norm: 1.38253e-07vp_norm: 8.65959e-09
zk  1.91491e-06
-1.52019e-06
  4.0243e-08
  0.00211573
  0.00200733
-3.30675e-05
 0.000962986
-0.000764939
 2.04399e-05
 0.000329534
 0.000338427
 1.46451e-05
           0
           0
           0
           0
           0
           0
-1.00381e-05
           0
           0
-3.43931e-05
           0
 3.43545e-05
           0
-1.19807e-05
           0
           0
 5.76582e-07
 -1.7154e-05
           0
           0
-1.71729e-05
           0
           0
  9.5953e-08
           0
           0
-1.05539e-08
  5.8594e-09
-1.05784e-08
 5.87305e-09
-1.13754e-05
           0
           0
-1.13755e-05
           0
           0
 1.33386e-08
           0
           0
           0
           0
           0
           0
 7.02683e-06
   0.0949188
   0.0928903
 0.000746537
           0
           0
pk  0.99995
       1
       1
 0.99995
       1
       1
0.999986
0.999997
       1
0.999925
0.999999
       1
0.999925
0.999999
       1
0.999976
0.999996
       1
0.999852
0.999999
       1
0.999877
0.999999
       1
0.999987
       1
0.999965
0.999286
0.999994
0.998592
 1.00045
       1
 1.00102
0.999844
       1
       1
count 20
(curr.pk-pk_prev).cwiseAbs().sum() 0.000185812
(curr.pk-p0).cwiseAbs().sum() 0.0043664
stable?: 1 converged?: 0 G: 3.23984e-08
tp: 4
Elapsed Time d2w: 142229 us
Elapsed Time dG: 8027 us
vz_norm: 1.38379e-07vp_norm: 8.65875e-09
zk -1.91382e-06
-1.51976e-06
 3.65894e-08
  0.00211318
 -0.00200645
 3.00706e-05
-0.000962436
-0.000764723
 1.86067e-05
 0.000329377
-0.000338284
 -1.5279e-05
           0
           0
           0
           0
           0
           0
-9.12519e-06
           0
           0
 3.43791e-05
           0
 3.43386e-05
           0
-1.08865e-05
           0
           0
-5.24031e-07
-1.71462e-05
           0
           0
  1.7166e-05
           0
           0
-8.71973e-08
           0
           0
-1.05444e-08
 5.85083e-09
 1.05701e-08
-5.86504e-09
-1.13706e-05
           0
           0
 1.13707e-05
           0
           0
-1.21203e-08
           0
           0
           0
           0
           0
           0
 6.95709e-06
   0.0948301
  -0.0928114
-0.000782873
           0
           0
pk 0.999948
       1
       1
0.999948
       1
       1
0.999986
0.999996
       1
0.999922
0.999999
       1
0.999922
0.999999
       1
0.999976
0.999996
       1
0.999846
0.999999
       1
0.999872
0.999999
       1
0.999987
       1
0.999964
 0.99925
0.999994
0.998534
 1.00047
       1
 1.00106
0.999838
       1
       1
count 21
(curr.pk-pk_prev).cwiseAbs().sum() 0.000185457
(curr.pk-p0).cwiseAbs().sum() 0.00455186
stable?: 1 converged?: 0 G: 3.23983e-08
tp: 4
Elapsed Time d2w: 144559 us
Elapsed Time dG: 8362 us
vz_norm: 1.38503e-07vp_norm: 8.65793e-09
zk  1.91273e-06
-1.51934e-06
 3.29688e-08
  0.00211066
  0.00200557
 -2.7101e-05
  0.00096189
-0.000764507
 1.67901e-05
 0.000329221
 0.000338142
 1.59073e-05
           0
           0
           0
           0
           0
           0
-8.22048e-06
           0
           0
-3.43652e-05
           0
 3.43228e-05
           0
 -9.8021e-06
           0
           0
 4.71955e-07
-1.71384e-05
           0
           0
-1.71591e-05
           0
           0
 7.85208e-08
           0
           0
-1.05351e-08
 5.84234e-09
-1.05618e-08
 5.85712e-09
-1.13659e-05
           0
           0
 -1.1366e-05
           0
           0
 1.09131e-08
           0
           0
           0
           0
           0
           0
 6.88801e-06
   0.0947422
   0.0927334
  0.00081889
           0
           0
pk 0.999946
       1
       1
0.999946
       1
       1
0.999985
0.999996
       1
0.999919
0.999999
       1
0.999919
0.999999
       1
0.999975
0.999996
       1
0.999841
0.999999
       1
0.999867
0.999999
       1
0.999986
       1
0.999963
0.999215
0.999993
0.998476
 1.00049
       1
  1.0011
0.999832
       1
       1
count 22
(curr.pk-pk_prev).cwiseAbs().sum() 0.000185105
(curr.pk-p0).cwiseAbs().sum() 0.00473696
stable?: 1 converged?: 0 G: 3.23983e-08
tp: 4
Elapsed Time d2w: 140799 us
Elapsed Time dG: 8723 us
vz_norm: 1.38626e-07vp_norm: 8.65714e-09
zk -1.91166e-06
-1.51891e-06
 2.93783e-08
  0.00210816
 -0.00200469
  2.4156e-05
-0.000961348
-0.000764291
 1.49886e-05
 0.000329067
   -0.000338
-1.65305e-05
           0
           0
           0
           0
           0
           0
-7.32329e-06
           0
           0
 3.43513e-05
           0
  3.4307e-05
           0
-8.72673e-06
           0
           0
-4.20312e-07
-1.71306e-05
           0
           0
 1.71523e-05
           0
           0
-6.99164e-08
           0
           0
-1.05258e-08
 5.83394e-09
 1.05535e-08
-5.84928e-09
-1.13612e-05
           0
           0
 1.13613e-05
           0
           0
 -9.7158e-09
           0
           0
           0
           0
           0
           0
 6.81952e-06
   0.0946551
   -0.092656
-0.000854613
           0
           0
pk 0.999944
       1
       1
0.999944
       1
       1
0.999985
0.999996
       1
0.999916
0.999999
       1
0.999916
0.999999
       1
0.999974
0.999995
       1
0.999835
0.999999
       1
0.999863
0.999999
       1
0.999986
       1
0.999961
0.999179
0.999993
0.998418
  1.0005
       1
 1.00114
0.999827
       1
       1
count 23
(curr.pk-pk_prev).cwiseAbs().sum() 0.000184756
(curr.pk-p0).cwiseAbs().sum() 0.00492172
stable?: 1 converged?: 0 G: 3.23983e-08
tp: 4
Elapsed Time d2w: 122272 us
Elapsed Time dG: 8516 us
vz_norm: 1.38749e-07vp_norm: 8.65635e-09
zk  1.91059e-06
-1.51849e-06
 2.58162e-08
  0.00210568
  0.00200382
-2.12346e-05
  0.00096081
-0.000764075
 1.32013e-05
 0.000328913
  0.00033786
 1.71489e-05
           0
           0
           0
           0
           0
           0
 -6.4332e-06
           0
           0
-3.43375e-05
           0
 3.42913e-05
           0
-7.65988e-06
           0
           0
 3.69079e-07
-1.71229e-05
           0
           0
-1.71455e-05
           0
           0
 6.13803e-08
           0
           0
-1.05167e-08
 5.82561e-09
-1.05454e-08
  5.8415e-09
-1.13565e-05
           0
           0
-1.13567e-05
           0
           0
 8.52804e-09
           0
           0
           0
           0
           0
           0
 6.75158e-06
   0.0945686
   0.0925792
 0.000890057
           0
           0
pk 0.999942
       1
       1
0.999942
       1
       1
0.999984
0.999996
       1
0.999913
0.999999
       1
0.999913
0.999999
       1
0.999973
0.999995
       1
0.999829
0.999999
       1
0.999858
0.999999
       1
0.999986
       1
 0.99996
0.999144
0.999993
 0.99836
 1.00052
       1
 1.00118
0.999821
       1
       1
count 24
(curr.pk-pk_prev).cwiseAbs().sum() 0.000184411
(curr.pk-p0).cwiseAbs().sum() 0.00510613
stable?: 1 converged?: 0 G: 3.23982e-08
tp: 4
Elapsed Time d2w: 150280 us
Elapsed Time dG: 8213 us
vz_norm: 1.38871e-07vp_norm: 8.65557e-09
zk -1.90953e-06
-1.51806e-06
 2.22816e-08
  0.00210322
 -0.00200296
 1.83357e-05
-0.000960275
-0.000763859
 1.14279e-05
 0.000328759
 -0.00033772
-1.77625e-05
           0
           0
           0
           0
           0
           0
-5.54998e-06
           0
           0
 3.43238e-05
           0
 3.42757e-05
           0
-6.60125e-06
           0
           0
-3.18241e-07
-1.71152e-05
           0
           0
 1.71387e-05
           0
           0
-5.29101e-08
           0
           0
-1.05075e-08
 5.81735e-09
 1.05373e-08
 -5.8338e-09
-1.13519e-05
           0
           0
  1.1352e-05
           0
           0
-7.34943e-09
           0
           0
           0
           0
           0
           0
 6.68419e-06
   0.0944827
   -0.092503
-0.000925231
           0
           0
pk  0.99994
       1
       1
 0.99994
       1
       1
0.999984
0.999996
       1
 0.99991
0.999999
       1
 0.99991
0.999999
       1
0.999972
0.999995
       1
0.999823
0.999999
       1
0.999853
0.999999
       1
0.999985
       1
0.999959
0.999108
0.999993
0.998302
 1.00054
       1
 1.00122
0.999815
       1
       1
count 25
(curr.pk-pk_prev).cwiseAbs().sum() 0.000184068
(curr.pk-p0).cwiseAbs().sum() 0.0052902
stable?: 1 converged?: 0 G: 3.23982e-08
tp: 4
Elapsed Time d2w: 146894 us
Elapsed Time dG: 8310 us
vz_norm: 1.38992e-07vp_norm: 8.65479e-09
zk  1.90847e-06
-1.51764e-06
 1.87738e-08
  0.00210078
   0.0020021
-1.54589e-05
 0.000959743
-0.000763644
 9.66785e-06
 0.000328607
 0.000337581
 1.83715e-05
           0
           0
           0
           0
           0
           0
-4.67345e-06
           0
           0
-3.43101e-05
           0
 3.42602e-05
           0
-5.55065e-06
           0
           0
  2.6779e-07
-1.71076e-05
           0
           0
 -1.7132e-05
           0
           0
 4.45042e-08
           0
           0
-1.04985e-08
 5.80915e-09
-1.05292e-08
 5.82616e-09
-1.13472e-05
           0
           0
-1.13474e-05
           0
           0
 6.17975e-09
           0
           0
           0
           0
           0
           0
 6.61731e-06
   0.0943975
   0.0924274
 0.000960142
           0
           0
pk 0.999938
       1
       1
0.999938
       1
       1
0.999983
0.999996
       1
0.999907
0.999999
       1
0.999907
0.999999
       1
0.999971
0.999995
       1
0.999817
0.999999
       1
0.999848
0.999999
       1
0.999985
       1
0.999958
0.999073
0.999992
0.998244
 1.00056
       1
 1.00127
 0.99981
       1
       1
count 26
(curr.pk-pk_prev).cwiseAbs().sum() 0.000183729
(curr.pk-p0).cwiseAbs().sum() 0.00547393
stable?: 1 converged?: 0 G: 3.23981e-08
tp: 4
Elapsed Time d2w: 141258 us
Elapsed Time dG: 8122 us
vz_norm: 1.39112e-07vp_norm: 8.65403e-09
zk -1.90742e-06
-1.51721e-06
 1.52922e-08
  0.00209836
 -0.00200124
 1.26037e-05
-0.000959214
-0.000763428
 7.92101e-06
 0.000328455
-0.000337442
-1.89761e-05
           0
           0
           0
           0
           0
           0
-3.80349e-06
           0
           0
 3.42965e-05
           0
 3.42447e-05
           0
-4.50791e-06
           0
           0
-2.17716e-07
   -1.71e-05
           0
           0
 1.71253e-05
           0
           0
-3.61613e-08
           0
           0
-1.04895e-08
 5.80103e-09
 1.05212e-08
-5.81859e-09
-1.13426e-05
           0
           0
 1.13428e-05
           0
           0
-5.01883e-09
           0
           0
           0
           0
           0
           0
 6.55096e-06
   0.0943129
  -0.0923523
-0.000994795
           0
           0
pk 0.999936
       1
       1
0.999937
       1
       1
0.999983
0.999996
       1
0.999904
0.999999
       1
0.999904
0.999999
       1
 0.99997
0.999995
       1
0.999811
0.999999
       1
0.999843
0.999999
       1
0.999984
       1
0.999956
0.999037
0.999992
0.998186
 1.00058
       1
 1.00131
0.999804
       1
       1
count 27
(curr.pk-pk_prev).cwiseAbs().sum() 0.000183392
(curr.pk-p0).cwiseAbs().sum() 0.00565732
stable?: 1 converged?: 0 G: 3.23981e-08
tp: 4
Elapsed Time d2w: 137246 us
Elapsed Time dG: 8999 us
vz_norm: 1.39232e-07vp_norm: 8.65326e-09
zk  1.90638e-06
-1.51679e-06
 1.18365e-08
  0.00209595
  0.00200039
-9.76971e-06
 0.000958689
-0.000763213
 6.18711e-06
 0.000328304
 0.000337304
 1.95762e-05
           0
           0
           0
           0
           0
           0
-2.93997e-06
           0
           0
 -3.4283e-05
           0
 3.42293e-05
           0
 -3.4729e-06
           0
           0
 1.68015e-07
-1.70924e-05
           0
           0
-1.71187e-05
           0
           0
 2.78802e-08
           0
           0
-1.04805e-08
 5.79297e-09
-1.05133e-08
 5.81108e-09
 -1.1338e-05
           0
           0
-1.13382e-05
           0
           0
 3.86651e-09
           0
           0
           0
           0
           0
           0
  6.4851e-06
   0.0942289
   0.0922778
  0.00102919
           0
           0
pk 0.999934
       1
       1
0.999935
       1
       1
0.999982
0.999996
       1
0.999901
0.999999
       1
0.999901
0.999999
       1
0.999969
0.999995
       1
0.999805
0.999999
       1
0.999838
0.999999
       1
0.999984
       1
0.999955
0.999002
0.999992
0.998129
  1.0006
       1
 1.00135
0.999798
       1
       1
count 28
(curr.pk-pk_prev).cwiseAbs().sum() 0.000183058
(curr.pk-p0).cwiseAbs().sum() 0.00584038
stable?: 1 converged?: 0 G: 3.23981e-08
tp: 4
Elapsed Time d2w: 132338 us
Elapsed Time dG: 8036 us
vz_norm: 1.39351e-07vp_norm: 8.65251e-09
zk -1.90534e-06
-1.51636e-06
 8.40611e-09
  0.00209356
 -0.00199954
 6.95664e-06
-0.000958166
-0.000762998
 4.46594e-06
 0.000328153
-0.000337167
-2.01719e-05
           0
           0
           0
           0
           0
           0
 -2.0828e-06
           0
           0
 3.42695e-05
           0
 3.42139e-05
           0
-2.44548e-06
           0
           0
-1.18678e-07
-1.70848e-05
           0
           0
  1.7112e-05
           0
           0
-1.96601e-08
           0
           0
-1.04717e-08
 5.78497e-09
 1.05054e-08
-5.80363e-09
-1.13335e-05
           0
           0
 1.13336e-05
           0
           0
-2.72265e-09
           0
           0
           0
           0
           0
           0
 6.41974e-06
   0.0941454
  -0.0922038
 -0.00106334
           0
           0
pk 0.999932
       1
       1
0.999933
       1
       1
0.999982
0.999995
       1
0.999898
0.999999
       1
0.999898
0.999999
       1
0.999969
0.999995
       1
0.999799
0.999999
       1
0.999833
0.999999
       1
0.999983
       1
0.999954
0.998966
0.999992
0.998072
 1.00062
       1
 1.00139
0.999793
       1
       1
count 29
(curr.pk-pk_prev).cwiseAbs().sum() 0.000182726
(curr.pk-p0).cwiseAbs().sum() 0.0060231
stable?: 1 converged?: 0 G: 3.2398e-08
tp: 4
Elapsed Time d2w: 167546 us
Elapsed Time dG: 8250 us
vz_norm: 1.3947e-07vp_norm: 8.65176e-09
zk  1.90431e-06
-1.51594e-06
 5.00073e-09
  0.00209119
   0.0019987
-4.16412e-06
 0.000957647
-0.000762783
  2.7573e-06
 0.000328003
  0.00033703
 2.07633e-05
           0
           0
           0
           0
           0
           0
-1.23186e-06
           0
           0
-3.42561e-05
           0
 3.41986e-05
           0
-1.42555e-06
           0
           0
 6.97016e-08
-1.70773e-05
           0
           0
-1.71054e-05
           0
           0
 1.14999e-08
           0
           0
-1.04628e-08
 5.77704e-09
-1.04976e-08
 5.79624e-09
-1.13289e-05
           0
           0
-1.13291e-05
           0
           0
 1.58712e-09
           0
           0
           0
           0
           0
           0
 6.35487e-06
   0.0940626
   0.0921304
  0.00109725
           0
           0
pk  0.99993
       1
       1
0.999931
       1
       1
0.999982
0.999995
       1
0.999895
0.999999
       1
0.999895
0.999999
       1
0.999968
0.999994
       1
0.999794
0.999999
       1
0.999828
0.999999
       1
0.999983
       1
0.999953
0.998931
0.999991
0.998014
 1.00064
       1
 1.00143
0.999787
       1
       1
count 30
(curr.pk-pk_prev).cwiseAbs().sum() 0.000182397
(curr.pk-p0).cwiseAbs().sum() 0.0062055
stable?: 1 converged?: 0 G: 3.2398e-08
tp: 4
Elapsed Time d2w: 166670 us
Elapsed Time dG: 8261 us
vz_norm: 1.39587e-07vp_norm: 8.65101e-09
zk -1.90328e-06
-1.51552e-06
 1.61994e-09
  0.00208884
 -0.00199786
 1.39185e-06
 -0.00095713
-0.000762568
 1.06101e-06
 0.000327854
-0.000336894
-2.13505e-05
           0
           0
           0
           0
           0
           0
-3.87073e-07
           0
           0
 3.42427e-05
           0
 3.41834e-05
           0
-4.12978e-07
           0
           0
-2.10792e-08
-1.70698e-05
           0
           0
 1.70989e-05
           0
           0
-3.39875e-09
           0
           0
-1.04541e-08
 5.76917e-09
 1.04898e-08
-5.78891e-09
-1.13244e-05
           0
           0
 1.13245e-05
           0
           0
-4.59785e-10
           0
           0
           0
           0
           0
           0
 6.29048e-06
   0.0939803
  -0.0920575
 -0.00113091
           0
           0
pk 0.999928
       1
       1
0.999929
       1
       1
0.999981
0.999995
       1
0.999892
0.999999
       1
0.999892
0.999999
       1
0.999967
0.999994
       1
0.999788
0.999999
       1
0.999824
0.999999
       1
0.999982
       1
0.999951
0.998896
0.999991
0.997957
 1.00066
       1
 1.00147
0.999782
       1
       1
count 31
(curr.pk-pk_prev).cwiseAbs().sum() 0.00018207
(curr.pk-p0).cwiseAbs().sum() 0.00638757
stable?: 1 converged?: 0 G: 3.23979e-08
tp: 4
Elapsed Time d2w: 134272 us
Elapsed Time dG: 9231 us
vz_norm: 1.39704e-07vp_norm: 8.65027e-09
zk  1.90226e-06
-1.51509e-06
-1.73662e-09
   0.0020865
  0.00199702
 1.36049e-06
 0.000956617
-0.000762353
-6.23134e-07
 0.000327705
 0.000336759
 2.19336e-05
           0
           0
           0
           0
           0
           0
 4.51662e-07
           0
           0
-3.42294e-05
           0
 3.41682e-05
           0
 5.92338e-07
           0
           0
-2.71943e-08
-1.70624e-05
           0
           0
-1.70923e-05
           0
           0
-4.64432e-09
           0
           0
-1.04454e-08
 5.76136e-09
-1.04821e-08
 5.78164e-09
-1.13199e-05
           0
           0
  -1.132e-05
           0
           0
-6.59474e-10
           0
           0
           0
           0
           0
           0
 6.22656e-06
   0.0938985
   0.0919851
  0.00116433
           0
           0
pk 0.999926
       1
       1
0.999927
       1
       1
0.999981
0.999995
       1
 0.99989
0.999999
       1
0.999889
0.999999
       1
0.999966
0.999994
       1
0.999782
0.999999
       1
0.999819
0.999999
       1
0.999982
       1
 0.99995
0.998861
0.999991
  0.9979
 1.00068
       1
 1.00151
0.999776
       1
       1
count 32
(curr.pk-pk_prev).cwiseAbs().sum() 0.000181746
(curr.pk-p0).cwiseAbs().sum() 0.00656932
stable?: 1 converged?: 0 G: 3.23979e-08
tp: 4
Elapsed Time d2w: 157785 us
Elapsed Time dG: 8435 us
vz_norm: 1.39821e-07vp_norm: 8.64953e-09
zk -1.90125e-06
-1.51467e-06
-5.06932e-09
  0.00208417
 -0.00199619
-4.09319e-06
-0.000956106
-0.000762138
 -2.2953e-06
 0.000327557
-0.000336624
-2.25125e-05
           0
           0
           0
           0
           0
           0
 1.28444e-06
           0
           0
 3.42161e-05
           0
 3.41531e-05
           0
 1.59051e-06
           0
           0
 7.51242e-08
-1.70549e-05
           0
           0
 1.70858e-05
           0
           0
 1.26301e-08
           0
           0
-1.04367e-08
 5.75361e-09
 1.04745e-08
-5.77442e-09
-1.13154e-05
           0
           0
 1.13155e-05
           0
           0
 1.77078e-09
           0
           0
           0
           0
           0
           0
 6.16311e-06
   0.0938173
  -0.0919132
 -0.00119752
           0
           0
pk 0.999924
       1
       1
0.999925
       1
       1
 0.99998
0.999995
       1
0.999887
0.999998
       1
0.999886
0.999998
       1
0.999965
0.999994
       1
0.999776
0.999999
       1
0.999814
0.999999
       1
0.999982
       1
0.999949
0.998825
 0.99999
0.997843
  1.0007
       1
 1.00155
0.999771
       1
       1
count 33
(curr.pk-pk_prev).cwiseAbs().sum() 0.000181425
(curr.pk-p0).cwiseAbs().sum() 0.00675074
stable?: 1 converged?: 0 G: 3.23979e-08
tp: 4
Elapsed Time d2w: 128021 us
Elapsed Time dG: 7790 us
vz_norm: 1.39937e-07vp_norm: 8.6488e-09
zk  1.90024e-06
-1.51425e-06
-8.37851e-09
  0.00208187
  0.00199536
 6.80654e-06
 0.000955598
-0.000761924
-3.95568e-06
  0.00032741
 0.000336489
 2.30874e-05
           0
           0
           0
           0
           0
           0
 2.11134e-06
           0
           0
 -3.4203e-05
           0
 3.41381e-05
           0
 2.58164e-06
           0
           0
-1.22716e-07
-1.70476e-05
           0
           0
-1.70793e-05
           0
           0
-2.05596e-08
           0
           0
-1.04281e-08
 5.74592e-09
-1.04669e-08
 5.76727e-09
-1.13109e-05
           0
           0
 -1.1311e-05
           0
           0
-2.87425e-09
           0
           0
           0
           0
           0
           0
 6.10011e-06
   0.0937367
   0.0918418
  0.00123047
           0
           0
pk 0.999922
       1
       1
0.999923
       1
       1
 0.99998
0.999995
       1
0.999884
0.999998
       1
0.999883
0.999998
       1
0.999964
0.999994
       1
 0.99977
0.999999
       1
0.999809
0.999999
       1
0.999981
       1
0.999948
 0.99879
 0.99999
0.997786
 1.00072
       1
 1.00159
0.999765
       1
       1
count 34
(curr.pk-pk_prev).cwiseAbs().sum() 0.000181106
(curr.pk-p0).cwiseAbs().sum() 0.00693185
stable?: 1 converged?: 0 G: 3.23978e-08
tp: 4
Elapsed Time d2w: 136221 us
Elapsed Time dG: 8466 us
vz_norm: 1.40052e-07vp_norm: 8.64807e-09
zk -1.89924e-06
-1.51382e-06
-1.16645e-08
  0.00207958
 -0.00199454
-9.50083e-06
-0.000955093
-0.000761709
-5.60444e-06
 0.000327263
-0.000336356
-2.36583e-05
           0
           0
           0
           0
           0
           0
 2.93245e-06
           0
           0
 3.41898e-05
           0
 3.41231e-05
           0
 3.56584e-06
           0
           0
 1.69973e-07
-1.70402e-05
           0
           0
 1.70728e-05
           0
           0
 2.84334e-08
           0
           0
-1.04196e-08
 5.73828e-09
 1.04593e-08
-5.76017e-09
-1.13064e-05
           0
           0
 1.13066e-05
           0
           0
    3.97e-09
           0
           0
           0
           0
           0
           0
 6.03757e-06
   0.0936566
  -0.0917709
  -0.0012632
           0
           0
pk 0.999921
       1
       1
0.999921
       1
       1
0.999979
0.999995
       1
0.999881
0.999998
       1
 0.99988
0.999998
       1
0.999963
0.999994
       1
0.999765
0.999999
       1
0.999804
0.999999
       1
0.999981
       1
0.999946
0.998755
 0.99999
0.997729
 1.00073
       1
 1.00163
 0.99976
       1
       1
count 35
(curr.pk-pk_prev).cwiseAbs().sum() 0.000180789
(curr.pk-p0).cwiseAbs().sum() 0.00711264
stable?: 1 converged?: 0 G: 3.23978e-08
tp: 4
Elapsed Time d2w: 170263 us
Elapsed Time dG: 8517 us
vz_norm: 1.40167e-07vp_norm: 8.64735e-09
zk  1.89824e-06
 -1.5134e-06
-1.49277e-08
   0.0020773
  0.00199372
 1.21763e-05
 0.000954591
-0.000761495
-7.24174e-06
 0.000327117
 0.000336223
 2.42253e-05
           0
           0
           0
           0
           0
           0
 3.74786e-06
           0
           0
-3.41767e-05
           0
 3.41082e-05
           0
 4.54321e-06
           0
           0
-2.16902e-07
-1.70328e-05
           0
           0
-1.70664e-05
           0
           0
-3.62525e-08
           0
           0
-1.04111e-08
 5.73071e-09
-1.04518e-08
 5.75312e-09
 -1.1302e-05
           0
           0
-1.13021e-05
           0
           0
-5.05813e-09
           0
           0
           0
           0
           0
           0
 5.97547e-06
    0.093577
   0.0917005
   0.0012957
           0
           0
pk 0.999919
       1
       1
0.999919
       1
       1
0.999979
0.999995
       1
0.999878
0.999998
       1
0.999877
0.999998
       1
0.999963
0.999994
       1
0.999759
0.999999
       1
  0.9998
0.999999
       1
 0.99998
       1
0.999945
 0.99872
 0.99999
0.997672
 1.00075
       1
 1.00167
0.999754
       1
       1
count 36
(curr.pk-pk_prev).cwiseAbs().sum() 0.000180474
(curr.pk-p0).cwiseAbs().sum() 0.00729311
stable?: 1 converged?: 0 G: 3.23977e-08
tp: 4
Elapsed Time d2w: 176035 us
Elapsed Time dG: 8633 us
vz_norm: 1.40281e-07vp_norm: 8.64663e-09
zk -1.89725e-06
-1.51298e-06
-1.81684e-08
  0.00207504
  -0.0019929
-1.48333e-05
-0.000954092
-0.000761281
-8.86776e-06
 0.000326971
 -0.00033609
-2.47885e-05
           0
           0
           0
           0
           0
           0
 4.55764e-06
           0
           0
 3.41637e-05
           0
 3.40933e-05
           0
 5.51383e-06
           0
           0
 2.63507e-07
-1.70255e-05
           0
           0
   1.706e-05
           0
           0
 4.40176e-08
           0
           0
-1.04027e-08
 5.72319e-09
 1.04444e-08
-5.74613e-09
-1.12976e-05
           0
           0
 1.12977e-05
           0
           0
 6.13877e-09
           0
           0
           0
           0
           0
           0
 5.91381e-06
   0.0934979
  -0.0916306
 -0.00132798
           0
           0
pk 0.999917
       1
       1
0.999917
       1
       1
0.999978
0.999995
       1
0.999875
0.999998
       1
0.999875
0.999998
       1
0.999962
0.999993
       1
0.999753
0.999999
       1
0.999795
0.999999
       1
 0.99998
       1
0.999944
0.998685
0.999989
0.997616
 1.00077
       1
 1.00171
0.999749
       1
       1
count 37
(curr.pk-pk_prev).cwiseAbs().sum() 0.000180162
(curr.pk-p0).cwiseAbs().sum() 0.00747327
stable?: 1 converged?: 0 G: 3.23977e-08
tp: 4
Elapsed Time d2w: 166864 us
Elapsed Time dG: 8712 us
vz_norm: 1.40394e-07vp_norm: 8.64592e-09
zk  1.89626e-06
-1.51256e-06
 -2.1387e-08
   0.0020728
  0.00199209
 1.74721e-05
 0.000953595
-0.000761067
-1.04826e-05
 0.000326826
 0.000335958
 2.53478e-05
           0
           0
           0
           0
           0
           0
 5.36189e-06
           0
           0
-3.41507e-05
           0
 3.40785e-05
           0
 6.47782e-06
           0
           0
-3.09793e-07
-1.70182e-05
           0
           0
-1.70536e-05
           0
           0
-5.17295e-08
           0
           0
-1.03943e-08
 5.71573e-09
 -1.0437e-08
  5.7392e-09
-1.12932e-05
           0
           0
-1.12933e-05
           0
           0
-7.21202e-09
           0
           0
           0
           0
           0
           0
 5.85259e-06
   0.0934193
   0.0915611
  0.00136004
           0
           0
pk 0.999915
       1
       1
0.999915
       1
       1
0.999978
0.999994
       1
0.999872
0.999998
       1
0.999872
0.999998
       1
0.999961
0.999993
       1
0.999747
0.999999
       1
 0.99979
0.999999
       1
0.999979
       1
0.999943
 0.99865
0.999989
0.997559
 1.00079
       1
 1.00175
0.999743
       1
       1
count 38
(curr.pk-pk_prev).cwiseAbs().sum() 0.000179852
(curr.pk-p0).cwiseAbs().sum() 0.00765312
stable?: 1 converged?: 0 G: 3.23977e-08
tp: 4
Elapsed Time d2w: 129658 us
Elapsed Time dG: 8198 us
vz_norm: 1.40507e-07vp_norm: 8.64521e-09
zk -1.89528e-06
-1.51213e-06
-2.45836e-08
  0.00207057
 -0.00199128
-2.00928e-05
-0.000953101
-0.000760854
-1.20866e-05
 0.000326682
-0.000335827
-2.59033e-05
           0
           0
           0
           0
           0
           0
 6.16067e-06
           0
           0
 3.41378e-05
           0
 3.40637e-05
           0
 7.43526e-06
           0
           0
 3.55764e-07
 -1.7011e-05
           0
           0
 1.70473e-05
           0
           0
  5.9389e-08
           0
           0
 -1.0386e-08
 5.70832e-09
 1.04296e-08
-5.73231e-09
-1.12888e-05
           0
           0
 1.12889e-05
           0
           0
 8.27798e-09
           0
           0
           0
           0
           0
           0
 5.79179e-06
   0.0933412
  -0.0914921
 -0.00139189
           0
           0
pk 0.999913
       1
       1
0.999913
       1
       1
0.999977
0.999994
       1
0.999869
0.999998
       1
0.999869
0.999998
       1
 0.99996
0.999993
       1
0.999741
0.999999
       1
0.999785
0.999999
       1
0.999979
       1
0.999942
0.998615
0.999989
0.997503
 1.00081
       1
 1.00179
0.999738
       1
       1
count 39
(curr.pk-pk_prev).cwiseAbs().sum() 0.000179545
(curr.pk-p0).cwiseAbs().sum() 0.00783267
stable?: 1 converged?: 0 G: 3.23976e-08
tp: 4
Elapsed Time d2w: 135580 us
Elapsed Time dG: 8761 us
vz_norm: 1.40619e-07vp_norm: 8.6445e-09
zk   1.8943e-06
-1.51171e-06
-2.77587e-08
  0.00206836
  0.00199047
 2.26958e-05
 0.000952609
 -0.00076064
-1.36797e-05
 0.000326538
 0.000335696
 2.64551e-05
           0
           0
           0
           0
           0
           0
 6.95407e-06
           0
           0
 -3.4125e-05
           0
 3.40491e-05
           0
 8.38625e-06
           0
           0
-4.01425e-07
-1.70038e-05
           0
           0
-1.70409e-05
           0
           0
-6.69967e-08
           0
           0
-1.03777e-08
 5.70096e-09
-1.04223e-08
 5.72548e-09
-1.12844e-05
           0
           0
-1.12846e-05
           0
           0
-9.33676e-09
           0
           0
           0
           0
           0
           0
  5.7314e-06
   0.0932637
   0.0914236
  0.00142352
           0
           0
pk 0.999911
       1
       1
0.999911
       1
       1
0.999977
0.999994
       1
0.999866
0.999998
       1
0.999866
0.999998
       1
0.999959
0.999993
       1
0.999736
0.999999
       1
 0.99978
0.999999
       1
0.999979
       1
 0.99994
 0.99858
0.999989
0.997447
 1.00083
       1
 1.00183
0.999733
       1
       1
count 40
(curr.pk-pk_prev).cwiseAbs().sum() 0.000179239
(curr.pk-p0).cwiseAbs().sum() 0.00801191
stable?: 1 converged?: 0 G: 3.23976e-08
tp: 4
Elapsed Time d2w: 162320 us
Elapsed Time dG: 8774 us
vz_norm: 1.40731e-07vp_norm: 8.6438e-09
zk -1.89333e-06
-1.51129e-06
-3.09126e-08
  0.00206616
 -0.00198967
-2.52814e-05
 -0.00095212
-0.000760427
-1.52621e-05
 0.000326395
-0.000335566
-2.70033e-05
           0
           0
           0
           0
           0
           0
 7.74216e-06
           0
           0
 3.41121e-05
           0
 3.40344e-05
           0
 9.33087e-06
           0
           0
 4.46779e-07
-1.69966e-05
           0
           0
 1.70346e-05
           0
           0
 7.45535e-08
           0
           0
-1.03695e-08
 5.69366e-09
 1.04151e-08
 -5.7187e-09
  -1.128e-05
           0
           0
 1.12802e-05
           0
           0
 1.03884e-08
           0
           0
           0
           0
           0
           0
 5.67144e-06
   0.0931866
  -0.0913555
 -0.00145495
           0
           0
pk 0.999909
       1
       1
0.999909
       1
       1
0.999976
0.999994
       1
0.999863
0.999998
       1
0.999863
0.999998
       1
0.999958
0.999993
       1
 0.99973
0.999999
       1
0.999776
0.999999
       1
0.999978
       1
0.999939
0.998545
0.999988
 0.99739
 1.00085
       1
 1.00187
0.999727
       1
       1
count 41
(curr.pk-pk_prev).cwiseAbs().sum() 0.000178936
(curr.pk-p0).cwiseAbs().sum() 0.00819084
stable?: 1 converged?: 0 G: 3.23975e-08
tp: 4
Elapsed Time d2w: 130231 us
Elapsed Time dG: 7470 us
vz_norm: 1.40842e-07vp_norm: 8.64311e-09
zk  1.89237e-06
-1.51087e-06
-3.40455e-08
  0.00206397
  0.00198887
 2.78496e-05
 0.000951634
-0.000760213
-1.68341e-05
 0.000326252
 0.000335436
 2.75479e-05
           0
           0
           0
           0
           0
           0
 8.52501e-06
           0
           0
-3.40994e-05
           0
 3.40198e-05
           0
 1.02692e-05
           0
           0
-4.91832e-07
-1.69894e-05
           0
           0
-1.70283e-05
           0
           0
  -8.206e-08
           0
           0
-1.03613e-08
 5.68642e-09
-1.04079e-08
 5.71197e-09
-1.12757e-05
           0
           0
-1.12759e-05
           0
           0
-1.14331e-08
           0
           0
           0
           0
           0
           0
 5.61188e-06
     0.09311
   0.0912878
  0.00148616
           0
           0
pk 0.999907
       1
       1
0.999907
       1
       1
0.999976
0.999994
       1
 0.99986
0.999998
       1
 0.99986
0.999998
       1
0.999958
0.999993
       1
0.999724
0.999999
       1
0.999771
0.999999
       1
0.999978
       1
0.999938
 0.99851
0.999988
0.997334
 1.00087
 1.00001
 1.00191
0.999722
       1
       1
count 42
(curr.pk-pk_prev).cwiseAbs().sum() 0.000178635
(curr.pk-p0).cwiseAbs().sum() 0.00836948
stable?: 1 converged?: 0 G: 3.23975e-08
tp: 4
Elapsed Time d2w: 127822 us
Elapsed Time dG: 8995 us
vz_norm: 1.40952e-07vp_norm: 8.64241e-09
zk -1.89141e-06
-1.51045e-06
-3.71577e-08
   0.0020618
 -0.00198808
-3.04009e-05
 -0.00095115
    -0.00076
-1.83956e-05
  0.00032611
-0.000335307
-2.80889e-05
           0
           0
           0
           0
           0
           0
  9.3027e-06
           0
           0
 3.40867e-05
           0
 3.40053e-05
           0
 1.12014e-05
           0
           0
 5.36587e-07
-1.69822e-05
           0
           0
 1.70221e-05
           0
           0
 8.95168e-08
           0
           0
-1.03532e-08
 5.67922e-09
 1.04007e-08
-5.70529e-09
-1.12714e-05
           0
           0
 1.12716e-05
           0
           0
  1.2471e-08
           0
           0
           0
           0
           0
           0
 5.55272e-06
   0.0930338
  -0.0912206
 -0.00151718
           0
           0
pk 0.999905
       1
       1
0.999906
       1
       1
0.999976
0.999994
       1
0.999857
0.999998
       1
0.999857
0.999998
       1
0.999957
0.999993
       1
0.999719
0.999999
       1
0.999766
0.999999
       1
0.999977
       1
0.999937
0.998475
0.999988
0.997278
 1.00089
 1.00001
 1.00195
0.999717
       1
       1
count 43
(curr.pk-pk_prev).cwiseAbs().sum() 0.000178336
(curr.pk-p0).cwiseAbs().sum() 0.00854781
stable?: 1 converged?: 0 G: 3.23975e-08
tp: 4
Elapsed Time d2w: 130114 us
Elapsed Time dG: 8346 us
vz_norm: 1.41062e-07vp_norm: 8.64173e-09
zk  1.89045e-06
-1.51003e-06
-4.02495e-08
  0.00205964
  0.00198728
 3.29354e-05
 0.000950668
-0.000759788
-1.99469e-05
 0.000325968
 0.000335178
 2.86264e-05
           0
           0
           0
           0
           0
           0
 1.00753e-05
           0
           0
 -3.4074e-05
           0
 3.39908e-05
           0
 1.21274e-05
           0
           0
-5.81048e-07
-1.69751e-05
           0
           0
-1.70159e-05
           0
           0
-9.69248e-08
           0
           0
-1.03451e-08
 5.67207e-09
-1.03936e-08
 5.69865e-09
-1.12671e-05
           0
           0
-1.12673e-05
           0
           0
 -1.3502e-08
           0
           0
           0
           0
           0
           0
 5.49396e-06
   0.0929582
   0.0911538
  0.00154799
           0
           0
pk 0.999903
       1
       1
0.999904
       1
       1
0.999975
0.999994
       1
0.999855
0.999998
       1
0.999854
0.999998
       1
0.999956
0.999992
       1
0.999713
0.999999
       1
0.999761
0.999999
       1
0.999977
       1
0.999936
0.998441
0.999988
0.997222
  1.0009
 1.00001
 1.00199
0.999711
       1
       1
count 44
(curr.pk-pk_prev).cwiseAbs().sum() 0.000178039
(curr.pk-p0).cwiseAbs().sum() 0.00872585
stable?: 1 converged?: 0 G: 3.23974e-08
tp: 4
Elapsed Time d2w: 115126 us
Elapsed Time dG: 8114 us
vz_norm: 1.41172e-07vp_norm: 8.64104e-09
zk  -1.8895e-06
-1.50961e-06
-4.33212e-08
   0.0020575
  -0.0019865
-3.54533e-05
 -0.00095019
-0.000759575
-2.14882e-05
 0.000325827
 -0.00033505
-2.91605e-05
           0
           0
           0
           0
           0
           0
 1.08429e-05
           0
           0
 3.40614e-05
           0
 3.39764e-05
           0
 1.30475e-05
           0
           0
 6.25219e-07
 -1.6968e-05
           0
           0
 1.70097e-05
           0
           0
 1.04285e-07
           0
           0
-1.03371e-08
 5.66498e-09
 1.03865e-08
-5.69207e-09
-1.12628e-05
           0
           0
  1.1263e-05
           0
           0
 1.45263e-08
           0
           0
           0
           0
           0
           0
 5.43559e-06
    0.092883
  -0.0910875
 -0.00157861
           0
           0
pk 0.999901
       1
       1
0.999902
       1
       1
0.999975
0.999994
       1
0.999852
0.999998
       1
0.999851
0.999998
       1
0.999955
0.999992
       1
0.999707
0.999999
       1
0.999757
0.999999
       1
0.999976
       1
0.999934
0.998406
0.999987
0.997167
 1.00092
 1.00001
 1.00203
0.999706
       1
       1
count 45
(curr.pk-pk_prev).cwiseAbs().sum() 0.000177744
(curr.pk-p0).cwiseAbs().sum() 0.0089036
stable?: 1 converged?: 0 G: 3.23974e-08
tp: 4
Elapsed Time d2w: 126205 us
Elapsed Time dG: 10132 us
vz_norm: 1.41281e-07vp_norm: 8.64036e-09
zk  1.88855e-06
-1.50919e-06
-4.63731e-08
  0.00205537
  0.00198571
 3.79549e-05
 0.000949713
-0.000759363
-2.30195e-05
 0.000325687
 0.000334922
 2.96911e-05
           0
           0
           0
           0
           0
           0
 1.16055e-05
           0
           0
-3.40488e-05
           0
  3.3962e-05
           0
 1.39616e-05
           0
           0
-6.69105e-07
 -1.6961e-05
           0
           0
-1.70035e-05
           0
           0
-1.11597e-07
           0
           0
-1.03291e-08
 5.65793e-09
-1.03795e-08
 5.68553e-09
-1.12585e-05
           0
           0
-1.12587e-05
           0
           0
 -1.5544e-08
           0
           0
           0
           0
           0
           0
 5.37761e-06
   0.0928082
   0.0910215
  0.00160902
           0
           0
pk 0.999899
       1
       1
  0.9999
       1
       1
0.999974
0.999994
       1
0.999849
0.999998
       1
0.999848
0.999998
       1
0.999954
0.999992
       1
0.999701
0.999999
       1
0.999752
0.999999
       1
0.999976
       1
0.999933
0.998371
0.999987
0.997111
 1.00094
 1.00001
 1.00207
0.999701
       1
       1
count 46
(curr.pk-pk_prev).cwiseAbs().sum() 0.000177451
(curr.pk-p0).cwiseAbs().sum() 0.00908105
stable?: 1 converged?: 0 G: 3.23973e-08
tp: 4
Elapsed Time d2w: 114586 us
Elapsed Time dG: 8863 us
vz_norm: 1.41389e-07vp_norm: 8.63968e-09
zk -1.88761e-06
-1.50877e-06
-4.94054e-08
  0.00205325
 -0.00198493
-4.04404e-05
-0.000949239
 -0.00075915
-2.45409e-05
 0.000325547
-0.000334795
-3.02183e-05
           0
           0
           0
           0
           0
           0
 1.23632e-05
           0
           0
 3.40363e-05
           0
 3.39477e-05
           0
 1.48698e-05
           0
           0
 7.12709e-07
-1.69539e-05
           0
           0
 1.69973e-05
           0
           0
 1.18862e-07
           0
           0
-1.03212e-08
 5.65093e-09
 1.03725e-08
-5.67904e-09
-1.12543e-05
           0
           0
 1.12545e-05
           0
           0
 1.65551e-08
           0
           0
           0
           0
           0
           0
 5.32001e-06
   0.0927339
   -0.090956
 -0.00163925
           0
           0
pk 0.999897
       1
       1
0.999898
       1
       1
0.999974
0.999993
       1
0.999846
0.999998
       1
0.999846
0.999998
       1
0.999954
0.999992
       1
0.999696
0.999999
       1
0.999747
0.999999
       1
0.999976
       1
0.999932
0.998336
0.999987
0.997055
 1.00096
 1.00001
 1.00211
0.999696
       1
       1
count 47
(curr.pk-pk_prev).cwiseAbs().sum() 0.00017716
(curr.pk-p0).cwiseAbs().sum() 0.00925821
stable?: 1 converged?: 0 G: 3.23973e-08
tp: 4
Elapsed Time d2w: 163450 us
Elapsed Time dG: 7211 us
vz_norm: 1.41497e-07vp_norm: 8.63901e-09
zk  1.88667e-06
-1.50835e-06
-5.24183e-08
  0.00205115
  0.00198415
   4.291e-05
 0.000948767
-0.000758938
-2.60527e-05
 0.000325407
 0.000334668
 3.07423e-05
           0
           0
           0
           0
           0
           0
 1.31161e-05
           0
           0
-3.40239e-05
           0
 3.39334e-05
           0
 1.57722e-05
           0
           0
-7.56035e-07
-1.69469e-05
           0
           0
-1.69912e-05
           0
           0
 -1.2608e-07
           0
           0
-1.03133e-08
 5.64398e-09
-1.03656e-08
 5.67259e-09
  -1.125e-05
           0
           0
-1.12502e-05
           0
           0
-1.75599e-08
           0
           0
           0
           0
           0
           0
 5.26278e-06
   0.0926601
   0.0908909
  0.00166928
           0
           0
pk 0.999895
       1
       1
0.999896
       1
       1
0.999973
0.999993
       1
0.999843
0.999998
       1
0.999843
0.999998
       1
0.999953
0.999992
       1
 0.99969
0.999999
       1
0.999743
0.999999
       1
0.999975
       1
0.999931
0.998302
0.999987
   0.997
 1.00098
 1.00001
 1.00215
 0.99969
       1
       1
count 48
(curr.pk-pk_prev).cwiseAbs().sum() 0.000176871
(curr.pk-p0).cwiseAbs().sum() 0.00943508
stable?: 1 converged?: 0 G: 3.23973e-08
tp: 4
Elapsed Time d2w: 153467 us
Elapsed Time dG: 8534 us
vz_norm: 1.41604e-07vp_norm: 8.63834e-09
zk -1.88574e-06
-1.50793e-06
-5.54122e-08
  0.00204906
 -0.00198338
-4.53639e-05
-0.000948298
-0.000758727
-2.75549e-05
 0.000325268
-0.000334542
-3.12629e-05
           0
           0
           0
           0
           0
           0
 1.38642e-05
           0
           0
 3.40114e-05
           0
 3.39192e-05
           0
 1.66689e-05
           0
           0
 7.99085e-07
-1.69399e-05
           0
           0
 1.69851e-05
           0
           0
 1.33253e-07
           0
           0
-1.03055e-08
 5.63708e-09
 1.03587e-08
 -5.6662e-09
-1.12458e-05
           0
           0
  1.1246e-05
           0
           0
 1.85582e-08
           0
           0
           0
           0
           0
           0
 5.20593e-06
   0.0925866
  -0.0908262
 -0.00169913
           0
           0
pk 0.999894
       1
       1
0.999894
       1
       1
0.999973
0.999993
       1
 0.99984
0.999998
       1
 0.99984
0.999998
       1
0.999952
0.999992
       1
0.999684
0.999999
       1
0.999738
0.999999
       1
0.999975
       1
 0.99993
0.998267
0.999986
0.996944
   1.001
 1.00001
 1.00219
0.999685
       1
       1
count 49
(curr.pk-pk_prev).cwiseAbs().sum() 0.000176584
(curr.pk-p0).cwiseAbs().sum() 0.00961166
stable?: 1 converged?: 0 G: 3.23972e-08
tp: 4
Elapsed Time d2w: 121586 us
Elapsed Time dG: 7624 us
vz_norm: 1.41711e-07vp_norm: 8.63768e-09
zk  1.88481e-06
-1.50752e-06
-5.83873e-08
  0.00204698
  0.00198261
 4.78024e-05
 0.000947831
-0.000758515
-2.90476e-05
  0.00032513
 0.000334417
 3.17803e-05
           0
           0
           0
           0
           0
           0
 1.46076e-05
           0
           0
-3.39991e-05
           0
 3.39051e-05
           0
   1.756e-05
           0
           0
-8.41865e-07
-1.69329e-05
           0
           0
 -1.6979e-05
           0
           0
-1.40381e-07
           0
           0
-1.02977e-08
 5.63023e-09
-1.03518e-08
 5.65984e-09
-1.12416e-05
           0
           0
-1.12418e-05
           0
           0
-1.95503e-08
           0
           0
           0
           0
           0
           0
 5.14944e-06
   0.0925136
   0.0907619
  0.00172879
           0
           0
pk 0.999892
       1
       1
0.999892
       1
       1
0.999972
0.999993
       1
0.999837
0.999998
       1
0.999837
0.999998
       1
0.999951
0.999992
       1
0.999679
0.999999
       1
0.999733
0.999999
       1
0.999974
       1
0.999929
0.998233
0.999986
0.996889
 1.00102
 1.00001
 1.00223
 0.99968
       1
       1
count 50
(curr.pk-pk_prev).cwiseAbs().sum() 0.000176299
(curr.pk-p0).cwiseAbs().sum() 0.00978796
stable?: 1 converged?: 0 G: 3.23972e-08
tp: 4
Elapsed Time d2w: 167486 us
Elapsed Time dG: 8472 us
vz_norm: 1.41817e-07vp_norm: 8.63701e-09
zk -1.88389e-06
 -1.5071e-06
-6.13437e-08
  0.00204491
 -0.00198184
-5.02255e-05
-0.000947366
-0.000758304
 -3.0531e-05
 0.000324992
-0.000334291
-3.22945e-05
           0
           0
           0
           0
           0
           0
 1.53464e-05
           0
           0
 3.39868e-05
           0
  3.3891e-05
           0
 1.84456e-05
           0
           0
 8.84378e-07
 -1.6926e-05
           0
           0
 1.69729e-05
           0
           0
 1.47465e-07
           0
           0
-1.02899e-08
 5.62342e-09
  1.0345e-08
-5.65353e-09
-1.12374e-05
           0
           0
 1.12376e-05
           0
           0
 2.05362e-08
           0
           0
           0
           0
           0
           0
 5.09331e-06
   0.0924411
  -0.0906979
 -0.00175827
           0
           0
pk  0.99989
       1
       1
 0.99989
       1
       1
0.999972
0.999993
       1
0.999834
0.999998
       1
0.999834
0.999998
       1
 0.99995
0.999992
       1
0.999673
0.999999
       1
0.999729
0.999999
       1
0.999974
       1
0.999927
0.998198
0.999986
0.996834
 1.00103
 1.00001
 1.00227
0.999675
       1
       1
count 51
(curr.pk-pk_prev).cwiseAbs().sum() 0.000176016
(curr.pk-p0).cwiseAbs().sum() 0.00996398
stable?: 1 converged?: 0 G: 3.23971e-08
tp: 4
Elapsed Time d2w: 137048 us
Elapsed Time dG: 8339 us
vz_norm: 1.41923e-07vp_norm: 8.63635e-09
zk  1.88297e-06
-1.50668e-06
-6.42819e-08
  0.00204286
  0.00198107
 5.26335e-05
 0.000946904
-0.000758092
-3.20053e-05
 0.000324855
 0.000334167
 3.28056e-05
           0
           0
           0
           0
           0
           0
 1.60806e-05
           0
           0
-3.39745e-05
           0
 3.38769e-05
           0
 1.93256e-05
           0
           0
-9.26626e-07
-1.69191e-05
           0
           0
-1.69669e-05
           0
           0
-1.54504e-07
           0
           0
-1.02822e-08
 5.61665e-09
-1.03382e-08
 5.64726e-09
-1.12332e-05
           0
           0
-1.12335e-05
           0
           0
 -2.1516e-08
           0
           0
           0
           0
           0
           0
 5.03754e-06
   0.0923689
   0.0906344
  0.00178756
           0
           0
pk 0.999888
       1
       1
0.999888
       1
       1
0.999972
0.999993
       1
0.999832
0.999998
       1
0.999831
0.999998
       1
 0.99995
0.999991
       1
0.999668
0.999999
       1
0.999724
0.999999
       1
0.999974
       1
0.999926
0.998164
0.999986
0.996779
 1.00105
 1.00001
 1.00231
 0.99967
       1
       1
count 52
(curr.pk-pk_prev).cwiseAbs().sum() 0.000175734
(curr.pk-p0).cwiseAbs().sum() 0.0101397
stable?: 1 converged?: 0 G: 3.23971e-08
tp: 4
Elapsed Time d2w: 151245 us
Elapsed Time dG: 7751 us
vz_norm: 1.42029e-07vp_norm: 8.6357e-09
zk -1.88205e-06
-1.50626e-06
-6.72019e-08
  0.00204082
 -0.00198031
-5.50267e-05
-0.000946443
-0.000757881
-3.34704e-05
 0.000324718
-0.000334043
-3.33135e-05
           0
           0
           0
           0
           0
           0
 1.68102e-05
           0
           0
 3.39623e-05
           0
 3.38629e-05
           0
 2.02002e-05
           0
           0
 9.68613e-07
-1.69122e-05
           0
           0
 1.69609e-05
           0
           0
   1.615e-07
           0
           0
-1.02745e-08
 5.60993e-09
 1.03315e-08
-5.64104e-09
-1.12291e-05
           0
           0
 1.12293e-05
           0
           0
 2.24898e-08
           0
           0
           0
           0
           0
           0
 4.98211e-06
   0.0922972
  -0.0905712
 -0.00181668
           0
           0
pk 0.999886
       1
       1
0.999887
       1
       1
0.999971
0.999993
       1
0.999829
0.999998
       1
0.999828
0.999998
       1
0.999949
0.999991
       1
0.999662
0.999999
       1
0.999719
0.999999
       1
0.999973
       1
0.999925
0.998129
0.999985
0.996724
 1.00107
 1.00001
 1.00234
0.999665
       1
       1
count 53
(curr.pk-pk_prev).cwiseAbs().sum() 0.000175455
(curr.pk-p0).cwiseAbs().sum() 0.0103152
stable?: 1 converged?: 0 G: 3.23971e-08
tp: 4
Elapsed Time d2w: 153197 us
Elapsed Time dG: 8282 us
vz_norm: 1.42134e-07vp_norm: 8.63505e-09
zk  1.88114e-06
-1.50585e-06
 -7.0104e-08
  0.00203879
  0.00197955
 5.74051e-05
 0.000945985
-0.000757671
-3.49266e-05
 0.000324581
 0.000333919
 3.38183e-05
           0
           0
           0
           0
           0
           0
 1.75354e-05
           0
           0
-3.39501e-05
           0
 3.38489e-05
           0
 2.10695e-05
           0
           0
-1.01034e-06
-1.69053e-05
           0
           0
-1.69549e-05
           0
           0
-1.68453e-07
           0
           0
-1.02669e-08
 5.60326e-09
-1.03248e-08
 5.63486e-09
-1.12249e-05
           0
           0
-1.12252e-05
           0
           0
-2.34576e-08
           0
           0
           0
           0
           0
           0
 4.92704e-06
   0.0922259
   0.0905085
  0.00184562
           0
           0
pk 0.999884
       1
       1
0.999885
       1
       1
0.999971
0.999993
       1
0.999826
0.999998
       1
0.999826
0.999998
       1
0.999948
0.999991
       1
0.999656
0.999998
       1
0.999714
0.999999
       1
0.999973
       1
0.999924
0.998095
0.999985
0.996669
 1.00109
 1.00001
 1.00238
0.999659
       1
       1
count 54
(curr.pk-pk_prev).cwiseAbs().sum() 0.000175177
(curr.pk-p0).cwiseAbs().sum() 0.0104903
stable?: 1 converged?: 0 G: 3.2397e-08
tp: 4
Elapsed Time d2w: 144343 us
Elapsed Time dG: 8107 us
vz_norm: 1.42238e-07vp_norm: 8.6344e-09
zk -1.88024e-06
-1.50543e-06
-7.29885e-08
  0.00203678
 -0.00197879
 -5.9769e-05
-0.000945529
 -0.00075746
-3.63739e-05
 0.000324446
-0.000333796
-3.43201e-05
           0
           0
           0
           0
           0
           0
 1.82562e-05
           0
           0
 3.39379e-05
           0
  3.3835e-05
           0
 2.19334e-05
           0
           0
 1.05182e-06
-1.68985e-05
           0
           0
 1.69489e-05
           0
           0
 1.75363e-07
           0
           0
-1.02593e-08
 5.59663e-09
 1.03182e-08
-5.62872e-09
-1.12208e-05
           0
           0
  1.1221e-05
           0
           0
 2.44195e-08
           0
           0
           0
           0
           0
           0
 4.87231e-06
    0.092155
  -0.0904461
 -0.00187439
           0
           0
pk 0.999882
       1
       1
0.999883
       1
       1
 0.99997
0.999993
       1
0.999823
0.999998
       1
0.999823
0.999998
       1
0.999947
0.999991
       1
0.999651
0.999998
       1
 0.99971
0.999999
       1
0.999972
       1
0.999923
 0.99806
0.999985
0.996614
 1.00111
 1.00001
 1.00242
0.999654
       1
       1
count 55
(curr.pk-pk_prev).cwiseAbs().sum() 0.000174901
(curr.pk-p0).cwiseAbs().sum() 0.0106652
stable?: 1 converged?: 0 G: 3.2397e-08
tp: 4
Elapsed Time d2w: 158139 us
Elapsed Time dG: 8937 us
vz_norm: 1.42342e-07vp_norm: 8.63376e-09
zk  1.87934e-06
-1.50502e-06
-7.58556e-08
  0.00203477
  0.00197804
 6.21185e-05
 0.000945075
 -0.00075725
-3.78124e-05
  0.00032431
 0.000333673
 3.48189e-05
           0
           0
           0
           0
           0
           0
 1.89726e-05
           0
           0
-3.39258e-05
           0
 3.38211e-05
           0
 2.27922e-05
           0
           0
-1.09304e-06
-1.68917e-05
           0
           0
 -1.6943e-05
           0
           0
-1.82232e-07
           0
           0
-1.02518e-08
 5.59004e-09
-1.03115e-08
 5.62262e-09
-1.12167e-05
           0
           0
-1.12169e-05
           0
           0
-2.53755e-08
           0
           0
           0
           0
           0
           0
 4.81792e-06
   0.0920844
    0.090384
  0.00190298
           0
           0
pk  0.99988
       1
       1
0.999881
       1
       1
 0.99997
0.999992
       1
 0.99982
0.999998
       1
 0.99982
0.999998
       1
0.999946
0.999991
       1
0.999645
0.999998
       1
0.999705
0.999998
       1
0.999972
       1
0.999922
0.998026
0.999985
0.996559
 1.00113
 1.00001
 1.00246
0.999649
       1
       1
count 56
(curr.pk-pk_prev).cwiseAbs().sum() 0.000174627
(curr.pk-p0).cwiseAbs().sum() 0.0108399
stable?: 1 converged?: 0 G: 3.23969e-08
tp: 4
Elapsed Time d2w: 164751 us
Elapsed Time dG: 8898 us
vz_norm: 1.42445e-07vp_norm: 8.63311e-09
zk -1.87844e-06
 -1.5046e-06
-7.87054e-08
  0.00203278
 -0.00197729
-6.44539e-05
-0.000944624
 -0.00075704
-3.92423e-05
 0.000324175
-0.000333551
-3.53147e-05
           0
           0
           0
           0
           0
           0
 1.96847e-05
           0
           0
 3.39138e-05
           0
 3.38073e-05
           0
 2.36458e-05
           0
           0
 1.13402e-06
-1.68849e-05
           0
           0
  1.6937e-05
           0
           0
 1.89059e-07
           0
           0
-1.02443e-08
 5.58349e-09
  1.0305e-08
-5.61656e-09
-1.12126e-05
           0
           0
 1.12128e-05
           0
           0
 2.63259e-08
           0
           0
           0
           0
           0
           0
 4.76386e-06
   0.0920143
  -0.0903224
 -0.00193141
           0
           0
pk 0.999878
       1
       1
0.999879
       1
       1
0.999969
0.999992
       1
0.999817
0.999998
       1
0.999817
0.999998
       1
0.999946
0.999991
       1
 0.99964
0.999998
       1
0.999701
0.999998
       1
0.999972
       1
0.999921
0.997992
0.999984
0.996504
 1.00115
 1.00001
  1.0025
0.999644
       1
       1
count 57
(curr.pk-pk_prev).cwiseAbs().sum() 0.000174355
(curr.pk-p0).cwiseAbs().sum() 0.0110142
stable?: 1 converged?: 0 G: 3.23969e-08
tp: 4
Elapsed Time d2w: 147547 us
Elapsed Time dG: 8172 us
vz_norm: 1.42548e-07vp_norm: 8.63248e-09
zk  1.87755e-06
-1.50418e-06
-8.15382e-08
   0.0020308
  0.00197654
 6.67753e-05
 0.000944174
 -0.00075683
-4.06637e-05
 0.000324041
 0.000333429
 3.58076e-05
           0
           0
           0
           0
           0
           0
 2.03926e-05
           0
           0
-3.39018e-05
           0
 3.37935e-05
           0
 2.44943e-05
           0
           0
-1.17475e-06
-1.68781e-05
           0
           0
-1.69311e-05
           0
           0
-1.95846e-07
           0
           0
-1.02368e-08
 5.57699e-09
-1.02984e-08
 5.61054e-09
-1.12085e-05
           0
           0
-1.12087e-05
           0
           0
-2.72706e-08
           0
           0
           0
           0
           0
           0
 4.71014e-06
   0.0919446
    0.090261
  0.00195966
           0
           0
pk 0.999876
       1
       1
0.999877
       1
       1
0.999969
0.999992
       1
0.999815
0.999998
       1
0.999814
0.999998
       1
0.999945
0.999991
       1
0.999634
0.999998
       1
0.999696
0.999998
       1
0.999971
       1
0.999919
0.997957
0.999984
 0.99645
 1.00116
 1.00001
 1.00254
0.999639
       1
       1
count 58
(curr.pk-pk_prev).cwiseAbs().sum() 0.000174084
(curr.pk-p0).cwiseAbs().sum() 0.0111883
stable?: 1 converged?: 0 G: 3.23969e-08
tp: 4
Elapsed Time d2w: 132421 us
Elapsed Time dG: 8284 us
vz_norm: 1.42651e-07vp_norm: 8.63184e-09
zk -1.87666e-06
-1.50377e-06
-8.43542e-08
  0.00202883
  -0.0019758
-6.90829e-05
-0.000943727
 -0.00075662
-4.20767e-05
 0.000323907
-0.000333307
-3.62976e-05
           0
           0
           0
           0
           0
           0
 2.10963e-05
           0
           0
 3.38898e-05
           0
 3.37798e-05
           0
 2.53378e-05
           0
           0
 1.21524e-06
-1.68713e-05
           0
           0
 1.69252e-05
           0
           0
 2.02592e-07
           0
           0
-1.02294e-08
 5.57053e-09
 1.02919e-08
-5.60457e-09
-1.12044e-05
           0
           0
 1.12047e-05
           0
           0
 2.82096e-08
           0
           0
           0
           0
           0
           0
 4.65674e-06
   0.0918752
  -0.0902001
 -0.00198775
           0
           0
pk 0.999875
       1
       1
0.999875
       1
       1
0.999969
0.999992
       1
0.999812
0.999997
       1
0.999811
0.999997
       1
0.999944
 0.99999
       1
0.999628
0.999998
       1
0.999691
0.999998
       1
0.999971
       1
0.999918
0.997923
0.999984
0.996395
 1.00118
 1.00001
 1.00258
0.999634
       1
       1
count 59
(curr.pk-pk_prev).cwiseAbs().sum() 0.000173815
(curr.pk-p0).cwiseAbs().sum() 0.0113621
stable?: 1 converged?: 0 G: 3.23968e-08
tp: 4
Elapsed Time d2w: 140387 us
Elapsed Time dG: 8770 us
vz_norm: 1.42753e-07vp_norm: 8.63121e-09
zk  1.87577e-06
-1.50336e-06
-8.71536e-08
  0.00202687
  0.00197506
 7.13768e-05
 0.000943282
-0.000756411
-4.34813e-05
 0.000323773
 0.000333186
 3.67847e-05
           0
           0
           0
           0
           0
           0
 2.17958e-05
           0
           0
-3.38779e-05
           0
 3.37661e-05
           0
 2.61762e-05
           0
           0
-1.25549e-06
-1.68646e-05
           0
           0
-1.69194e-05
           0
           0
-2.09299e-07
           0
           0
 -1.0222e-08
 5.56411e-09
-1.02855e-08
 5.59863e-09
-1.12004e-05
           0
           0
-1.12006e-05
           0
           0
-2.91432e-08
           0
           0
           0
           0
           0
           0
 4.60366e-06
   0.0918063
   0.0901395
  0.00201568
           0
           0
pk 0.999873
       1
       1
0.999873
       1
       1
0.999968
0.999992
       1
0.999809
0.999997
       1
0.999809
0.999997
       1
0.999943
 0.99999
       1
0.999623
0.999998
       1
0.999687
0.999998
       1
 0.99997
       1
0.999917
0.997889
0.999984
0.996341
  1.0012
 1.00001
 1.00262
0.999629
       1
       1
count 60
(curr.pk-pk_prev).cwiseAbs().sum() 0.000173548
(curr.pk-p0).cwiseAbs().sum() 0.0115357
stable?: 1 converged?: 0 G: 3.23968e-08
tp: 4
Elapsed Time d2w: 172099 us
Elapsed Time dG: 8813 us
vz_norm: 1.42855e-07vp_norm: 8.63058e-09
zk -1.87489e-06
-1.50294e-06
-8.99365e-08
  0.00202492
 -0.00197432
-7.36572e-05
-0.000942838
-0.000756201
-4.48777e-05
  0.00032364
-0.000333066
 -3.7269e-05
           0
           0
           0
           0
           0
           0
 2.24912e-05
           0
           0
  3.3866e-05
           0
 3.37525e-05
           0
 2.70098e-05
           0
           0
  1.2955e-06
-1.68579e-05
           0
           0
 1.69135e-05
           0
           0
 2.15966e-07
           0
           0
-1.02147e-08
 5.55773e-09
  1.0279e-08
-5.59273e-09
-1.11963e-05
           0
           0
 1.11966e-05
           0
           0
 3.00712e-08
           0
           0
           0
           0
           0
           0
  4.5509e-06
   0.0917377
  -0.0900792
 -0.00204344
           0
           0
pk 0.999871
       1
       1
0.999872
       1
       1
0.999968
0.999992
       1
0.999806
0.999997
       1
0.999806
0.999997
       1
0.999943
 0.99999
       1
0.999617
0.999998
       1
0.999682
0.999998
       1
 0.99997
       1
0.999916
0.997855
0.999983
0.996286
 1.00122
 1.00001
 1.00265
0.999624
       1
       1
count 61
(curr.pk-pk_prev).cwiseAbs().sum() 0.000173282
(curr.pk-p0).cwiseAbs().sum() 0.011709
stable?: 1 converged?: 0 G: 3.23967e-08
tp: 4
Elapsed Time d2w: 162383 us
Elapsed Time dG: 9081 us
vz_norm: 1.42956e-07vp_norm: 8.62995e-09
zk  1.87401e-06
-1.50253e-06
-9.27033e-08
  0.00202299
  0.00197359
 7.59242e-05
 0.000942397
-0.000755992
-4.62659e-05
 0.000323508
 0.000332946
 3.77505e-05
           0
           0
           0
           0
           0
           0
 2.31826e-05
           0
           0
-3.38542e-05
           0
 3.37389e-05
           0
 2.78386e-05
           0
           0
-1.33528e-06
-1.68512e-05
           0
           0
-1.69077e-05
           0
           0
-2.22594e-07
           0
           0
-1.02074e-08
 5.55138e-09
-1.02726e-08
 5.58687e-09
-1.11923e-05
           0
           0
-1.11925e-05
           0
           0
-3.09939e-08
           0
           0
           0
           0
           0
           0
 4.49845e-06
   0.0916694
   0.0900193
  0.00207105
           0
           0
pk 0.999869
       1
       1
 0.99987
       1
       1
0.999967
0.999992
       1
0.999803
0.999997
       1
0.999803
0.999997
       1
0.999942
 0.99999
       1
0.999612
0.999998
       1
0.999677
0.999998
       1
 0.99997
       1
0.999915
 0.99782
0.999983
0.996232
 1.00124
 1.00001
 1.00269
0.999619
       1
       1
count 62
(curr.pk-pk_prev).cwiseAbs().sum() 0.000173018
(curr.pk-p0).cwiseAbs().sum() 0.011882
stable?: 1 converged?: 0 G: 3.23967e-08
tp: 4
Elapsed Time d2w: 149180 us
Elapsed Time dG: 7973 us
vz_norm: 1.43056e-07vp_norm: 8.62933e-09
zk -1.87314e-06
-1.50212e-06
-9.54541e-08
  0.00202106
 -0.00197285
-7.81781e-05
-0.000941958
-0.000755784
-4.76462e-05
 0.000323376
-0.000332826
-3.82293e-05
           0
           0
           0
           0
           0
           0
   2.387e-05
           0
           0
 3.38424e-05
           0
 3.37253e-05
           0
 2.86625e-05
           0
           0
 1.37483e-06
-1.68446e-05
           0
           0
 1.69019e-05
           0
           0
 2.29184e-07
           0
           0
-1.02001e-08
 5.54508e-09
 1.02663e-08
-5.58104e-09
-1.11883e-05
           0
           0
 1.11885e-05
           0
           0
 3.19112e-08
           0
           0
           0
           0
           0
           0
 4.44631e-06
   0.0916016
  -0.0899597
 -0.00209849
           0
           0
pk 0.999867
       1
       1
0.999868
       1
       1
0.999967
0.999992
       1
  0.9998
0.999997
       1
  0.9998
0.999997
       1
0.999941
 0.99999
       1
0.999606
0.999998
       1
0.999673
0.999998
       1
0.999969
       1
0.999914
0.997786
0.999983
0.996178
 1.00126
 1.00001
 1.00273
0.999614
       1
       1
count 63
(curr.pk-pk_prev).cwiseAbs().sum() 0.000172755
(curr.pk-p0).cwiseAbs().sum() 0.0120547
stable?: 1 converged?: 0 G: 3.23967e-08
tp: 4
Elapsed Time d2w: 151553 us
Elapsed Time dG: 7702 us
vz_norm: 1.43157e-07vp_norm: 8.62871e-09
zk  1.87227e-06
 -1.5017e-06
 -9.8189e-08
  0.00201915
  0.00197212
  8.0419e-05
  0.00094152
-0.000755575
-4.90184e-05
 0.000323244
 0.000332707
 3.87053e-05
           0
           0
           0
           0
           0
           0
 2.45534e-05
           0
           0
-3.38306e-05
           0
 3.37118e-05
           0
 2.94817e-05
           0
           0
-1.41416e-06
-1.68379e-05
           0
           0
-1.68961e-05
           0
           0
-2.35735e-07
           0
           0
-1.01929e-08
 5.53882e-09
-1.02599e-08
 5.57525e-09
-1.11843e-05
           0
           0
-1.11845e-05
           0
           0
-3.28233e-08
           0
           0
           0
           0
           0
           0
 4.39449e-06
   0.0915341
   0.0899004
  0.00212578
           0
           0
pk 0.999865
       1
       1
0.999866
       1
       1
0.999966
0.999992
       1
0.999798
0.999997
       1
0.999797
0.999997
       1
 0.99994
 0.99999
       1
0.999601
0.999998
       1
0.999668
0.999998
       1
0.999969
       1
0.999913
0.997752
0.999983
0.996124
 1.00127
 1.00001
 1.00277
0.999609
       1
       1
count 64
(curr.pk-pk_prev).cwiseAbs().sum() 0.000172495
(curr.pk-p0).cwiseAbs().sum() 0.0122272
stable?: 1 converged?: 0 G: 3.23966e-08
tp: 4
Elapsed Time d2w: 127865 us
Elapsed Time dG: 8351 us
vz_norm: 1.43257e-07vp_norm: 8.6281e-09
zk -1.87141e-06
-1.50129e-06
-1.00908e-07
  0.00201725
  -0.0019714
 -8.2647e-05
-0.000941085
-0.000755367
-5.03829e-05
 0.000323113
-0.000332588
-3.91786e-05
           0
           0
           0
           0
           0
           0
 2.52329e-05
           0
           0
 3.38189e-05
           0
 3.36984e-05
           0
 3.02962e-05
           0
           0
 1.45325e-06
-1.68313e-05
           0
           0
 1.68904e-05
           0
           0
  2.4225e-07
           0
           0
-1.01857e-08
  5.5326e-09
 1.02537e-08
 -5.5695e-09
-1.11803e-05
           0
           0
 1.11805e-05
           0
           0
 3.37301e-08
           0
           0
           0
           0
           0
           0
 4.34296e-06
   0.0914669
  -0.0898415
 -0.00215291
           0
           0
pk 0.999863
       1
       1
0.999864
       1
       1
0.999966
0.999991
       1
0.999795
0.999997
       1
0.999795
0.999997
       1
 0.99994
 0.99999
       1
0.999595
0.999998
       1
0.999664
0.999998
       1
0.999968
       1
0.999912
0.997718
0.999983
 0.99607
 1.00129
 1.00001
 1.00281
0.999605
       1
       1
count 65
(curr.pk-pk_prev).cwiseAbs().sum() 0.000172235
(curr.pk-p0).cwiseAbs().sum() 0.0123995
stable?: 1 converged?: 0 G: 3.23966e-08
tp: 4
Elapsed Time d2w: 127911 us
Elapsed Time dG: 8946 us
vz_norm: 1.43356e-07vp_norm: 8.62748e-09
zk  1.87054e-06
-1.50088e-06
-1.03612e-07
  0.00201535
  0.00197067
 8.48623e-05
 0.000940651
-0.000755159
-5.17395e-05
 0.000322982
  0.00033247
 3.96492e-05
           0
           0
           0
           0
           0
           0
 2.59086e-05
           0
           0
-3.38073e-05
           0
  3.3685e-05
           0
 3.11061e-05
           0
           0
-1.49213e-06
-1.68247e-05
           0
           0
-1.68846e-05
           0
           0
-2.48727e-07
           0
           0
-1.01786e-08
 5.52641e-09
-1.02474e-08
 5.56379e-09
-1.11763e-05
           0
           0
-1.11766e-05
           0
           0
-3.46318e-08
           0
           0
           0
           0
           0
           0
 4.29173e-06
   0.0914001
   0.0897829
  0.00217989
           0
           0
pk 0.999861
       1
       1
0.999862
       1
       1
0.999966
0.999991
       1
0.999792
0.999997
       1
0.999792
0.999997
       1
0.999939
 0.99999
       1
 0.99959
0.999998
       1
0.999659
0.999998
       1
0.999968
       1
0.999911
0.997684
0.999982
0.996016
 1.00131
 1.00001
 1.00285
  0.9996
       1
       1
count 66
(curr.pk-pk_prev).cwiseAbs().sum() 0.000171978
(curr.pk-p0).cwiseAbs().sum() 0.0125714
stable?: 1 converged?: 0 G: 3.23965e-08
tp: 4
Elapsed Time d2w: 119186 us
Elapsed Time dG: 8829 us
vz_norm: 1.43455e-07vp_norm: 8.62687e-09
zk -1.86969e-06
-1.50047e-06
-1.06301e-07
  0.00201347
 -0.00196995
 -8.7065e-05
 -0.00094022
-0.000754951
-5.30885e-05
 0.000322852
-0.000332352
-4.01172e-05
           0
           0
           0
           0
           0
           0
 2.65804e-05
           0
           0
 3.37956e-05
           0
 3.36716e-05
           0
 3.19114e-05
           0
           0
 1.53078e-06
-1.68181e-05
           0
           0
 1.68789e-05
           0
           0
 2.55167e-07
           0
           0
-1.01714e-08
 5.52026e-09
 1.02412e-08
-5.55811e-09
-1.11723e-05
           0
           0
 1.11726e-05
           0
           0
 3.55284e-08
           0
           0
           0
           0
           0
           0
  4.2408e-06
   0.0913337
  -0.0897246
 -0.00220672
           0
           0
pk  0.99986
       1
       1
 0.99986
       1
       1
0.999965
0.999991
       1
0.999789
0.999997
       1
0.999789
0.999997
       1
0.999938
0.999989
       1
0.999584
0.999998
       1
0.999654
0.999998
       1
0.999968
       1
0.999909
 0.99765
0.999982
0.995962
 1.00133
 1.00001
 1.00288
0.999595
       1
       1
count 67
(curr.pk-pk_prev).cwiseAbs().sum() 0.000171721
(curr.pk-p0).cwiseAbs().sum() 0.0127432
stable?: 1 converged?: 0 G: 3.23965e-08
tp: 4
Elapsed Time d2w: 121094 us
Elapsed Time dG: 8705 us
vz_norm: 1.43554e-07vp_norm: 8.62626e-09
zk  1.86883e-06
-1.50006e-06
-1.08974e-07
   0.0020116
  0.00196923
 8.92553e-05
  0.00093979
-0.000754743
-5.44299e-05
 0.000322722
 0.000332235
 4.05826e-05
           0
           0
           0
           0
           0
           0
 2.72484e-05
           0
           0
 -3.3784e-05
           0
 3.36583e-05
           0
 3.27122e-05
           0
           0
-1.56922e-06
-1.68116e-05
           0
           0
-1.68732e-05
           0
           0
-2.61572e-07
           0
           0
-1.01644e-08
 5.51415e-09
 -1.0235e-08
 5.55247e-09
-1.11684e-05
           0
           0
-1.11687e-05
           0
           0
-3.64199e-08
           0
           0
           0
           0
           0
           0
 4.19017e-06
   0.0912676
   0.0896666
  0.00223341
           0
           0
pk 0.999858
       1
       1
0.999859
       1
       1
0.999965
0.999991
       1
0.999786
0.999997
       1
0.999786
0.999997
       1
0.999937
0.999989
       1
0.999579
0.999998
       1
 0.99965
0.999998
       1
0.999967
       1
0.999908
0.997616
0.999982
0.995908
 1.00135
 1.00001
 1.00292
 0.99959
       1
       1
count 68
(curr.pk-pk_prev).cwiseAbs().sum() 0.000171467
(curr.pk-p0).cwiseAbs().sum() 0.0129146
stable?: 1 converged?: 0 G: 3.23965e-08
tp: 4
Elapsed Time d2w: 118881 us
Elapsed Time dG: 8590 us
vz_norm: 1.43652e-07vp_norm: 8.62566e-09
zk -1.86798e-06
-1.49965e-06
-1.11633e-07
  0.00200973
 -0.00196851
-9.14333e-05
-0.000939362
-0.000754536
-5.57639e-05
 0.000322592
-0.000332118
-4.10455e-05
           0
           0
           0
           0
           0
           0
 2.79127e-05
           0
           0
 3.37725e-05
           0
  3.3645e-05
           0
 3.35085e-05
           0
           0
 1.60744e-06
 -1.6805e-05
           0
           0
 1.68675e-05
           0
           0
  2.6794e-07
           0
           0
-1.01573e-08
 5.50807e-09
 1.02288e-08
-5.54686e-09
-1.11644e-05
           0
           0
 1.11647e-05
           0
           0
 3.73065e-08
           0
           0
           0
           0
           0
           0
 4.13982e-06
   0.0912019
   -0.089609
 -0.00225994
           0
           0
pk 0.999856
       1
       1
0.999857
       1
       1
0.999964
0.999991
       1
0.999784
0.999997
       1
0.999783
0.999997
       1
0.999936
0.999989
       1
0.999573
0.999998
       1
0.999645
0.999998
       1
0.999967
       1
0.999907
0.997582
0.999982
0.995854
 1.00137
 1.00001
 1.00296
0.999585
       1
       1
count 69
(curr.pk-pk_prev).cwiseAbs().sum() 0.000171213
(curr.pk-p0).cwiseAbs().sum() 0.0130858
stable?: 1 converged?: 0 G: 3.23964e-08
tp: 4
Elapsed Time d2w: 175801 us
Elapsed Time dG: 8520 us
vz_norm: 1.4375e-07vp_norm: 8.62505e-09
zk  1.86713e-06
-1.49924e-06
-1.14276e-07
  0.00200788
   0.0019678
 9.35991e-05
 0.000938936
-0.000754329
-5.70904e-05
 0.000322463
 0.000332001
 4.15057e-05
           0
           0
           0
           0
           0
           0
 2.85734e-05
           0
           0
 -3.3761e-05
           0
 3.36317e-05
           0
 3.43003e-05
           0
           0
-1.64545e-06
-1.67985e-05
           0
           0
-1.68619e-05
           0
           0
-2.74273e-07
           0
           0
-1.01503e-08
 5.50203e-09
-1.02227e-08
 5.54128e-09
-1.11605e-05
           0
           0
-1.11608e-05
           0
           0
-3.81881e-08
           0
           0
           0
           0
           0
           0
 4.08976e-06
   0.0911364
   0.0895516
  0.00228633
           0
           0
pk 0.999854
       1
       1
0.999855
       1
       1
0.999964
0.999991
       1
0.999781
0.999997
       1
0.999781
0.999997
       1
0.999936
0.999989
       1
0.999568
0.999998
       1
0.999641
0.999998
       1
0.999967
       1
0.999906
0.997548
0.999981
0.995801
 1.00138
 1.00001
   1.003
 0.99958
       1
       1
count 70
(curr.pk-pk_prev).cwiseAbs().sum() 0.000170962
(curr.pk-p0).cwiseAbs().sum() 0.0132568
stable?: 1 converged?: 0 G: 3.23964e-08
tp: 4
Elapsed Time d2w: 139495 us
Elapsed Time dG: 9108 us
vz_norm: 1.43847e-07vp_norm: 8.62445e-09
zk -1.86629e-06
-1.49883e-06
-1.16905e-07
  0.00200604
 -0.00196709
 -9.5753e-05
-0.000938512
-0.000754122
-5.84096e-05
 0.000322335
-0.000331885
-4.19635e-05
           0
           0
           0
           0
           0
           0
 2.92303e-05
           0
           0
 3.37495e-05
           0
 3.36185e-05
           0
 3.50878e-05
           0
           0
 1.68325e-06
 -1.6792e-05
           0
           0
 1.68562e-05
           0
           0
 2.80571e-07
           0
           0
-1.01433e-08
 5.49603e-09
 1.02166e-08
-5.53575e-09
-1.11566e-05
           0
           0
 1.11569e-05
           0
           0
 3.90649e-08
           0
           0
           0
           0
           0
           0
 4.03998e-06
   0.0910714
  -0.0894946
 -0.00231257
           0
           0
pk 0.999852
       1
       1
0.999853
       1
       1
0.999964
0.999991
       1
0.999778
0.999997
       1
0.999778
0.999997
       1
0.999935
0.999989
       1
0.999562
0.999998
       1
0.999636
0.999998
       1
0.999966
       1
0.999905
0.997514
0.999981
0.995747
  1.0014
 1.00001
 1.00303
0.999576
       1
       1
count 71
(curr.pk-pk_prev).cwiseAbs().sum() 0.000170712
(curr.pk-p0).cwiseAbs().sum() 0.0134275
stable?: 1 converged?: 0 G: 3.23963e-08
tp: 4
Elapsed Time d2w: 152807 us
Elapsed Time dG: 9012 us
vz_norm: 1.43944e-07vp_norm: 8.62386e-09
zk  1.86545e-06
-1.49842e-06
 -1.1952e-07
  0.00200421
  0.00196638
 9.78949e-05
  0.00093809
-0.000753915
-5.97215e-05
 0.000322206
 0.000331769
 4.24187e-05
           0
           0
           0
           0
           0
           0
 2.98837e-05
           0
           0
-3.37381e-05
           0
 3.36054e-05
           0
  3.5871e-05
           0
           0
-1.72084e-06
-1.67856e-05
           0
           0
-1.68506e-05
           0
           0
-2.86834e-07
           0
           0
-1.01364e-08
 5.49006e-09
-1.02106e-08
 5.53024e-09
-1.11527e-05
           0
           0
 -1.1153e-05
           0
           0
-3.99369e-08
           0
           0
           0
           0
           0
           0
 3.99048e-06
   0.0910066
   0.0894379
  0.00233867
           0
           0
pk  0.99985
       1
       1
0.999851
       1
       1
0.999963
0.999991
       1
0.999775
0.999997
       1
0.999775
0.999997
       1
0.999934
0.999989
       1
0.999557
0.999998
       1
0.999632
0.999998
       1
0.999966
       1
0.999904
 0.99748
0.999981
0.995694
 1.00142
 1.00001
 1.00307
0.999571
       1
       1
count 72
(curr.pk-pk_prev).cwiseAbs().sum() 0.000170463
(curr.pk-p0).cwiseAbs().sum() 0.013598
stable?: 1 converged?: 0 G: 3.23963e-08
tp: 4
Elapsed Time d2w: 157704 us
Elapsed Time dG: 8363 us
vz_norm: 1.44041e-07vp_norm: 8.62326e-09
zk -1.86462e-06
-1.49801e-06
 -1.2212e-07
  0.00200238
 -0.00196568
-0.000100025
-0.000937669
-0.000753709
-6.10263e-05
 0.000322079
-0.000331653
-4.28715e-05
           0
           0
           0
           0
           0
           0
 3.05335e-05
           0
           0
 3.37267e-05
           0
 3.35923e-05
           0
 3.66499e-05
           0
           0
 1.75822e-06
-1.67791e-05
           0
           0
  1.6845e-05
           0
           0
 2.93063e-07
           0
           0
-1.01295e-08
 5.48413e-09
 1.02045e-08
-5.52477e-09
-1.11488e-05
           0
           0
 1.11491e-05
           0
           0
  4.0804e-08
           0
           0
           0
           0
           0
           0
 3.94126e-06
   0.0909422
  -0.0893814
 -0.00236463
           0
           0
pk 0.999848
       1
       1
0.999849
       1
       1
0.999963
0.999991
       1
0.999773
0.999997
       1
0.999772
0.999997
       1
0.999934
0.999989
       1
0.999551
0.999998
       1
0.999627
0.999998
       1
0.999965
       1
0.999903
0.997447
0.999981
 0.99564
 1.00144
 1.00001
 1.00311
0.999566
       1
       1
count 73
(curr.pk-pk_prev).cwiseAbs().sum() 0.000170215
(curr.pk-p0).cwiseAbs().sum() 0.0137682
stable?: 1 converged?: 0 G: 3.23963e-08
tp: 4
Elapsed Time d2w: 137013 us
Elapsed Time dG: 11416 us
vz_norm: 1.44137e-07vp_norm: 8.62267e-09
zk  1.86378e-06
 -1.4976e-06
-1.24707e-07
  0.00200057
  0.00196497
 0.000102144
  0.00093725
-0.000753503
 -6.2324e-05
 0.000321951
 0.000331538
 4.33219e-05
           0
           0
           0
           0
           0
           0
 3.11798e-05
           0
           0
-3.37153e-05
           0
 3.35792e-05
           0
 3.74246e-05
           0
           0
 -1.7954e-06
-1.67727e-05
           0
           0
-1.68394e-05
           0
           0
-2.99258e-07
           0
           0
-1.01226e-08
 5.47823e-09
-1.01985e-08
 5.51933e-09
 -1.1145e-05
           0
           0
-1.11453e-05
           0
           0
-4.16665e-08
           0
           0
           0
           0
           0
           0
 3.89231e-06
   0.0908781
   0.0893253
  0.00239044
           0
           0
pk 0.999847
       1
       1
0.999848
       1
       1
0.999962
0.999991
       1
 0.99977
0.999997
       1
0.999769
0.999997
       1
0.999933
0.999989
       1
0.999546
0.999998
       1
0.999622
0.999998
       1
0.999965
       1
0.999902
0.997413
 0.99998
0.995587
 1.00146
 1.00001
 1.00315
0.999561
       1
       1
count 74
(curr.pk-pk_prev).cwiseAbs().sum() 0.000169969
(curr.pk-p0).cwiseAbs().sum() 0.0139382
stable?: 1 converged?: 0 G: 3.23962e-08
tp: 4
Elapsed Time d2w: 162154 us
Elapsed Time dG: 8503 us
vz_norm: 1.44233e-07vp_norm: 8.62208e-09
zk -1.86295e-06
-1.49719e-06
-1.27279e-07
  0.00199877
 -0.00196427
-0.000104251
-0.000936833
-0.000753297
-6.36147e-05
 0.000321824
-0.000331423
-4.37698e-05
           0
           0
           0
           0
           0
           0
 3.18226e-05
           0
           0
  3.3704e-05
           0
 3.35661e-05
           0
 3.81951e-05
           0
           0
 1.83238e-06
-1.67663e-05
           0
           0
 1.68339e-05
           0
           0
  3.0542e-07
           0
           0
-1.01158e-08
 5.47236e-09
 1.01926e-08
-5.51392e-09
-1.11411e-05
           0
           0
 1.11414e-05
           0
           0
 4.25244e-08
           0
           0
           0
           0
           0
           0
 3.84363e-06
   0.0908143
  -0.0892694
 -0.00241612
           0
           0
pk 0.999845
       1
       1
0.999846
       1
       1
0.999962
 0.99999
       1
0.999767
0.999997
       1
0.999767
0.999997
       1
0.999932
0.999988
       1
 0.99954
0.999998
       1
0.999618
0.999998
       1
0.999965
       1
0.999901
0.997379
 0.99998
0.995534
 1.00147
 1.00001
 1.00319
0.999557
       1
       1
count 75
(curr.pk-pk_prev).cwiseAbs().sum() 0.000169725
(curr.pk-p0).cwiseAbs().sum() 0.0141079
stable?: 1 converged?: 0 G: 3.23962e-08
tp: 4
Elapsed Time d2w: 135735 us
Elapsed Time dG: 8650 us
vz_norm: 1.44329e-07vp_norm: 8.6215e-09
zk  1.86213e-06
-1.49679e-06
-1.29837e-07
  0.00199697
  0.00196357
 0.000106347
 0.000936418
-0.000753091
-6.48984e-05
 0.000321698
 0.000331309
 4.42154e-05
           0
           0
           0
           0
           0
           0
 3.24619e-05
           0
           0
-3.36927e-05
           0
 3.35531e-05
           0
 3.89615e-05
           0
           0
-1.86916e-06
-1.67599e-05
           0
           0
-1.68283e-05
           0
           0
-3.11549e-07
           0
           0
 -1.0109e-08
 5.46653e-09
-1.01867e-08
 5.50854e-09
-1.11372e-05
           0
           0
-1.11376e-05
           0
           0
-4.33776e-08
           0
           0
           0
           0
           0
           0
 3.79521e-06
   0.0907508
   0.0892139
  0.00244167
           0
           0
pk 0.999843
       1
       1
0.999844
       1
       1
0.999962
 0.99999
       1
0.999764
0.999997
       1
0.999764
0.999997
       1
0.999931
0.999988
       1
0.999535
0.999998
       1
0.999613
0.999998
       1
0.999964
       1
  0.9999
0.997345
 0.99998
0.995481
 1.00149
 1.00001
 1.00322
0.999552
       1
       1
count 76
(curr.pk-pk_prev).cwiseAbs().sum() 0.000169482
(curr.pk-p0).cwiseAbs().sum() 0.0142774
stable?: 1 converged?: 0 G: 3.23961e-08
tp: 4
Elapsed Time d2w: 128323 us
Elapsed Time dG: 8543 us
vz_norm: 1.44424e-07vp_norm: 8.62091e-09
zk -1.86131e-06
-1.49638e-06
-1.32382e-07
  0.00199519
 -0.00196288
-0.000108431
-0.000936004
-0.000752886
-6.61753e-05
 0.000321572
-0.000331195
-4.46586e-05
           0
           0
           0
           0
           0
           0
 3.30978e-05
           0
           0
 3.36815e-05
           0
 3.35402e-05
           0
 3.97237e-05
           0
           0
 1.90575e-06
-1.67535e-05
           0
           0
 1.68228e-05
           0
           0
 3.17644e-07
           0
           0
-1.01022e-08
 5.46073e-09
 1.01807e-08
 -5.5032e-09
-1.11334e-05
           0
           0
 1.11337e-05
           0
           0
 4.42263e-08
           0
           0
           0
           0
           0
           0
 3.74707e-06
   0.0906877
  -0.0891586
 -0.00246708
           0
           0
pk 0.999841
       1
       1
0.999842
       1
       1
0.999961
 0.99999
       1
0.999762
0.999997
       1
0.999761
0.999997
       1
0.999931
0.999988
       1
0.999529
0.999998
       1
0.999609
0.999998
       1
0.999964
       1
0.999899
0.997312
 0.99998
0.995428
 1.00151
 1.00001
 1.00326
0.999547
       1
       1
count 77
(curr.pk-pk_prev).cwiseAbs().sum() 0.00016924
(curr.pk-p0).cwiseAbs().sum() 0.0144466
stable?: 1 converged?: 0 G: 3.23961e-08
tp: 4
Elapsed Time d2w: 122899 us
Elapsed Time dG: 8330 us
vz_norm: 1.44518e-07vp_norm: 8.62033e-09
zk  1.86049e-06
-1.49597e-06
-1.34913e-07
  0.00199341
  0.00196218
 0.000110504
 0.000935593
 -0.00075268
-6.74454e-05
 0.000321446
 0.000331082
 4.50995e-05
           0
           0
           0
           0
           0
           0
 3.37303e-05
           0
           0
-3.36703e-05
           0
 3.35273e-05
           0
 4.04819e-05
           0
           0
-1.94214e-06
-1.67472e-05
           0
           0
-1.68173e-05
           0
           0
-3.23708e-07
           0
           0
-1.00954e-08
 5.45497e-09
-1.01749e-08
 5.49789e-09
-1.11296e-05
           0
           0
-1.11299e-05
           0
           0
-4.50704e-08
           0
           0
           0
           0
           0
           0
 3.69918e-06
   0.0906248
   0.0891036
  0.00249235
           0
           0
pk 0.999839
       1
       1
 0.99984
       1
       1
0.999961
 0.99999
       1
0.999759
0.999997
       1
0.999758
0.999997
       1
 0.99993
0.999988
       1
0.999524
0.999998
       1
0.999604
0.999998
       1
0.999964
       1
0.999898
0.997278
0.999979
0.995375
 1.00153
 1.00001
  1.0033
0.999543
       1
       1
count 78
(curr.pk-pk_prev).cwiseAbs().sum() 0.000168999
(curr.pk-p0).cwiseAbs().sum() 0.0146156
stable?: 1 converged?: 0 G: 3.23961e-08
tp: 4
Elapsed Time d2w: 139755 us
Elapsed Time dG: 9676 us
vz_norm: 1.44613e-07vp_norm: 8.61975e-09
zk -1.85967e-06
-1.49557e-06
-1.37431e-07
  0.00199164
 -0.00196149
-0.000112567
-0.000935182
-0.000752475
-6.87088e-05
  0.00032132
-0.000330969
 -4.5538e-05
           0
           0
           0
           0
           0
           0
 3.43595e-05
           0
           0
 3.36591e-05
           0
 3.35144e-05
           0
 4.12362e-05
           0
           0
 1.97833e-06
-1.67408e-05
           0
           0
 1.68118e-05
           0
           0
 3.29739e-07
           0
           0
-1.00887e-08
 5.44923e-09
  1.0169e-08
-5.49261e-09
-1.11258e-05
           0
           0
 1.11261e-05
           0
           0
 4.59101e-08
           0
           0
           0
           0
           0
           0
 3.65155e-06
   0.0905623
  -0.0890489
 -0.00251749
           0
           0
pk 0.999837
       1
       1
0.999838
       1
       1
 0.99996
 0.99999
       1
0.999756
0.999997
       1
0.999756
0.999997
       1
0.999929
0.999988
       1
0.999518
0.999998
       1
  0.9996
0.999998
       1
0.999963
       1
0.999897
0.997244
0.999979
0.995322
 1.00155
 1.00001
 1.00333
0.999538
       1
       1
count 79
(curr.pk-pk_prev).cwiseAbs().sum() 0.00016876
(curr.pk-p0).cwiseAbs().sum() 0.0147844
stable?: 1 converged?: 0 G: 3.2396e-08
tp: 4
Elapsed Time d2w: 149244 us
Elapsed Time dG: 7997 us
vz_norm: 1.44707e-07vp_norm: 8.61917e-09
zk  1.85886e-06
-1.49516e-06
-1.39936e-07
  0.00198989
  0.00196081
 0.000114618
 0.000934774
-0.000752271
-6.99655e-05
 0.000321196
 0.000330856
 4.59743e-05
           0
           0
           0
           0
           0
           0
 3.49854e-05
           0
           0
 -3.3648e-05
           0
 3.35015e-05
           0
 4.19864e-05
           0
           0
-2.01434e-06
-1.67345e-05
           0
           0
-1.68063e-05
           0
           0
-3.35738e-07
           0
           0
-1.00821e-08
 5.44353e-09
-1.01632e-08
 5.48736e-09
 -1.1122e-05
           0
           0
-1.11223e-05
           0
           0
-4.67454e-08
           0
           0
           0
           0
           0
           0
 3.60418e-06
      0.0905
   0.0889945
   0.0025425
           0
           0
pk 0.999836
       1
       1
0.999837
       1
       1
 0.99996
 0.99999
       1
0.999753
0.999997
       1
0.999753
0.999997
       1
0.999928
0.999988
       1
0.999513
0.999998
       1
0.999595
0.999998
       1
0.999963
       1
0.999896
0.997211
0.999979
0.995269
 1.00156
 1.00001
 1.00337
0.999533
       1
       1
count 80
(curr.pk-pk_prev).cwiseAbs().sum() 0.000168522
(curr.pk-p0).cwiseAbs().sum() 0.0149529
stable?: 1 converged?: 0 G: 3.2396e-08
tp: 4
Elapsed Time d2w: 120576 us
Elapsed Time dG: 7776 us
vz_norm: 1.448e-07vp_norm: 8.6186e-09
zk -1.85805e-06
-1.49476e-06
-1.42428e-07
  0.00198814
 -0.00196012
-0.000116659
-0.000934367
-0.000752066
-7.12157e-05
 0.000321071
-0.000330743
-4.64083e-05
           0
           0
           0
           0
           0
           0
  3.5608e-05
           0
           0
 3.36369e-05
           0
 3.34887e-05
           0
 4.27327e-05
           0
           0
 2.05016e-06
-1.67282e-05
           0
           0
 1.68008e-05
           0
           0
 3.41706e-07
           0
           0
-1.00754e-08
 5.43786e-09
 1.01574e-08
-5.48214e-09
-1.11182e-05
           0
           0
 1.11185e-05
           0
           0
 4.75763e-08
           0
           0
           0
           0
           0
           0
 3.55706e-06
   0.0904381
  -0.0889403
 -0.00256739
           0
           0
pk 0.999834
       1
       1
0.999835
       1
       1
 0.99996
 0.99999
       1
0.999751
0.999997
       1
 0.99975
0.999997
       1
0.999928
0.999988
       1
0.999508
0.999998
       1
0.999591
0.999998
       1
0.999962
       1
0.999895
0.997177
0.999979
0.995216
 1.00158
 1.00001
 1.00341
0.999529
       1
       1
count 81
(curr.pk-pk_prev).cwiseAbs().sum() 0.000168286
(curr.pk-p0).cwiseAbs().sum() 0.0151212
stable?: 1 converged?: 0 G: 3.23959e-08
tp: 4
Elapsed Time d2w: 135655 us
Elapsed Time dG: 8371 us
vz_norm: 1.44894e-07vp_norm: 8.61803e-09
zk  1.85725e-06
-1.49435e-06
-1.44906e-07
   0.0019864
  0.00195944
 0.000118689
 0.000933962
-0.000751862
-7.24594e-05
 0.000320947
 0.000330631
   4.684e-05
           0
           0
           0
           0
           0
           0
 3.62274e-05
           0
           0
-3.36258e-05
           0
  3.3476e-05
           0
 4.34752e-05
           0
           0
-2.08579e-06
-1.67219e-05
           0
           0
-1.67954e-05
           0
           0
-3.47643e-07
           0
           0
-1.00688e-08
 5.43223e-09
-1.01517e-08
 5.47694e-09
-1.11144e-05
           0
           0
-1.11147e-05
           0
           0
-4.84029e-08
           0
           0
           0
           0
           0
           0
 3.51019e-06
   0.0903765
   0.0888865
  0.00259214
           0
           0
pk 0.999832
       1
       1
0.999833
       1
       1
0.999959
 0.99999
       1
0.999748
0.999997
       1
0.999747
0.999997
       1
0.999927
0.999988
       1
0.999502
0.999998
       1
0.999586
0.999998
       1
0.999962
       1
0.999894
0.997143
0.999978
0.995164
  1.0016
 1.00001
 1.00345
0.999524
       1
       1
count 82
(curr.pk-pk_prev).cwiseAbs().sum() 0.00016805
(curr.pk-p0).cwiseAbs().sum() 0.0152892
stable?: 1 converged?: 0 G: 3.23959e-08
tp: 4
Elapsed Time d2w: 114696 us
Elapsed Time dG: 7598 us
vz_norm: 1.44987e-07vp_norm: 8.61746e-09
zk -1.85644e-06
-1.49395e-06
-1.47372e-07
  0.00198467
 -0.00195875
-0.000120709
-0.000933558
-0.000751658
-7.36966e-05
 0.000320823
 -0.00033052
-4.72696e-05
           0
           0
           0
           0
           0
           0
 3.68435e-05
           0
           0
 3.36148e-05
           0
 3.34632e-05
           0
 4.42138e-05
           0
           0
 2.12124e-06
-1.67157e-05
           0
           0
   1.679e-05
           0
           0
 3.53549e-07
           0
           0
-1.00622e-08
 5.42662e-09
 1.01459e-08
-5.47178e-09
-1.11106e-05
           0
           0
  1.1111e-05
           0
           0
 4.92253e-08
           0
           0
           0
           0
           0
           0
 3.46357e-06
   0.0903151
  -0.0888328
 -0.00261676
           0
           0
pk  0.99983
       1
       1
0.999831
       1
       1
0.999959
 0.99999
       1
0.999745
0.999997
       1
0.999745
0.999997
       1
0.999926
0.999988
       1
0.999497
0.999998
       1
0.999582
0.999998
       1
0.999962
       1
0.999892
 0.99711
0.999978
0.995111
 1.00162
 1.00001
 1.00348
0.999519
       1
       1
count 83
(curr.pk-pk_prev).cwiseAbs().sum() 0.000167816
(curr.pk-p0).cwiseAbs().sum() 0.015457
stable?: 1 converged?: 0 G: 3.23959e-08
tp: 4
Elapsed Time d2w: 140578 us
Elapsed Time dG: 10735 us
vz_norm: 1.45079e-07vp_norm: 8.61689e-09
zk  1.85564e-06
-1.49355e-06
-1.49825e-07
  0.00198294
  0.00195807
 0.000122718
 0.000933156
-0.000751454
-7.49275e-05
   0.0003207
 0.000330408
 4.76969e-05
           0
           0
           0
           0
           0
           0
 3.74565e-05
           0
           0
-3.36038e-05
           0
 3.34506e-05
           0
 4.49486e-05
           0
           0
 -2.1565e-06
-1.67095e-05
           0
           0
-1.67846e-05
           0
           0
-3.59425e-07
           0
           0
-1.00556e-08
 5.42104e-09
-1.01402e-08
 5.46665e-09
-1.11069e-05
           0
           0
-1.11072e-05
           0
           0
-5.00434e-08
           0
           0
           0
           0
           0
           0
  3.4172e-06
    0.090254
   0.0887795
  0.00264126
           0
           0
pk 0.999828
       1
       1
0.999829
       1
       1
0.999958
 0.99999
       1
0.999742
0.999997
       1
0.999742
0.999997
       1
0.999926
0.999987
       1
0.999491
0.999998
       1
0.999577
0.999998
       1
0.999961
       1
0.999891
0.997076
0.999978
0.995059
 1.00164
 1.00001
 1.00352
0.999515
       1
       1
count 84
(curr.pk-pk_prev).cwiseAbs().sum() 0.000167584
(curr.pk-p0).cwiseAbs().sum() 0.0156246
stable?: 1 converged?: 0 G: 3.23958e-08
tp: 4
Elapsed Time d2w: 145655 us
Elapsed Time dG: 8302 us
vz_norm: 1.45171e-07vp_norm: 8.61632e-09
zk -1.85485e-06
-1.49314e-06
-1.52265e-07
  0.00198123
  -0.0019574
-0.000124716
-0.000932756
-0.000751251
-7.61521e-05
 0.000320577
-0.000330297
-4.81221e-05
           0
           0
           0
           0
           0
           0
 3.80664e-05
           0
           0
 3.35928e-05
           0
 3.34379e-05
           0
 4.56796e-05
           0
           0
 2.19158e-06
-1.67032e-05
           0
           0
 1.67792e-05
           0
           0
  3.6527e-07
           0
           0
-1.00491e-08
  5.4155e-09
 1.01346e-08
-5.46155e-09
-1.11032e-05
           0
           0
 1.11035e-05
           0
           0
 5.08573e-08
           0
           0
           0
           0
           0
           0
 3.37106e-06
   0.0901933
  -0.0887264
 -0.00266564
           0
           0
pk 0.999826
       1
       1
0.999828
       1
       1
0.999958
0.999989
       1
 0.99974
0.999997
       1
0.999739
0.999997
       1
0.999925
0.999987
       1
0.999486
0.999998
       1
0.999573
0.999998
       1
0.999961
       1
 0.99989
0.997043
0.999978
0.995006
 1.00165
 1.00001
 1.00356
 0.99951
       1
       1
count 85
(curr.pk-pk_prev).cwiseAbs().sum() 0.000167352
(curr.pk-p0).cwiseAbs().sum() 0.015792
stable?: 1 converged?: 0 G: 3.23958e-08
tp: 4
Elapsed Time d2w: 134843 us
Elapsed Time dG: 8183 us
vz_norm: 1.45263e-07vp_norm: 8.61576e-09
zk  1.85405e-06
-1.49274e-06
-1.54694e-07
  0.00197952
  0.00195672
 0.000126705
 0.000932357
-0.000751048
-7.73704e-05
 0.000320454
 0.000330187
 4.85452e-05
           0
           0
           0
           0
           0
           0
 3.86731e-05
           0
           0
-3.35819e-05
           0
 3.34253e-05
           0
 4.64069e-05
           0
           0
-2.22649e-06
 -1.6697e-05
           0
           0
-1.67738e-05
           0
           0
-3.71086e-07
           0
           0
-1.00426e-08
 5.40998e-09
-1.01289e-08
 5.45648e-09
-1.10994e-05
           0
           0
-1.10998e-05
           0
           0
 -5.1667e-08
           0
           0
           0
           0
           0
           0
 3.32517e-06
   0.0901328
   0.0886736
  0.00268989
           0
           0
pk 0.999825
       1
       1
0.999826
       1
       1
0.999958
0.999989
       1
0.999737
0.999996
       1
0.999737
0.999996
       1
0.999924
0.999987
       1
0.999481
0.999998
       1
0.999568
0.999998
       1
0.999961
       1
0.999889
 0.99701
0.999977
0.994954
 1.00167
 1.00001
 1.00359
0.999506
       1
       1
count 86
(curr.pk-pk_prev).cwiseAbs().sum() 0.000167122
(curr.pk-p0).cwiseAbs().sum() 0.0159591
stable?: 1 converged?: 0 G: 3.23957e-08
tp: 4
Elapsed Time d2w: 148768 us
Elapsed Time dG: 8036 us
vz_norm: 1.45355e-07vp_norm: 8.6152e-09
zk -1.85326e-06
-1.49234e-06
-1.57109e-07
  0.00197782
 -0.00195605
-0.000128683
 -0.00093196
-0.000750845
-7.85826e-05
 0.000320332
-0.000330077
-4.89661e-05
           0
           0
           0
           0
           0
           0
 3.92768e-05
           0
           0
  3.3571e-05
           0
 3.34127e-05
           0
 4.71306e-05
           0
           0
 2.26121e-06
-1.66908e-05
           0
           0
 1.67684e-05
           0
           0
 3.76872e-07
           0
           0
-1.00361e-08
  5.4045e-09
 1.01233e-08
-5.45143e-09
-1.10957e-05
           0
           0
 1.10961e-05
           0
           0
 5.24727e-08
           0
           0
           0
           0
           0
           0
 3.27952e-06
   0.0900725
   -0.088621
 -0.00271402
           0
           0
pk 0.999823
       1
       1
0.999824
       1
       1
0.999957
0.999989
       1
0.999734
0.999996
       1
0.999734
0.999996
       1
0.999923
0.999987
       1
0.999475
0.999998
       1
0.999564
0.999998
       1
 0.99996
       1
0.999888
0.996976
0.999977
0.994901
 1.00169
 1.00001
 1.00363
0.999501
       1
       1
count 87
(curr.pk-pk_prev).cwiseAbs().sum() 0.000166893
(curr.pk-p0).cwiseAbs().sum() 0.016126
stable?: 1 converged?: 0 G: 3.23957e-08
tp: 4
Elapsed Time d2w: 149506 us
Elapsed Time dG: 9001 us
vz_norm: 1.45446e-07vp_norm: 8.61464e-09
zk  1.85248e-06
-1.49194e-06
-1.59513e-07
  0.00197614
  0.00195538
 0.000130652
 0.000931564
-0.000750642
-7.97886e-05
  0.00032021
 0.000329967
 4.93849e-05
           0
           0
           0
           0
           0
           0
 3.98774e-05
           0
           0
-3.35601e-05
           0
 3.34002e-05
           0
 4.78505e-05
           0
           0
-2.29576e-06
-1.66847e-05
           0
           0
-1.67631e-05
           0
           0
-3.82629e-07
           0
           0
-1.00297e-08
 5.39904e-09
-1.01177e-08
 5.44641e-09
 -1.1092e-05
           0
           0
-1.10924e-05
           0
           0
-5.32743e-08
           0
           0
           0
           0
           0
           0
  3.2341e-06
   0.0900126
   0.0885687
  0.00273804
           0
           0
pk 0.999821
       1
       1
0.999822
       1
       1
0.999957
0.999989
       1
0.999731
0.999996
       1
0.999731
0.999996
       1
0.999923
0.999987
       1
 0.99947
0.999998
       1
0.999559
0.999998
       1
 0.99996
       1
0.999887
0.996943
0.999977
0.994849
 1.00171
 1.00001
 1.00367
0.999497
       1
       1
count 88
(curr.pk-pk_prev).cwiseAbs().sum() 0.000166665
(curr.pk-p0).cwiseAbs().sum() 0.0162927
stable?: 1 converged?: 0 G: 3.23957e-08
tp: 4
Elapsed Time d2w: 157713 us
Elapsed Time dG: 9361 us
vz_norm: 1.45537e-07vp_norm: 8.61409e-09
zk -1.85169e-06
-1.49154e-06
-1.61904e-07
  0.00197445
 -0.00195471
 -0.00013261
 -0.00093117
-0.000750439
-8.09886e-05
 0.000320088
-0.000329857
-4.98016e-05
           0
           0
           0
           0
           0
           0
 4.04751e-05
           0
           0
 3.35493e-05
           0
 3.33877e-05
           0
 4.85669e-05
           0
           0
 2.33014e-06
-1.66785e-05
           0
           0
 1.67578e-05
           0
           0
 3.88357e-07
           0
           0
-1.00233e-08
 5.39361e-09
 1.01121e-08
-5.44142e-09
-1.10883e-05
           0
           0
 1.10887e-05
           0
           0
 5.40719e-08
           0
           0
           0
           0
           0
           0
 3.18891e-06
    0.089953
  -0.0885166
 -0.00276193
           0
           0
pk 0.999819
       1
       1
 0.99982
       1
       1
0.999956
0.999989
       1
0.999729
0.999996
       1
0.999728
0.999996
       1
0.999922
0.999987
       1
0.999465
0.999998
       1
0.999555
0.999998
       1
0.999959
       1
0.999886
0.996909
0.999977
0.994797
 1.00172
 1.00001
  1.0037
0.999492
       1
       1
count 89
(curr.pk-pk_prev).cwiseAbs().sum() 0.000166439
(curr.pk-p0).cwiseAbs().sum() 0.0164591
stable?: 1 converged?: 0 G: 3.23956e-08
tp: 4
Elapsed Time d2w: 183050 us
Elapsed Time dG: 8237 us
vz_norm: 1.45627e-07vp_norm: 8.61353e-09
zk  1.85091e-06
-1.49114e-06
-1.64284e-07
  0.00197278
  0.00195405
 0.000134559
 0.000930777
-0.000750237
-8.21826e-05
 0.000319967
 0.000329748
 5.02162e-05
           0
           0
           0
           0
           0
           0
 4.10697e-05
           0
           0
-3.35385e-05
           0
 3.33752e-05
           0
 4.92797e-05
           0
           0
-2.36435e-06
-1.66724e-05
           0
           0
-1.67525e-05
           0
           0
-3.94057e-07
           0
           0
-1.00169e-08
 5.38822e-09
-1.01066e-08
 5.43646e-09
-1.10846e-05
           0
           0
 -1.1085e-05
           0
           0
-5.48655e-08
           0
           0
           0
           0
           0
           0
 3.14395e-06
   0.0898936
   0.0884648
   0.0027857
           0
           0
pk 0.999817
       1
       1
0.999819
       1
       1
0.999956
0.999989
       1
0.999726
0.999996
       1
0.999726
0.999996
       1
0.999921
0.999987
       1
0.999459
0.999998
       1
 0.99955
0.999998
       1
0.999959
       1
0.999885
0.996876
0.999977
0.994745
 1.00174
 1.00001
 1.00374
0.999488
       1
       1
count 90
(curr.pk-pk_prev).cwiseAbs().sum() 0.000166213
(curr.pk-p0).cwiseAbs().sum() 0.0166253
stable?: 1 converged?: 0 G: 3.23956e-08
tp: 4
Elapsed Time d2w: 147531 us
Elapsed Time dG: 7863 us
vz_norm: 1.45718e-07vp_norm: 8.61298e-09
zk -1.85014e-06
-1.49074e-06
-1.66652e-07
  0.00197112
 -0.00195338
-0.000136498
-0.000930386
-0.000750035
-8.33707e-05
 0.000319846
-0.000329639
-5.06289e-05
           0
           0
           0
           0
           0
           0
 4.16614e-05
           0
           0
 3.35278e-05
           0
 3.33628e-05
           0
  4.9989e-05
           0
           0
 2.39838e-06
-1.66663e-05
           0
           0
 1.67472e-05
           0
           0
 3.99728e-07
           0
           0
-1.00106e-08
 5.38285e-09
 1.01011e-08
-5.43153e-09
-1.10809e-05
           0
           0
 1.10813e-05
           0
           0
 5.56551e-08
           0
           0
           0
           0
           0
           0
 3.09923e-06
   0.0898344
  -0.0884132
 -0.00280935
           0
           0
pk 0.999816
       1
       1
0.999817
       1
       1
0.999956
0.999989
       1
0.999723
0.999996
       1
0.999723
0.999996
       1
0.999921
0.999987
       1
0.999454
0.999998
       1
0.999546
0.999998
       1
0.999959
       1
0.999884
0.996843
0.999976
0.994693
 1.00176
 1.00001
 1.00378
0.999483
       1
       1
count 91
(curr.pk-pk_prev).cwiseAbs().sum() 0.000165989
(curr.pk-p0).cwiseAbs().sum() 0.0167913
stable?: 1 converged?: 0 G: 3.23955e-08
tp: 4
Elapsed Time d2w: 131490 us
Elapsed Time dG: 9192 us
vz_norm: 1.45807e-07vp_norm: 8.61243e-09
zk  1.84936e-06
-1.49034e-06
-1.69008e-07
  0.00196946
  0.00195272
 0.000138427
 0.000929996
-0.000749834
-8.45529e-05
 0.000319725
 0.000329531
 5.10394e-05
           0
           0
           0
           0
           0
           0
 4.22501e-05
           0
           0
 -3.3517e-05
           0
 3.33504e-05
           0
 5.06947e-05
           0
           0
-2.43225e-06
-1.66602e-05
           0
           0
-1.67419e-05
           0
           0
-4.05371e-07
           0
           0
-1.00042e-08
  5.3775e-09
-1.00956e-08
 5.42662e-09
-1.10773e-05
           0
           0
-1.10777e-05
           0
           0
-5.64409e-08
           0
           0
           0
           0
           0
           0
 3.05472e-06
   0.0897756
   0.0883619
  0.00283289
           0
           0
pk 0.999814
       1
       1
0.999815
       1
       1
0.999955
0.999989
       1
0.999721
0.999996
       1
 0.99972
0.999996
       1
 0.99992
0.999986
       1
0.999449
0.999998
       1
0.999542
0.999998
       1
0.999958
       1
0.999883
 0.99681
0.999976
0.994641
 1.00178
 1.00001
 1.00381
0.999479
       1
       1
count 92
(curr.pk-pk_prev).cwiseAbs().sum() 0.000165766
(curr.pk-p0).cwiseAbs().sum() 0.0169571
stable?: 1 converged?: 0 G: 3.23955e-08
tp: 4
Elapsed Time d2w: 143090 us
Elapsed Time dG: 7911 us
vz_norm: 1.45897e-07vp_norm: 8.61188e-09
zk -1.84859e-06
-1.48994e-06
-1.71352e-07
  0.00196781
 -0.00195206
-0.000140347
-0.000929608
-0.000749632
-8.57293e-05
 0.000319605
-0.000329422
 -5.1448e-05
           0
           0
           0
           0
           0
           0
  4.2836e-05
           0
           0
 3.35063e-05
           0
  3.3338e-05
           0
  5.1397e-05
           0
           0
 2.46595e-06
-1.66541e-05
           0
           0
 1.67366e-05
           0
           0
 4.10986e-07
           0
           0
-9.99794e-09
 5.37219e-09
 1.00901e-08
-5.42173e-09
-1.10736e-05
           0
           0
  1.1074e-05
           0
           0
 5.72228e-08
           0
           0
           0
           0
           0
           0
 3.01044e-06
    0.089717
  -0.0883108
 -0.00285632
           0
           0
pk 0.999812
       1
       1
0.999813
       1
       1
0.999955
0.999989
       1
0.999718
0.999996
       1
0.999718
0.999996
       1
0.999919
0.999986
       1
0.999443
0.999998
       1
0.999537
0.999998
       1
0.999958
       1
0.999882
0.996776
0.999976
0.994589
  1.0018
 1.00001
 1.00385
0.999475
       1
       1
count 93
(curr.pk-pk_prev).cwiseAbs().sum() 0.000165544
(curr.pk-p0).cwiseAbs().sum() 0.0171226
stable?: 1 converged?: 0 G: 3.23955e-08
tp: 4
Elapsed Time d2w: 149395 us
Elapsed Time dG: 11358 us
vz_norm: 1.45986e-07vp_norm: 8.61134e-09
zk  1.84782e-06
-1.48954e-06
-1.73685e-07
  0.00196617
  0.00195141
 0.000142257
 0.000929221
-0.000749431
-8.68999e-05
 0.000319486
 0.000329315
 5.18546e-05
           0
           0
           0
           0
           0
           0
  4.3419e-05
           0
           0
-3.34957e-05
           0
 3.33257e-05
           0
 5.20959e-05
           0
           0
-2.49949e-06
-1.66481e-05
           0
           0
-1.67314e-05
           0
           0
-4.16574e-07
           0
           0
-9.99167e-09
  5.3669e-09
-1.00847e-08
 5.41688e-09
  -1.107e-05
           0
           0
-1.10704e-05
           0
           0
-5.80008e-08
           0
           0
           0
           0
           0
           0
 2.96639e-06
   0.0896587
     0.08826
  0.00287963
           0
           0
pk  0.99981
       1
       1
0.999811
       1
       1
0.999955
0.999989
       1
0.999715
0.999996
       1
0.999715
0.999996
       1
0.999918
0.999986
       1
0.999438
0.999998
       1
0.999533
0.999998
       1
0.999958
       1
0.999881
0.996743
0.999976
0.994537
 1.00181
 1.00001
 1.00389
 0.99947
       1
       1
count 94
(curr.pk-pk_prev).cwiseAbs().sum() 0.000165323
(curr.pk-p0).cwiseAbs().sum() 0.0172879
stable?: 1 converged?: 0 G: 3.23954e-08
tp: 4
Elapsed Time d2w: 147849 us
Elapsed Time dG: 9541 us
vz_norm: 1.46075e-07vp_norm: 8.61079e-09
zk -1.84705e-06
-1.48914e-06
-1.76007e-07
  0.00196453
 -0.00195075
-0.000144158
-0.000928836
 -0.00074923
-8.80648e-05
 0.000319366
-0.000329207
-5.22593e-05
           0
           0
           0
           0
           0
           0
 4.39991e-05
           0
           0
  3.3485e-05
           0
 3.33134e-05
           0
 5.27913e-05
           0
           0
 2.53286e-06
 -1.6642e-05
           0
           0
 1.67262e-05
           0
           0
 4.22134e-07
           0
           0
-9.98542e-09
 5.36165e-09
 1.00793e-08
-5.41205e-09
-1.10664e-05
           0
           0
 1.10667e-05
           0
           0
 5.87751e-08
           0
           0
           0
           0
           0
           0
 2.92255e-06
   0.0896006
  -0.0882094
 -0.00290283
           0
           0
pk 0.999808
       1
       1
 0.99981
       1
       1
0.999954
0.999989
       1
0.999712
0.999996
       1
0.999712
0.999996
       1
0.999918
0.999986
       1
0.999433
0.999997
       1
0.999528
0.999998
       1
0.999957
       1
 0.99988
 0.99671
0.999975
0.994486
 1.00183
 1.00001
 1.00392
0.999466
       1
       1
count 95
(curr.pk-pk_prev).cwiseAbs().sum() 0.000165103
(curr.pk-p0).cwiseAbs().sum() 0.017453
stable?: 1 converged?: 0 G: 3.23954e-08
tp: 4
Elapsed Time d2w: 161872 us
Elapsed Time dG: 9131 us
vz_norm: 1.46164e-07vp_norm: 8.61025e-09
zk  1.84629e-06
-1.48874e-06
-1.78317e-07
  0.00196291
   0.0019501
  0.00014605
 0.000928452
-0.000749029
-8.92241e-05
 0.000319247
   0.0003291
  5.2662e-05
           0
           0
           0
           0
           0
           0
 4.45765e-05
           0
           0
-3.34744e-05
           0
 3.33011e-05
           0
 5.34834e-05
           0
           0
-2.56607e-06
 -1.6636e-05
           0
           0
 -1.6721e-05
           0
           0
-4.27668e-07
           0
           0
-9.97921e-09
 5.35641e-09
-1.00739e-08
 5.40725e-09
-1.10627e-05
           0
           0
-1.10631e-05
           0
           0
-5.95456e-08
           0
           0
           0
           0
           0
           0
 2.87893e-06
   0.0895428
    0.088159
  0.00292591
           0
           0
pk 0.999807
       1
       1
0.999808
       1
       1
0.999954
0.999988
       1
 0.99971
0.999996
       1
 0.99971
0.999996
       1
0.999917
0.999986
       1
0.999427
0.999997
       1
0.999524
0.999998
       1
0.999957
       1
0.999879
0.996677
0.999975
0.994434
 1.00185
 1.00001
 1.00396
0.999461
       1
       1
count 96
(curr.pk-pk_prev).cwiseAbs().sum() 0.000164885
(curr.pk-p0).cwiseAbs().sum() 0.0176179
stable?: 1 converged?: 0 G: 3.23953e-08
tp: 4
Elapsed Time d2w: 150977 us
Elapsed Time dG: 7895 us
vz_norm: 1.46252e-07vp_norm: 8.60971e-09
zk -1.84553e-06
-1.48834e-06
-1.80616e-07
  0.00196129
 -0.00194945
-0.000147932
 -0.00092807
-0.000748829
-9.03778e-05
 0.000319128
-0.000328993
-5.30627e-05
           0
           0
           0
           0
           0
           0
  4.5151e-05
           0
           0
 3.34639e-05
           0
 3.32889e-05
           0
 5.41721e-05
           0
           0
 2.59911e-06
  -1.663e-05
           0
           0
 1.67158e-05
           0
           0
 4.33174e-07
           0
           0
-9.97301e-09
 5.35121e-09
 1.00685e-08
-5.40247e-09
-1.10591e-05
           0
           0
 1.10595e-05
           0
           0
 6.03124e-08
           0
           0
           0
           0
           0
           0
 2.83552e-06
   0.0894852
  -0.0881088
 -0.00294889
           0
           0
pk 0.999805
       1
       1
0.999806
       1
       1
0.999953
0.999988
       1
0.999707
0.999996
       1
0.999707
0.999996
       1
0.999916
0.999986
       1
0.999422
0.999997
       1
0.999519
0.999998
       1
0.999957
       1
0.999878
0.996644
0.999975
0.994382
 1.00187
 1.00001
   1.004
0.999457
       1
       1
count 97
(curr.pk-pk_prev).cwiseAbs().sum() 0.000164667
(curr.pk-p0).cwiseAbs().sum() 0.0177826
stable?: 1 converged?: 0 G: 3.23953e-08
tp: 4
Elapsed Time d2w: 139471 us
Elapsed Time dG: 8397 us
vz_norm: 1.4634e-07vp_norm: 8.60918e-09
zk  1.84477e-06
-1.48795e-06
-1.82905e-07
  0.00195968
   0.0019488
 0.000149806
 0.000927689
-0.000748628
-9.15259e-05
  0.00031901
 0.000328887
 5.34616e-05
           0
           0
           0
           0
           0
           0
 4.57228e-05
           0
           0
-3.34533e-05
           0
 3.32767e-05
           0
 5.48575e-05
           0
           0
  -2.632e-06
 -1.6624e-05
           0
           0
-1.67106e-05
           0
           0
-4.38655e-07
           0
           0
-9.96685e-09
 5.34603e-09
-1.00632e-08
 5.39771e-09
-1.10555e-05
           0
           0
-1.10559e-05
           0
           0
-6.10756e-08
           0
           0
           0
           0
           0
           0
 2.79233e-06
   0.0894279
   0.0880589
  0.00297176
           0
           0
pk 0.999803
       1
       1
0.999804
       1
       1
0.999953
0.999988
       1
0.999704
0.999996
       1
0.999704
0.999996
       1
0.999916
0.999986
       1
0.999417
0.999997
       1
0.999515
0.999997
       1
0.999956
       1
0.999877
 0.99661
0.999975
0.994331
 1.00188
 1.00001
 1.00403
0.999453
       1
       1
count 98
(curr.pk-pk_prev).cwiseAbs().sum() 0.000164451
(curr.pk-p0).cwiseAbs().sum() 0.017947
stable?: 1 converged?: 0 G: 3.23953e-08
tp: 4
Elapsed Time d2w: 201616 us
Elapsed Time dG: 7692 us
vz_norm: 1.46428e-07vp_norm: 8.60864e-09
zk -1.84402e-06
-1.48755e-06
-1.85182e-07
  0.00195807
 -0.00194815
 -0.00015167
-0.000927309
-0.000748429
-9.26686e-05
 0.000318892
 -0.00032878
-5.38585e-05
           0
           0
           0
           0
           0
           0
 4.62919e-05
           0
           0
 3.34428e-05
           0
 3.32645e-05
           0
 5.55397e-05
           0
           0
 2.66474e-06
 -1.6618e-05
           0
           0
 1.67054e-05
           0
           0
 4.44109e-07
           0
           0
-9.96071e-09
 5.34088e-09
 1.00579e-08
-5.39299e-09
-1.10519e-05
           0
           0
 1.10523e-05
           0
           0
  6.1835e-08
           0
           0
           0
           0
           0
           0
 2.74934e-06
   0.0893709
  -0.0880092
 -0.00299452
           0
           0
pk 0.999801
       1
       1
0.999803
       1
       1
0.999953
0.999988
       1
0.999702
0.999996
       1
0.999701
0.999996
       1
0.999915
0.999986
       1
0.999411
0.999997
       1
0.999511
0.999997
       1
0.999956
       1
0.999876
0.996577
0.999974
0.994279
  1.0019
 1.00001
 1.00407
0.999448
       1
       1
count 99
(curr.pk-pk_prev).cwiseAbs().sum() 0.000164235
(curr.pk-p0).cwiseAbs().sum() 0.0181113
stable?: 1 converged?: 0 G: 3.23952e-08
tp: 4
Elapsed Time d2w: 152676 us
Elapsed Time dG: 7824 us
vz_norm: 1.46515e-07vp_norm: 8.60811e-09
zk  1.84326e-06
-1.48716e-06
-1.87448e-07
  0.00195648
  0.00194751
 0.000153526
 0.000926931
-0.000748229
-9.38058e-05
 0.000318774
 0.000328674
 5.42536e-05
           0
           0
           0
           0
           0
           0
 4.68582e-05
           0
           0
-3.34324e-05
           0
 3.32524e-05
           0
 5.62186e-05
           0
           0
-2.69731e-06
 -1.6612e-05
           0
           0
-1.67003e-05
           0
           0
-4.49537e-07
           0
           0
 -9.9546e-09
 5.33575e-09
-1.00526e-08
 5.38828e-09
-1.10484e-05
           0
           0
-1.10488e-05
           0
           0
-6.25909e-08
           0
           0
           0
           0
           0
           0
 2.70657e-06
   0.0893141
   0.0879598
  0.00301717
           0
           0
pk 0.999799
       1
       1
0.999801
       1
       1
0.999952
0.999988
       1
0.999699
0.999996
       1
0.999699
0.999996
       1
0.999914
0.999986
       1
0.999406
0.999997
       1
0.999506
0.999997
       1
0.999956
       1
0.999875
0.996544
0.999974
0.994228
 1.00192
 1.00001
  1.0041
0.999444
       1
       1
count 100
(curr.pk-pk_prev).cwiseAbs().sum() 0.000164021
(curr.pk-p0).cwiseAbs().sum() 0.0182753
stable?: 1 converged?: 0 G: 3.23952e-08
tp: 4
Elapsed Time d2w: 139518 us
Elapsed Time dG: 8329 us
vz_norm: 1.46602e-07vp_norm: 8.60757e-09
zk -1.84251e-06
-1.48676e-06
-1.89704e-07
  0.00195489
 -0.00194687
-0.000155373
-0.000926554
-0.000748029
-9.49377e-05
 0.000318657
-0.000328569
-5.46469e-05
           0
           0
           0
           0
           0
           0
 4.74219e-05
           0
           0
 3.34219e-05
           0
 3.32403e-05
           0
 5.68943e-05
           0
           0
 2.72973e-06
-1.66061e-05
           0
           0
 1.66951e-05
           0
           0
 4.54939e-07
           0
           0
-9.94851e-09
 5.33065e-09
 1.00473e-08
 -5.3836e-09
-1.10448e-05
           0
           0
 1.10452e-05
           0
           0
 6.33432e-08
           0
           0
           0
           0
           0
           0
   2.664e-06
   0.0892575
  -0.0879105
 -0.00303971
           0
           0
pk 0.999798
       1
       1
0.999799
       1
       1
0.999952
0.999988
       1
0.999696
0.999996
       1
0.999696
0.999996
       1
0.999914
0.999985
       1
0.999401
0.999997
       1
0.999502
0.999997
       1
0.999955
       1
0.999874
0.996511
0.999974
0.994177
 1.00194
 1.00001
 1.00414
 0.99944
       1
       1
count 101
(curr.pk-pk_prev).cwiseAbs().sum() 0.000163808
(curr.pk-p0).cwiseAbs().sum() 0.0184391
stable?: 1 converged?: 0 G: 3.23951e-08
tp: 4
Elapsed Time d2w: 150755 us
Elapsed Time dG: 8452 us
vz_norm: 1.46689e-07vp_norm: 8.60704e-09
zk  1.84177e-06
-1.48636e-06
-1.91949e-07
  0.00195331
  0.00194623
 0.000157211
 0.000926179
 -0.00074783
-9.60642e-05
  0.00031854
 0.000328464
 5.50382e-05
           0
           0
           0
           0
           0
           0
 4.79829e-05
           0
           0
-3.34115e-05
           0
 3.32283e-05
           0
 5.75668e-05
           0
           0
  -2.762e-06
-1.66002e-05
           0
           0
  -1.669e-05
           0
           0
-4.60316e-07
           0
           0
-9.94245e-09
 5.32557e-09
-1.00421e-08
 5.37895e-09
-1.10412e-05
           0
           0
-1.10416e-05
           0
           0
 -6.4092e-08
           0
           0
           0
           0
           0
           0
 2.62164e-06
   0.0892012
   0.0878615
  0.00306215
           0
           0
pk 0.999796
       1
       1
0.999797
       1
       1
0.999952
0.999988
       1
0.999694
0.999996
       1
0.999693
0.999996
       1
0.999913
0.999985
       1
0.999396
0.999997
       1
0.999497
0.999997
       1
0.999955
       1
0.999873
0.996478
0.999974
0.994125
 1.00195
 1.00001
 1.00418
0.999436
       1
       1
count 102
(curr.pk-pk_prev).cwiseAbs().sum() 0.000163596
(curr.pk-p0).cwiseAbs().sum() 0.0186027
stable?: 1 converged?: 0 G: 3.23951e-08
tp: 4
Elapsed Time d2w: 120918 us
Elapsed Time dG: 7343 us
vz_norm: 1.46776e-07vp_norm: 8.60652e-09
zk -1.84102e-06
-1.48597e-06
-1.94184e-07
  0.00195173
 -0.00194559
 -0.00015904
-0.000925805
-0.000747631
-9.71854e-05
 0.000318423
-0.000328359
-5.54278e-05
           0
           0
           0
           0
           0
           0
 4.85413e-05
           0
           0
 3.34011e-05
           0
 3.32162e-05
           0
 5.82362e-05
           0
           0
 2.79412e-06
-1.65943e-05
           0
           0
 1.66849e-05
           0
           0
 4.65667e-07
           0
           0
-9.93641e-09
 5.32052e-09
 1.00369e-08
-5.37432e-09
-1.10377e-05
           0
           0
 1.10381e-05
           0
           0
 6.48372e-08
           0
           0
           0
           0
           0
           0
 2.57948e-06
   0.0891451
  -0.0878127
 -0.00308449
           0
           0
pk 0.999794
       1
       1
0.999796
       1
       1
0.999951
0.999988
       1
0.999691
0.999996
       1
0.999691
0.999996
       1
0.999912
0.999985
       1
 0.99939
0.999997
       1
0.999493
0.999997
       1
0.999955
       1
0.999872
0.996445
0.999974
0.994074
 1.00197
 1.00001
 1.00421
0.999431
       1
       1
count 103
(curr.pk-pk_prev).cwiseAbs().sum() 0.000163385
(curr.pk-p0).cwiseAbs().sum() 0.0187661
stable?: 1 converged?: 0 G: 3.23951e-08
tp: 4
Elapsed Time d2w: 152486 us
Elapsed Time dG: 8202 us
vz_norm: 1.46862e-07vp_norm: 8.60599e-09
zk  1.84028e-06
-1.48558e-06
-1.96408e-07
  0.00195016
  0.00194495
 0.000160861
 0.000925432
-0.000747433
-9.83014e-05
 0.000318306
 0.000328254
 5.58156e-05
           0
           0
           0
           0
           0
           0
 4.90971e-05
           0
           0
-3.33908e-05
           0
 3.32043e-05
           0
 5.89024e-05
           0
           0
-2.82609e-06
-1.65884e-05
           0
           0
-1.66798e-05
           0
           0
-4.70993e-07
           0
           0
 -9.9304e-09
  5.3155e-09
-1.00317e-08
 5.36971e-09
-1.10341e-05
           0
           0
-1.10346e-05
           0
           0
 -6.5579e-08
           0
           0
           0
           0
           0
           0
 2.53752e-06
   0.0890893
   0.0877642
  0.00310672
           0
           0
pk 0.999792
       1
       1
0.999794
       1
       1
0.999951
0.999988
       1
0.999688
0.999996
       1
0.999688
0.999996
       1
0.999912
0.999985
       1
0.999385
0.999997
       1
0.999489
0.999997
       1
0.999954
       1
0.999872
0.996412
0.999973
0.994023
 1.00199
 1.00001
 1.00425
0.999427
       1
       1
count 104
(curr.pk-pk_prev).cwiseAbs().sum() 0.000163174
(curr.pk-p0).cwiseAbs().sum() 0.0189293
stable?: 1 converged?: 0 G: 3.2395e-08
tp: 4
Elapsed Time d2w: 146995 us
Elapsed Time dG: 8544 us
vz_norm: 1.46948e-07vp_norm: 8.60547e-09
zk -1.83954e-06
-1.48518e-06
-1.98621e-07
   0.0019486
 -0.00194432
-0.000162673
-0.000925061
-0.000747234
-9.94122e-05
  0.00031819
 -0.00032815
-5.62015e-05
           0
           0
           0
           0
           0
           0
 4.96503e-05
           0
           0
 3.33804e-05
           0
 3.31923e-05
           0
 5.95655e-05
           0
           0
 2.85791e-06
-1.65825e-05
           0
           0
 1.66748e-05
           0
           0
 4.76295e-07
           0
           0
-9.92441e-09
  5.3105e-09
 1.00265e-08
-5.36513e-09
-1.10306e-05
           0
           0
  1.1031e-05
           0
           0
 6.63173e-08
           0
           0
           0
           0
           0
           0
 2.49576e-06
   0.0890337
  -0.0877158
 -0.00312885
           0
           0
pk  0.99979
       1
       1
0.999792
       1
       1
0.999951
0.999988
       1
0.999686
0.999996
       1
0.999685
0.999996
       1
0.999911
0.999985
       1
 0.99938
0.999997
       1
0.999484
0.999997
       1
0.999954
       1
0.999871
 0.99638
0.999973
0.993972
 1.00201
 1.00001
 1.00428
0.999423
       1
       1
count 105
(curr.pk-pk_prev).cwiseAbs().sum() 0.000162965
(curr.pk-p0).cwiseAbs().sum() 0.0190922
stable?: 1 converged?: 0 G: 3.2395e-08
tp: 4
Elapsed Time d2w: 193755 us
Elapsed Time dG: 8194 us
vz_norm: 1.47033e-07vp_norm: 8.60494e-09
zk  1.83881e-06
-1.48479e-06
-2.00825e-07
  0.00194705
  0.00194368
 0.000164477
  0.00092469
-0.000747036
-0.000100518
 0.000318075
 0.000328046
 5.65858e-05
           0
           0
           0
           0
           0
           0
 5.02009e-05
           0
           0
-3.33701e-05
           0
 3.31804e-05
           0
 6.02256e-05
           0
           0
-2.88958e-06
-1.65766e-05
           0
           0
-1.66697e-05
           0
           0
-4.81572e-07
           0
           0
-9.91845e-09
 5.30552e-09
-1.00213e-08
 5.36056e-09
-1.10271e-05
           0
           0
-1.10275e-05
           0
           0
-6.70522e-08
           0
           0
           0
           0
           0
           0
  2.4542e-06
   0.0889783
   0.0876676
  0.00315087
           0
           0
pk 0.999789
       1
       1
 0.99979
       1
       1
 0.99995
0.999988
       1
0.999683
0.999996
       1
0.999683
0.999996
       1
 0.99991
0.999985
       1
0.999375
0.999997
       1
 0.99948
0.999997
       1
0.999954
       1
 0.99987
0.996347
0.999973
0.993921
 1.00202
 1.00001
 1.00432
0.999419
       1
       1
count 106
(curr.pk-pk_prev).cwiseAbs().sum() 0.000162757
(curr.pk-p0).cwiseAbs().sum() 0.019255
stable?: 1 converged?: 0 G: 3.23949e-08
tp: 4
Elapsed Time d2w: 162089 us
Elapsed Time dG: 10877 us
vz_norm: 1.47119e-07vp_norm: 8.60442e-09
zk -1.83807e-06
 -1.4844e-06
-2.03018e-07
   0.0019455
 -0.00194305
-0.000166273
-0.000924322
-0.000746838
-0.000101618
 0.000317959
-0.000327942
-5.69682e-05
           0
           0
           0
           0
           0
           0
  5.0749e-05
           0
           0
 3.33599e-05
           0
 3.31685e-05
           0
 6.08827e-05
           0
           0
  2.9211e-06
-1.65708e-05
           0
           0
 1.66646e-05
           0
           0
 4.86825e-07
           0
           0
-9.91251e-09
 5.30057e-09
 1.00162e-08
-5.35603e-09
-1.10236e-05
           0
           0
  1.1024e-05
           0
           0
 6.77837e-08
           0
           0
           0
           0
           0
           0
 2.41283e-06
   0.0889231
  -0.0876197
  -0.0031728
           0
           0
pk 0.999787
       1
       1
0.999788
       1
       1
 0.99995
0.999987
       1
 0.99968
0.999996
       1
 0.99968
0.999996
       1
 0.99991
0.999985
       1
0.999369
0.999997
       1
0.999476
0.999997
       1
0.999953
       1
0.999869
0.996314
0.999973
 0.99387
 1.00204
 1.00001
 1.00436
0.999414
       1
       1
count 107
(curr.pk-pk_prev).cwiseAbs().sum() 0.00016255
(curr.pk-p0).cwiseAbs().sum() 0.0194175
stable?: 1 converged?: 0 G: 3.23949e-08
tp: 4
Elapsed Time d2w: 131291 us
Elapsed Time dG: 8429 us
vz_norm: 1.47204e-07vp_norm: 8.6039e-09
zk  1.83734e-06
-1.48401e-06
-2.05202e-07
  0.00194396
  0.00194243
  0.00016806
 0.000923954
 -0.00074664
-0.000102714
 0.000317844
 0.000327839
 5.73489e-05
           0
           0
           0
           0
           0
           0
 5.12946e-05
           0
           0
-3.33496e-05
           0
 3.31566e-05
           0
 6.15367e-05
           0
           0
-2.95248e-06
-1.65649e-05
           0
           0
-1.66596e-05
           0
           0
-4.92054e-07
           0
           0
 -9.9066e-09
 5.29564e-09
-1.00111e-08
 5.35151e-09
-1.10201e-05
           0
           0
-1.10205e-05
           0
           0
-6.85119e-08
           0
           0
           0
           0
           0
           0
 2.37165e-06
   0.0888682
    0.087572
  0.00319463
           0
           0
pk 0.999785
       1
       1
0.999787
       1
       1
0.999949
0.999987
       1
0.999678
0.999996
       1
0.999677
0.999996
       1
0.999909
0.999985
       1
0.999364
0.999997
       1
0.999471
0.999997
       1
0.999953
       1
0.999868
0.996281
0.999972
0.993819
 1.00206
 1.00001
 1.00439
 0.99941
       1
       1
count 108
(curr.pk-pk_prev).cwiseAbs().sum() 0.000162344
(curr.pk-p0).cwiseAbs().sum() 0.0195799
stable?: 1 converged?: 0 G: 3.23949e-08
tp: 4
Elapsed Time d2w: 158135 us
Elapsed Time dG: 9104 us
vz_norm: 1.47288e-07vp_norm: 8.60339e-09
zk -1.83661e-06
-1.48361e-06
-2.07375e-07
  0.00194243
  -0.0019418
-0.000169839
-0.000923588
-0.000746443
-0.000103804
 0.000317729
-0.000327735
-5.77279e-05
           0
           0
           0
           0
           0
           0
 5.18377e-05
           0
           0
 3.33394e-05
           0
 3.31448e-05
           0
 6.21877e-05
           0
           0
 2.98372e-06
-1.65591e-05
           0
           0
 1.66546e-05
           0
           0
 4.97259e-07
           0
           0
-9.90071e-09
 5.29074e-09
  1.0006e-08
-5.34702e-09
-1.10166e-05
           0
           0
  1.1017e-05
           0
           0
 6.92367e-08
           0
           0
           0
           0
           0
           0
 2.33067e-06
   0.0888135
  -0.0875244
 -0.00321636
           0
           0
pk 0.999783
       1
       1
0.999785
       1
       1
0.999949
0.999987
       1
0.999675
0.999996
       1
0.999675
0.999996
       1
0.999908
0.999985
       1
0.999359
0.999997
       1
0.999467
0.999997
       1
0.999953
       1
0.999867
0.996248
0.999972
0.993769
 1.00208
 1.00001
 1.00443
0.999406
       1
       1
count 109
(curr.pk-pk_prev).cwiseAbs().sum() 0.000162139
(curr.pk-p0).cwiseAbs().sum() 0.019742
stable?: 1 converged?: 0 G: 3.23948e-08
tp: 4
Elapsed Time d2w: 139588 us
Elapsed Time dG: 7549 us
vz_norm: 1.47373e-07vp_norm: 8.60287e-09
zk  1.83589e-06
-1.48322e-06
-2.09538e-07
   0.0019409
  0.00194117
  0.00017161
 0.000923223
-0.000746246
 -0.00010489
 0.000317615
 0.000327633
 5.81052e-05
           0
           0
           0
           0
           0
           0
 5.23783e-05
           0
           0
-3.33293e-05
           0
  3.3133e-05
           0
 6.28358e-05
           0
           0
-3.01481e-06
-1.65533e-05
           0
           0
-1.66496e-05
           0
           0
 -5.0244e-07
           0
           0
-9.89484e-09
 5.28586e-09
 -1.0001e-08
 5.34255e-09
-1.10131e-05
           0
           0
-1.10135e-05
           0
           0
-6.99583e-08
           0
           0
           0
           0
           0
           0
 2.28988e-06
   0.0887591
   0.0874771
  0.00323799
           0
           0
pk 0.999782
       1
       1
0.999783
       1
       1
0.999949
0.999987
       1
0.999672
0.999996
       1
0.999672
0.999996
       1
0.999908
0.999984
       1
0.999354
0.999997
       1
0.999462
0.999997
       1
0.999952
       1
0.999866
0.996215
0.999972
0.993718
 1.00209
 1.00001
 1.00446
0.999402
       1
       1
count 110
(curr.pk-pk_prev).cwiseAbs().sum() 0.000161935
(curr.pk-p0).cwiseAbs().sum() 0.0199039
stable?: 1 converged?: 0 G: 3.23948e-08
tp: 4
Elapsed Time d2w: 154920 us
Elapsed Time dG: 8938 us
vz_norm: 1.47457e-07vp_norm: 8.60236e-09
zk -1.83516e-06
-1.48283e-06
-2.11692e-07
  0.00193938
 -0.00194055
-0.000173373
-0.000922859
-0.000746049
-0.000105971
   0.0003175
 -0.00032753
-5.84807e-05
           0
           0
           0
           0
           0
           0
 5.29165e-05
           0
           0
 3.33191e-05
           0
 3.31212e-05
           0
  6.3481e-05
           0
           0
 3.04577e-06
-1.65475e-05
           0
           0
 1.66446e-05
           0
           0
 5.07597e-07
           0
           0
-9.88899e-09
   5.281e-09
 9.99592e-09
 -5.3381e-09
-1.10096e-05
           0
           0
 1.10101e-05
           0
           0
 7.06765e-08
           0
           0
           0
           0
           0
           0
 2.24927e-06
   0.0887048
    -0.08743
 -0.00325952
           0
           0
pk  0.99978
       1
       1
0.999781
       1
       1
0.999948
0.999987
       1
 0.99967
0.999996
       1
 0.99967
0.999996
       1
0.999907
0.999984
       1
0.999348
0.999997
       1
0.999458
0.999997
       1
0.999952
       1
0.999865
0.996183
0.999972
0.993667
 1.00211
 1.00001
  1.0045
0.999398
       1
       1
count 111
(curr.pk-pk_prev).cwiseAbs().sum() 0.000161731
(curr.pk-p0).cwiseAbs().sum() 0.0200657
stable?: 1 converged?: 0 G: 3.23947e-08
tp: 4
Elapsed Time d2w: 137841 us
Elapsed Time dG: 8563 us
vz_norm: 1.47541e-07vp_norm: 8.60185e-09
zk  1.83444e-06
-1.48244e-06
-2.13836e-07
  0.00193786
  0.00193993
 0.000175128
 0.000922497
-0.000745852
-0.000107047
 0.000317387
 0.000327428
 5.88546e-05
           0
           0
           0
           0
           0
           0
 5.34523e-05
           0
           0
 -3.3309e-05
           0
 3.31094e-05
           0
 6.41232e-05
           0
           0
-3.07658e-06
-1.65417e-05
           0
           0
-1.66396e-05
           0
           0
-5.12732e-07
           0
           0
-9.88317e-09
 5.27617e-09
 -9.9909e-09
 5.33368e-09
-1.10062e-05
           0
           0
-1.10066e-05
           0
           0
-7.13916e-08
           0
           0
           0
           0
           0
           0
 2.20886e-06
   0.0886508
   0.0873831
  0.00328095
           0
           0
pk 0.999778
       1
       1
 0.99978
       1
       1
0.999948
0.999987
       1
0.999667
0.999996
       1
0.999667
0.999996
       1
0.999906
0.999984
       1
0.999343
0.999997
       1
0.999454
0.999997
       1
0.999952
       1
0.999864
 0.99615
0.999971
0.993617
 1.00213
 1.00001
 1.00453
0.999394
       1
       1
count 112
(curr.pk-pk_prev).cwiseAbs().sum() 0.000161529
(curr.pk-p0).cwiseAbs().sum() 0.0202272
stable?: 1 converged?: 0 G: 3.23947e-08
tp: 4
Elapsed Time d2w: 118783 us
Elapsed Time dG: 8579 us
vz_norm: 1.47625e-07vp_norm: 8.60134e-09
zk -1.83372e-06
-1.48205e-06
 -2.1597e-07
  0.00193636
 -0.00193931
-0.000176875
-0.000922135
-0.000745655
-0.000108118
 0.000317273
-0.000327326
-5.92269e-05
           0
           0
           0
           0
           0
           0
 5.39856e-05
           0
           0
 3.32989e-05
           0
 3.30977e-05
           0
 6.47626e-05
           0
           0
 3.10725e-06
 -1.6536e-05
           0
           0
 1.66347e-05
           0
           0
 5.17843e-07
           0
           0
-9.87737e-09
 5.27135e-09
  9.9859e-09
-5.32927e-09
-1.10027e-05
           0
           0
 1.10032e-05
           0
           0
 7.21035e-08
           0
           0
           0
           0
           0
           0
 2.16862e-06
    0.088597
  -0.0873364
  -0.0033023
           0
           0
pk 0.999776
       1
       1
0.999778
       1
       1
0.999948
0.999987
       1
0.999664
0.999996
       1
0.999664
0.999996
       1
0.999906
0.999984
       1
0.999338
0.999997
       1
0.999449
0.999997
       1
0.999951
       1
0.999863
0.996117
0.999971
0.993566
 1.00215
 1.00001
 1.00457
0.999389
       1
       1
count 113
(curr.pk-pk_prev).cwiseAbs().sum() 0.000161328
(curr.pk-p0).cwiseAbs().sum() 0.0203885
stable?: 1 converged?: 0 G: 3.23947e-08
tp: 4
Elapsed Time d2w: 141188 us
Elapsed Time dG: 7898 us
vz_norm: 1.47708e-07vp_norm: 8.60083e-09
zk  1.83301e-06
-1.48166e-06
-2.18095e-07
  0.00193486
  0.00193869
 0.000178614
 0.000921776
-0.000745459
-0.000109184
  0.00031716
 0.000327224
 5.95975e-05
           0
           0
           0
           0
           0
           0
 5.45166e-05
           0
           0
-3.32888e-05
           0
  3.3086e-05
           0
 6.53991e-05
           0
           0
-3.13779e-06
-1.65302e-05
           0
           0
-1.66297e-05
           0
           0
-5.22931e-07
           0
           0
 -9.8716e-09
 5.26657e-09
-9.98092e-09
 5.32489e-09
-1.09993e-05
           0
           0
-1.09997e-05
           0
           0
-7.28121e-08
           0
           0
           0
           0
           0
           0
 2.12858e-06
   0.0885434
   0.0872899
  0.00332354
           0
           0
pk 0.999775
       1
       1
0.999776
       1
       1
0.999947
0.999987
       1
0.999662
0.999995
       1
0.999662
0.999996
       1
0.999905
0.999984
       1
0.999333
0.999997
       1
0.999445
0.999997
       1
0.999951
       1
0.999862
0.996085
0.999971
0.993516
 1.00216
 1.00001
  1.0046
0.999385
       1
       1
count 114
(curr.pk-pk_prev).cwiseAbs().sum() 0.000161128
(curr.pk-p0).cwiseAbs().sum() 0.0205497
stable?: 1 converged?: 0 G: 3.23946e-08
tp: 4
Elapsed Time d2w: 165224 us
Elapsed Time dG: 9516 us
vz_norm: 1.47791e-07vp_norm: 8.60032e-09
zk -1.83229e-06
-1.48128e-06
-2.20211e-07
  0.00193336
 -0.00193808
-0.000180346
-0.000921417
-0.000745263
-0.000110245
 0.000317047
-0.000327123
-5.99664e-05
           0
           0
           0
           0
           0
           0
 5.50452e-05
           0
           0
 3.32788e-05
           0
 3.30744e-05
           0
 6.60328e-05
           0
           0
  3.1682e-06
-1.65245e-05
           0
           0
 1.66248e-05
           0
           0
 5.27997e-07
           0
           0
-9.86584e-09
  5.2618e-09
 9.97596e-09
-5.32053e-09
-1.09958e-05
           0
           0
 1.09963e-05
           0
           0
 7.35176e-08
           0
           0
           0
           0
           0
           0
 2.08871e-06
     0.08849
  -0.0872435
  -0.0033447
           0
           0
pk 0.999773
       1
       1
0.999775
       1
       1
0.999947
0.999987
       1
0.999659
0.999995
       1
0.999659
0.999995
       1
0.999904
0.999984
       1
0.999328
0.999997
       1
0.999441
0.999997
       1
0.999951
       1
0.999861
0.996052
0.999971
0.993465
 1.00218
 1.00001
 1.00464
0.999381
       1
       1
count 115
(curr.pk-pk_prev).cwiseAbs().sum() 0.000160928
(curr.pk-p0).cwiseAbs().sum() 0.0207106
stable?: 1 converged?: 0 G: 3.23946e-08
tp: 4
Elapsed Time d2w: 116502 us
Elapsed Time dG: 7132 us
vz_norm: 1.47874e-07vp_norm: 8.59982e-09
zk  1.83158e-06
-1.48089e-06
-2.22317e-07
  0.00193187
  0.00193746
 0.000182069
 0.000921059
-0.000745068
-0.000111302
 0.000316934
 0.000327022
 6.03337e-05
           0
           0
           0
           0
           0
           0
 5.55715e-05
           0
           0
-3.32688e-05
           0
 3.30628e-05
           0
 6.66637e-05
           0
           0
-3.19846e-06
-1.65188e-05
           0
           0
-1.66199e-05
           0
           0
 -5.3304e-07
           0
           0
-9.86011e-09
 5.25705e-09
-9.97102e-09
 5.31619e-09
-1.09924e-05
           0
           0
-1.09929e-05
           0
           0
  -7.422e-08
           0
           0
           0
           0
           0
           0
 2.04902e-06
   0.0884369
   0.0871974
  0.00336576
           0
           0
pk 0.999771
       1
       1
0.999773
       1
       1
0.999947
0.999987
       1
0.999656
0.999995
       1
0.999656
0.999995
       1
0.999904
0.999984
       1
0.999322
0.999997
       1
0.999436
0.999997
       1
 0.99995
       1
 0.99986
0.996019
0.999971
0.993415
  1.0022
 1.00001
 1.00468
0.999377
       1
       1
count 116
(curr.pk-pk_prev).cwiseAbs().sum() 0.000160729
(curr.pk-p0).cwiseAbs().sum() 0.0208713
stable?: 1 converged?: 0 G: 3.23946e-08
tp: 4
Elapsed Time d2w: 126570 us
Elapsed Time dG: 8452 us
vz_norm: 1.47957e-07vp_norm: 8.59931e-09
zk -1.83087e-06
 -1.4805e-06
-2.24413e-07
  0.00193039
 -0.00193685
-0.000183786
-0.000920703
-0.000744872
-0.000112354
 0.000316822
-0.000326921
-6.06995e-05
           0
           0
           0
           0
           0
           0
 5.60955e-05
           0
           0
 3.32588e-05
           0
 3.30512e-05
           0
 6.72918e-05
           0
           0
  3.2286e-06
-1.65131e-05
           0
           0
 1.66149e-05
           0
           0
 5.38061e-07
           0
           0
-9.85441e-09
 5.25233e-09
  9.9661e-09
-5.31187e-09
 -1.0989e-05
           0
           0
 1.09895e-05
           0
           0
 7.49194e-08
           0
           0
           0
           0
           0
           0
 2.00951e-06
   0.0883839
  -0.0871515
 -0.00338672
           0
           0
pk 0.999769
       1
       1
0.999771
       1
       1
0.999946
0.999987
       1
0.999654
0.999995
       1
0.999654
0.999995
       1
0.999903
0.999984
       1
0.999317
0.999997
       1
0.999432
0.999997
       1
 0.99995
       1
0.999859
0.995987
 0.99997
0.993365
 1.00221
 1.00001
 1.00471
0.999373
       1
       1
count 117
(curr.pk-pk_prev).cwiseAbs().sum() 0.000160532
(curr.pk-p0).cwiseAbs().sum() 0.0210318
stable?: 1 converged?: 0 G: 3.23945e-08
tp: 4
Elapsed Time d2w: 124602 us
Elapsed Time dG: 7019 us
vz_norm: 1.48039e-07vp_norm: 8.59881e-09
zk  1.83017e-06
-1.48011e-06
-2.26501e-07
  0.00192892
  0.00193624
 0.000185494
 0.000920348
-0.000744677
-0.000113401
  0.00031671
  0.00032682
 6.10636e-05
           0
           0
           0
           0
           0
           0
 5.66171e-05
           0
           0
-3.32488e-05
           0
 3.30396e-05
           0
 6.79171e-05
           0
           0
 -3.2586e-06
-1.65074e-05
           0
           0
-1.66101e-05
           0
           0
 -5.4306e-07
           0
           0
-9.84872e-09
 5.24763e-09
-9.96121e-09
 5.30757e-09
-1.09856e-05
           0
           0
-1.09861e-05
           0
           0
-7.56156e-08
           0
           0
           0
           0
           0
           0
 1.97018e-06
   0.0883312
   0.0871057
   0.0034076
           0
           0
pk 0.999768
       1
       1
0.999769
       1
       1
0.999946
0.999986
       1
0.999651
0.999995
       1
0.999651
0.999995
       1
0.999902
0.999984
       1
0.999312
0.999997
       1
0.999428
0.999997
       1
 0.99995
       1
0.999858
0.995954
 0.99997
0.993314
 1.00223
 1.00001
 1.00475
0.999369
       1
       1
count 118
(curr.pk-pk_prev).cwiseAbs().sum() 0.000160335
(curr.pk-p0).cwiseAbs().sum() 0.0211922
stable?: 1 converged?: 0 G: 3.23945e-08
tp: 4
Elapsed Time d2w: 153021 us
Elapsed Time dG: 8305 us
vz_norm: 1.48121e-07vp_norm: 8.59831e-09
zk -1.82946e-06
-1.47973e-06
-2.28579e-07
  0.00192745
 -0.00193563
-0.000187195
-0.000919994
-0.000744482
-0.000114444
 0.000316598
 -0.00032672
-6.14261e-05
           0
           0
           0
           0
           0
           0
 5.71365e-05
           0
           0
 3.32389e-05
           0
 3.30281e-05
           0
 6.85397e-05
           0
           0
 3.28847e-06
-1.65018e-05
           0
           0
 1.66052e-05
           0
           0
 5.48038e-07
           0
           0
-9.84305e-09
 5.24295e-09
 9.95633e-09
-5.30329e-09
-1.09822e-05
           0
           0
 1.09827e-05
           0
           0
 7.63088e-08
           0
           0
           0
           0
           0
           0
 1.93102e-06
   0.0882787
  -0.0870602
 -0.00342839
           0
           0
pk 0.999766
       1
       1
0.999768
       1
       1
0.999946
0.999986
       1
0.999649
0.999995
       1
0.999649
0.999995
       1
0.999902
0.999984
       1
0.999307
0.999997
       1
0.999423
0.999997
       1
0.999949
       1
0.999857
0.995922
 0.99997
0.993264
 1.00225
 1.00001
 1.00478
0.999365
       1
       1
count 119
(curr.pk-pk_prev).cwiseAbs().sum() 0.000160139
(curr.pk-p0).cwiseAbs().sum() 0.0213523
stable?: 1 converged?: 0 G: 3.23944e-08
tp: 4
Elapsed Time d2w: 152680 us
Elapsed Time dG: 8242 us
vz_norm: 1.48203e-07vp_norm: 8.59781e-09
zk  1.82876e-06
-1.47934e-06
-2.30649e-07
  0.00192598
  0.00193502
 0.000188889
 0.000919641
-0.000744287
-0.000115483
 0.000316486
  0.00032662
 6.17871e-05
           0
           0
           0
           0
           0
           0
 5.76536e-05
           0
           0
 -3.3229e-05
           0
 3.30166e-05
           0
 6.91596e-05
           0
           0
-3.31821e-06
-1.64961e-05
           0
           0
-1.66003e-05
           0
           0
-5.52993e-07
           0
           0
-9.83741e-09
  5.2383e-09
-9.95147e-09
 5.29903e-09
-1.09788e-05
           0
           0
-1.09793e-05
           0
           0
 -7.6999e-08
           0
           0
           0
           0
           0
           0
 1.89204e-06
   0.0882264
   0.0870148
  0.00344908
           0
           0
pk 0.999764
       1
       1
0.999766
       1
       1
0.999945
0.999986
       1
0.999646
0.999995
       1
0.999646
0.999995
       1
0.999901
0.999983
       1
0.999302
0.999997
       1
0.999419
0.999997
       1
0.999949
       1
0.999857
0.995889
 0.99997
0.993214
 1.00227
 1.00001
 1.00482
0.999361
       1
       1
count 120
(curr.pk-pk_prev).cwiseAbs().sum() 0.000159944
(curr.pk-p0).cwiseAbs().sum() 0.0215123
stable?: 1 converged?: 0 G: 3.23944e-08
tp: 4
Elapsed Time d2w: 129713 us
Elapsed Time dG: 10989 us
vz_norm: 1.48285e-07vp_norm: 8.59731e-09
zk -1.82806e-06
-1.47895e-06
-2.32709e-07
  0.00192453
 -0.00193442
-0.000190575
 -0.00091929
-0.000744093
-0.000116517
 0.000316375
 -0.00032652
-6.21465e-05
           0
           0
           0
           0
           0
           0
 5.81685e-05
           0
           0
 3.32191e-05
           0
 3.30051e-05
           0
 6.97768e-05
           0
           0
 3.34782e-06
-1.64905e-05
           0
           0
 1.65954e-05
           0
           0
 5.57927e-07
           0
           0
-9.83179e-09
 5.23366e-09
 9.94663e-09
-5.29479e-09
-1.09754e-05
           0
           0
 1.09759e-05
           0
           0
 7.76862e-08
           0
           0
           0
           0
           0
           0
 1.85323e-06
   0.0881742
  -0.0869696
 -0.00346969
           0
           0
pk 0.999762
       1
       1
0.999764
       1
       1
0.999945
0.999986
       1
0.999643
0.999995
       1
0.999643
0.999995
       1
0.999901
0.999983
       1
0.999297
0.999997
       1
0.999415
0.999997
       1
0.999949
       1
0.999856
0.995857
0.999969
0.993164
 1.00228
 1.00001
 1.00485
0.999357
       1
       1
count 121
(curr.pk-pk_prev).cwiseAbs().sum() 0.00015975
(curr.pk-p0).cwiseAbs().sum() 0.021672
stable?: 1 converged?: 0 G: 3.23944e-08
tp: 4
Elapsed Time d2w: 141823 us
Elapsed Time dG: 8360 us
vz_norm: 1.48366e-07vp_norm: 8.59682e-09
zk  1.82736e-06
-1.47857e-06
 -2.3476e-07
  0.00192307
  0.00193382
 0.000192254
 0.000918939
-0.000743899
-0.000117546
 0.000316264
 0.000326421
 6.25044e-05
           0
           0
           0
           0
           0
           0
 5.86812e-05
           0
           0
-3.32093e-05
           0
 3.29936e-05
           0
 7.03914e-05
           0
           0
 -3.3773e-06
-1.64848e-05
           0
           0
-1.65906e-05
           0
           0
-5.62839e-07
           0
           0
-9.82619e-09
 5.22905e-09
-9.94181e-09
 5.29058e-09
-1.09721e-05
           0
           0
-1.09725e-05
           0
           0
-7.83704e-08
           0
           0
           0
           0
           0
           0
 1.81459e-06
   0.0881223
   0.0869247
  0.00349021
           0
           0
pk 0.999761
       1
       1
0.999762
       1
       1
0.999945
0.999986
       1
0.999641
0.999995
       1
0.999641
0.999995
       1
  0.9999
0.999983
       1
0.999291
0.999997
       1
 0.99941
0.999997
       1
0.999948
       1
0.999855
0.995824
0.999969
0.993114
  1.0023
 1.00001
 1.00489
0.999353
       1
       1
count 122
(curr.pk-pk_prev).cwiseAbs().sum() 0.000159557
(curr.pk-p0).cwiseAbs().sum() 0.0218316
stable?: 1 converged?: 0 G: 3.23943e-08
tp: 4
Elapsed Time d2w: 169108 us
Elapsed Time dG: 8400 us
vz_norm: 1.48447e-07vp_norm: 8.59632e-09
zk -1.82667e-06
-1.47818e-06
-2.36803e-07
  0.00192163
 -0.00193321
-0.000193926
 -0.00091859
-0.000743705
-0.000118571
 0.000316153
-0.000326322
-6.28608e-05
           0
           0
           0
           0
           0
           0
 5.91916e-05
           0
           0
 3.31994e-05
           0
 3.29822e-05
           0
 7.10033e-05
           0
           0
 3.40666e-06
-1.64792e-05
           0
           0
 1.65858e-05
           0
           0
 5.67731e-07
           0
           0
-9.82061e-09
 5.22445e-09
 9.93701e-09
-5.28638e-09
-1.09687e-05
           0
           0
 1.09692e-05
           0
           0
 7.90517e-08
           0
           0
           0
           0
           0
           0
 1.77612e-06
   0.0880706
  -0.0868798
 -0.00351064
           0
           0
pk 0.999759
       1
       1
0.999761
       1
       1
0.999944
0.999986
       1
0.999638
0.999995
       1
0.999638
0.999995
       1
0.999899
0.999983
       1
0.999286
0.999997
       1
0.999406
0.999997
       1
0.999948
       1
0.999854
0.995792
0.999969
0.993064
 1.00232
 1.00001
 1.00492
0.999349
       1
       1
count 123
(curr.pk-pk_prev).cwiseAbs().sum() 0.000159365
(curr.pk-p0).cwiseAbs().sum() 0.0219909
stable?: 1 converged?: 0 G: 3.23943e-08
tp: 4
Elapsed Time d2w: 146414 us
Elapsed Time dG: 8335 us
vz_norm: 1.48528e-07vp_norm: 8.59583e-09
zk  1.82598e-06
 -1.4778e-06
-2.38837e-07
  0.00192019
  0.00193261
  0.00019559
 0.000918242
-0.000743511
-0.000119592
 0.000316043
 0.000326223
 6.32156e-05
           0
           0
           0
           0
           0
           0
 5.96999e-05
           0
           0
-3.31896e-05
           0
 3.29708e-05
           0
 7.16126e-05
           0
           0
-3.43589e-06
-1.64736e-05
           0
           0
 -1.6581e-05
           0
           0
-5.72601e-07
           0
           0
-9.81505e-09
 5.21988e-09
-9.93223e-09
  5.2822e-09
-1.09653e-05
           0
           0
-1.09658e-05
           0
           0
  -7.973e-08
           0
           0
           0
           0
           0
           0
 1.73781e-06
   0.0880191
   0.0868352
  0.00353098
           0
           0
pk 0.999757
       1
       1
0.999759
       1
       1
0.999944
0.999986
       1
0.999635
0.999995
       1
0.999635
0.999995
       1
0.999899
0.999983
       1
0.999281
0.999997
       1
0.999402
0.999997
       1
0.999948
       1
0.999853
0.995759
0.999969
0.993014
 1.00233
 1.00001
 1.00496
0.999345
       1
       1
count 124
(curr.pk-pk_prev).cwiseAbs().sum() 0.000159173
(curr.pk-p0).cwiseAbs().sum() 0.0221501
stable?: 1 converged?: 0 G: 3.23942e-08
tp: 4
Elapsed Time d2w: 144354 us
Elapsed Time dG: 8108 us
vz_norm: 1.48609e-07vp_norm: 8.59534e-09
zk -1.82529e-06
-1.47741e-06
-2.40862e-07
  0.00191876
 -0.00193202
-0.000197248
-0.000917895
-0.000743318
-0.000120608
 0.000315933
-0.000326124
 -6.3569e-05
           0
           0
           0
           0
           0
           0
  6.0206e-05
           0
           0
 3.31799e-05
           0
 3.29595e-05
           0
 7.22193e-05
           0
           0
 3.46499e-06
 -1.6468e-05
           0
           0
 1.65762e-05
           0
           0
 5.77451e-07
           0
           0
-9.80951e-09
 5.21532e-09
 9.92747e-09
-5.27804e-09
 -1.0962e-05
           0
           0
 1.09625e-05
           0
           0
 8.04055e-08
           0
           0
           0
           0
           0
           0
 1.69968e-06
   0.0879678
  -0.0867908
 -0.00355124
           0
           0
pk 0.999755
       1
       1
0.999757
       1
       1
0.999944
0.999986
       1
0.999633
0.999995
       1
0.999633
0.999995
       1
0.999898
0.999983
       1
0.999276
0.999997
       1
0.999398
0.999997
       1
0.999947
       1
0.999852
0.995727
0.999968
0.992965
 1.00235
 1.00001
 1.00499
0.999341
       1
       1
count 125
(curr.pk-pk_prev).cwiseAbs().sum() 0.000158982
(curr.pk-p0).cwiseAbs().sum() 0.0223091
stable?: 1 converged?: 0 G: 3.23942e-08
tp: 4
Elapsed Time d2w: 133999 us
Elapsed Time dG: 8411 us
vz_norm: 1.48689e-07vp_norm: 8.59485e-09
zk   1.8246e-06
-1.47703e-06
-2.42879e-07
  0.00191733
  0.00193142
 0.000198898
 0.000917549
-0.000743124
 -0.00012162
 0.000315823
 0.000326026
 6.39208e-05
           0
           0
           0
           0
           0
           0
 6.07099e-05
           0
           0
-3.31701e-05
           0
 3.29481e-05
           0
 7.28234e-05
           0
           0
-3.49397e-06
-1.64625e-05
           0
           0
-1.65714e-05
           0
           0
 -5.8228e-07
           0
           0
-9.80399e-09
 5.21079e-09
-9.92273e-09
  5.2739e-09
-1.09587e-05
           0
           0
-1.09591e-05
           0
           0
-8.10781e-08
           0
           0
           0
           0
           0
           0
 1.66171e-06
   0.0879167
   0.0867465
  0.00357142
           0
           0
pk 0.999754
       1
       1
0.999756
       1
       1
0.999943
0.999986
       1
 0.99963
0.999995
       1
 0.99963
0.999995
       1
0.999897
0.999983
       1
0.999271
0.999997
       1
0.999393
0.999997
       1
0.999947
       1
0.999851
0.995695
0.999968
0.992915
 1.00237
 1.00001
 1.00503
0.999337
       1
       1
count 126
(curr.pk-pk_prev).cwiseAbs().sum() 0.000158792
(curr.pk-p0).cwiseAbs().sum() 0.0224679
stable?: 1 converged?: 0 G: 3.23942e-08
tp: 4
Elapsed Time d2w: 152730 us
Elapsed Time dG: 7959 us
vz_norm: 1.48769e-07vp_norm: 8.59436e-09
zk -1.82391e-06
-1.47665e-06
-2.44887e-07
  0.00191591
 -0.00193083
-0.000200541
-0.000917204
-0.000742931
-0.000122627
 0.000315714
-0.000325928
-6.42712e-05
           0
           0
           0
           0
           0
           0
 6.12117e-05
           0
           0
 3.31604e-05
           0
 3.29368e-05
           0
  7.3425e-05
           0
           0
 3.52283e-06
-1.64569e-05
           0
           0
 1.65666e-05
           0
           0
 5.87088e-07
           0
           0
 -9.7985e-09
 5.20628e-09
 9.91801e-09
-5.26978e-09
-1.09553e-05
           0
           0
 1.09558e-05
           0
           0
 8.17479e-08
           0
           0
           0
           0
           0
           0
  1.6239e-06
   0.0878657
  -0.0867024
  -0.0035915
           0
           0
pk 0.999752
       1
       1
0.999754
       1
       1
0.999943
0.999986
       1
0.999628
0.999995
       1
0.999628
0.999995
       1
0.999897
0.999983
       1
0.999266
0.999997
       1
0.999389
0.999997
       1
0.999947
       1
 0.99985
0.995662
0.999968
0.992865
 1.00239
 1.00001
 1.00506
0.999333
       1
       1
count 127
(curr.pk-pk_prev).cwiseAbs().sum() 0.000158603
(curr.pk-p0).cwiseAbs().sum() 0.0226265
stable?: 1 converged?: 0 G: 3.23941e-08
tp: 4
Elapsed Time d2w: 157066 us
Elapsed Time dG: 9420 us
vz_norm: 1.48849e-07vp_norm: 8.59388e-09
zk  1.82323e-06
-1.47627e-06
-2.46887e-07
  0.00191449
  0.00193023
 0.000202178
  0.00091686
-0.000742739
-0.000123631
 0.000315604
  0.00032583
 6.46201e-05
           0
           0
           0
           0
           0
           0
 6.17114e-05
           0
           0
-3.31507e-05
           0
 3.29255e-05
           0
 7.40241e-05
           0
           0
-3.55157e-06
-1.64514e-05
           0
           0
-1.65618e-05
           0
           0
-5.91877e-07
           0
           0
-9.79302e-09
 5.20179e-09
 -9.9133e-09
 5.26568e-09
 -1.0952e-05
           0
           0
-1.09525e-05
           0
           0
-8.24149e-08
           0
           0
           0
           0
           0
           0
 1.58625e-06
    0.087815
   0.0866585
  0.00361151
           0
           0
pk  0.99975
       1
       1
0.999752
       1
       1
0.999942
0.999986
       1
0.999625
0.999995
       1
0.999625
0.999995
       1
0.999896
0.999983
       1
0.999261
0.999997
       1
0.999385
0.999997
       1
0.999946
       1
0.999849
 0.99563
0.999968
0.992816
  1.0024
 1.00001
 1.00509
 0.99933
       1
       1
count 128
(curr.pk-pk_prev).cwiseAbs().sum() 0.000158415
(curr.pk-p0).cwiseAbs().sum() 0.0227849
stable?: 1 converged?: 0 G: 3.23941e-08
tp: 4
Elapsed Time d2w: 183911 us
Elapsed Time dG: 8236 us
vz_norm: 1.48929e-07vp_norm: 8.59339e-09
zk -1.82255e-06
-1.47588e-06
-2.48878e-07
  0.00191308
 -0.00192964
-0.000203807
-0.000916518
-0.000742546
 -0.00012463
 0.000315495
-0.000325733
-6.49675e-05
           0
           0
           0
           0
           0
           0
 6.22091e-05
           0
           0
  3.3141e-05
           0
 3.29143e-05
           0
 7.46206e-05
           0
           0
 3.58018e-06
-1.64458e-05
           0
           0
 1.65571e-05
           0
           0
 5.96645e-07
           0
           0
-9.78756e-09
 5.19731e-09
 9.90862e-09
-5.26159e-09
-1.09487e-05
           0
           0
 1.09492e-05
           0
           0
  8.3079e-08
           0
           0
           0
           0
           0
           0
 1.54877e-06
   0.0877644
  -0.0866147
 -0.00363143
           0
           0
pk 0.999748
       1
       1
 0.99975
       1
       1
0.999942
0.999986
       1
0.999622
0.999995
       1
0.999622
0.999995
       1
0.999896
0.999983
       1
0.999256
0.999997
       1
 0.99938
0.999997
       1
0.999946
       1
0.999848
0.995598
0.999968
0.992766
 1.00242
 1.00001
 1.00513
0.999326
       1
       1
count 129
(curr.pk-pk_prev).cwiseAbs().sum() 0.000158228
(curr.pk-p0).cwiseAbs().sum() 0.0229431
stable?: 1 converged?: 0 G: 3.2394e-08
tp: 4
Elapsed Time d2w: 122817 us
Elapsed Time dG: 10376 us
vz_norm: 1.49008e-07vp_norm: 8.59291e-09
zk  1.82187e-06
 -1.4755e-06
-2.50861e-07
  0.00191167
  0.00192905
  0.00020543
 0.000916176
-0.000742354
-0.000125625
 0.000315387
 0.000325635
 6.53136e-05
           0
           0
           0
           0
           0
           0
 6.27046e-05
           0
           0
-3.31314e-05
           0
 3.29031e-05
           0
 7.52146e-05
           0
           0
-3.60868e-06
-1.64403e-05
           0
           0
-1.65523e-05
           0
           0
-6.01393e-07
           0
           0
-9.78212e-09
 5.19286e-09
-9.90395e-09
 5.25753e-09
-1.09454e-05
           0
           0
-1.09459e-05
           0
           0
-8.37404e-08
           0
           0
           0
           0
           0
           0
 1.51145e-06
   0.0877141
   0.0865711
  0.00365127
           0
           0
pk 0.999747
       1
       1
0.999749
       1
       1
0.999942
0.999985
       1
 0.99962
0.999995
       1
 0.99962
0.999995
       1
0.999895
0.999982
       1
 0.99925
0.999997
       1
0.999376
0.999997
       1
0.999946
       1
0.999848
0.995565
0.999967
0.992717
 1.00244
 1.00001
 1.00516
0.999322
       1
       1
count 130
(curr.pk-pk_prev).cwiseAbs().sum() 0.000158041
(curr.pk-p0).cwiseAbs().sum() 0.0231012
stable?: 1 converged?: 0 G: 3.2394e-08
tp: 4
Elapsed Time d2w: 122254 us
Elapsed Time dG: 7787 us
vz_norm: 1.49087e-07vp_norm: 8.59243e-09
zk -1.82119e-06
-1.47512e-06
-2.52836e-07
  0.00191027
 -0.00192846
-0.000207046
-0.000915836
-0.000742162
-0.000126616
 0.000315278
-0.000325538
-6.56581e-05
           0
           0
           0
           0
           0
           0
  6.3198e-05
           0
           0
 3.31218e-05
           0
 3.28919e-05
           0
 7.58062e-05
           0
           0
 3.63706e-06
-1.64348e-05
           0
           0
 1.65476e-05
           0
           0
 6.06122e-07
           0
           0
-9.77671e-09
 5.18843e-09
  9.8993e-09
-5.25348e-09
-1.09421e-05
           0
           0
 1.09426e-05
           0
           0
  8.4399e-08
           0
           0
           0
           0
           0
           0
 1.47428e-06
   0.0876639
  -0.0865277
 -0.00367102
           0
           0
pk 0.999745
       1
       1
0.999747
       1
       1
0.999941
0.999985
       1
0.999617
0.999995
       1
0.999617
0.999995
       1
0.999894
0.999982
       1
0.999245
0.999997
       1
0.999372
0.999997
       1
0.999945
       1
0.999847
0.995533
0.999967
0.992667
 1.00245
 1.00001
  1.0052
0.999318
       1
       1
count 131
(curr.pk-pk_prev).cwiseAbs().sum() 0.000157856
(curr.pk-p0).cwiseAbs().sum() 0.023259
stable?: 1 converged?: 0 G: 3.2394e-08
tp: 4
Elapsed Time d2w: 119723 us
Elapsed Time dG: 9117 us
vz_norm: 1.49166e-07vp_norm: 8.59195e-09
zk  1.82051e-06
-1.47474e-06
-2.54802e-07
  0.00190888
  0.00192788
 0.000208655
 0.000915497
 -0.00074197
-0.000127603
  0.00031517
 0.000325441
 6.60013e-05
           0
           0
           0
           0
           0
           0
 6.36895e-05
           0
           0
-3.31122e-05
           0
 3.28807e-05
           0
 7.63953e-05
           0
           0
-3.66531e-06
-1.64293e-05
           0
           0
-1.65429e-05
           0
           0
 -6.1083e-07
           0
           0
-9.77131e-09
 5.18401e-09
-9.89466e-09
 5.24946e-09
-1.09388e-05
           0
           0
-1.09393e-05
           0
           0
-8.50549e-08
           0
           0
           0
           0
           0
           0
 1.43727e-06
   0.0876139
   0.0864845
   0.0036907
           0
           0
pk 0.999743
       1
       1
0.999745
       1
       1
0.999941
0.999985
       1
0.999615
0.999995
       1
0.999615
0.999995
       1
0.999894
0.999982
       1
 0.99924
0.999997
       1
0.999368
0.999997
       1
0.999945
       1
0.999846
0.995501
0.999967
0.992618
 1.00247
 1.00001
 1.00523
0.999314
       1
       1
count 132
(curr.pk-pk_prev).cwiseAbs().sum() 0.000157671
(curr.pk-p0).cwiseAbs().sum() 0.0234167
stable?: 1 converged?: 0 G: 3.23939e-08
tp: 4
Elapsed Time d2w: 116625 us
Elapsed Time dG: 8238 us
vz_norm: 1.49245e-07vp_norm: 8.59147e-09
zk -1.81984e-06
-1.47436e-06
-2.56761e-07
  0.00190749
 -0.00192729
-0.000210257
-0.000915158
-0.000741779
-0.000128585
 0.000315062
-0.000325345
-6.63431e-05
           0
           0
           0
           0
           0
           0
 6.41789e-05
           0
           0
 3.31026e-05
           0
 3.28695e-05
           0
  7.6982e-05
           0
           0
 3.69346e-06
-1.64238e-05
           0
           0
 1.65382e-05
           0
           0
  6.1552e-07
           0
           0
-9.76593e-09
 5.17962e-09
 9.89005e-09
-5.24545e-09
-1.09355e-05
           0
           0
  1.0936e-05
           0
           0
 8.57081e-08
           0
           0
           0
           0
           0
           0
 1.40042e-06
   0.0875641
  -0.0864414
 -0.00371029
           0
           0
pk 0.999741
       1
       1
0.999744
       1
       1
0.999941
0.999985
       1
0.999612
0.999995
       1
0.999612
0.999995
       1
0.999893
0.999982
       1
0.999235
0.999997
       1
0.999363
0.999997
       1
0.999945
       1
0.999845
0.995469
0.999967
0.992568
 1.00249
 1.00001
 1.00527
 0.99931
       1
       1
count 133
(curr.pk-pk_prev).cwiseAbs().sum() 0.000157486
(curr.pk-p0).cwiseAbs().sum() 0.0235742
stable?: 1 converged?: 0 G: 3.23939e-08
tp: 4
Elapsed Time d2w: 117759 us
Elapsed Time dG: 8726 us
vz_norm: 1.49323e-07vp_norm: 8.59099e-09
zk  1.81917e-06
-1.47398e-06
-2.58711e-07
  0.00190611
  0.00192671
 0.000211853
 0.000914821
-0.000741588
-0.000129564
 0.000314955
 0.000325249
 6.66834e-05
           0
           0
           0
           0
           0
           0
 6.46662e-05
           0
           0
 -3.3093e-05
           0
 3.28584e-05
           0
 7.75662e-05
           0
           0
-3.72148e-06
-1.64184e-05
           0
           0
-1.65335e-05
           0
           0
 -6.2019e-07
           0
           0
-9.76057e-09
 5.17524e-09
-9.88545e-09
 5.24145e-09
-1.09323e-05
           0
           0
-1.09328e-05
           0
           0
-8.63586e-08
           0
           0
           0
           0
           0
           0
 1.36372e-06
   0.0875145
   0.0863985
  0.00372981
           0
           0
pk  0.99974
       1
       1
0.999742
       1
       1
0.999941
0.999985
       1
0.999609
0.999995
       1
 0.99961
0.999995
       1
0.999892
0.999982
       1
 0.99923
0.999997
       1
0.999359
0.999997
       1
0.999945
       1
0.999844
0.995436
0.999966
0.992519
  1.0025
 1.00001
  1.0053
0.999307
       1
       1
count 134
(curr.pk-pk_prev).cwiseAbs().sum() 0.000157303
(curr.pk-p0).cwiseAbs().sum() 0.0237315
stable?: 1 converged?: 0 G: 3.23938e-08
tp: 4
Elapsed Time d2w: 121403 us
Elapsed Time dG: 8708 us
vz_norm: 1.49402e-07vp_norm: 8.59051e-09
zk  -1.8185e-06
 -1.4736e-06
-2.60653e-07
  0.00190473
 -0.00192612
-0.000213442
-0.000914485
-0.000741397
-0.000130539
 0.000314847
-0.000325152
-6.70224e-05
           0
           0
           0
           0
           0
           0
 6.51516e-05
           0
           0
 3.30835e-05
           0
 3.28473e-05
           0
 7.81481e-05
           0
           0
  3.7494e-06
-1.64129e-05
           0
           0
 1.65288e-05
           0
           0
  6.2484e-07
           0
           0
-9.75523e-09
 5.17088e-09
 9.88087e-09
-5.23748e-09
 -1.0929e-05
           0
           0
 1.09295e-05
           0
           0
 8.70064e-08
           0
           0
           0
           0
           0
           0
 1.32717e-06
   0.0874651
  -0.0863558
 -0.00374924
           0
           0
pk 0.999738
       1
       1
 0.99974
       1
       1
 0.99994
0.999985
       1
0.999607
0.999995
       1
0.999607
0.999995
       1
0.999892
0.999982
       1
0.999225
0.999997
       1
0.999355
0.999997
       1
0.999944
       1
0.999843
0.995404
0.999966
 0.99247
 1.00252
 1.00001
 1.00534
0.999303
       1
       1
count 135
(curr.pk-pk_prev).cwiseAbs().sum() 0.00015712
(curr.pk-p0).cwiseAbs().sum() 0.0238886
stable?: 1 converged?: 0 G: 3.23938e-08
tp: 4
Elapsed Time d2w: 137430 us
Elapsed Time dG: 8210 us
vz_norm: 1.4948e-07vp_norm: 8.59004e-09
zk  1.81783e-06
-1.47322e-06
-2.62588e-07
  0.00190336
  0.00192554
 0.000215025
  0.00091415
-0.000741206
-0.000131509
  0.00031474
 0.000325057
   6.736e-05
           0
           0
           0
           0
           0
           0
  6.5635e-05
           0
           0
 -3.3074e-05
           0
 3.28363e-05
           0
 7.87276e-05
           0
           0
-3.77719e-06
-1.64075e-05
           0
           0
-1.65241e-05
           0
           0
-6.29472e-07
           0
           0
-9.74991e-09
 5.16654e-09
-9.87631e-09
 5.23352e-09
-1.09257e-05
           0
           0
-1.09263e-05
           0
           0
-8.76516e-08
           0
           0
           0
           0
           0
           0
 1.29078e-06
   0.0874159
   0.0863132
   0.0037686
           0
           0
pk 0.999736
       1
       1
0.999738
       1
       1
 0.99994
0.999985
       1
0.999604
0.999995
       1
0.999604
0.999995
       1
0.999891
0.999982
       1
 0.99922
0.999997
       1
0.999351
0.999997
       1
0.999944
       1
0.999842
0.995372
0.999966
0.992421
 1.00254
 1.00001
 1.00537
0.999299
       1
       1
count 136
(curr.pk-pk_prev).cwiseAbs().sum() 0.000156938
(curr.pk-p0).cwiseAbs().sum() 0.0240455
stable?: 1 converged?: 0 G: 3.23938e-08
tp: 4
Elapsed Time d2w: 126355 us
Elapsed Time dG: 8046 us
vz_norm: 1.49557e-07vp_norm: 8.58956e-09
zk -1.81717e-06
-1.47285e-06
-2.64514e-07
  0.00190199
 -0.00192497
-0.000216601
-0.000913816
-0.000741015
-0.000132476
 0.000314633
-0.000324961
-6.76962e-05
           0
           0
           0
           0
           0
           0
 6.61165e-05
           0
           0
 3.30645e-05
           0
 3.28252e-05
           0
 7.93048e-05
           0
           0
 3.80488e-06
-1.64021e-05
           0
           0
 1.65195e-05
           0
           0
 6.34085e-07
           0
           0
-9.74461e-09
 5.16222e-09
 9.87176e-09
-5.22958e-09
-1.09225e-05
           0
           0
  1.0923e-05
           0
           0
 8.82942e-08
           0
           0
           0
           0
           0
           0
 1.25454e-06
   0.0873668
  -0.0862708
 -0.00378788
           0
           0
pk 0.999735
       1
       1
0.999737
       1
       1
 0.99994
0.999985
       1
0.999602
0.999995
       1
0.999602
0.999995
       1
0.999891
0.999982
       1
0.999215
0.999997
       1
0.999346
0.999997
       1
0.999944
       1
0.999841
 0.99534
0.999966
0.992372
 1.00256
 1.00001
 1.00541
0.999295
       1
       1
count 137
(curr.pk-pk_prev).cwiseAbs().sum() 0.000156757
(curr.pk-p0).cwiseAbs().sum() 0.0242023
stable?: 1 converged?: 0 G: 3.23937e-08
tp: 4
Elapsed Time d2w: 138889 us
Elapsed Time dG: 8120 us
vz_norm: 1.49635e-07vp_norm: 8.58909e-09
zk  1.81651e-06
-1.47247e-06
-2.66433e-07
  0.00190063
  0.00192439
 0.000218171
 0.000913483
-0.000740825
-0.000133439
 0.000314527
 0.000324866
 6.80311e-05
           0
           0
           0
           0
           0
           0
  6.6596e-05
           0
           0
-3.30551e-05
           0
 3.28142e-05
           0
 7.98796e-05
           0
           0
-3.83245e-06
-1.63966e-05
           0
           0
-1.65148e-05
           0
           0
 -6.3868e-07
           0
           0
-9.73932e-09
 5.15792e-09
-9.86724e-09
 5.22566e-09
-1.09193e-05
           0
           0
-1.09198e-05
           0
           0
-8.89342e-08
           0
           0
           0
           0
           0
           0
 1.21844e-06
   0.0873179
   0.0862286
  0.00380708
           0
           0
pk 0.999733
       1
       1
0.999735
       1
       1
0.999939
0.999985
       1
0.999599
0.999995
       1
0.999599
0.999995
       1
 0.99989
0.999982
       1
 0.99921
0.999997
       1
0.999342
0.999997
       1
0.999943
       1
0.999841
0.995308
0.999966
0.992323
 1.00257
 1.00001
 1.00544
0.999291
       1
       1
count 138
(curr.pk-pk_prev).cwiseAbs().sum() 0.000156577
(curr.pk-p0).cwiseAbs().sum() 0.0243589
stable?: 1 converged?: 0 G: 3.23937e-08
tp: 4
Elapsed Time d2w: 128796 us
Elapsed Time dG: 7853 us
vz_norm: 1.49712e-07vp_norm: 8.58862e-09
zk -1.81585e-06
-1.47209e-06
-2.68344e-07
  0.00189927
 -0.00192381
-0.000219735
-0.000913151
-0.000740635
-0.000134398
  0.00031442
-0.000324771
-6.83646e-05
           0
           0
           0
           0
           0
           0
 6.70735e-05
           0
           0
 3.30457e-05
           0
 3.28032e-05
           0
 8.04521e-05
           0
           0
 3.85991e-06
-1.63912e-05
           0
           0
 1.65102e-05
           0
           0
 6.43255e-07
           0
           0
-9.73406e-09
 5.15363e-09
 9.86273e-09
-5.22176e-09
 -1.0916e-05
           0
           0
 1.09166e-05
           0
           0
 8.95716e-08
           0
           0
           0
           0
           0
           0
  1.1825e-06
   0.0872692
  -0.0861865
  -0.0038262
           0
           0
pk 0.999731
       1
       1
0.999733
       1
       1
0.999939
0.999985
       1
0.999597
0.999995
       1
0.999597
0.999995
       1
0.999889
0.999982
       1
0.999205
0.999996
       1
0.999338
0.999997
       1
0.999943
       1
 0.99984
0.995276
0.999965
0.992274
 1.00259
 1.00001
 1.00547
0.999288
       1
       1
count 139
(curr.pk-pk_prev).cwiseAbs().sum() 0.000156397
(curr.pk-p0).cwiseAbs().sum() 0.0245153
stable?: 1 converged?: 0 G: 3.23937e-08
tp: 4
Elapsed Time d2w: 137401 us
Elapsed Time dG: 8005 us
vz_norm: 1.49789e-07vp_norm: 8.58815e-09
zk  1.81519e-06
-1.47171e-06
-2.70247e-07
  0.00189792
  0.00192324
 0.000221292
  0.00091282
-0.000740445
-0.000135353
 0.000314314
 0.000324676
 6.86969e-05
           0
           0
           0
           0
           0
           0
 6.75492e-05
           0
           0
-3.30362e-05
           0
 3.27923e-05
           0
 8.10223e-05
           0
           0
-3.88726e-06
-1.63858e-05
           0
           0
-1.65056e-05
           0
           0
-6.47813e-07
           0
           0
-9.72881e-09
 5.14937e-09
-9.85823e-09
 5.21787e-09
-1.09128e-05
           0
           0
-1.09133e-05
           0
           0
-9.02064e-08
           0
           0
           0
           0
           0
           0
  1.1467e-06
   0.0872206
   0.0861446
  0.00384525
           0
           0
pk 0.999729
       1
       1
0.999732
       1
       1
0.999939
0.999985
       1
0.999594
0.999995
       1
0.999594
0.999995
       1
0.999889
0.999981
       1
  0.9992
0.999996
       1
0.999334
0.999997
       1
0.999943
       1
0.999839
0.995244
0.999965
0.992225
 1.00261
 1.00001
 1.00551
0.999284
       1
       1
count 140
(curr.pk-pk_prev).cwiseAbs().sum() 0.000156219
(curr.pk-p0).cwiseAbs().sum() 0.0246715
stable?: 1 converged?: 0 G: 3.23936e-08
tp: 4
Elapsed Time d2w: 131374 us
Elapsed Time dG: 12187 us
vz_norm: 1.49866e-07vp_norm: 8.58768e-09
zk -1.81453e-06
-1.47134e-06
-2.72143e-07
  0.00189657
 -0.00192267
-0.000222843
 -0.00091249
-0.000740256
-0.000136304
 0.000314209
-0.000324581
-6.90277e-05
           0
           0
           0
           0
           0
           0
 6.80229e-05
           0
           0
 3.30269e-05
           0
 3.27813e-05
           0
 8.15902e-05
           0
           0
  3.9145e-06
-1.63805e-05
           0
           0
  1.6501e-05
           0
           0
 6.52352e-07
           0
           0
-9.72358e-09
 5.14512e-09
 9.85375e-09
  -5.214e-09
-1.09096e-05
           0
           0
 1.09101e-05
           0
           0
 9.08387e-08
           0
           0
           0
           0
           0
           0
 1.11105e-06
   0.0871723
  -0.0861028
 -0.00386422
           0
           0
pk 0.999728
       1
       1
 0.99973
       1
       1
0.999938
0.999985
       1
0.999591
0.999995
       1
0.999592
0.999995
       1
0.999888
0.999981
       1
0.999195
0.999996
       1
 0.99933
0.999997
       1
0.999942
       1
0.999838
0.995212
0.999965
0.992176
 1.00262
 1.00001
 1.00554
 0.99928
       1
       1
count 141
(curr.pk-pk_prev).cwiseAbs().sum() 0.00015604
(curr.pk-p0).cwiseAbs().sum() 0.0248275
stable?: 1 converged?: 0 G: 3.23936e-08
tp: 4
Elapsed Time d2w: 142653 us
Elapsed Time dG: 8264 us
vz_norm: 1.49943e-07vp_norm: 8.58721e-09
zk  1.81388e-06
-1.47096e-06
-2.74031e-07
  0.00189523
  0.00192209
 0.000224388
 0.000912161
-0.000740066
-0.000137252
 0.000314103
 0.000324487
 6.93573e-05
           0
           0
           0
           0
           0
           0
 6.84947e-05
           0
           0
-3.30175e-05
           0
 3.27704e-05
           0
 8.21558e-05
           0
           0
-3.94163e-06
-1.63751e-05
           0
           0
-1.64964e-05
           0
           0
-6.56872e-07
           0
           0
-9.71837e-09
 5.14089e-09
-9.84929e-09
 5.21014e-09
-1.09064e-05
           0
           0
-1.09069e-05
           0
           0
-9.14685e-08
           0
           0
           0
           0
           0
           0
 1.07554e-06
   0.0871241
   0.0860612
  0.00388312
           0
           0
pk 0.999726
       1
       1
0.999728
       1
       1
0.999938
0.999984
       1
0.999589
0.999994
       1
0.999589
0.999995
       1
0.999888
0.999981
       1
 0.99919
0.999996
       1
0.999325
0.999997
       1
0.999942
       1
0.999837
 0.99518
0.999965
0.992127
 1.00264
 1.00001
 1.00558
0.999277
       1
       1
count 142
(curr.pk-pk_prev).cwiseAbs().sum() 0.000155863
(curr.pk-p0).cwiseAbs().sum() 0.0249834
stable?: 1 converged?: 0 G: 3.23935e-08
tp: 4
Elapsed Time d2w: 129860 us
Elapsed Time dG: 7631 us
vz_norm: 1.5002e-07vp_norm: 8.58675e-09
zk -1.81322e-06
-1.47059e-06
-2.75912e-07
   0.0018939
 -0.00192152
-0.000225926
-0.000911833
-0.000739877
-0.000138195
 0.000313998
-0.000324393
-6.96856e-05
           0
           0
           0
           0
           0
           0
 6.89647e-05
           0
           0
 3.30082e-05
           0
 3.27595e-05
           0
 8.27192e-05
           0
           0
 3.96865e-06
-1.63698e-05
           0
           0
 1.64918e-05
           0
           0
 6.61375e-07
           0
           0
-9.71318e-09
 5.13667e-09
 9.84485e-09
-5.20631e-09
-1.09032e-05
           0
           0
 1.09037e-05
           0
           0
 9.20958e-08
           0
           0
           0
           0
           0
           0
 1.04018e-06
    0.087076
  -0.0860197
 -0.00390194
           0
           0
pk 0.999724
       1
       1
0.999727
       1
       1
0.999938
0.999984
       1
0.999586
0.999994
       1
0.999586
0.999995
       1
0.999887
0.999981
       1
0.999185
0.999996
       1
0.999321
0.999996
       1
0.999942
       1
0.999836
0.995148
0.999964
0.992078
 1.00266
 1.00001
 1.00561
0.999273
       1
       1
count 143
(curr.pk-pk_prev).cwiseAbs().sum() 0.000155686
(curr.pk-p0).cwiseAbs().sum() 0.0251391
stable?: 1 converged?: 0 G: 3.23935e-08
tp: 4
Elapsed Time d2w: 118430 us
Elapsed Time dG: 7952 us
vz_norm: 1.50096e-07vp_norm: 8.58628e-09
zk  1.81257e-06
-1.47021e-06
-2.77785e-07
  0.00189257
  0.00192096
 0.000227459
 0.000911506
-0.000739689
-0.000139135
 0.000313893
 0.000324299
 7.00126e-05
           0
           0
           0
           0
           0
           0
 6.94328e-05
           0
           0
-3.29989e-05
           0
 3.27487e-05
           0
 8.32804e-05
           0
           0
-3.99557e-06
-1.63644e-05
           0
           0
-1.64872e-05
           0
           0
 -6.6586e-07
           0
           0
  -9.708e-09
 5.13248e-09
-9.84042e-09
 5.20249e-09
   -1.09e-05
           0
           0
-1.09005e-05
           0
           0
-9.27205e-08
           0
           0
           0
           0
           0
           0
 1.00496e-06
   0.0870282
   0.0859784
  0.00392069
           0
           0
pk 0.999723
       1
       1
0.999725
       1
       1
0.999937
0.999984
       1
0.999584
0.999994
       1
0.999584
0.999994
       1
0.999886
0.999981
       1
 0.99918
0.999996
       1
0.999317
0.999996
       1
0.999941
       1
0.999835
0.995116
0.999964
 0.99203
 1.00267
 1.00002
 1.00564
0.999269
       1
       1
count 144
(curr.pk-pk_prev).cwiseAbs().sum() 0.00015551
(curr.pk-p0).cwiseAbs().sum() 0.0252946
stable?: 1 converged?: 0 G: 3.23935e-08
tp: 4
Elapsed Time d2w: 121534 us
Elapsed Time dG: 8637 us
vz_norm: 1.50172e-07vp_norm: 8.58582e-09
zk -1.81192e-06
-1.46984e-06
-2.79651e-07
  0.00189124
 -0.00192039
-0.000228985
 -0.00091118
  -0.0007395
-0.000140071
 0.000313788
-0.000324205
-7.03383e-05
           0
           0
           0
           0
           0
           0
 6.98991e-05
           0
           0
 3.29896e-05
           0
 3.27378e-05
           0
 8.38393e-05
           0
           0
 4.02238e-06
-1.63591e-05
           0
           0
 1.64826e-05
           0
           0
 6.70328e-07
           0
           0
-9.70284e-09
  5.1283e-09
 9.83601e-09
-5.19868e-09
-1.08968e-05
           0
           0
 1.08974e-05
           0
           0
 9.33429e-08
           0
           0
           0
           0
           0
           0
  9.6988e-07
   0.0869805
  -0.0859373
 -0.00393936
           0
           0
pk 0.999721
       1
       1
0.999723
       1
       1
0.999937
0.999984
       1
0.999581
0.999994
       1
0.999581
0.999994
       1
0.999886
0.999981
       1
0.999175
0.999996
       1
0.999313
0.999996
       1
0.999941
       1
0.999835
0.995084
0.999964
0.991981
 1.00269
 1.00002
 1.00568
0.999266
       1
       1
count 145
(curr.pk-pk_prev).cwiseAbs().sum() 0.000155335
(curr.pk-p0).cwiseAbs().sum() 0.0254499
stable?: 1 converged?: 0 G: 3.23934e-08
tp: 4
Elapsed Time d2w: 145490 us
Elapsed Time dG: 7713 us
vz_norm: 1.50248e-07vp_norm: 8.58536e-09
zk  1.81128e-06
-1.46946e-06
-2.81509e-07
  0.00188992
  0.00191982
 0.000230505
 0.000910855
-0.000739312
-0.000141004
 0.000313683
 0.000324112
 7.06627e-05
           0
           0
           0
           0
           0
           0
 7.03635e-05
           0
           0
-3.29803e-05
           0
  3.2727e-05
           0
 8.43961e-05
           0
           0
-4.04909e-06
-1.63538e-05
           0
           0
-1.64781e-05
           0
           0
-6.74777e-07
           0
           0
 -9.6977e-09
 5.12414e-09
-9.83161e-09
 5.19489e-09
-1.08936e-05
           0
           0
-1.08942e-05
           0
           0
-9.39628e-08
           0
           0
           0
           0
           0
           0
 9.34942e-07
    0.086933
   0.0858963
  0.00395796
           0
           0
pk 0.999719
       1
       1
0.999722
       1
       1
0.999937
0.999984
       1
0.999579
0.999994
       1
0.999579
0.999994
       1
0.999885
0.999981
       1
 0.99917
0.999996
       1
0.999309
0.999996
       1
0.999941
       1
0.999834
0.995052
0.999964
0.991933
 1.00271
 1.00002
 1.00571
0.999262
       1
       1
count 146
(curr.pk-pk_prev).cwiseAbs().sum() 0.000155161
(curr.pk-p0).cwiseAbs().sum() 0.0256051
stable?: 1 converged?: 0 G: 3.23934e-08
tp: 4
Elapsed Time d2w: 115302 us
Elapsed Time dG: 8068 us
vz_norm: 1.50323e-07vp_norm: 8.5849e-09
zk -1.81063e-06
-1.46909e-06
 -2.8336e-07
   0.0018886
 -0.00191926
 -0.00023202
-0.000910531
-0.000739124
-0.000141933
 0.000313579
-0.000324019
-7.09859e-05
           0
           0
           0
           0
           0
           0
 7.08261e-05
           0
           0
 3.29711e-05
           0
 3.27162e-05
           0
 8.49507e-05
           0
           0
 4.07569e-06
-1.63485e-05
           0
           0
 1.64735e-05
           0
           0
  6.7921e-07
           0
           0
-9.69258e-09
 5.11999e-09
 9.82723e-09
-5.19112e-09
-1.08905e-05
           0
           0
  1.0891e-05
           0
           0
 9.45802e-08
           0
           0
           0
           0
           0
           0
 9.00143e-07
   0.0868856
  -0.0858554
 -0.00397649
           0
           0
pk 0.999717
       1
       1
 0.99972
       1
       1
0.999936
0.999984
       1
0.999576
0.999994
       1
0.999576
0.999994
       1
0.999885
0.999981
       1
0.999165
0.999996
       1
0.999304
0.999996
       1
0.999941
       1
0.999833
 0.99502
0.999964
0.991884
 1.00272
 1.00002
 1.00575
0.999258
       1
       1
count 147
(curr.pk-pk_prev).cwiseAbs().sum() 0.000154987
(curr.pk-p0).cwiseAbs().sum() 0.0257601
stable?: 1 converged?: 0 G: 3.23933e-08
tp: 4
Elapsed Time d2w: 125166 us
Elapsed Time dG: 7976 us
vz_norm: 1.50399e-07vp_norm: 8.58444e-09
zk  1.80999e-06
-1.46872e-06
-2.85204e-07
  0.00188729
   0.0019187
 0.000233528
 0.000910207
-0.000738936
-0.000142858
 0.000313475
 0.000323926
 7.13078e-05
           0
           0
           0
           0
           0
           0
 7.12869e-05
           0
           0
-3.29618e-05
           0
 3.27055e-05
           0
 8.55031e-05
           0
           0
-4.10218e-06
-1.63432e-05
           0
           0
 -1.6469e-05
           0
           0
-6.83625e-07
           0
           0
-9.68748e-09
 5.11587e-09
-9.82287e-09
 5.18736e-09
-1.08873e-05
           0
           0
-1.08879e-05
           0
           0
-9.51952e-08
           0
           0
           0
           0
           0
           0
 8.65482e-07
   0.0868384
   0.0858147
  0.00399495
           0
           0
pk 0.999716
       1
       1
0.999718
       1
       1
0.999936
0.999984
       1
0.999574
0.999994
       1
0.999574
0.999994
       1
0.999884
0.999981
       1
 0.99916
0.999996
       1
  0.9993
0.999996
       1
 0.99994
       1
0.999832
0.994988
0.999963
0.991835
 1.00274
 1.00002
 1.00578
0.999255
       1
       1
count 148
(curr.pk-pk_prev).cwiseAbs().sum() 0.000154814
(curr.pk-p0).cwiseAbs().sum() 0.0259149
stable?: 1 converged?: 0 G: 3.23933e-08
tp: 4
Elapsed Time d2w: 119618 us
Elapsed Time dG: 9584 us
vz_norm: 1.50474e-07vp_norm: 8.58398e-09
zk -1.80935e-06
-1.46834e-06
-2.87041e-07
  0.00188598
 -0.00191814
-0.000235031
-0.000909885
-0.000738748
 -0.00014378
 0.000313371
-0.000323833
-7.16285e-05
           0
           0
           0
           0
           0
           0
 7.17459e-05
           0
           0
 3.29526e-05
           0
 3.26947e-05
           0
 8.60534e-05
           0
           0
 4.12857e-06
-1.63379e-05
           0
           0
 1.64645e-05
           0
           0
 6.88022e-07
           0
           0
-9.68239e-09
 5.11175e-09
 9.81852e-09
-5.18362e-09
-1.08841e-05
           0
           0
 1.08847e-05
           0
           0
 9.58079e-08
           0
           0
           0
           0
           0
           0
 8.30959e-07
   0.0867914
  -0.0857741
 -0.00401333
           0
           0
pk 0.999714
       1
       1
0.999716
       1
       1
0.999936
0.999984
       1
0.999571
0.999994
       1
0.999571
0.999994
       1
0.999883
0.999981
       1
0.999154
0.999996
       1
0.999296
0.999996
       1
 0.99994
       1
0.999831
0.994957
0.999963
0.991787
 1.00276
 1.00002
 1.00581
0.999251
       1
       1
count 149
(curr.pk-pk_prev).cwiseAbs().sum() 0.000154641
(curr.pk-p0).cwiseAbs().sum() 0.0260695
stable?: 1 converged?: 0 G: 3.23933e-08
tp: 4
Elapsed Time d2w: 154819 us
Elapsed Time dG: 8717 us
vz_norm: 1.50549e-07vp_norm: 8.58352e-09
zk  1.80871e-06
-1.46797e-06
-2.88871e-07
  0.00188468
  0.00191758
 0.000236527
 0.000909564
-0.000738561
-0.000144698
 0.000313267
 0.000323741
 7.19479e-05
           0
           0
           0
           0
           0
           0
 7.22031e-05
           0
           0
-3.29435e-05
           0
  3.2684e-05
           0
 8.66015e-05
           0
           0
-4.15486e-06
-1.63326e-05
           0
           0
  -1.646e-05
           0
           0
-6.92403e-07
           0
           0
-9.67732e-09
 5.10766e-09
-9.81418e-09
  5.1799e-09
 -1.0881e-05
           0
           0
-1.08816e-05
           0
           0
-9.64182e-08
           0
           0
           0
           0
           0
           0
 7.96571e-07
   0.0867445
   0.0857337
  0.00403165
           0
           0
pk 0.999712
       1
       1
0.999715
       1
       1
0.999935
0.999984
       1
0.999568
0.999994
       1
0.999569
0.999994
       1
0.999883
 0.99998
       1
0.999149
0.999996
       1
0.999292
0.999996
       1
 0.99994
       1
 0.99983
0.994925
0.999963
0.991739
 1.00277
 1.00002
 1.00585
0.999247
       1
       1
count 150
(curr.pk-pk_prev).cwiseAbs().sum() 0.000154469
(curr.pk-p0).cwiseAbs().sum() 0.026224
stable?: 1 converged?: 0 G: 3.23932e-08
tp: 4
Elapsed Time d2w: 142645 us
Elapsed Time dG: 11138 us
vz_norm: 1.50624e-07vp_norm: 8.58307e-09
zk -1.80807e-06
 -1.4676e-06
-2.90694e-07
  0.00188338
 -0.00191702
-0.000238018
-0.000909244
-0.000738374
-0.000145613
 0.000313164
-0.000323649
-7.22661e-05
           0
           0
           0
           0
           0
           0
 7.26586e-05
           0
           0
 3.29343e-05
           0
 3.26733e-05
           0
 8.71475e-05
           0
           0
 4.18105e-06
-1.63274e-05
           0
           0
 1.64555e-05
           0
           0
 6.96767e-07
           0
           0
-9.67226e-09
 5.10358e-09
 9.80987e-09
-5.17619e-09
-1.08779e-05
           0
           0
 1.08784e-05
           0
           0
 9.70261e-08
           0
           0
           0
           0
           0
           0
 7.62319e-07
   0.0866978
  -0.0856935
 -0.00404989
           0
           0
pk 0.999711
       1
       1
0.999713
       1
       1
0.999935
0.999984
       1
0.999566
0.999994
       1
0.999566
0.999994
       1
0.999882
 0.99998
       1
0.999145
0.999996
       1
0.999288
0.999996
       1
0.999939
       1
 0.99983
0.994893
0.999963
 0.99169
 1.00279
 1.00002
 1.00588
0.999244
       1
       1
count 151
(curr.pk-pk_prev).cwiseAbs().sum() 0.000154298
(curr.pk-p0).cwiseAbs().sum() 0.0263783
stable?: 1 converged?: 0 G: 3.23932e-08
tp: 4
Elapsed Time d2w: 168197 us
Elapsed Time dG: 7967 us
vz_norm: 1.50698e-07vp_norm: 8.58261e-09
zk  1.80743e-06
-1.46723e-06
-2.92509e-07
  0.00188209
  0.00191646
 0.000239504
 0.000908924
-0.000738187
-0.000146524
 0.000313061
 0.000323557
 7.25831e-05
           0
           0
           0
           0
           0
           0
 7.31123e-05
           0
           0
-3.29252e-05
           0
 3.26627e-05
           0
 8.76915e-05
           0
           0
-4.20714e-06
-1.63222e-05
           0
           0
 -1.6451e-05
           0
           0
-7.01114e-07
           0
           0
-9.66722e-09
 5.09952e-09
-9.80556e-09
  5.1725e-09
-1.08747e-05
           0
           0
-1.08753e-05
           0
           0
-9.76317e-08
           0
           0
           0
           0
           0
           0
 7.28201e-07
   0.0866513
   0.0856534
  0.00406807
           0
           0
pk 0.999709
       1
       1
0.999711
       1
       1
0.999935
0.999984
       1
0.999563
0.999994
       1
0.999564
0.999994
       1
0.999882
 0.99998
       1
 0.99914
0.999996
       1
0.999283
0.999996
       1
0.999939
       1
0.999829
0.994861
0.999962
0.991642
 1.00281
 1.00002
 1.00592
 0.99924
       1
       1
count 152
(curr.pk-pk_prev).cwiseAbs().sum() 0.000154128
(curr.pk-p0).cwiseAbs().sum() 0.0265324
stable?: 1 converged?: 0 G: 3.23931e-08
tp: 4
Elapsed Time d2w: 164597 us
Elapsed Time dG: 9087 us
vz_norm: 1.50773e-07vp_norm: 8.58216e-09
zk  -1.8068e-06
-1.46686e-06
-2.94318e-07
   0.0018808
 -0.00191591
-0.000240983
-0.000908606
   -0.000738
-0.000147431
 0.000312958
-0.000323465
-7.28989e-05
           0
           0
           0
           0
           0
           0
 7.35643e-05
           0
           0
  3.2916e-05
           0
  3.2652e-05
           0
 8.82333e-05
           0
           0
 4.23313e-06
-1.63169e-05
           0
           0
 1.64465e-05
           0
           0
 7.05444e-07
           0
           0
 -9.6622e-09
 5.09548e-09
 9.80128e-09
-5.16882e-09
-1.08716e-05
           0
           0
 1.08722e-05
           0
           0
  9.8235e-08
           0
           0
           0
           0
           0
           0
 6.94216e-07
   0.0866049
  -0.0856134
 -0.00408617
           0
           0
pk 0.999707
       1
       1
 0.99971
       1
       1
0.999934
0.999984
       1
0.999561
0.999994
       1
0.999561
0.999994
       1
0.999881
 0.99998
       1
0.999135
0.999996
       1
0.999279
0.999996
       1
0.999939
       1
0.999828
 0.99483
0.999962
0.991594
 1.00282
 1.00002
 1.00595
0.999237
       1
       1
count 153
(curr.pk-pk_prev).cwiseAbs().sum() 0.000153958
(curr.pk-p0).cwiseAbs().sum() 0.0266864
stable?: 1 converged?: 0 G: 3.23931e-08
tp: 4
Elapsed Time d2w: 189156 us
Elapsed Time dG: 8196 us
vz_norm: 1.50847e-07vp_norm: 8.58171e-09
zk  1.80617e-06
-1.46649e-06
 -2.9612e-07
  0.00187952
  0.00191535
 0.000242457
 0.000908288
-0.000737814
-0.000148335
 0.000312855
 0.000323373
 7.32135e-05
           0
           0
           0
           0
           0
           0
 7.40145e-05
           0
           0
 -3.2907e-05
           0
 3.26414e-05
           0
 8.87731e-05
           0
           0
-4.25902e-06
-1.63117e-05
           0
           0
 -1.6442e-05
           0
           0
-7.09758e-07
           0
           0
 -9.6572e-09
 5.09145e-09
  -9.797e-09
 5.16515e-09
-1.08685e-05
           0
           0
-1.08691e-05
           0
           0
-9.88359e-08
           0
           0
           0
           0
           0
           0
 6.60363e-07
   0.0865586
   0.0855736
  0.00410421
           0
           0
pk 0.999706
       1
       1
0.999708
       1
       1
0.999934
0.999984
       1
0.999558
0.999994
       1
0.999559
0.999994
       1
0.999881
 0.99998
       1
 0.99913
0.999996
       1
0.999275
0.999996
       1
0.999939
       1
0.999827
0.994798
0.999962
0.991546
 1.00284
 1.00002
 1.00598
0.999233
       1
       1
count 154
(curr.pk-pk_prev).cwiseAbs().sum() 0.000153789
(curr.pk-p0).cwiseAbs().sum() 0.0268402
stable?: 1 converged?: 0 G: 3.23931e-08
tp: 4
Elapsed Time d2w: 127311 us
Elapsed Time dG: 8334 us
vz_norm: 1.50324e-07vp_norm: 8.54657e-09
zk -1.82219e-06
-1.48004e-06
-3.04932e-07
  0.00189725
 -0.00193246
-0.000249693
-0.000916313
-0.000744595
-0.000152754
 0.000315691
-0.000326223
 -7.4802e-05
           0
           0
           0
           0
           0
           0
 7.62171e-05
           0
           0
 3.32053e-05
           0
 3.29358e-05
           0
  9.1414e-05
           0
           0
 4.38572e-06
-1.64591e-05
           0
           0
 1.65914e-05
           0
           0
 7.30872e-07
           0
           0
-9.70616e-09
 5.08083e-09
 9.84749e-09
-5.15481e-09
-1.09675e-05
           0
           0
 1.09681e-05
           0
           0
 1.01776e-07
           0
           0
           0
           0
           0
           0
 5.57643e-07
   0.0868566
  -0.0858671
 -0.00419329
           0
           0
pk 0.999704
       1
       1
0.999706
       1
       1
0.999934
0.999983
       1
0.999556
0.999994
       1
0.999556
0.999994
       1
 0.99988
 0.99998
       1
0.999125
0.999996
       1
0.999271
0.999996
       1
0.999938
       1
0.999826
0.994766
0.999962
0.991498
 1.00286
 1.00002
 1.00602
 0.99923
       1
       1
count 155
(curr.pk-pk_prev).cwiseAbs().sum() 0.000154437
(curr.pk-p0).cwiseAbs().sum() 0.0269946
stable?: 1 converged?: 0 G: 3.2393e-08
tp: 4
Elapsed Time d2w: 134628 us
Elapsed Time dG: 10381 us
vz_norm: 1.50565e-07vp_norm: 8.59026e-09
zk  1.82058e-06
-1.47976e-06
-3.04843e-07
  0.00189548
  0.00193122
 0.000249605
 0.000915499
-0.000744448
 -0.00015271
 0.000315498
 0.000326043
   7.481e-05
           0
           0
           0
           0
           0
           0
 7.61947e-05
           0
           0
-3.31873e-05
           0
 3.29163e-05
           0
 9.13871e-05
           0
           0
-4.38442e-06
-1.64494e-05
           0
           0
-1.65825e-05
           0
           0
-7.30654e-07
           0
           0
-9.69133e-09
 5.06588e-09
-9.83324e-09
 5.14006e-09
-1.09615e-05
           0
           0
-1.09621e-05
           0
           0
-1.01746e-07
           0
           0
           0
           0
           0
           0
 5.38644e-07
   0.0867145
   0.0857335
  0.00419429
           0
           0
pk 0.999702
       1
       1
0.999705
       1
       1
0.999934
0.999983
       1
0.999553
0.999994
       1
0.999553
0.999994
       1
0.999879
 0.99998
       1
 0.99912
0.999996
       1
0.999267
0.999996
       1
0.999938
       1
0.999826
0.994734
0.999962
0.991449
 1.00287
 1.00002
 1.00605
0.999226
       1
       1
count 156
(curr.pk-pk_prev).cwiseAbs().sum() 0.000154688
(curr.pk-p0).cwiseAbs().sum() 0.0271493
stable?: 1 converged?: 0 G: 3.2393e-08
tp: 4
Elapsed Time d2w: 119896 us
Elapsed Time dG: 8333 us
vz_norm: 1.50599e-07vp_norm: 8.5778e-09
zk -1.82019e-06
-1.47936e-06
-3.07034e-07
  0.00189434
 -0.00193083
-0.000251397
-0.000915301
 -0.00074425
-0.000153809
 0.000315416
-0.000325973
-7.51833e-05
           0
           0
           0
           0
           0
           0
 7.67423e-05
           0
           0
 3.31804e-05
           0
 3.29077e-05
           0
 9.20436e-05
           0
           0
  4.4159e-06
-1.64453e-05
           0
           0
 1.65791e-05
           0
           0
 7.35901e-07
           0
           0
-9.68871e-09
 5.06452e-09
 9.83139e-09
 -5.1391e-09
-1.09591e-05
           0
           0
 1.09597e-05
           0
           0
 1.02477e-07
           0
           0
           0
           0
           0
           0
 5.02267e-07
   0.0866916
  -0.0857165
 -0.00421555
           0
           0
pk   0.9997
       1
       1
0.999703
       1
       1
0.999933
0.999983
       1
0.999551
0.999994
       1
0.999551
0.999994
       1
0.999879
 0.99998
       1
0.999115
0.999996
       1
0.999262
0.999996
       1
0.999938
       1
0.999825
0.994702
0.999961
0.991401
 1.00289
 1.00002
 1.00608
0.999223
       1
       1
count 157
(curr.pk-pk_prev).cwiseAbs().sum() 0.000154396
(curr.pk-p0).cwiseAbs().sum() 0.0273037
stable?: 1 converged?: 0 G: 3.2393e-08
tp: 4
Elapsed Time d2w: 115600 us
Elapsed Time dG: 9110 us
vz_norm: 1.50679e-07vp_norm: 8.58014e-09
zk  1.81952e-06
  -1.479e-06
-3.08716e-07
  0.00189304
  0.00193025
 0.000252772
 0.000914964
-0.000744066
-0.000154653
  0.00031531
 0.000325878
 7.54795e-05
           0
           0
           0
           0
           0
           0
 7.71625e-05
           0
           0
 -3.3171e-05
           0
 3.28967e-05
           0
 9.25474e-05
           0
           0
-4.44007e-06
-1.64399e-05
           0
           0
-1.65744e-05
           0
           0
-7.39927e-07
           0
           0
 -9.6833e-09
 5.06004e-09
-9.82671e-09
 5.13498e-09
-1.09559e-05
           0
           0
-1.09565e-05
           0
           0
-1.03038e-07
           0
           0
           0
           0
           0
           0
 4.69683e-07
   0.0866415
   0.0856729
  0.00423258
           0
           0
pk 0.999699
       1
       1
0.999701
       1
       1
0.999933
0.999983
       1
0.999548
0.999994
       1
0.999548
0.999994
       1
0.999878
 0.99998
       1
 0.99911
0.999996
       1
0.999258
0.999996
       1
0.999937
       1
0.999824
 0.99467
0.999961
0.991353
 1.00291
 1.00002
 1.00612
0.999219
       1
       1
count 158
(curr.pk-pk_prev).cwiseAbs().sum() 0.00015426
(curr.pk-p0).cwiseAbs().sum() 0.027458
stable?: 1 converged?: 0 G: 3.23929e-08
tp: 4
Elapsed Time d2w: 119264 us
Elapsed Time dG: 8353 us
vz_norm: 1.5075e-07vp_norm: 8.57916e-09
zk  -1.8189e-06
-1.47862e-06
-3.10509e-07
  0.00189178
 -0.00192971
-0.000254238
-0.000914654
-0.000743878
-0.000155553
 0.000315209
-0.000325788
-7.57923e-05
           0
           0
           0
           0
           0
           0
 7.76105e-05
           0
           0
  3.3162e-05
           0
 3.28862e-05
           0
 9.30845e-05
           0
           0
 4.46582e-06
-1.64347e-05
           0
           0
 1.65701e-05
           0
           0
 7.44219e-07
           0
           0
-9.67847e-09
 5.05622e-09
 9.82261e-09
-5.13152e-09
-1.09528e-05
           0
           0
 1.09534e-05
           0
           0
 1.03636e-07
           0
           0
           0
           0
           0
           0
 4.36233e-07
    0.086597
  -0.0856348
  -0.0042505
           0
           0
pk 0.999697
       1
       1
  0.9997
       1
       1
0.999933
0.999983
       1
0.999546
0.999994
       1
0.999546
0.999994
       1
0.999878
 0.99998
       1
0.999105
0.999996
       1
0.999254
0.999996
       1
0.999937
       1
0.999823
0.994638
0.999961
0.991305
 1.00292
 1.00002
 1.00615
0.999216
       1
       1
count 159
(curr.pk-pk_prev).cwiseAbs().sum() 0.000154087
(curr.pk-p0).cwiseAbs().sum() 0.027612
stable?: 1 converged?: 0 G: 3.23929e-08
tp: 4
Elapsed Time d2w: 147707 us
Elapsed Time dG: 8595 us
vz_norm: 1.50823e-07vp_norm: 8.57886e-09
zk  1.81827e-06
-1.47825e-06
-3.12271e-07
  0.00189051
  0.00192916
  0.00025568
 0.000914339
-0.000743691
-0.000156437
 0.000315106
 0.000325697
 7.61003e-05
           0
           0
           0
           0
           0
           0
  7.8051e-05
           0
           0
 -3.3153e-05
           0
 3.28756e-05
           0
 9.36126e-05
           0
           0
-4.49115e-06
-1.64295e-05
           0
           0
-1.65656e-05
           0
           0
-7.48439e-07
           0
           0
-9.67353e-09
 5.05226e-09
-9.81839e-09
 5.12792e-09
-1.09497e-05
           0
           0
-1.09503e-05
           0
           0
-1.04224e-07
           0
           0
           0
           0
           0
           0
 4.03076e-07
   0.0865513
   0.0855955
  0.00426817
           0
           0
pk 0.999695
       1
       1
0.999698
       1
       1
0.999932
0.999983
       1
0.999543
0.999994
       1
0.999543
0.999994
       1
0.999877
 0.99998
       1
  0.9991
0.999996
       1
 0.99925
0.999996
       1
0.999937
       1
0.999822
0.994605
0.999961
0.991257
 1.00294
 1.00002
 1.00618
0.999212
       1
       1
count 160
(curr.pk-pk_prev).cwiseAbs().sum() 0.000153923
(curr.pk-p0).cwiseAbs().sum() 0.027766
stable?: 1 converged?: 0 G: 3.23928e-08
tp: 4
Elapsed Time d2w: 115480 us
Elapsed Time dG: 8120 us
vz_norm: 1.50896e-07vp_norm: 8.5784e-09
zk -1.81765e-06
-1.47788e-06
-3.14033e-07
  0.00188924
 -0.00192861
-0.000257121
-0.000914026
-0.000743504
-0.000157321
 0.000315004
-0.000325606
 -7.6408e-05
           0
           0
           0
           0
           0
           0
 7.84913e-05
           0
           0
  3.3144e-05
           0
 3.28651e-05
           0
 9.41403e-05
           0
           0
 4.51646e-06
-1.64243e-05
           0
           0
 1.65612e-05
           0
           0
 7.52657e-07
           0
           0
-9.66862e-09
 5.04835e-09
 9.81421e-09
-5.12436e-09
-1.09466e-05
           0
           0
 1.09472e-05
           0
           0
 1.04812e-07
           0
           0
           0
           0
           0
           0
 3.69997e-07
   0.0865061
  -0.0855566
 -0.00428581
           0
           0
pk 0.999694
       1
       1
0.999696
       1
       1
0.999932
0.999983
       1
 0.99954
0.999994
       1
0.999541
0.999994
       1
0.999876
0.999979
       1
0.999095
0.999996
       1
0.999246
0.999996
       1
0.999937
       1
0.999822
0.994574
 0.99996
0.991209
 1.00296
 1.00002
 1.00622
0.999209
       1
       1
count 161
(curr.pk-pk_prev).cwiseAbs().sum() 0.000153757
(curr.pk-p0).cwiseAbs().sum() 0.0279197
stable?: 1 converged?: 0 G: 3.23928e-08
tp: 4
Elapsed Time d2w: 119302 us
Elapsed Time dG: 8558 us
vz_norm: 1.50968e-07vp_norm: 8.57798e-09
zk  1.81703e-06
-1.47751e-06
-3.15787e-07
  0.00188798
  0.00192807
 0.000258555
 0.000913713
-0.000743317
-0.000158201
 0.000314902
 0.000325516
 7.67144e-05
           0
           0
           0
           0
           0
           0
 7.89296e-05
           0
           0
 -3.3135e-05
           0
 3.28545e-05
           0
 9.46658e-05
           0
           0
-4.54166e-06
-1.64191e-05
           0
           0
-1.65568e-05
           0
           0
-7.56856e-07
           0
           0
-9.66372e-09
 5.04444e-09
-9.81004e-09
 5.12082e-09
-1.09435e-05
           0
           0
-1.09441e-05
           0
           0
-1.05397e-07
           0
           0
           0
           0
           0
           0
  3.3705e-07
    0.086461
   0.0855178
  0.00430338
           0
           0
pk 0.999692
       1
       1
0.999695
       1
       1
0.999932
0.999983
       1
0.999538
0.999994
       1
0.999538
0.999994
       1
0.999876
0.999979
       1
 0.99909
0.999996
       1
0.999242
0.999996
       1
0.999936
       1
0.999821
0.994542
 0.99996
0.991161
 1.00297
 1.00002
 1.00625
0.999205
       1
       1
count 162
(curr.pk-pk_prev).cwiseAbs().sum() 0.000153592
(curr.pk-p0).cwiseAbs().sum() 0.0280733
stable?: 1 converged?: 0 G: 3.23928e-08
tp: 4
Elapsed Time d2w: 157585 us
Elapsed Time dG: 7149 us
vz_norm: 1.5104e-07vp_norm: 8.57755e-09
zk -1.81641e-06
-1.47714e-06
-3.17535e-07
  0.00188672
 -0.00192752
-0.000259984
-0.000913402
 -0.00074313
-0.000159078
 0.000314801
-0.000325425
-7.70197e-05
           0
           0
           0
           0
           0
           0
 7.93664e-05
           0
           0
  3.3126e-05
           0
  3.2844e-05
           0
 9.51895e-05
           0
           0
 4.56677e-06
 -1.6414e-05
           0
           0
 1.65524e-05
           0
           0
  7.6104e-07
           0
           0
-9.65884e-09
 5.04055e-09
 9.80589e-09
-5.11729e-09
-1.09404e-05
           0
           0
  1.0941e-05
           0
           0
  1.0598e-07
           0
           0
           0
           0
           0
           0
 3.04225e-07
    0.086416
  -0.0854792
 -0.00432089
           0
           0
pk  0.99969
       1
       1
0.999693
       1
       1
0.999931
0.999983
       1
0.999535
0.999994
       1
0.999536
0.999994
       1
0.999875
0.999979
       1
0.999085
0.999996
       1
0.999237
0.999996
       1
0.999936
       1
 0.99982
 0.99451
 0.99996
0.991113
 1.00299
 1.00002
 1.00628
0.999202
       1
       1
count 163
(curr.pk-pk_prev).cwiseAbs().sum() 0.000153428
(curr.pk-p0).cwiseAbs().sum() 0.0282267
stable?: 1 converged?: 0 G: 3.23927e-08
tp: 4
Elapsed Time d2w: 130547 us
Elapsed Time dG: 8075 us
vz_norm: 1.51112e-07vp_norm: 8.57712e-09
zk  1.81579e-06
-1.47677e-06
-3.19276e-07
  0.00188547
  0.00192698
 0.000261408
 0.000913091
-0.000742944
-0.000159952
 0.000314699
 0.000325335
 7.73239e-05
           0
           0
           0
           0
           0
           0
 7.98016e-05
           0
           0
-3.31171e-05
           0
 3.28335e-05
           0
 9.57112e-05
           0
           0
-4.59179e-06
-1.64088e-05
           0
           0
 -1.6548e-05
           0
           0
-7.65209e-07
           0
           0
-9.65398e-09
 5.03668e-09
-9.80175e-09
 5.11377e-09
-1.09373e-05
           0
           0
 -1.0938e-05
           0
           0
-1.06561e-07
           0
           0
           0
           0
           0
           0
 2.71524e-07
   0.0863712
   0.0854407
  0.00433833
           0
           0
pk 0.999689
       1
       1
0.999691
       1
       1
0.999931
0.999983
       1
0.999533
0.999994
       1
0.999533
0.999994
       1
0.999875
0.999979
       1
 0.99908
0.999996
       1
0.999233
0.999996
       1
0.999936
       1
0.999819
0.994478
 0.99996
0.991066
 1.00301
 1.00002
 1.00632
0.999198
       1
       1
count 164
(curr.pk-pk_prev).cwiseAbs().sum() 0.000153264
(curr.pk-p0).cwiseAbs().sum() 0.02838
stable?: 1 converged?: 0 G: 3.23927e-08
tp: 4
Elapsed Time d2w: 120194 us
Elapsed Time dG: 8095 us
vz_norm: 1.51184e-07vp_norm: 8.5767e-09
zk -1.81517e-06
 -1.4764e-06
-3.21011e-07
  0.00188422
 -0.00192643
-0.000262827
-0.000912781
-0.000742758
-0.000160823
 0.000314598
-0.000325246
-7.76269e-05
           0
           0
           0
           0
           0
           0
 8.02351e-05
           0
           0
 3.31081e-05
           0
 3.28231e-05
           0
 9.62309e-05
           0
           0
 4.61672e-06
-1.64036e-05
           0
           0
 1.65436e-05
           0
           0
 7.69363e-07
           0
           0
-9.64913e-09
 5.03282e-09
 9.79762e-09
-5.11027e-09
-1.09343e-05
           0
           0
 1.09349e-05
           0
           0
 1.07139e-07
           0
           0
           0
           0
           0
           0
 2.38945e-07
   0.0863265
  -0.0854023
 -0.00435571
           0
           0
pk 0.999687
       1
       1
 0.99969
       1
       1
0.999931
0.999983
       1
 0.99953
0.999994
       1
0.999531
0.999994
       1
0.999874
0.999979
       1
0.999075
0.999996
       1
0.999229
0.999996
       1
0.999935
       1
0.999818
0.994446
 0.99996
0.991018
 1.00303
 1.00002
 1.00635
0.999195
       1
       1
count 165
(curr.pk-pk_prev).cwiseAbs().sum() 0.000153101
(curr.pk-p0).cwiseAbs().sum() 0.0285331
stable?: 1 converged?: 0 G: 3.23926e-08
tp: 4
Elapsed Time d2w: 122394 us
Elapsed Time dG: 8192 us
vz_norm: 1.51256e-07vp_norm: 8.57627e-09
zk  1.81456e-06
-1.47603e-06
 -3.2274e-07
  0.00188298
  0.00192589
  0.00026424
 0.000912472
-0.000742572
 -0.00016169
 0.000314497
 0.000325156
 7.79289e-05
           0
           0
           0
           0
           0
           0
 8.06671e-05
           0
           0
-3.30992e-05
           0
 3.28126e-05
           0
 9.67488e-05
           0
           0
-4.64155e-06
-1.63985e-05
           0
           0
-1.65392e-05
           0
           0
-7.73501e-07
           0
           0
 -9.6443e-09
 5.02897e-09
-9.79351e-09
 5.10678e-09
-1.09312e-05
           0
           0
-1.09318e-05
           0
           0
-1.07716e-07
           0
           0
           0
           0
           0
           0
 2.06488e-07
   0.0862819
    0.085364
  0.00437303
           0
           0
pk 0.999685
       1
       1
0.999688
       1
       1
 0.99993
0.999983
       1
0.999528
0.999994
       1
0.999528
0.999994
       1
0.999874
0.999979
       1
 0.99907
0.999996
       1
0.999225
0.999996
       1
0.999935
       1
0.999818
0.994414
0.999959
 0.99097
 1.00304
 1.00002
 1.00638
0.999191
       1
       1
count 166
(curr.pk-pk_prev).cwiseAbs().sum() 0.000152938
(curr.pk-p0).cwiseAbs().sum() 0.0286861
stable?: 1 converged?: 0 G: 3.23926e-08
tp: 4
Elapsed Time d2w: 177307 us
Elapsed Time dG: 9135 us
vz_norm: 1.51327e-07vp_norm: 8.57585e-09
zk -1.81394e-06
-1.47566e-06
-3.24462e-07
  0.00188174
 -0.00192535
-0.000265649
-0.000912164
-0.000742386
-0.000162554
 0.000314396
-0.000325066
-7.82298e-05
           0
           0
           0
           0
           0
           0
 8.10975e-05
           0
           0
 3.30903e-05
           0
 3.28022e-05
           0
 9.72648e-05
           0
           0
  4.6663e-06
-1.63934e-05
           0
           0
 1.65348e-05
           0
           0
 7.77624e-07
           0
           0
-9.63948e-09
 5.02514e-09
 9.78941e-09
 -5.1033e-09
-1.09282e-05
           0
           0
 1.09288e-05
           0
           0
  1.0829e-07
           0
           0
           0
           0
           0
           0
 1.74151e-07
   0.0862375
  -0.0853259
 -0.00439028
           0
           0
pk 0.999684
       1
       1
0.999686
       1
       1
 0.99993
0.999983
       1
0.999525
0.999994
       1
0.999526
0.999994
       1
0.999873
0.999979
       1
0.999065
0.999996
       1
0.999221
0.999996
       1
0.999935
       1
0.999817
0.994382
0.999959
0.990923
 1.00306
 1.00002
 1.00642
0.999188
       1
       1
count 167
(curr.pk-pk_prev).cwiseAbs().sum() 0.000152776
(curr.pk-p0).cwiseAbs().sum() 0.0288388
stable?: 1 converged?: 0 G: 3.23926e-08
tp: 4
Elapsed Time d2w: 119112 us
Elapsed Time dG: 8269 us
vz_norm: 1.51399e-07vp_norm: 8.57542e-09
zk  1.81333e-06
-1.47529e-06
-3.26178e-07
   0.0018805
  0.00192481
 0.000267052
 0.000911857
-0.000742201
-0.000163415
 0.000314296
 0.000324977
 7.85296e-05
           0
           0
           0
           0
           0
           0
 8.15263e-05
           0
           0
-3.30815e-05
           0
 3.27918e-05
           0
 9.77788e-05
           0
           0
-4.69095e-06
-1.63883e-05
           0
           0
-1.65305e-05
           0
           0
-7.81732e-07
           0
           0
-9.63467e-09
 5.02132e-09
-9.78532e-09
 5.09984e-09
-1.09251e-05
           0
           0
-1.09257e-05
           0
           0
-1.08863e-07
           0
           0
           0
           0
           0
           0
 1.41935e-07
   0.0861932
   0.0852879
  0.00440748
           0
           0
pk 0.999682
       1
       1
0.999685
       1
       1
 0.99993
0.999982
       1
0.999523
0.999994
       1
0.999523
0.999994
       1
0.999873
0.999979
       1
 0.99906
0.999996
       1
0.999217
0.999996
       1
0.999935
       1
0.999816
 0.99435
0.999959
0.990875
 1.00308
 1.00002
 1.00645
0.999185
       1
       1
count 168
(curr.pk-pk_prev).cwiseAbs().sum() 0.000152615
(curr.pk-p0).cwiseAbs().sum() 0.0289914
stable?: 1 converged?: 0 G: 3.23925e-08
tp: 4
Elapsed Time d2w: 162082 us
Elapsed Time dG: 8337 us
vz_norm: 1.5147e-07vp_norm: 8.575e-09
zk -1.81272e-06
-1.47492e-06
-3.27888e-07
  0.00187927
 -0.00192428
 -0.00026845
 -0.00091155
-0.000742015
-0.000164273
 0.000314196
-0.000324888
-7.88282e-05
           0
           0
           0
           0
           0
           0
 8.19536e-05
           0
           0
 3.30726e-05
           0
 3.27814e-05
           0
 9.82911e-05
           0
           0
 4.71551e-06
-1.63832e-05
           0
           0
 1.65261e-05
           0
           0
 7.85825e-07
           0
           0
-9.62988e-09
 5.01752e-09
 9.78125e-09
-5.09639e-09
-1.09221e-05
           0
           0
 1.09227e-05
           0
           0
 1.09433e-07
           0
           0
           0
           0
           0
           0
 1.09837e-07
   0.0861491
    -0.08525
  -0.0044246
           0
           0
pk  0.99968
       1
       1
0.999683
       1
       1
 0.99993
0.999982
       1
 0.99952
0.999994
       1
0.999521
0.999994
       1
0.999872
0.999979
       1
0.999055
0.999996
       1
0.999213
0.999996
       1
0.999934
       1
0.999815
0.994318
0.999959
0.990827
 1.00309
 1.00002
 1.00648
0.999181
       1
       1
count 169
(curr.pk-pk_prev).cwiseAbs().sum() 0.000152454
(curr.pk-p0).cwiseAbs().sum() 0.0291439
stable?: 1 converged?: 0 G: 3.23925e-08
tp: 4
Elapsed Time d2w: 114801 us
Elapsed Time dG: 8228 us
vz_norm: 1.5154e-07vp_norm: 8.57458e-09
zk  1.81211e-06
-1.47456e-06
-3.29591e-07
  0.00187805
  0.00192374
 0.000269843
 0.000911244
 -0.00074183
-0.000165128
 0.000314096
 0.000324799
 7.91259e-05
           0
           0
           0
           0
           0
           0
 8.23793e-05
           0
           0
-3.30638e-05
           0
  3.2771e-05
           0
 9.88014e-05
           0
           0
-4.73999e-06
-1.63781e-05
           0
           0
-1.65218e-05
           0
           0
-7.89903e-07
           0
           0
-9.62511e-09
 5.01374e-09
-9.77719e-09
 5.09295e-09
 -1.0919e-05
           0
           0
-1.09197e-05
           0
           0
-1.10001e-07
           0
           0
           0
           0
           0
           0
 7.78574e-08
   0.0861051
   0.0852122
  0.00444167
           0
           0
pk 0.999679
       1
       1
0.999681
       1
       1
0.999929
0.999982
       1
0.999518
0.999994
       1
0.999518
0.999994
       1
0.999871
0.999979
       1
 0.99905
0.999996
       1
0.999208
0.999996
       1
0.999934
       1
0.999814
0.994287
0.999959
 0.99078
 1.00311
 1.00002
 1.00652
0.999178
       1
       1
count 170
(curr.pk-pk_prev).cwiseAbs().sum() 0.000152294
(curr.pk-p0).cwiseAbs().sum() 0.0292962
stable?: 1 converged?: 0 G: 3.23924e-08
tp: 4
Elapsed Time d2w: 143136 us
Elapsed Time dG: 9035 us
vz_norm: 1.51611e-07vp_norm: 8.57416e-09
zk  -1.8115e-06
-1.47419e-06
-3.31289e-07
  0.00187682
  -0.0019232
 -0.00027123
 -0.00091094
-0.000741646
 -0.00016598
 0.000313996
-0.000324711
-7.94224e-05
           0
           0
           0
           0
           0
           0
 8.28035e-05
           0
           0
  3.3055e-05
           0
 3.27607e-05
           0
   9.931e-05
           0
           0
 4.76438e-06
 -1.6373e-05
           0
           0
 1.65175e-05
           0
           0
 7.93967e-07
           0
           0
-9.62035e-09
 5.00996e-09
 9.77314e-09
-5.08953e-09
 -1.0916e-05
           0
           0
 1.09167e-05
           0
           0
 1.10567e-07
           0
           0
           0
           0
           0
           0
 4.59952e-08
   0.0860613
  -0.0851746
 -0.00445868
           0
           0
pk 0.999677
       1
       1
 0.99968
       1
       1
0.999929
0.999982
       1
0.999515
0.999994
       1
0.999516
0.999994
       1
0.999871
0.999979
       1
0.999045
0.999996
       1
0.999204
0.999996
       1
0.999934
       1
0.999814
0.994255
0.999958
0.990732
 1.00313
 1.00002
 1.00655
0.999175
       1
       1
count 171
(curr.pk-pk_prev).cwiseAbs().sum() 0.000152135
(curr.pk-p0).cwiseAbs().sum() 0.0294483
stable?: 1 converged?: 0 G: 3.23924e-08
tp: 4
Elapsed Time d2w: 126527 us
Elapsed Time dG: 7839 us
vz_norm: 1.51682e-07vp_norm: 8.57374e-09
zk   1.8109e-06
-1.47382e-06
 -3.3298e-07
  0.00187561
  0.00192267
 0.000272613
 0.000910636
-0.000741461
-0.000166829
 0.000313896
 0.000324622
 7.97179e-05
           0
           0
           0
           0
           0
           0
 8.32261e-05
           0
           0
-3.30462e-05
           0
 3.27504e-05
           0
 9.98167e-05
           0
           0
-4.78867e-06
-1.63679e-05
           0
           0
-1.65131e-05
           0
           0
-7.98016e-07
           0
           0
 -9.6156e-09
  5.0062e-09
-9.76911e-09
 5.08612e-09
 -1.0913e-05
           0
           0
-1.09136e-05
           0
           0
-1.11132e-07
           0
           0
           0
           0
           0
           0
 1.42494e-08
   0.0860176
   0.0851371
  0.00447562
           0
           0
pk 0.999675
       1
       1
0.999678
       1
       1
0.999929
0.999982
       1
0.999513
0.999993
       1
0.999513
0.999994
       1
 0.99987
0.999978
       1
 0.99904
0.999996
       1
  0.9992
0.999996
       1
0.999933
       1
0.999813
0.994223
0.999958
0.990685
 1.00314
 1.00002
 1.00658
0.999171
       1
       1
count 172
(curr.pk-pk_prev).cwiseAbs().sum() 0.000151976
(curr.pk-p0).cwiseAbs().sum() 0.0296003
stable?: 1 converged?: 0 G: 3.23924e-08
tp: 4
Elapsed Time d2w: 149787 us
Elapsed Time dG: 8947 us
vz_norm: 1.51752e-07vp_norm: 8.57332e-09
zk -1.81029e-06
-1.47345e-06
-3.34665e-07
  0.00187439
 -0.00192214
-0.000273991
-0.000910332
-0.000741277
-0.000167674
 0.000313797
-0.000324534
-8.00124e-05
           0
           0
           0
           0
           0
           0
 8.36473e-05
           0
           0
 3.30374e-05
           0
 3.27401e-05
           0
 0.000100322
           0
           0
 4.81289e-06
-1.63629e-05
           0
           0
 1.65088e-05
           0
           0
  8.0205e-07
           0
           0
-9.61087e-09
 5.00246e-09
 9.76509e-09
-5.08273e-09
  -1.091e-05
           0
           0
 1.09106e-05
           0
           0
 1.11694e-07
           0
           0
           0
           0
           0
           0
-1.73807e-08
    0.085974
  -0.0850997
 -0.00449251
           0
           0
pk 0.999674
       1
       1
0.999676
       1
       1
0.999928
0.999982
       1
 0.99951
0.999993
       1
0.999511
0.999993
       1
 0.99987
0.999978
       1
0.999035
0.999996
       1
0.999196
0.999996
       1
0.999933
       1
0.999812
0.994191
0.999958
0.990638
 1.00316
 1.00002
 1.00661
0.999168
       1
       1
count 173
(curr.pk-pk_prev).cwiseAbs().sum() 0.000151817
(curr.pk-p0).cwiseAbs().sum() 0.0297521
stable?: 1 converged?: 0 G: 3.23923e-08
tp: 4
Elapsed Time d2w: 138629 us
Elapsed Time dG: 7786 us
vz_norm: 1.51822e-07vp_norm: 8.5729e-09
zk  1.80969e-06
-1.47309e-06
-3.36345e-07
  0.00187318
  0.00192161
 0.000275364
  0.00091003
-0.000741093
-0.000168517
 0.000313697
 0.000324446
 8.03057e-05
           0
           0
           0
           0
           0
           0
 8.40669e-05
           0
           0
-3.30287e-05
           0
 3.27298e-05
           0
 0.000100825
           0
           0
-4.83701e-06
-1.63578e-05
           0
           0
-1.65045e-05
           0
           0
 -8.0607e-07
           0
           0
-9.60616e-09
 4.99873e-09
-9.76109e-09
 5.07935e-09
 -1.0907e-05
           0
           0
-1.09076e-05
           0
           0
-1.12254e-07
           0
           0
           0
           0
           0
           0
-4.88958e-08
   0.0859306
   0.0850625
  0.00450933
           0
           0
pk 0.999672
       1
       1
0.999675
       1
       1
0.999928
0.999982
       1
0.999508
0.999993
       1
0.999508
0.999993
       1
0.999869
0.999978
       1
 0.99903
0.999996
       1
0.999192
0.999996
       1
0.999933
       1
0.999811
 0.99416
0.999958
 0.99059
 1.00318
 1.00002
 1.00665
0.999165
       1
       1
count 174
(curr.pk-pk_prev).cwiseAbs().sum() 0.00015166
(curr.pk-p0).cwiseAbs().sum() 0.0299038
stable?: 1 converged?: 0 G: 3.23923e-08
tp: 4
Elapsed Time d2w: 182848 us
Elapsed Time dG: 8137 us
vz_norm: 1.51892e-07vp_norm: 8.57249e-09
zk -1.80909e-06
-1.47272e-06
-3.38018e-07
  0.00187198
 -0.00192108
-0.000276732
-0.000909728
-0.000740909
-0.000169357
 0.000313598
-0.000324358
-8.05981e-05
           0
           0
           0
           0
           0
           0
 8.44851e-05
           0
           0
 3.30199e-05
           0
 3.27195e-05
           0
 0.000101326
           0
           0
 4.86105e-06
-1.63528e-05
           0
           0
 1.65002e-05
           0
           0
 8.10076e-07
           0
           0
-9.60146e-09
 4.99501e-09
 9.75709e-09
-5.07598e-09
 -1.0904e-05
           0
           0
 1.09046e-05
           0
           0
 1.12812e-07
           0
           0
           0
           0
           0
           0
-8.02969e-08
   0.0858873
  -0.0850253
  -0.0045261
           0
           0
pk  0.99967
       1
       1
0.999673
       1
       1
0.999928
0.999982
       1
0.999505
0.999993
       1
0.999506
0.999993
       1
0.999869
0.999978
       1
0.999025
0.999996
       1
0.999188
0.999996
       1
0.999933
       1
0.999811
0.994128
0.999957
0.990543
 1.00319
 1.00002
 1.00668
0.999161
       1
       1
count 175
(curr.pk-pk_prev).cwiseAbs().sum() 0.000151502
(curr.pk-p0).cwiseAbs().sum() 0.0300553
stable?: 1 converged?: 0 G: 3.23923e-08
tp: 4
Elapsed Time d2w: 137058 us
Elapsed Time dG: 10228 us
vz_norm: 1.51962e-07vp_norm: 8.57207e-09
zk  1.80849e-06
-1.47236e-06
-3.39685e-07
  0.00187077
  0.00192055
 0.000278095
 0.000909428
-0.000740725
-0.000170193
   0.0003135
 0.000324271
 8.08894e-05
           0
           0
           0
           0
           0
           0
 8.49017e-05
           0
           0
-3.30112e-05
           0
 3.27093e-05
           0
 0.000101825
           0
           0
  -4.885e-06
-1.63477e-05
           0
           0
 -1.6496e-05
           0
           0
-8.14067e-07
           0
           0
-9.59677e-09
  4.9913e-09
-9.75311e-09
 5.07262e-09
 -1.0901e-05
           0
           0
-1.09016e-05
           0
           0
-1.13368e-07
           0
           0
           0
           0
           0
           0
-1.11585e-07
   0.0858441
   0.0849883
  0.00454281
           0
           0
pk 0.999669
       1
       1
0.999672
       1
       1
0.999928
0.999982
       1
0.999503
0.999993
       1
0.999503
0.999993
       1
0.999868
0.999978
       1
0.999021
0.999996
       1
0.999184
0.999996
       1
0.999932
       1
 0.99981
0.994096
0.999957
0.990496
 1.00321
 1.00002
 1.00671
0.999158
       1
       1
count 176
(curr.pk-pk_prev).cwiseAbs().sum() 0.000151346
(curr.pk-p0).cwiseAbs().sum() 0.0302066
stable?: 1 converged?: 0 G: 3.23922e-08
tp: 4
Elapsed Time d2w: 146765 us
Elapsed Time dG: 8449 us
vz_norm: 1.52032e-07vp_norm: 8.57166e-09
zk -1.80789e-06
-1.47199e-06
-3.41347e-07
  0.00186957
 -0.00192002
-0.000279454
-0.000909128
-0.000740542
-0.000171027
 0.000313401
-0.000324183
-8.11797e-05
           0
           0
           0
           0
           0
           0
 8.53169e-05
           0
           0
 3.30025e-05
           0
 3.26991e-05
           0
 0.000102323
           0
           0
 4.90887e-06
-1.63427e-05
           0
           0
 1.64917e-05
           0
           0
 8.18044e-07
           0
           0
 -9.5921e-09
 4.98761e-09
 9.74915e-09
-5.06927e-09
 -1.0898e-05
           0
           0
 1.08987e-05
           0
           0
 1.13922e-07
           0
           0
           0
           0
           0
           0
 -1.4276e-07
   0.0858011
  -0.0849514
 -0.00455945
           0
           0
pk 0.999667
       1
       1
 0.99967
       1
       1
0.999927
0.999982
       1
  0.9995
0.999993
       1
0.999501
0.999993
       1
0.999868
0.999978
       1
0.999016
0.999996
       1
 0.99918
0.999996
       1
0.999932
       1
0.999809
0.994065
0.999957
0.990449
 1.00323
 1.00002
 1.00675
0.999155
       1
       1
count 177
(curr.pk-pk_prev).cwiseAbs().sum() 0.00015119
(curr.pk-p0).cwiseAbs().sum() 0.0303578
stable?: 1 converged?: 0 G: 3.23922e-08
tp: 4
Elapsed Time d2w: 159853 us
Elapsed Time dG: 12001 us
vz_norm: 1.52101e-07vp_norm: 8.57124e-09
zk   1.8073e-06
-1.47163e-06
-3.43003e-07
  0.00186839
   0.0019195
 0.000280808
 0.000908829
-0.000740359
-0.000171858
 0.000313303
 0.000324096
 8.14691e-05
           0
           0
           0
           0
           0
           0
 8.57308e-05
           0
           0
-3.29939e-05
           0
 3.26889e-05
           0
 0.000102819
           0
           0
-4.93266e-06
-1.63377e-05
           0
           0
-1.64874e-05
           0
           0
-8.22009e-07
           0
           0
-9.58744e-09
 4.98394e-09
 -9.7452e-09
 5.06595e-09
 -1.0895e-05
           0
           0
-1.08957e-05
           0
           0
-1.14475e-07
           0
           0
           0
           0
           0
           0
-1.73827e-07
   0.0857583
   0.0849147
  0.00457605
           0
           0
pk 0.999665
       1
       1
0.999668
       1
       1
0.999927
0.999982
       1
0.999498
0.999993
       1
0.999498
0.999993
       1
0.999867
0.999978
       1
0.999011
0.999996
       1
0.999175
0.999996
       1
0.999932
       1
0.999808
0.994033
0.999957
0.990402
 1.00324
 1.00002
 1.00678
0.999151
       1
       1
count 178
(curr.pk-pk_prev).cwiseAbs().sum() 0.000151034
(curr.pk-p0).cwiseAbs().sum() 0.0305088
stable?: 1 converged?: 0 G: 3.23921e-08
tp: 4
Elapsed Time d2w: 119955 us
Elapsed Time dG: 8935 us
vz_norm: 1.52171e-07vp_norm: 8.57083e-09
zk -1.80671e-06
-1.47127e-06
-3.44652e-07
   0.0018672
 -0.00191897
-0.000282156
 -0.00090853
-0.000740176
-0.000172686
 0.000313205
-0.000324009
-8.17574e-05
           0
           0
           0
           0
           0
           0
  8.6143e-05
           0
           0
 3.29852e-05
           0
 3.26787e-05
           0
 0.000103314
           0
           0
 4.95636e-06
-1.63327e-05
           0
           0
 1.64832e-05
           0
           0
 8.25958e-07
           0
           0
 -9.5828e-09
 4.98027e-09
 9.74125e-09
-5.06263e-09
 -1.0892e-05
           0
           0
 1.08927e-05
           0
           0
 1.15025e-07
           0
           0
           0
           0
           0
           0
-2.04779e-07
   0.0857155
  -0.0848781
 -0.00459258
           0
           0
pk 0.999664
       1
       1
0.999667
       1
       1
0.999927
0.999982
       1
0.999495
0.999993
       1
0.999496
0.999993
       1
0.999866
0.999978
       1
0.999006
0.999996
       1
0.999171
0.999996
       1
0.999931
       1
0.999807
0.994001
0.999957
0.990355
 1.00326
 1.00002
 1.00681
0.999148
       1
       1
count 179
(curr.pk-pk_prev).cwiseAbs().sum() 0.000150879
(curr.pk-p0).cwiseAbs().sum() 0.0306597
stable?: 1 converged?: 0 G: 3.23921e-08
tp: 4
Elapsed Time d2w: 130503 us
Elapsed Time dG: 8159 us
vz_norm: 1.5224e-07vp_norm: 8.57042e-09
zk  1.80611e-06
 -1.4709e-06
-3.46296e-07
  0.00186601
  0.00191845
   0.0002835
 0.000908233
-0.000739993
-0.000173511
 0.000313107
 0.000323922
 8.20447e-05
           0
           0
           0
           0
           0
           0
 8.65539e-05
           0
           0
-3.29766e-05
           0
 3.26686e-05
           0
 0.000103806
           0
           0
-4.97998e-06
-1.63277e-05
           0
           0
 -1.6479e-05
           0
           0
-8.29893e-07
           0
           0
-9.57816e-09
 4.97662e-09
-9.73733e-09
 5.05932e-09
-1.08891e-05
           0
           0
-1.08897e-05
           0
           0
-1.15573e-07
           0
           0
           0
           0
           0
           0
-2.35621e-07
   0.0856729
   0.0848415
  0.00460905
           0
           0
pk 0.999662
       1
       1
0.999665
       1
       1
0.999926
0.999982
       1
0.999493
0.999993
       1
0.999493
0.999993
       1
0.999866
0.999978
       1
0.999001
0.999996
       1
0.999167
0.999996
       1
0.999931
       1
0.999807
 0.99397
0.999956
0.990308
 1.00327
 1.00002
 1.00684
0.999145
       1
       1
count 180
(curr.pk-pk_prev).cwiseAbs().sum() 0.000150725
(curr.pk-p0).cwiseAbs().sum() 0.0308105
stable?: 1 converged?: 0 G: 3.23921e-08
tp: 4
Elapsed Time d2w: 126629 us
Elapsed Time dG: 8887 us
vz_norm: 1.52309e-07vp_norm: 8.57001e-09
zk -1.80552e-06
-1.47054e-06
-3.47935e-07
  0.00186483
 -0.00191792
 -0.00028484
-0.000907936
-0.000739811
-0.000174333
 0.000313009
-0.000323836
-8.23309e-05
           0
           0
           0
           0
           0
           0
 8.69632e-05
           0
           0
  3.2968e-05
           0
 3.26584e-05
           0
 0.000104297
           0
           0
 5.00351e-06
-1.63228e-05
           0
           0
 1.64747e-05
           0
           0
 8.33815e-07
           0
           0
-9.57355e-09
 4.97299e-09
 9.73341e-09
-5.05603e-09
-1.08861e-05
           0
           0
 1.08868e-05
           0
           0
  1.1612e-07
           0
           0
           0
           0
           0
           0
-2.66353e-07
   0.0856304
  -0.0848051
 -0.00462547
           0
           0
pk  0.99966
       1
       1
0.999663
       1
       1
0.999926
0.999981
       1
 0.99949
0.999993
       1
0.999491
0.999993
       1
0.999865
0.999978
       1
0.998996
0.999996
       1
0.999163
0.999996
       1
0.999931
       1
0.999806
0.993938
0.999956
0.990261
 1.00329
 1.00002
 1.00688
0.999142
       1
       1
count 181
(curr.pk-pk_prev).cwiseAbs().sum() 0.000150571
(curr.pk-p0).cwiseAbs().sum() 0.030961
stable?: 1 converged?: 0 G: 3.2392e-08
tp: 4
Elapsed Time d2w: 137069 us
Elapsed Time dG: 8031 us
vz_norm: 1.52378e-07vp_norm: 8.5696e-09
zk  1.80493e-06
-1.47018e-06
-3.49567e-07
  0.00186365
   0.0019174
 0.000286174
  0.00090764
-0.000739628
-0.000175152
 0.000312911
 0.000323749
 8.26162e-05
           0
           0
           0
           0
           0
           0
 8.73712e-05
           0
           0
-3.29594e-05
           0
 3.26483e-05
           0
 0.000104786
           0
           0
-5.02697e-06
-1.63178e-05
           0
           0
-1.64705e-05
           0
           0
-8.37723e-07
           0
           0
-9.56894e-09
 4.96936e-09
 -9.7295e-09
 5.05275e-09
-1.08831e-05
           0
           0
-1.08838e-05
           0
           0
-1.16664e-07
           0
           0
           0
           0
           0
           0
-2.96977e-07
    0.085588
   0.0847688
  0.00464183
           0
           0
pk 0.999659
       1
       1
0.999662
       1
       1
0.999926
0.999981
       1
0.999488
0.999993
       1
0.999488
0.999993
       1
0.999865
0.999978
       1
0.998991
0.999996
       1
0.999159
0.999996
       1
0.999931
       1
0.999805
0.993907
0.999956
0.990214
 1.00331
 1.00002
 1.00691
0.999139
       1
       1
count 182
(curr.pk-pk_prev).cwiseAbs().sum() 0.000150418
(curr.pk-p0).cwiseAbs().sum() 0.0311114
stable?: 1 converged?: 0 G: 3.2392e-08
tp: 4
Elapsed Time d2w: 137213 us
Elapsed Time dG: 9128 us
vz_norm: 1.52446e-07vp_norm: 8.5692e-09
zk -1.80434e-06
-1.46982e-06
-3.51194e-07
  0.00186247
 -0.00191688
-0.000287504
-0.000907344
-0.000739446
-0.000175969
 0.000312814
-0.000323663
-8.29005e-05
           0
           0
           0
           0
           0
           0
 8.77778e-05
           0
           0
 3.29508e-05
           0
 3.26382e-05
           0
 0.000105273
           0
           0
 5.05034e-06
-1.63128e-05
           0
           0
 1.64663e-05
           0
           0
 8.41617e-07
           0
           0
-9.56435e-09
 4.96575e-09
 9.72561e-09
-5.04948e-09
-1.08802e-05
           0
           0
 1.08809e-05
           0
           0
 1.17207e-07
           0
           0
           0
           0
           0
           0
-3.27493e-07
   0.0855458
  -0.0847326
 -0.00465813
           0
           0
pk 0.999657
       1
       1
 0.99966
       1
       1
0.999926
0.999981
       1
0.999485
0.999993
       1
0.999486
0.999993
       1
0.999864
0.999977
       1
0.998986
0.999996
       1
0.999155
0.999996
       1
 0.99993
       1
0.999804
0.993875
0.999956
0.990167
 1.00332
 1.00002
 1.00694
0.999135
       1
       1
count 183
(curr.pk-pk_prev).cwiseAbs().sum() 0.000150265
(curr.pk-p0).cwiseAbs().sum() 0.0312617
stable?: 1 converged?: 0 G: 3.23919e-08
tp: 4
Elapsed Time d2w: 128772 us
Elapsed Time dG: 8480 us
vz_norm: 1.52515e-07vp_norm: 8.56879e-09
zk  1.80376e-06
-1.46946e-06
-3.52815e-07
   0.0018613
  0.00191636
 0.000288829
  0.00090705
-0.000739264
-0.000176782
 0.000312717
 0.000323577
 8.31838e-05
           0
           0
           0
           0
           0
           0
 8.81829e-05
           0
           0
-3.29422e-05
           0
 3.26282e-05
           0
 0.000105759
           0
           0
-5.07363e-06
-1.63079e-05
           0
           0
-1.64621e-05
           0
           0
-8.45498e-07
           0
           0
-9.55977e-09
 4.96215e-09
-9.72173e-09
 5.04622e-09
-1.08773e-05
           0
           0
-1.08779e-05
           0
           0
-1.17748e-07
           0
           0
           0
           0
           0
           0
-3.57902e-07
   0.0855037
   0.0846966
  0.00467438
           0
           0
pk 0.999655
       1
       1
0.999658
       1
       1
0.999925
0.999981
       1
0.999483
0.999993
       1
0.999483
0.999993
       1
0.999864
0.999977
       1
0.998981
0.999995
       1
0.999151
0.999996
       1
 0.99993
       1
0.999804
0.993844
0.999956
 0.99012
 1.00334
 1.00002
 1.00697
0.999132
       1
       1
count 184
(curr.pk-pk_prev).cwiseAbs().sum() 0.000150113
(curr.pk-p0).cwiseAbs().sum() 0.0314118
stable?: 1 converged?: 0 G: 3.23919e-08
tp: 4
Elapsed Time d2w: 131285 us
Elapsed Time dG: 8172 us
vz_norm: 1.52583e-07vp_norm: 8.56838e-09
zk -1.80317e-06
-1.46909e-06
-3.54431e-07
  0.00186014
 -0.00191585
 -0.00029015
-0.000906756
-0.000739083
-0.000177593
  0.00031262
-0.000323491
-8.34662e-05
           0
           0
           0
           0
           0
           0
 8.85867e-05
           0
           0
 3.29337e-05
           0
 3.26181e-05
           0
 0.000106243
           0
           0
 5.09684e-06
-1.63029e-05
           0
           0
 1.64579e-05
           0
           0
 8.49366e-07
           0
           0
-9.55521e-09
 4.95857e-09
 9.71787e-09
-5.04297e-09
-1.08743e-05
           0
           0
  1.0875e-05
           0
           0
 1.18287e-07
           0
           0
           0
           0
           0
           0
-3.88204e-07
   0.0854617
  -0.0846606
 -0.00469057
           0
           0
pk 0.999654
       1
       1
0.999657
       1
       1
0.999925
0.999981
       1
 0.99948
0.999993
       1
0.999481
0.999993
       1
0.999863
0.999977
       1
0.998977
0.999995
       1
0.999147
0.999996
       1
 0.99993
       1
0.999803
0.993812
0.999955
0.990073
 1.00336
 1.00002
 1.00701
0.999129
       1
       1
count 185
(curr.pk-pk_prev).cwiseAbs().sum() 0.000149961
(curr.pk-p0).cwiseAbs().sum() 0.0315618
stable?: 1 converged?: 0 G: 3.23919e-08
tp: 4
Elapsed Time d2w: 136295 us
Elapsed Time dG: 9079 us
vz_norm: 1.52651e-07vp_norm: 8.56798e-09
zk  1.80259e-06
-1.46873e-06
-3.56041e-07
  0.00185897
  0.00191533
 0.000291466
 0.000906463
-0.000738901
-0.000178401
 0.000312523
 0.000323405
 8.37475e-05
           0
           0
           0
           0
           0
           0
  8.8989e-05
           0
           0
-3.29251e-05
           0
 3.26081e-05
           0
 0.000106726
           0
           0
-5.11997e-06
 -1.6298e-05
           0
           0
-1.64537e-05
           0
           0
 -8.5322e-07
           0
           0
-9.55066e-09
 4.95499e-09
-9.71401e-09
 5.03974e-09
-1.08714e-05
           0
           0
-1.08721e-05
           0
           0
-1.18824e-07
           0
           0
           0
           0
           0
           0
  -4.184e-07
   0.0854198
   0.0846248
  0.00470671
           0
           0
pk 0.999652
       1
       1
0.999655
       1
       1
0.999925
0.999981
       1
0.999478
0.999993
       1
0.999479
0.999993
       1
0.999863
0.999977
       1
0.998972
0.999995
       1
0.999143
0.999996
       1
 0.99993
       1
0.999802
0.993781
0.999955
0.990027
 1.00337
 1.00002
 1.00704
0.999126
       1
       1
count 186
(curr.pk-pk_prev).cwiseAbs().sum() 0.00014981
(curr.pk-p0).cwiseAbs().sum() 0.0317116
stable?: 1 converged?: 0 G: 3.23918e-08
tp: 4
Elapsed Time d2w: 130350 us
Elapsed Time dG: 9242 us
vz_norm: 1.52719e-07vp_norm: 8.56757e-09
zk -1.80201e-06
-1.46837e-06
-3.57645e-07
  0.00185781
 -0.00191481
-0.000292778
-0.000906171
 -0.00073872
-0.000179206
 0.000312427
 -0.00032332
-8.40279e-05
           0
           0
           0
           0
           0
           0
   8.939e-05
           0
           0
 3.29166e-05
           0
 3.25981e-05
           0
 0.000107206
           0
           0
 5.14302e-06
-1.62931e-05
           0
           0
 1.64495e-05
           0
           0
 8.57061e-07
           0
           0
-9.54612e-09
 4.95143e-09
 9.71017e-09
-5.03652e-09
-1.08685e-05
           0
           0
 1.08691e-05
           0
           0
 1.19359e-07
           0
           0
           0
           0
           0
           0
 -4.4849e-07
   0.0853781
  -0.0845891
 -0.00472279
           0
           0
pk  0.99965
       1
       1
0.999654
       1
       1
0.999924
0.999981
       1
0.999475
0.999993
       1
0.999476
0.999993
       1
0.999862
0.999977
       1
0.998967
0.999995
       1
0.999139
0.999996
       1
0.999929
       1
0.999802
0.993749
0.999955
 0.98998
 1.00339
 1.00002
 1.00707
0.999123
       1
       1
count 187
(curr.pk-pk_prev).cwiseAbs().sum() 0.000149659
(curr.pk-p0).cwiseAbs().sum() 0.0318612
stable?: 1 converged?: 0 G: 3.23918e-08
tp: 4
Elapsed Time d2w: 126048 us
Elapsed Time dG: 8567 us
vz_norm: 1.52787e-07vp_norm: 8.56717e-09
zk  1.80142e-06
-1.46801e-06
-3.59244e-07
  0.00185666
   0.0019143
 0.000294085
 0.000905879
-0.000738539
-0.000180008
  0.00031233
 0.000323235
 8.43074e-05
           0
           0
           0
           0
           0
           0
 8.97896e-05
           0
           0
-3.29081e-05
           0
 3.25881e-05
           0
 0.000107685
           0
           0
-5.16599e-06
-1.62882e-05
           0
           0
-1.64453e-05
           0
           0
-8.60889e-07
           0
           0
 -9.5416e-09
 4.94788e-09
-9.70633e-09
 5.03331e-09
-1.08655e-05
           0
           0
-1.08662e-05
           0
           0
-1.19892e-07
           0
           0
           0
           0
           0
           0
-4.78477e-07
   0.0853365
   0.0845535
  0.00473882
           0
           0
pk 0.999649
       1
       1
0.999652
       1
       1
0.999924
0.999981
       1
0.999473
0.999993
       1
0.999474
0.999993
       1
0.999862
0.999977
       1
0.998962
0.999995
       1
0.999135
0.999996
       1
0.999929
       1
0.999801
0.993718
0.999955
0.989933
 1.00341
 1.00002
  1.0071
0.999119
       1
       1
count 188
(curr.pk-pk_prev).cwiseAbs().sum() 0.000149509
(curr.pk-p0).cwiseAbs().sum() 0.0320108
stable?: 1 converged?: 0 G: 3.23917e-08
tp: 4
Elapsed Time d2w: 148971 us
Elapsed Time dG: 9168 us
vz_norm: 1.52855e-07vp_norm: 8.56676e-09
zk -1.80085e-06
-1.46765e-06
-3.60838e-07
   0.0018555
 -0.00191379
-0.000295388
-0.000905588
-0.000738359
-0.000180808
 0.000312234
-0.000323149
-8.45859e-05
           0
           0
           0
           0
           0
           0
 9.01878e-05
           0
           0
 3.28997e-05
           0
 3.25781e-05
           0
 0.000108163
           0
           0
 5.18888e-06
-1.62833e-05
           0
           0
 1.64412e-05
           0
           0
 8.64703e-07
           0
           0
-9.53709e-09
 4.94435e-09
 9.70251e-09
-5.03011e-09
-1.08626e-05
           0
           0
 1.08633e-05
           0
           0
 1.20424e-07
           0
           0
           0
           0
           0
           0
-5.08359e-07
    0.085295
   -0.084518
 -0.00475479
           0
           0
pk 0.999647
       1
       1
 0.99965
       1
       1
0.999924
0.999981
       1
 0.99947
0.999993
       1
0.999471
0.999993
       1
0.999861
0.999977
       1
0.998957
0.999995
       1
 0.99913
0.999996
       1
0.999929
       1
  0.9998
0.993686
0.999954
0.989887
 1.00342
 1.00002
 1.00714
0.999116
       1
       1
count 189
(curr.pk-pk_prev).cwiseAbs().sum() 0.000149359
(curr.pk-p0).cwiseAbs().sum() 0.0321601
stable?: 1 converged?: 0 G: 3.23917e-08
tp: 4
Elapsed Time d2w: 121308 us
Elapsed Time dG: 8611 us
vz_norm: 1.52923e-07vp_norm: 8.56636e-09
zk  1.80027e-06
 -1.4673e-06
-3.62426e-07
  0.00185436
  0.00191327
 0.000296686
 0.000905298
-0.000738178
-0.000181605
 0.000312138
 0.000323064
 8.48635e-05
           0
           0
           0
           0
           0
           0
 9.05847e-05
           0
           0
-3.28912e-05
           0
 3.25682e-05
           0
 0.000108639
           0
           0
 -5.2117e-06
-1.62784e-05
           0
           0
 -1.6437e-05
           0
           0
-8.68505e-07
           0
           0
-9.53259e-09
 4.94082e-09
-9.69871e-09
 5.02692e-09
-1.08597e-05
           0
           0
-1.08604e-05
           0
           0
-1.20954e-07
           0
           0
           0
           0
           0
           0
-5.38138e-07
   0.0852536
   0.0844826
  0.00477071
           0
           0
pk 0.999645
       1
       1
0.999649
       1
       1
0.999924
0.999981
       1
0.999468
0.999993
       1
0.999469
0.999993
       1
0.999861
0.999977
       1
0.998952
0.999995
       1
0.999126
0.999995
       1
0.999929
       1
0.999799
0.993655
0.999954
 0.98984
 1.00344
 1.00002
 1.00717
0.999113
       1
       1
count 190
(curr.pk-pk_prev).cwiseAbs().sum() 0.00014921
(curr.pk-p0).cwiseAbs().sum() 0.0323093
stable?: 1 converged?: 0 G: 3.23917e-08
tp: 4
Elapsed Time d2w: 129665 us
Elapsed Time dG: 7985 us
vz_norm: 1.5299e-07vp_norm: 8.56596e-09
zk -1.79969e-06
-1.46694e-06
-3.64009e-07
  0.00185321
 -0.00191276
 -0.00029798
-0.000905009
-0.000737998
-0.000182399
 0.000312042
 -0.00032298
-8.51401e-05
           0
           0
           0
           0
           0
           0
 9.09803e-05
           0
           0
 3.28828e-05
           0
 3.25582e-05
           0
 0.000109113
           0
           0
 5.23443e-06
-1.62735e-05
           0
           0
 1.64329e-05
           0
           0
 8.72294e-07
           0
           0
-9.52811e-09
 4.93731e-09
 9.69491e-09
-5.02375e-09
-1.08568e-05
           0
           0
 1.08575e-05
           0
           0
 1.21482e-07
           0
           0
           0
           0
           0
           0
-5.67815e-07
   0.0852124
  -0.0844473
 -0.00478657
           0
           0
pk 0.999644
       1
       1
0.999647
       1
       1
0.999923
0.999981
       1
0.999465
0.999993
       1
0.999466
0.999993
       1
 0.99986
0.999977
       1
0.998948
0.999995
       1
0.999122
0.999995
       1
0.999928
       1
0.999799
0.993624
0.999954
0.989794
 1.00346
 1.00002
  1.0072
 0.99911
       1
       1
count 191
(curr.pk-pk_prev).cwiseAbs().sum() 0.000149061
(curr.pk-p0).cwiseAbs().sum() 0.0324584
stable?: 1 converged?: 0 G: 3.23916e-08
tp: 4
Elapsed Time d2w: 127956 us
Elapsed Time dG: 8922 us
vz_norm: 1.53057e-07vp_norm: 8.56556e-09
zk  1.79912e-06
-1.46658e-06
-3.65587e-07
  0.00185207
  0.00191225
 0.000299269
  0.00090472
-0.000737818
-0.000183191
 0.000311947
 0.000322895
 8.54159e-05
           0
           0
           0
           0
           0
           0
 9.13745e-05
           0
           0
-3.28744e-05
           0
 3.25483e-05
           0
 0.000109585
           0
           0
-5.25709e-06
-1.62687e-05
           0
           0
-1.64287e-05
           0
           0
 -8.7607e-07
           0
           0
-9.52363e-09
 4.93381e-09
-9.69113e-09
 5.02059e-09
-1.08539e-05
           0
           0
-1.08546e-05
           0
           0
-1.22008e-07
           0
           0
           0
           0
           0
           0
 -5.9739e-07
   0.0851713
   0.0844121
  0.00480238
           0
           0
pk 0.999642
       1
       1
0.999645
       1
       1
0.999923
0.999981
       1
0.999463
0.999993
       1
0.999464
0.999993
       1
 0.99986
0.999977
       1
0.998943
0.999995
       1
0.999118
0.999995
       1
0.999928
       1
0.999798
0.993592
0.999954
0.989747
 1.00347
 1.00002
 1.00723
0.999107
       1
       1
count 192
(curr.pk-pk_prev).cwiseAbs().sum() 0.000148913
(curr.pk-p0).cwiseAbs().sum() 0.0326073
stable?: 1 converged?: 0 G: 3.23916e-08
tp: 4
Elapsed Time d2w: 120818 us
Elapsed Time dG: 10990 us
vz_norm: 1.53124e-07vp_norm: 8.56516e-09
zk -1.79854e-06
-1.46622e-06
-3.67159e-07
  0.00185093
 -0.00191174
-0.000300554
-0.000904432
-0.000737638
 -0.00018398
 0.000311851
-0.000322811
-8.56906e-05
           0
           0
           0
           0
           0
           0
 9.17674e-05
           0
           0
  3.2866e-05
           0
 3.25384e-05
           0
 0.000110056
           0
           0
 5.27968e-06
-1.62638e-05
           0
           0
 1.64246e-05
           0
           0
 8.79833e-07
           0
           0
-9.51917e-09
 4.93033e-09
 9.68735e-09
-5.01743e-09
 -1.0851e-05
           0
           0
 1.08517e-05
           0
           0
 1.22532e-07
           0
           0
           0
           0
           0
           0
-6.26864e-07
   0.0851303
  -0.0843771
 -0.00481814
           0
           0
pk  0.99964
       1
       1
0.999644
       1
       1
0.999923
0.999981
       1
 0.99946
0.999993
       1
0.999461
0.999993
       1
0.999859
0.999977
       1
0.998938
0.999995
       1
0.999114
0.999995
       1
0.999928
       1
0.999797
0.993561
0.999954
0.989701
 1.00349
 1.00002
 1.00727
0.999104
       1
       1
count 193
(curr.pk-pk_prev).cwiseAbs().sum() 0.000148766
(curr.pk-p0).cwiseAbs().sum() 0.0327561
stable?: 1 converged?: 0 G: 3.23916e-08
tp: 4
Elapsed Time d2w: 123403 us
Elapsed Time dG: 8562 us
vz_norm: 1.53191e-07vp_norm: 8.56476e-09
zk  1.79797e-06
-1.46586e-06
-3.68726e-07
   0.0018498
  0.00191124
 0.000301835
 0.000904145
-0.000737458
-0.000184766
 0.000311756
 0.000322726
 8.59645e-05
           0
           0
           0
           0
           0
           0
  9.2159e-05
           0
           0
-3.28576e-05
           0
 3.25286e-05
           0
 0.000110526
           0
           0
-5.30219e-06
-1.62589e-05
           0
           0
-1.64205e-05
           0
           0
-8.83584e-07
           0
           0
-9.51473e-09
 4.92685e-09
-9.68359e-09
 5.01429e-09
-1.08481e-05
           0
           0
-1.08489e-05
           0
           0
-1.23055e-07
           0
           0
           0
           0
           0
           0
-6.56237e-07
   0.0850894
   0.0843421
  0.00483385
           0
           0
pk 0.999639
       1
       1
0.999642
       1
       1
0.999922
0.999981
       1
0.999458
0.999993
       1
0.999459
0.999993
       1
0.999859
0.999977
       1
0.998933
0.999995
       1
 0.99911
0.999995
       1
0.999928
       1
0.999796
 0.99353
0.999953
0.989654
  1.0035
 1.00002
  1.0073
0.999101
       1
       1
count 194
(curr.pk-pk_prev).cwiseAbs().sum() 0.000148619
(curr.pk-p0).cwiseAbs().sum() 0.0329047
stable?: 1 converged?: 0 G: 3.23915e-08
tp: 4
Elapsed Time d2w: 136111 us
Elapsed Time dG: 10236 us
vz_norm: 1.53258e-07vp_norm: 8.56437e-09
zk  -1.7974e-06
-1.46551e-06
-3.70287e-07
  0.00184867
 -0.00191073
-0.000303111
-0.000903859
-0.000737279
 -0.00018555
 0.000311661
-0.000322642
-8.62375e-05
           0
           0
           0
           0
           0
           0
 9.25492e-05
           0
           0
 3.28492e-05
           0
 3.25187e-05
           0
 0.000110994
           0
           0
 5.32462e-06
-1.62541e-05
           0
           0
 1.64164e-05
           0
           0
 8.87322e-07
           0
           0
-9.51029e-09
 4.92339e-09
 9.67984e-09
-5.01116e-09
-1.08453e-05
           0
           0
  1.0846e-05
           0
           0
 1.23576e-07
           0
           0
           0
           0
           0
           0
 -6.8551e-07
   0.0850486
  -0.0843073
  -0.0048495
           0
           0
pk 0.999637
       1
       1
0.999641
       1
       1
0.999922
0.999981
       1
0.999456
0.999993
       1
0.999456
0.999993
       1
0.999858
0.999976
       1
0.998928
0.999995
       1
0.999106
0.999995
       1
0.999927
       1
0.999796
0.993498
0.999953
0.989608
 1.00352
 1.00002
 1.00733
0.999098
       1
       1
count 195
(curr.pk-pk_prev).cwiseAbs().sum() 0.000148472
(curr.pk-p0).cwiseAbs().sum() 0.0330532
stable?: 1 converged?: 0 G: 3.23915e-08
tp: 4
Elapsed Time d2w: 127071 us
Elapsed Time dG: 7667 us
vz_norm: 1.53325e-07vp_norm: 8.56397e-09
zk  1.79683e-06
-1.46515e-06
-3.71844e-07
  0.00184754
  0.00191022
 0.000304383
 0.000903573
  -0.0007371
-0.000186331
 0.000311566
 0.000322558
 8.65095e-05
           0
           0
           0
           0
           0
           0
 9.29382e-05
           0
           0
-3.28409e-05
           0
 3.25089e-05
           0
  0.00011146
           0
           0
-5.34698e-06
-1.62493e-05
           0
           0
-1.64123e-05
           0
           0
-8.91048e-07
           0
           0
-9.50587e-09
 4.91994e-09
 -9.6761e-09
 5.00804e-09
-1.08424e-05
           0
           0
-1.08431e-05
           0
           0
-1.24095e-07
           0
           0
           0
           0
           0
           0
-7.14685e-07
    0.085008
   0.0842725
   0.0048651
           0
           0
pk 0.999635
       1
       1
0.999639
       1
       1
0.999922
 0.99998
       1
0.999453
0.999993
       1
0.999454
0.999993
       1
0.999857
0.999976
       1
0.998923
0.999995
       1
0.999102
0.999995
       1
0.999927
       1
0.999795
0.993467
0.999953
0.989562
 1.00354
 1.00002
 1.00736
0.999095
       1
       1
count 196
(curr.pk-pk_prev).cwiseAbs().sum() 0.000148326
(curr.pk-p0).cwiseAbs().sum() 0.0332015
stable?: 1 converged?: 0 G: 3.23914e-08
tp: 4
Elapsed Time d2w: 153364 us
Elapsed Time dG: 8903 us
vz_norm: 1.53391e-07vp_norm: 8.56357e-09
zk -1.79626e-06
 -1.4648e-06
-3.73395e-07
  0.00184641
 -0.00190972
-0.000305651
-0.000903288
-0.000736921
-0.000187109
 0.000311472
-0.000322475
-8.67807e-05
           0
           0
           0
           0
           0
           0
 9.33258e-05
           0
           0
 3.28325e-05
           0
 3.24991e-05
           0
 0.000111925
           0
           0
 5.36926e-06
-1.62444e-05
           0
           0
 1.64082e-05
           0
           0
 8.94761e-07
           0
           0
-9.50146e-09
  4.9165e-09
 9.67237e-09
-5.00494e-09
-1.08395e-05
           0
           0
 1.08402e-05
           0
           0
 1.24613e-07
           0
           0
           0
           0
           0
           0
 -7.4376e-07
   0.0849675
  -0.0842379
 -0.00488065
           0
           0
pk 0.999634
       1
       1
0.999637
       1
       1
0.999922
 0.99998
       1
0.999451
0.999993
       1
0.999452
0.999993
       1
0.999857
0.999976
       1
0.998919
0.999995
       1
0.999098
0.999995
       1
0.999927
       1
0.999794
0.993436
0.999953
0.989516
 1.00355
 1.00002
 1.00739
0.999092
       1
       1
count 197
(curr.pk-pk_prev).cwiseAbs().sum() 0.00014818
(curr.pk-p0).cwiseAbs().sum() 0.0333497
stable?: 1 converged?: 0 G: 3.23914e-08
tp: 4
Elapsed Time d2w: 136324 us
Elapsed Time dG: 8861 us
vz_norm: 1.53457e-07vp_norm: 8.56318e-09
zk   1.7957e-06
-1.46444e-06
-3.74941e-07
  0.00184529
  0.00190922
 0.000306915
 0.000903004
-0.000736742
-0.000187885
 0.000311377
 0.000322391
 8.70509e-05
           0
           0
           0
           0
           0
           0
 9.37122e-05
           0
           0
-3.28242e-05
           0
 3.24893e-05
           0
 0.000112388
           0
           0
-5.39147e-06
-1.62396e-05
           0
           0
-1.64041e-05
           0
           0
-8.98462e-07
           0
           0
-9.49707e-09
 4.91307e-09
-9.66866e-09
 5.00184e-09
-1.08367e-05
           0
           0
-1.08374e-05
           0
           0
-1.25128e-07
           0
           0
           0
           0
           0
           0
-7.72738e-07
   0.0849271
   0.0842034
  0.00489615
           0
           0
pk 0.999632
       1
       1
0.999636
       1
       1
0.999921
 0.99998
       1
0.999448
0.999993
       1
0.999449
0.999993
       1
0.999856
0.999976
       1
0.998914
0.999995
       1
0.999094
0.999995
       1
0.999927
       1
0.999794
0.993405
0.999953
0.989469
 1.00357
 1.00002
 1.00743
0.999089
       1
       1
count 198
(curr.pk-pk_prev).cwiseAbs().sum() 0.000148035
(curr.pk-p0).cwiseAbs().sum() 0.0334977
stable?: 1 converged?: 0 G: 3.23914e-08
tp: 4
Elapsed Time d2w: 167579 us
Elapsed Time dG: 7662 us
vz_norm: 1.53524e-07vp_norm: 8.56278e-09
zk -1.79513e-06
-1.46409e-06
-3.76482e-07
  0.00184418
 -0.00190871
-0.000308174
 -0.00090272
-0.000736564
-0.000188658
 0.000311283
-0.000322308
-8.73203e-05
           0
           0
           0
           0
           0
           0
 9.40973e-05
           0
           0
 3.28159e-05
           0
 3.24795e-05
           0
  0.00011285
           0
           0
 5.41361e-06
-1.62348e-05
           0
           0
    1.64e-05
           0
           0
  9.0215e-07
           0
           0
-9.49268e-09
 4.90966e-09
 9.66495e-09
-4.99876e-09
-1.08338e-05
           0
           0
 1.08345e-05
           0
           0
 1.25642e-07
           0
           0
           0
           0
           0
           0
-8.01618e-07
   0.0848868
   -0.084169
  -0.0049116
           0
           0
pk 0.999631
       1
       1
0.999634
       1
       1
0.999921
 0.99998
       1
0.999446
0.999993
       1
0.999447
0.999993
       1
0.999856
0.999976
       1
0.998909
0.999995
       1
 0.99909
0.999995
       1
0.999926
       1
0.999793
0.993373
0.999952
0.989423
 1.00359
 1.00002
 1.00746
0.999086
       1
       1
count 199
(curr.pk-pk_prev).cwiseAbs().sum() 0.000147891
(curr.pk-p0).cwiseAbs().sum() 0.0336456
stable?: 1 converged?: 0 G: 3.23913e-08
tp: 4
Elapsed Time d2w: 148067 us
Elapsed Time dG: 10492 us
vz_norm: 1.5359e-07vp_norm: 8.56239e-09
zk  1.79457e-06
-1.46373e-06
-3.78018e-07
  0.00184306
  0.00190821
  0.00030943
 0.000902437
-0.000736385
-0.000189429
 0.000311189
 0.000322225
 8.75888e-05
           0
           0
           0
           0
           0
           0
 9.44811e-05
           0
           0
-3.28076e-05
           0
 3.24697e-05
           0
  0.00011331
           0
           0
-5.43567e-06
  -1.623e-05
           0
           0
 -1.6396e-05
           0
           0
-9.05827e-07
           0
           0
-9.48831e-09
 4.90625e-09
-9.66126e-09
 4.99568e-09
 -1.0831e-05
           0
           0
-1.08317e-05
           0
           0
-1.26155e-07
           0
           0
           0
           0
           0
           0
-8.30402e-07
   0.0848466
   0.0841346
    0.004927
           0
           0
pk 0.999629
       1
       1
0.999633
       1
       1
0.999921
 0.99998
       1
0.999443
0.999993
       1
0.999444
0.999993
       1
0.999855
0.999976
       1
0.998904
0.999995
       1
0.999086
0.999995
       1
0.999926
       1
0.999792
0.993342
0.999952
0.989377
  1.0036
 1.00002
 1.00749
0.999083
       1
       1
count 200
(curr.pk-pk_prev).cwiseAbs().sum() 0.000147746
(curr.pk-p0).cwiseAbs().sum() 0.0337933
stable?: 1 converged?: 0 G: 3.23913e-08
tp: 4
Elapsed Time d2w: 182974 us
Elapsed Time dG: 11614 us
vz_norm: 1.53656e-07vp_norm: 8.562e-09
zk -1.79401e-06
-1.46338e-06
-3.79549e-07
  0.00184195
 -0.00190771
-0.000310681
-0.000902155
-0.000736207
-0.000190197
 0.000311095
-0.000322142
-8.78564e-05
           0
           0
           0
           0
           0
           0
 9.48637e-05
           0
           0
 3.27994e-05
           0
   3.246e-05
           0
 0.000113769
           0
           0
 5.45766e-06
-1.62253e-05
           0
           0
 1.63919e-05
           0
           0
 9.09491e-07
           0
           0
-9.48395e-09
 4.90286e-09
 9.65757e-09
-4.99262e-09
-1.08281e-05
           0
           0
 1.08288e-05
           0
           0
 1.26665e-07
           0
           0
           0
           0
           0
           0
-8.59089e-07
   0.0848065
  -0.0841004
 -0.00494234
           0
           0
pk 0.999627
       1
       1
0.999631
       1
       1
0.999921
 0.99998
       1
0.999441
0.999993
       1
0.999442
0.999993
       1
0.999855
0.999976
       1
0.998899
0.999995
       1
0.999082
0.999995
       1
0.999926
       1
0.999791
0.993311
0.999952
0.989331
 1.00362
 1.00002
 1.00752
 0.99908
       1
       1
count 201
(curr.pk-pk_prev).cwiseAbs().sum() 0.000147603
(curr.pk-p0).cwiseAbs().sum() 0.0339409
stable?: 1 converged?: 0 G: 3.23912e-08
tp: 4
Elapsed Time d2w: 133558 us
Elapsed Time dG: 7808 us
vz_norm: 1.53721e-07vp_norm: 8.56161e-09
zk  1.79345e-06
-1.46302e-06
-3.81075e-07
  0.00184085
  0.00190721
 0.000311928
 0.000901873
-0.000736029
-0.000190963
 0.000311001
 0.000322059
 8.81231e-05
           0
           0
           0
           0
           0
           0
  9.5245e-05
           0
           0
-3.27911e-05
           0
 3.24503e-05
           0
 0.000114226
           0
           0
-5.47958e-06
-1.62205e-05
           0
           0
-1.63879e-05
           0
           0
-9.13143e-07
           0
           0
 -9.4796e-09
 4.89948e-09
 -9.6539e-09
 4.98956e-09
-1.08253e-05
           0
           0
 -1.0826e-05
           0
           0
-1.27174e-07
           0
           0
           0
           0
           0
           0
-8.87681e-07
   0.0847666
   0.0840663
  0.00495764
           0
           0
pk 0.999626
       1
       1
0.999629
       1
       1
 0.99992
 0.99998
       1
0.999438
0.999992
       1
0.999439
0.999993
       1
0.999854
0.999976
       1
0.998895
0.999995
       1
0.999078
0.999995
       1
0.999926
       1
0.999791
 0.99328
0.999952
0.989285
 1.00364
 1.00002
 1.00755
0.999077
       1
       1
count 202
(curr.pk-pk_prev).cwiseAbs().sum() 0.00014746
(curr.pk-p0).cwiseAbs().sum() 0.0340884
stable?: 1 converged?: 0 G: 3.23912e-08
tp: 4
Elapsed Time d2w: 151176 us
Elapsed Time dG: 8016 us
vz_norm: 1.53787e-07vp_norm: 8.56122e-09
zk -1.79289e-06
-1.46267e-06
-3.82596e-07
  0.00183974
 -0.00190672
-0.000313171
-0.000901593
-0.000735852
-0.000191726
 0.000310908
-0.000321976
 -8.8389e-05
           0
           0
           0
           0
           0
           0
 9.56251e-05
           0
           0
 3.27829e-05
           0
 3.24406e-05
           0
 0.000114681
           0
           0
 5.50143e-06
-1.62157e-05
           0
           0
 1.63838e-05
           0
           0
 9.16784e-07
           0
           0
-9.47526e-09
 4.89611e-09
 9.65024e-09
-4.98652e-09
-1.08224e-05
           0
           0
 1.08232e-05
           0
           0
 1.27682e-07
           0
           0
           0
           0
           0
           0
-9.16178e-07
   0.0847268
  -0.0840323
 -0.00497289
           0
           0
pk 0.999624
       1
       1
0.999628
       1
       1
 0.99992
 0.99998
       1
0.999436
0.999992
       1
0.999437
0.999993
       1
0.999854
0.999976
       1
 0.99889
0.999995
       1
0.999074
0.999995
       1
0.999925
       1
 0.99979
0.993249
0.999952
0.989239
 1.00365
 1.00002
 1.00759
0.999074
       1
       1
count 203
(curr.pk-pk_prev).cwiseAbs().sum() 0.000147317
(curr.pk-p0).cwiseAbs().sum() 0.0342357
stable?: 1 converged?: 0 G: 3.23912e-08
tp: 4
Elapsed Time d2w: 157740 us
Elapsed Time dG: 10054 us
vz_norm: 1.53852e-07vp_norm: 8.56083e-09
zk  1.79233e-06
-1.46232e-06
-3.84111e-07
  0.00183864
  0.00190622
  0.00031441
 0.000901312
-0.000735674
-0.000192487
 0.000310815
 0.000321894
  8.8654e-05
           0
           0
           0
           0
           0
           0
 9.60039e-05
           0
           0
-3.27747e-05
           0
 3.24309e-05
           0
 0.000115136
           0
           0
 -5.5232e-06
-1.62109e-05
           0
           0
-1.63798e-05
           0
           0
-9.20412e-07
           0
           0
-9.47094e-09
 4.89275e-09
-9.64659e-09
 4.98349e-09
-1.08196e-05
           0
           0
-1.08204e-05
           0
           0
-1.28187e-07
           0
           0
           0
           0
           0
           0
 -9.4458e-07
    0.084687
   0.0839984
  0.00498808
           0
           0
pk 0.999622
       1
       1
0.999626
       1
       1
 0.99992
 0.99998
       1
0.999433
0.999992
       1
0.999435
0.999992
       1
0.999853
0.999976
       1
0.998885
0.999995
       1
 0.99907
0.999995
       1
0.999925
       1
0.999789
0.993218
0.999951
0.989193
 1.00367
 1.00002
 1.00762
0.999071
       1
       1
count 204
(curr.pk-pk_prev).cwiseAbs().sum() 0.000147175
(curr.pk-p0).cwiseAbs().sum() 0.0343829
stable?: 1 converged?: 0 G: 3.23911e-08
tp: 4
Elapsed Time d2w: 123345 us
Elapsed Time dG: 10186 us
vz_norm: 1.53918e-07vp_norm: 8.56044e-09
zk -1.79177e-06
-1.46196e-06
-3.85622e-07
  0.00183755
 -0.00190572
-0.000315644
-0.000901033
-0.000735497
-0.000193245
 0.000310721
-0.000321811
-8.89181e-05
           0
           0
           0
           0
           0
           0
 9.63815e-05
           0
           0
 3.27665e-05
           0
 3.24212e-05
           0
 0.000115588
           0
           0
  5.5449e-06
-1.62062e-05
           0
           0
 1.63758e-05
           0
           0
 9.24029e-07
           0
           0
-9.46663e-09
  4.8894e-09
 9.64295e-09
-4.98047e-09
-1.08168e-05
           0
           0
 1.08175e-05
           0
           0
 1.28691e-07
           0
           0
           0
           0
           0
           0
-9.72889e-07
   0.0846474
  -0.0839646
 -0.00500323
           0
           0
pk 0.999621
       1
       1
0.999624
       1
       1
 0.99992
 0.99998
       1
0.999431
0.999992
       1
0.999432
0.999992
       1
0.999853
0.999976
       1
 0.99888
0.999995
       1
0.999066
0.999995
       1
0.999925
       1
0.999789
0.993187
0.999951
0.989147
 1.00368
 1.00002
 1.00765
0.999068
       1
       1
count 205
(curr.pk-pk_prev).cwiseAbs().sum() 0.000147033
(curr.pk-p0).cwiseAbs().sum() 0.0345299
stable?: 1 converged?: 0 G: 3.23911e-08
tp: 4
Elapsed Time d2w: 155098 us
Elapsed Time dG: 8298 us
vz_norm: 1.53983e-07vp_norm: 8.56005e-09
zk  1.79122e-06
-1.46161e-06
-3.87128e-07
  0.00183645
  0.00190523
 0.000316875
 0.000900754
 -0.00073532
-0.000194001
 0.000310628
 0.000321729
 8.91814e-05
           0
           0
           0
           0
           0
           0
 9.67579e-05
           0
           0
-3.27583e-05
           0
 3.24116e-05
           0
  0.00011604
           0
           0
-5.56654e-06
-1.62015e-05
           0
           0
-1.63717e-05
           0
           0
-9.27634e-07
           0
           0
-9.46233e-09
 4.88606e-09
-9.63932e-09
 4.97746e-09
 -1.0814e-05
           0
           0
-1.08147e-05
           0
           0
-1.29194e-07
           0
           0
           0
           0
           0
           0
 -1.0011e-06
   0.0846079
   0.0839309
  0.00501833
           0
           0
pk 0.999619
       1
       1
0.999623
       1
       1
0.999919
 0.99998
       1
0.999429
0.999992
       1
 0.99943
0.999992
       1
0.999852
0.999976
       1
0.998875
0.999995
       1
0.999062
0.999995
       1
0.999925
       1
0.999788
0.993156
0.999951
0.989102
  1.0037
 1.00002
 1.00768
0.999065
       1
       1
count 206
(curr.pk-pk_prev).cwiseAbs().sum() 0.000146891
(curr.pk-p0).cwiseAbs().sum() 0.0346768
stable?: 1 converged?: 0 G: 3.23911e-08
tp: 4
Elapsed Time d2w: 186687 us
Elapsed Time dG: 8365 us
vz_norm: 1.54048e-07vp_norm: 8.55966e-09
zk -1.79066e-06
-1.46126e-06
 -3.8863e-07
  0.00183536
 -0.00190474
-0.000318102
-0.000900476
-0.000735143
-0.000194754
 0.000310536
-0.000321647
-8.94439e-05
           0
           0
           0
           0
           0
           0
  9.7133e-05
           0
           0
 3.27501e-05
           0
 3.24019e-05
           0
 0.000116489
           0
           0
  5.5881e-06
-1.61967e-05
           0
           0
 1.63677e-05
           0
           0
 9.31227e-07
           0
           0
-9.45804e-09
 4.88274e-09
  9.6357e-09
-4.97446e-09
-1.08112e-05
           0
           0
 1.08119e-05
           0
           0
 1.29695e-07
           0
           0
           0
           0
           0
           0
-1.02923e-06
   0.0845685
  -0.0838973
 -0.00503338
           0
           0
pk 0.999618
       1
       1
0.999621
       1
       1
0.999919
 0.99998
       1
0.999426
0.999992
       1
0.999427
0.999992
       1
0.999852
0.999976
       1
0.998871
0.999995
       1
0.999058
0.999995
       1
0.999924
       1
0.999787
0.993125
0.999951
0.989056
 1.00372
 1.00002
 1.00771
0.999062
       1
       1
count 207
(curr.pk-pk_prev).cwiseAbs().sum() 0.000146751
(curr.pk-p0).cwiseAbs().sum() 0.0348236
stable?: 1 converged?: 0 G: 3.2391e-08
tp: 4
Elapsed Time d2w: 132134 us
Elapsed Time dG: 7186 us
vz_norm: 1.54113e-07vp_norm: 8.55928e-09
zk  1.79011e-06
-1.46091e-06
-3.90126e-07
  0.00183428
  0.00190424
 0.000319325
 0.000900198
-0.000734967
-0.000195505
 0.000310443
 0.000321565
 8.97055e-05
           0
           0
           0
           0
           0
           0
  9.7507e-05
           0
           0
 -3.2742e-05
           0
 3.23923e-05
           0
 0.000116938
           0
           0
 -5.6096e-06
 -1.6192e-05
           0
           0
-1.63637e-05
           0
           0
-9.34809e-07
           0
           0
-9.45376e-09
 4.87942e-09
-9.63209e-09
 4.97147e-09
-1.08084e-05
           0
           0
-1.08091e-05
           0
           0
-1.30194e-07
           0
           0
           0
           0
           0
           0
-1.05726e-06
   0.0845293
   0.0838637
  0.00504839
           0
           0
pk 0.999616
       1
       1
 0.99962
       1
       1
0.999919
 0.99998
       1
0.999424
0.999992
       1
0.999425
0.999992
       1
0.999851
0.999975
       1
0.998866
0.999995
       1
0.999054
0.999995
       1
0.999924
       1
0.999787
0.993094
 0.99995
 0.98901
 1.00373
 1.00002
 1.00774
0.999059
       1
       1
count 208
(curr.pk-pk_prev).cwiseAbs().sum() 0.00014661
(curr.pk-p0).cwiseAbs().sum() 0.0349702
stable?: 1 converged?: 0 G: 3.2391e-08
tp: 4
Elapsed Time d2w: 188847 us
Elapsed Time dG: 8718 us
vz_norm: 1.54177e-07vp_norm: 8.55889e-09
zk -1.78956e-06
-1.46056e-06
-3.91618e-07
  0.00183319
 -0.00190375
-0.000320544
-0.000899922
 -0.00073479
-0.000196253
 0.000310351
-0.000321484
-8.99663e-05
           0
           0
           0
           0
           0
           0
 9.78797e-05
           0
           0
 3.27339e-05
           0
 3.23827e-05
           0
 0.000117384
           0
           0
 5.63102e-06
-1.61873e-05
           0
           0
 1.63597e-05
           0
           0
 9.38379e-07
           0
           0
 -9.4495e-09
 4.87612e-09
 9.62849e-09
-4.96849e-09
-1.08056e-05
           0
           0
 1.08063e-05
           0
           0
 1.30691e-07
           0
           0
           0
           0
           0
           0
 -1.0852e-06
   0.0844901
  -0.0838303
 -0.00506334
           0
           0
pk 0.999614
       1
       1
0.999618
       1
       1
0.999919
 0.99998
       1
0.999421
0.999992
       1
0.999422
0.999992
       1
0.999851
0.999975
       1
0.998861
0.999995
       1
 0.99905
0.999995
       1
0.999924
       1
0.999786
0.993063
 0.99995
0.988964
 1.00375
 1.00002
 1.00778
0.999056
       1
       1
count 209
(curr.pk-pk_prev).cwiseAbs().sum() 0.00014647
(curr.pk-p0).cwiseAbs().sum() 0.0351166
stable?: 1 converged?: 0 G: 3.23909e-08
tp: 4
Elapsed Time d2w: 181000 us
Elapsed Time dG: 7169 us
vz_norm: 1.54242e-07vp_norm: 8.5585e-09
zk  1.78901e-06
-1.46021e-06
-3.93104e-07
  0.00183211
  0.00190326
 0.000321759
 0.000899645
-0.000734614
   -0.000197
 0.000310258
 0.000321402
 9.02262e-05
           0
           0
           0
           0
           0
           0
 9.82513e-05
           0
           0
-3.27257e-05
           0
 3.23731e-05
           0
  0.00011783
           0
           0
-5.65238e-06
-1.61826e-05
           0
           0
-1.63558e-05
           0
           0
-9.41937e-07
           0
           0
-9.44524e-09
 4.87283e-09
-9.62491e-09
 4.96552e-09
-1.08028e-05
           0
           0
-1.08035e-05
           0
           0
-1.31187e-07
           0
           0
           0
           0
           0
           0
-1.11305e-06
    0.084451
    0.083797
  0.00507825
           0
           0
pk 0.999613
       1
       1
0.999616
       1
       1
0.999918
 0.99998
       1
0.999419
0.999992
       1
 0.99942
0.999992
       1
 0.99985
0.999975
       1
0.998856
0.999995
       1
0.999046
0.999995
       1
0.999924
       1
0.999785
0.993032
 0.99995
0.988919
 1.00376
 1.00002
 1.00781
0.999053
       1
       1
count 210
(curr.pk-pk_prev).cwiseAbs().sum() 0.000146331
(curr.pk-p0).cwiseAbs().sum() 0.035263
stable?: 1 converged?: 0 G: 3.23909e-08
tp: 4
Elapsed Time d2w: 139116 us
Elapsed Time dG: 8486 us
vz_norm: 1.54306e-07vp_norm: 8.55812e-09
zk -1.78846e-06
-1.45986e-06
-3.94586e-07
  0.00183104
 -0.00190277
 -0.00032297
 -0.00089937
-0.000734438
-0.000197743
 0.000310166
-0.000321321
-9.04853e-05
           0
           0
           0
           0
           0
           0
 9.86217e-05
           0
           0
 3.27176e-05
           0
 3.23636e-05
           0
 0.000118274
           0
           0
 5.67366e-06
-1.61779e-05
           0
           0
 1.63518e-05
           0
           0
 9.45485e-07
           0
           0
  -9.441e-09
 4.86954e-09
 9.62133e-09
-4.96256e-09
   -1.08e-05
           0
           0
 1.08007e-05
           0
           0
 1.31682e-07
           0
           0
           0
           0
           0
           0
-1.14081e-06
   0.0844121
  -0.0837638
 -0.00509311
           0
           0
pk 0.999611
       1
       1
0.999615
       1
       1
0.999918
0.999979
       1
0.999416
0.999992
       1
0.999418
0.999992
       1
 0.99985
0.999975
       1
0.998852
0.999995
       1
0.999042
0.999995
       1
0.999923
       1
0.999785
0.993001
 0.99995
0.988873
 1.00378
 1.00002
 1.00784
0.999051
       1
       1
count 211
(curr.pk-pk_prev).cwiseAbs().sum() 0.000146192
(curr.pk-p0).cwiseAbs().sum() 0.0354092
stable?: 1 converged?: 0 G: 3.23909e-08
tp: 4
Elapsed Time d2w: 159234 us
Elapsed Time dG: 10180 us
vz_norm: 1.54371e-07vp_norm: 8.55774e-09
zk  1.78791e-06
-1.45951e-06
-3.96064e-07
  0.00182996
  0.00190228
 0.000324177
 0.000899095
-0.000734263
-0.000198485
 0.000310074
  0.00032124
 9.07436e-05
           0
           0
           0
           0
           0
           0
 9.89908e-05
           0
           0
-3.27096e-05
           0
  3.2354e-05
           0
 0.000118717
           0
           0
-5.69488e-06
-1.61732e-05
           0
           0
-1.63478e-05
           0
           0
-9.49021e-07
           0
           0
-9.43677e-09
 4.86627e-09
-9.61776e-09
 4.95961e-09
-1.07972e-05
           0
           0
 -1.0798e-05
           0
           0
-1.32174e-07
           0
           0
           0
           0
           0
           0
-1.16847e-06
   0.0843733
   0.0837307
  0.00510792
           0
           0
pk 0.999609
       1
       1
0.999613
       1
       1
0.999918
0.999979
       1
0.999414
0.999992
       1
0.999415
0.999992
       1
0.999849
0.999975
       1
0.998847
0.999995
       1
0.999038
0.999995
       1
0.999923
       1
0.999784
 0.99297
 0.99995
0.988828
  1.0038
 1.00002
 1.00787
0.999048
       1
       1
count 212
(curr.pk-pk_prev).cwiseAbs().sum() 0.000146053
(curr.pk-p0).cwiseAbs().sum() 0.0355552
stable?: 1 converged?: 0 G: 3.23908e-08
tp: 4
Elapsed Time d2w: 154549 us
Elapsed Time dG: 8742 us
vz_norm: 1.54435e-07vp_norm: 8.55735e-09
zk -1.78736e-06
-1.45916e-06
-3.97536e-07
  0.00182889
  -0.0019018
 -0.00032538
-0.000898821
-0.000734087
-0.000199224
 0.000309983
-0.000321159
-9.10011e-05
           0
           0
           0
           0
           0
           0
 9.93588e-05
           0
           0
 3.27015e-05
           0
 3.23445e-05
           0
 0.000119158
           0
           0
 5.71604e-06
-1.61685e-05
           0
           0
 1.63438e-05
           0
           0
 9.52545e-07
           0
           0
-9.43255e-09
 4.86301e-09
  9.6142e-09
-4.95667e-09
-1.07944e-05
           0
           0
 1.07952e-05
           0
           0
 1.32666e-07
           0
           0
           0
           0
           0
           0
-1.19605e-06
   0.0843345
  -0.0836977
 -0.00512269
           0
           0
pk 0.999608
       1
       1
0.999612
       1
       1
0.999917
0.999979
       1
0.999412
0.999992
       1
0.999413
0.999992
       1
0.999849
0.999975
       1
0.998842
0.999995
       1
0.999034
0.999995
       1
0.999923
       1
0.999783
0.992939
0.999949
0.988782
 1.00381
 1.00002
  1.0079
0.999045
       1
       1
count 213
(curr.pk-pk_prev).cwiseAbs().sum() 0.000145915
(curr.pk-p0).cwiseAbs().sum() 0.0357011
stable?: 1 converged?: 0 G: 3.23908e-08
tp: 4
Elapsed Time d2w: 168067 us
Elapsed Time dG: 11587 us
vz_norm: 1.54499e-07vp_norm: 8.55697e-09
zk  1.78682e-06
-1.45881e-06
-3.99004e-07
  0.00182782
  0.00190131
  0.00032658
 0.000898547
-0.000733912
 -0.00019996
 0.000309891
 0.000321078
 9.12577e-05
           0
           0
           0
           0
           0
           0
 9.97257e-05
           0
           0
-3.26934e-05
           0
  3.2335e-05
           0
 0.000119598
           0
           0
-5.73712e-06
-1.61639e-05
           0
           0
-1.63399e-05
           0
           0
-9.56059e-07
           0
           0
-9.42834e-09
 4.85976e-09
-9.61066e-09
 4.95374e-09
-1.07916e-05
           0
           0
-1.07924e-05
           0
           0
-1.33155e-07
           0
           0
           0
           0
           0
           0
-1.22354e-06
   0.0842959
   0.0836647
   0.0051374
           0
           0
pk 0.999606
       1
       1
 0.99961
       1
       1
0.999917
0.999979
       1
0.999409
0.999992
       1
 0.99941
0.999992
       1
0.999848
0.999975
       1
0.998837
0.999995
       1
 0.99903
0.999995
       1
0.999923
       1
0.999783
0.992908
0.999949
0.988737
 1.00383
 1.00002
 1.00793
0.999042
       1
       1
count 214
(curr.pk-pk_prev).cwiseAbs().sum() 0.000145777
(curr.pk-p0).cwiseAbs().sum() 0.0358469
stable?: 1 converged?: 0 G: 3.23907e-08
tp: 4
Elapsed Time d2w: 141230 us
Elapsed Time dG: 7659 us
vz_norm: 1.54563e-07vp_norm: 8.55659e-09
zk -1.78627e-06
-1.45846e-06
-4.00468e-07
  0.00182676
 -0.00190083
-0.000327776
-0.000898274
-0.000733737
-0.000200695
   0.0003098
-0.000320997
-9.15136e-05
           0
           0
           0
           0
           0
           0
 0.000100091
           0
           0
 3.26854e-05
           0
 3.23255e-05
           0
 0.000120036
           0
           0
 5.75814e-06
-1.61592e-05
           0
           0
 1.63359e-05
           0
           0
 9.59561e-07
           0
           0
-9.42414e-09
 4.85652e-09
 9.60712e-09
-4.95082e-09
-1.07889e-05
           0
           0
 1.07897e-05
           0
           0
 1.33643e-07
           0
           0
           0
           0
           0
           0
-1.25095e-06
   0.0842574
  -0.0836319
 -0.00515208
           0
           0
pk 0.999605
       1
       1
0.999609
       1
       1
0.999917
0.999979
       1
0.999407
0.999992
       1
0.999408
0.999992
       1
0.999848
0.999975
       1
0.998833
0.999995
       1
0.999026
0.999995
       1
0.999922
       1
0.999782
0.992877
0.999949
0.988691
 1.00384
 1.00002
 1.00797
0.999039
       1
       1
count 215
(curr.pk-pk_prev).cwiseAbs().sum() 0.00014564
(curr.pk-p0).cwiseAbs().sum() 0.0359926
stable?: 1 converged?: 0 G: 3.23907e-08
tp: 4
Elapsed Time d2w: 142149 us
Elapsed Time dG: 10282 us
vz_norm: 1.54627e-07vp_norm: 8.55621e-09
zk  1.78573e-06
-1.45812e-06
-4.01926e-07
   0.0018257
  0.00190034
 0.000328968
 0.000898002
-0.000733562
-0.000201426
 0.000309708
 0.000320917
 9.17686e-05
           0
           0
           0
           0
           0
           0
 0.000100456
           0
           0
-3.26774e-05
           0
 3.23161e-05
           0
 0.000120473
           0
           0
-5.77909e-06
-1.61545e-05
           0
           0
 -1.6332e-05
           0
           0
-9.63053e-07
           0
           0
-9.41995e-09
 4.85329e-09
-9.60359e-09
 4.94791e-09
-1.07861e-05
           0
           0
-1.07869e-05
           0
           0
 -1.3413e-07
           0
           0
           0
           0
           0
           0
-1.27826e-06
   0.0842189
   0.0835992
   0.0051667
           0
           0
pk 0.999603
       1
       1
0.999607
       1
       1
0.999917
0.999979
       1
0.999404
0.999992
       1
0.999406
0.999992
       1
0.999847
0.999975
       1
0.998828
0.999995
       1
0.999022
0.999995
       1
0.999922
       1
0.999781
0.992846
0.999949
0.988646
 1.00386
 1.00002
   1.008
0.999036
       1
       1
count 216
(curr.pk-pk_prev).cwiseAbs().sum() 0.000145503
(curr.pk-p0).cwiseAbs().sum() 0.0361381
stable?: 1 converged?: 0 G: 3.23907e-08
tp: 4
Elapsed Time d2w: 134805 us
Elapsed Time dG: 7694 us
vz_norm: 1.5469e-07vp_norm: 8.55583e-09
zk -1.78519e-06
-1.45777e-06
 -4.0338e-07
  0.00182464
 -0.00189986
-0.000330156
 -0.00089773
-0.000733387
-0.000202156
 0.000309617
-0.000320836
-9.20229e-05
           0
           0
           0
           0
           0
           0
 0.000100819
           0
           0
 3.26694e-05
           0
 3.23066e-05
           0
 0.000120909
           0
           0
 5.79998e-06
-1.61499e-05
           0
           0
 1.63281e-05
           0
           0
 9.66533e-07
           0
           0
-9.41578e-09
 4.85007e-09
 9.60008e-09
-4.94501e-09
-1.07834e-05
           0
           0
 1.07841e-05
           0
           0
 1.34615e-07
           0
           0
           0
           0
           0
           0
-1.30549e-06
   0.0841806
  -0.0835665
 -0.00518129
           0
           0
pk 0.999601
       1
       1
0.999605
       1
       1
0.999916
0.999979
       1
0.999402
0.999992
       1
0.999403
0.999992
       1
0.999847
0.999975
       1
0.998823
0.999995
       1
0.999018
0.999995
       1
0.999922
       1
0.999781
0.992815
0.999949
  0.9886
 1.00388
 1.00002
 1.00803
0.999034
       1
       1
count 217
(curr.pk-pk_prev).cwiseAbs().sum() 0.000145367
(curr.pk-p0).cwiseAbs().sum() 0.0362834
stable?: 1 converged?: 0 G: 3.23906e-08
tp: 4
Elapsed Time d2w: 151608 us
Elapsed Time dG: 8101 us
vz_norm: 1.54754e-07vp_norm: 8.55545e-09
zk  1.78465e-06
-1.45742e-06
 -4.0483e-07
  0.00182358
  0.00189938
  0.00033134
 0.000897459
-0.000733213
-0.000202884
 0.000309527
 0.000320756
 9.22764e-05
           0
           0
           0
           0
           0
           0
 0.000101182
           0
           0
-3.26614e-05
           0
 3.22972e-05
           0
 0.000121343
           0
           0
 -5.8208e-06
-1.61453e-05
           0
           0
-1.63242e-05
           0
           0
-9.70003e-07
           0
           0
-9.41161e-09
 4.84686e-09
-9.59657e-09
 4.94211e-09
-1.07806e-05
           0
           0
-1.07814e-05
           0
           0
-1.35099e-07
           0
           0
           0
           0
           0
           0
-1.33263e-06
   0.0841424
    0.083534
  0.00519582
           0
           0
pk   0.9996
       1
       1
0.999604
       1
       1
0.999916
0.999979
       1
0.999399
0.999992
       1
0.999401
0.999992
       1
0.999847
0.999975
       1
0.998818
0.999995
       1
0.999014
0.999995
       1
0.999922
       1
 0.99978
0.992784
0.999948
0.988555
 1.00389
 1.00002
 1.00806
0.999031
       1
       1
count 218
(curr.pk-pk_prev).cwiseAbs().sum() 0.000145231
(curr.pk-p0).cwiseAbs().sum() 0.0364287
stable?: 1 converged?: 0 G: 3.23906e-08
tp: 4
Elapsed Time d2w: 149624 us
Elapsed Time dG: 7256 us
vz_norm: 1.54817e-07vp_norm: 8.55507e-09
zk -1.78411e-06
-1.45707e-06
-4.06275e-07
  0.00182253
 -0.00189889
-0.000332521
-0.000897189
-0.000733038
-0.000203609
 0.000309436
-0.000320676
 -9.2529e-05
           0
           0
           0
           0
           0
           0
 0.000101543
           0
           0
 3.26534e-05
           0
 3.22878e-05
           0
 0.000121776
           0
           0
 5.84155e-06
-1.61406e-05
           0
           0
 1.63202e-05
           0
           0
 9.73461e-07
           0
           0
-9.40746e-09
 4.84366e-09
 9.59307e-09
-4.93923e-09
-1.07779e-05
           0
           0
 1.07787e-05
           0
           0
 1.35581e-07
           0
           0
           0
           0
           0
           0
-1.35968e-06
   0.0841043
  -0.0835015
 -0.00521031
           0
           0
pk 0.999598
       1
       1
0.999602
       1
       1
0.999916
0.999979
       1
0.999397
0.999992
       1
0.999398
0.999992
       1
0.999846
0.999975
       1
0.998814
0.999995
       1
 0.99901
0.999995
       1
0.999921
       1
0.999779
0.992753
0.999948
 0.98851
 1.00391
 1.00002
 1.00809
0.999028
       1
       1
count 219
(curr.pk-pk_prev).cwiseAbs().sum() 0.000145095
(curr.pk-p0).cwiseAbs().sum() 0.0365737
stable?: 1 converged?: 0 G: 3.23906e-08
tp: 4
Elapsed Time d2w: 147835 us
Elapsed Time dG: 9832 us
vz_norm: 1.5488e-07vp_norm: 8.5547e-09
zk  1.78357e-06
-1.45673e-06
-4.07715e-07
  0.00182148
  0.00189841
 0.000333698
 0.000896919
-0.000732864
-0.000204332
 0.000309345
 0.000320596
 9.27809e-05
           0
           0
           0
           0
           0
           0
 0.000101903
           0
           0
-3.26455e-05
           0
 3.22783e-05
           0
 0.000122208
           0
           0
-5.86225e-06
 -1.6136e-05
           0
           0
-1.63163e-05
           0
           0
-9.76909e-07
           0
           0
-9.40332e-09
 4.84048e-09
-9.58959e-09
 4.93636e-09
-1.07751e-05
           0
           0
-1.07759e-05
           0
           0
-1.36061e-07
           0
           0
           0
           0
           0
           0
-1.38665e-06
   0.0840663
   0.0834691
  0.00522476
           0
           0
pk 0.999597
       1
       1
0.999601
       1
       1
0.999916
0.999979
       1
0.999395
0.999992
       1
0.999396
0.999992
       1
0.999846
0.999975
       1
0.998809
0.999995
       1
0.999006
0.999995
       1
0.999921
       1
0.999779
0.992723
0.999948
0.988465
 1.00392
 1.00002
 1.00812
0.999025
       1
       1
count 220
(curr.pk-pk_prev).cwiseAbs().sum() 0.00014496
(curr.pk-p0).cwiseAbs().sum() 0.0367187
stable?: 1 converged?: 0 G: 3.23905e-08
tp: 4
Elapsed Time d2w: 132375 us
Elapsed Time dG: 8588 us
vz_norm: 1.54943e-07vp_norm: 8.55432e-09
zk -1.78304e-06
-1.45638e-06
-4.09151e-07
  0.00182044
 -0.00189793
-0.000334871
 -0.00089665
 -0.00073269
-0.000205052
 0.000309255
-0.000320517
 -9.3032e-05
           0
           0
           0
           0
           0
           0
 0.000102262
           0
           0
 3.26375e-05
           0
  3.2269e-05
           0
 0.000122638
           0
           0
 5.88287e-06
-1.61314e-05
           0
           0
 1.63124e-05
           0
           0
 9.80346e-07
           0
           0
-9.39918e-09
  4.8373e-09
 9.58611e-09
 -4.9335e-09
-1.07724e-05
           0
           0
 1.07732e-05
           0
           0
  1.3654e-07
           0
           0
           0
           0
           0
           0
-1.41354e-06
   0.0840284
  -0.0834368
 -0.00523916
           0
           0
pk 0.999595
       1
       1
0.999599
       1
       1
0.999915
0.999979
       1
0.999392
0.999992
       1
0.999394
0.999992
       1
0.999845
0.999974
       1
0.998804
0.999995
       1
0.999002
0.999995
       1
0.999921
       1
0.999778
0.992692
0.999948
0.988419
 1.00394
 1.00002
 1.00815
0.999022
       1
       1
count 221
(curr.pk-pk_prev).cwiseAbs().sum() 0.000144825
(curr.pk-p0).cwiseAbs().sum() 0.0368635
stable?: 1 converged?: 0 G: 3.23905e-08
tp: 4
Elapsed Time d2w: 122756 us
Elapsed Time dG: 8579 us
vz_norm: 1.55006e-07vp_norm: 8.55394e-09
zk   1.7825e-06
-1.45604e-06
-4.10583e-07
  0.00181939
  0.00189746
 0.000336041
 0.000896381
-0.000732517
-0.000205771
 0.000309165
 0.000320437
 9.32824e-05
           0
           0
           0
           0
           0
           0
 0.000102619
           0
           0
-3.26296e-05
           0
 3.22596e-05
           0
 0.000123067
           0
           0
-5.90343e-06
-1.61268e-05
           0
           0
-1.63085e-05
           0
           0
-9.83773e-07
           0
           0
-9.39506e-09
 4.83413e-09
-9.58264e-09
 4.93065e-09
-1.07697e-05
           0
           0
-1.07705e-05
           0
           0
-1.37018e-07
           0
           0
           0
           0
           0
           0
-1.44034e-06
   0.0839906
   0.0834047
  0.00525352
           0
           0
pk 0.999593
       1
       1
0.999597
       1
       1
0.999915
0.999979
       1
 0.99939
0.999992
       1
0.999391
0.999992
       1
0.999845
0.999974
       1
  0.9988
0.999995
       1
0.998998
0.999995
       1
0.999921
       1
0.999777
0.992661
0.999948
0.988374
 1.00396
 1.00002
 1.00818
 0.99902
       1
       1
count 222
(curr.pk-pk_prev).cwiseAbs().sum() 0.000144691
(curr.pk-p0).cwiseAbs().sum() 0.0370082
stable?: 1 converged?: 0 G: 3.23904e-08
tp: 4
Elapsed Time d2w: 126265 us
Elapsed Time dG: 8218 us
vz_norm: 1.55069e-07vp_norm: 8.55357e-09
zk -1.78197e-06
-1.45569e-06
 -4.1201e-07
  0.00181835
 -0.00189698
-0.000337207
-0.000896114
-0.000732343
-0.000206487
 0.000309075
-0.000320358
-9.35319e-05
           0
           0
           0
           0
           0
           0
 0.000102976
           0
           0
 3.26217e-05
           0
 3.22502e-05
           0
 0.000123494
           0
           0
 5.92393e-06
-1.61222e-05
           0
           0
 1.63047e-05
           0
           0
 9.87188e-07
           0
           0
-9.39095e-09
 4.83097e-09
 9.57918e-09
 -4.9278e-09
-1.07669e-05
           0
           0
 1.07677e-05
           0
           0
 1.37494e-07
           0
           0
           0
           0
           0
           0
-1.46705e-06
   0.0839529
  -0.0833726
 -0.00526783
           0
           0
pk 0.999592
       1
       1
0.999596
       1
       1
0.999915
0.999979
       1
0.999387
0.999992
       1
0.999389
0.999992
       1
0.999844
0.999974
       1
0.998795
0.999995
       1
0.998994
0.999995
       1
 0.99992
       1
0.999777
 0.99263
0.999947
0.988329
 1.00397
 1.00002
 1.00822
0.999017
       1
       1
count 223
(curr.pk-pk_prev).cwiseAbs().sum() 0.000144557
(curr.pk-p0).cwiseAbs().sum() 0.0371528
stable?: 1 converged?: 0 G: 3.23904e-08
tp: 4
Elapsed Time d2w: 133306 us
Elapsed Time dG: 7637 us
vz_norm: 1.55132e-07vp_norm: 8.55319e-09
zk  1.78144e-06
-1.45535e-06
-4.13433e-07
  0.00181732
   0.0018965
 0.000338369
 0.000895846
 -0.00073217
-0.000207201
 0.000308985
 0.000320278
 9.37807e-05
           0
           0
           0
           0
           0
           0
 0.000103331
           0
           0
-3.26138e-05
           0
 3.22409e-05
           0
 0.000123921
           0
           0
-5.94437e-06
-1.61176e-05
           0
           0
-1.63008e-05
           0
           0
-9.90594e-07
           0
           0
-9.38685e-09
 4.82782e-09
-9.57573e-09
 4.92497e-09
-1.07642e-05
           0
           0
 -1.0765e-05
           0
           0
-1.37968e-07
           0
           0
           0
           0
           0
           0
-1.49369e-06
   0.0839153
   0.0833406
   0.0052821
           0
           0
pk  0.99959
       1
       1
0.999594
       1
       1
0.999915
0.999979
       1
0.999385
0.999992
       1
0.999386
0.999992
       1
0.999844
0.999974
       1
 0.99879
0.999995
       1
 0.99899
0.999995
       1
 0.99992
       1
0.999776
  0.9926
0.999947
0.988284
 1.00399
 1.00002
 1.00825
0.999014
       1
       1
count 224
(curr.pk-pk_prev).cwiseAbs().sum() 0.000144424
(curr.pk-p0).cwiseAbs().sum() 0.0372972
stable?: 1 converged?: 0 G: 3.23904e-08
tp: 4
Elapsed Time d2w: 122616 us
Elapsed Time dG: 8592 us
vz_norm: 1.55194e-07vp_norm: 8.55282e-09
zk  -1.7809e-06
  -1.455e-06
-4.14851e-07
  0.00181628
 -0.00189603
-0.000339528
 -0.00089558
-0.000731997
-0.000207912
 0.000308895
-0.000320199
-9.40288e-05
           0
           0
           0
           0
           0
           0
 0.000103686
           0
           0
 3.26059e-05
           0
 3.22316e-05
           0
 0.000124346
           0
           0
 5.96474e-06
 -1.6113e-05
           0
           0
 1.62969e-05
           0
           0
 9.93988e-07
           0
           0
-9.38276e-09
 4.82468e-09
  9.5723e-09
-4.92214e-09
-1.07615e-05
           0
           0
 1.07623e-05
           0
           0
 1.38442e-07
           0
           0
           0
           0
           0
           0
-1.52023e-06
   0.0838778
  -0.0833086
 -0.00529632
           0
           0
pk 0.999589
       1
       1
0.999593
       1
       1
0.999914
0.999979
       1
0.999383
0.999992
       1
0.999384
0.999992
       1
0.999843
0.999974
       1
0.998785
0.999995
       1
0.998986
0.999995
       1
 0.99992
       1
0.999775
0.992569
0.999947
0.988239
   1.004
 1.00002
 1.00828
0.999011
       1
       1
count 225
(curr.pk-pk_prev).cwiseAbs().sum() 0.000144291
(curr.pk-p0).cwiseAbs().sum() 0.0374415
stable?: 1 converged?: 0 G: 3.23903e-08
tp: 4
Elapsed Time d2w: 119158 us
Elapsed Time dG: 8648 us
vz_norm: 1.55257e-07vp_norm: 8.55245e-09
zk  1.78037e-06
-1.45466e-06
-4.16265e-07
  0.00181525
  0.00189555
 0.000340684
 0.000895313
-0.000731824
-0.000208622
 0.000308806
  0.00032012
 9.42761e-05
           0
           0
           0
           0
           0
           0
 0.000104039
           0
           0
 -3.2598e-05
           0
 3.22223e-05
           0
 0.000124769
           0
           0
-5.98505e-06
-1.61085e-05
           0
           0
 -1.6293e-05
           0
           0
-9.97373e-07
           0
           0
-9.37868e-09
 4.82155e-09
-9.56887e-09
 4.91933e-09
-1.07588e-05
           0
           0
-1.07596e-05
           0
           0
-1.38913e-07
           0
           0
           0
           0
           0
           0
 -1.5467e-06
   0.0838404
   0.0832768
   0.0053105
           0
           0
pk 0.999587
       1
       1
0.999591
       1
       1
0.999914
0.999979
       1
 0.99938
0.999992
       1
0.999382
0.999992
       1
0.999843
0.999974
       1
0.998781
0.999995
       1
0.998982
0.999995
       1
 0.99992
       1
0.999775
0.992538
0.999947
0.988194
 1.00402
 1.00002
 1.00831
0.999009
       1
       1
count 226
(curr.pk-pk_prev).cwiseAbs().sum() 0.000144158
(curr.pk-p0).cwiseAbs().sum() 0.0375857
stable?: 1 converged?: 0 G: 3.23903e-08
tp: 4
Elapsed Time d2w: 120892 us
Elapsed Time dG: 8466 us
vz_norm: 1.55319e-07vp_norm: 8.55208e-09
zk -1.77985e-06
-1.45432e-06
-4.17675e-07
  0.00181422
 -0.00189508
-0.000341835
-0.000895048
-0.000731652
-0.000209329
 0.000308716
-0.000320042
-9.45226e-05
           0
           0
           0
           0
           0
           0
 0.000104392
           0
           0
 3.25902e-05
           0
  3.2213e-05
           0
 0.000125192
           0
           0
  6.0053e-06
-1.61039e-05
           0
           0
 1.62892e-05
           0
           0
 1.00075e-06
           0
           0
-9.37462e-09
 4.81844e-09
 9.56545e-09
-4.91652e-09
-1.07561e-05
           0
           0
 1.07569e-05
           0
           0
 1.39384e-07
           0
           0
           0
           0
           0
           0
-1.57308e-06
   0.0838031
  -0.0832451
 -0.00532464
           0
           0
pk 0.999585
       1
       1
 0.99959
       1
       1
0.999914
0.999978
       1
0.999378
0.999992
       1
0.999379
0.999992
       1
0.999842
0.999974
       1
0.998776
0.999995
       1
0.998978
0.999995
       1
0.999919
       1
0.999774
0.992508
0.999947
0.988149
 1.00404
 1.00002
 1.00834
0.999006
       1
       1
count 227
(curr.pk-pk_prev).cwiseAbs().sum() 0.000144026
(curr.pk-p0).cwiseAbs().sum() 0.0377297
stable?: 1 converged?: 0 G: 3.23902e-08
tp: 4
Elapsed Time d2w: 173991 us
Elapsed Time dG: 7822 us
vz_norm: 1.55381e-07vp_norm: 8.5517e-09
zk  1.77932e-06
-1.45397e-06
 -4.1908e-07
   0.0018132
   0.0018946
 0.000342984
 0.000894783
-0.000731479
-0.000210035
 0.000308627
 0.000319963
 9.47684e-05
           0
           0
           0
           0
           0
           0
 0.000104743
           0
           0
-3.25823e-05
           0
 3.22037e-05
           0
 0.000125613
           0
           0
-6.02548e-06
-1.60994e-05
           0
           0
-1.62853e-05
           0
           0
-1.00411e-06
           0
           0
-9.37056e-09
 4.81533e-09
-9.56203e-09
 4.91372e-09
-1.07534e-05
           0
           0
-1.07542e-05
           0
           0
-1.39852e-07
           0
           0
           0
           0
           0
           0
-1.59939e-06
   0.0837659
   0.0832134
  0.00533874
           0
           0
pk 0.999584
       1
       1
0.999588
       1
       1
0.999914
0.999978
       1
0.999375
0.999992
       1
0.999377
0.999992
       1
0.999842
0.999974
       1
0.998771
0.999995
       1
0.998974
0.999995
       1
0.999919
       1
0.999773
0.992477
0.999946
0.988104
 1.00405
 1.00002
 1.00837
0.999003
       1
       1
count 228
(curr.pk-pk_prev).cwiseAbs().sum() 0.000143894
(curr.pk-p0).cwiseAbs().sum() 0.0378736
stable?: 1 converged?: 0 G: 3.23902e-08
tp: 4
Elapsed Time d2w: 146250 us
Elapsed Time dG: 8777 us
vz_norm: 1.55443e-07vp_norm: 8.55133e-09
zk -1.77879e-06
-1.45363e-06
-4.20481e-07
  0.00181218
 -0.00189413
-0.000344128
-0.000894519
-0.000731307
-0.000210738
 0.000308538
-0.000319885
-9.50134e-05
           0
           0
           0
           0
           0
           0
 0.000105093
           0
           0
 3.25745e-05
           0
 3.21945e-05
           0
 0.000126032
           0
           0
 6.04561e-06
-1.60948e-05
           0
           0
 1.62815e-05
           0
           0
 1.00746e-06
           0
           0
-9.36651e-09
 4.81223e-09
 9.55863e-09
-4.91093e-09
-1.07507e-05
           0
           0
 1.07515e-05
           0
           0
  1.4032e-07
           0
           0
           0
           0
           0
           0
-1.62561e-06
   0.0837287
  -0.0831819
 -0.00535279
           0
           0
pk 0.999582
       1
       1
0.999586
       1
       1
0.999913
0.999978
       1
0.999373
0.999992
       1
0.999374
0.999992
       1
0.999841
0.999974
       1
0.998767
0.999995
       1
 0.99897
0.999995
       1
0.999919
       1
0.999773
0.992446
0.999946
0.988059
 1.00407
 1.00002
  1.0084
0.999001
       1
       1
count 229
(curr.pk-pk_prev).cwiseAbs().sum() 0.000143762
(curr.pk-p0).cwiseAbs().sum() 0.0380173
stable?: 1 converged?: 0 G: 3.23902e-08
tp: 4
Elapsed Time d2w: 143287 us
Elapsed Time dG: 7755 us
vz_norm: 1.55505e-07vp_norm: 8.55096e-09
zk  1.77827e-06
-1.45329e-06
-4.21878e-07
  0.00181116
  0.00189366
 0.000345269
 0.000894255
-0.000731135
-0.000211439
 0.000308449
 0.000319806
 9.52577e-05
           0
           0
           0
           0
           0
           0
 0.000105442
           0
           0
-3.25667e-05
           0
 3.21853e-05
           0
 0.000126451
           0
           0
-6.06567e-06
-1.60903e-05
           0
           0
-1.62777e-05
           0
           0
-1.01081e-06
           0
           0
-9.36247e-09
 4.80914e-09
-9.55524e-09
 4.90815e-09
 -1.0748e-05
           0
           0
-1.07488e-05
           0
           0
-1.40786e-07
           0
           0
           0
           0
           0
           0
-1.65175e-06
   0.0836917
   0.0831504
   0.0053668
           0
           0
pk 0.999581
       1
       1
0.999585
       1
       1
0.999913
0.999978
       1
0.999371
0.999992
       1
0.999372
0.999992
       1
0.999841
0.999974
       1
0.998762
0.999995
       1
0.998966
0.999995
       1
0.999919
       1
0.999772
0.992416
0.999946
0.988014
 1.00408
 1.00002
 1.00843
0.998998
       1
       1
count 230
(curr.pk-pk_prev).cwiseAbs().sum() 0.000143631
(curr.pk-p0).cwiseAbs().sum() 0.038161
stable?: 1 converged?: 0 G: 3.23901e-08
tp: 4
Elapsed Time d2w: 164788 us
Elapsed Time dG: 9371 us
vz_norm: 1.55567e-07vp_norm: 8.55059e-09
zk -1.77774e-06
-1.45295e-06
-4.23271e-07
  0.00181014
 -0.00189319
-0.000346407
-0.000893992
-0.000730963
-0.000212138
 0.000308361
-0.000319728
-9.55012e-05
           0
           0
           0
           0
           0
           0
  0.00010579
           0
           0
 3.25589e-05
           0
  3.2176e-05
           0
 0.000126868
           0
           0
 6.08567e-06
-1.60858e-05
           0
           0
 1.62738e-05
           0
           0
 1.01414e-06
           0
           0
-9.35844e-09
 4.80605e-09
 9.55186e-09
-4.90538e-09
-1.07453e-05
           0
           0
 1.07461e-05
           0
           0
  1.4125e-07
           0
           0
           0
           0
           0
           0
-1.67781e-06
   0.0836548
   -0.083119
 -0.00538077
           0
           0
pk 0.999579
       1
       1
0.999583
       1
       1
0.999913
0.999978
       1
0.999368
0.999992
       1
 0.99937
0.999992
       1
 0.99984
0.999974
       1
0.998757
0.999995
       1
0.998962
0.999995
       1
0.999919
       1
0.999772
0.992385
0.999946
 0.98797
  1.0041
 1.00002
 1.00846
0.998995
       1
       1
count 231
(curr.pk-pk_prev).cwiseAbs().sum() 0.000143501
(curr.pk-p0).cwiseAbs().sum() 0.0383045
stable?: 1 converged?: 0 G: 3.23901e-08
tp: 4
Elapsed Time d2w: 161529 us
Elapsed Time dG: 8472 us
vz_norm: 1.55629e-07vp_norm: 8.55023e-09
zk  1.77722e-06
 -1.4526e-06
-4.24659e-07
  0.00180912
  0.00189272
 0.000347542
 0.000893729
-0.000730791
-0.000212834
 0.000308272
  0.00031965
 9.57441e-05
           0
           0
           0
           0
           0
           0
 0.000106137
           0
           0
-3.25511e-05
           0
 3.21668e-05
           0
 0.000127284
           0
           0
-6.10561e-06
-1.60812e-05
           0
           0
  -1.627e-05
           0
           0
-1.01746e-06
           0
           0
-9.35443e-09
 4.80298e-09
-9.54848e-09
 4.90262e-09
-1.07426e-05
           0
           0
-1.07435e-05
           0
           0
-1.41713e-07
           0
           0
           0
           0
           0
           0
-1.70379e-06
    0.083618
   0.0830877
  0.00539469
           0
           0
pk 0.999577
       1
       1
0.999582
       1
       1
0.999913
0.999978
       1
0.999366
0.999992
       1
0.999367
0.999992
       1
 0.99984
0.999974
       1
0.998753
0.999994
       1
0.998958
0.999995
       1
0.999918
       1
0.999771
0.992355
0.999945
0.987925
 1.00412
 1.00002
  1.0085
0.998993
       1
       1
count 232
(curr.pk-pk_prev).cwiseAbs().sum() 0.00014337
(curr.pk-p0).cwiseAbs().sum() 0.0384478
stable?: 1 converged?: 0 G: 3.23901e-08
tp: 4
Elapsed Time d2w: 125356 us
Elapsed Time dG: 7679 us
vz_norm: 1.5569e-07vp_norm: 8.54986e-09
zk  -1.7767e-06
-1.45226e-06
-4.26044e-07
  0.00180811
 -0.00189226
-0.000348672
-0.000893467
 -0.00073062
-0.000213529
 0.000308184
-0.000319572
-9.59862e-05
           0
           0
           0
           0
           0
           0
 0.000106483
           0
           0
 3.25434e-05
           0
 3.21576e-05
           0
 0.000127699
           0
           0
  6.1255e-06
-1.60767e-05
           0
           0
 1.62662e-05
           0
           0
 1.02078e-06
           0
           0
-9.35042e-09
 4.79992e-09
 9.54512e-09
-4.89987e-09
  -1.074e-05
           0
           0
 1.07408e-05
           0
           0
 1.42175e-07
           0
           0
           0
           0
           0
           0
-1.72969e-06
   0.0835813
  -0.0830565
 -0.00540858
           0
           0
pk 0.999576
       1
       1
 0.99958
       1
       1
0.999913
0.999978
       1
0.999363
0.999991
       1
0.999365
0.999992
       1
0.999839
0.999974
       1
0.998748
0.999994
       1
0.998955
0.999995
       1
0.999918
       1
 0.99977
0.992324
0.999945
 0.98788
 1.00413
 1.00002
 1.00853
 0.99899
       1
       1
count 233
(curr.pk-pk_prev).cwiseAbs().sum() 0.000143241
(curr.pk-p0).cwiseAbs().sum() 0.0385911
stable?: 1 converged?: 0 G: 3.239e-08
tp: 4
Elapsed Time d2w: 115596 us
Elapsed Time dG: 7723 us
vz_norm: 1.55752e-07vp_norm: 8.54949e-09
zk  1.77617e-06
-1.45192e-06
-4.27424e-07
  0.00180711
  0.00189179
   0.0003498
 0.000893206
-0.000730449
-0.000214222
 0.000308095
 0.000319494
 9.62275e-05
           0
           0
           0
           0
           0
           0
 0.000106828
           0
           0
-3.25356e-05
           0
 3.21485e-05
           0
 0.000128113
           0
           0
-6.14532e-06
-1.60722e-05
           0
           0
-1.62624e-05
           0
           0
-1.02408e-06
           0
           0
-9.34642e-09
 4.79687e-09
-9.54176e-09
 4.89712e-09
-1.07373e-05
           0
           0
-1.07381e-05
           0
           0
-1.42636e-07
           0
           0
           0
           0
           0
           0
-1.75551e-06
   0.0835446
   0.0830253
  0.00542242
           0
           0
pk 0.999574
       1
       1
0.999579
       1
       1
0.999912
0.999978
       1
0.999361
0.999991
       1
0.999363
0.999992
       1
0.999839
0.999973
       1
0.998743
0.999994
       1
0.998951
0.999995
       1
0.999918
       1
 0.99977
0.992293
0.999945
0.987836
 1.00415
 1.00002
 1.00856
0.998988
       1
       1
count 234
(curr.pk-pk_prev).cwiseAbs().sum() 0.000143111
(curr.pk-p0).cwiseAbs().sum() 0.0387342
stable?: 1 converged?: 0 G: 3.239e-08
tp: 4
Elapsed Time d2w: 127635 us
Elapsed Time dG: 8067 us
vz_norm: 1.55813e-07vp_norm: 8.54912e-09
zk -1.77566e-06
-1.45158e-06
  -4.288e-07
   0.0018061
 -0.00189132
-0.000350924
-0.000892945
-0.000730278
-0.000214912
 0.000308007
-0.000319417
-9.64682e-05
           0
           0
           0
           0
           0
           0
 0.000107172
           0
           0
 3.25279e-05
           0
 3.21393e-05
           0
 0.000128525
           0
           0
 6.16508e-06
-1.60677e-05
           0
           0
 1.62586e-05
           0
           0
 1.02737e-06
           0
           0
-9.34244e-09
 4.79382e-09
 9.53841e-09
-4.89439e-09
-1.07346e-05
           0
           0
 1.07355e-05
           0
           0
 1.43095e-07
           0
           0
           0
           0
           0
           0
-1.78126e-06
   0.0835081
  -0.0829943
 -0.00543622
           0
           0
pk 0.999573
       1
       1
0.999577
       1
       1
0.999912
0.999978
       1
0.999359
0.999991
       1
 0.99936
0.999991
       1
0.999838
0.999973
       1
0.998739
0.999994
       1
0.998947
0.999995
       1
0.999918
       1
0.999769
0.992263
0.999945
0.987791
 1.00416
 1.00002
 1.00859
0.998985
       1
       1
count 235
(curr.pk-pk_prev).cwiseAbs().sum() 0.000142982
(curr.pk-p0).cwiseAbs().sum() 0.0388772
stable?: 1 converged?: 0 G: 3.23899e-08
tp: 4
Elapsed Time d2w: 172735 us
Elapsed Time dG: 7789 us
vz_norm: 1.55874e-07vp_norm: 8.54876e-09
zk  1.77514e-06
-1.45124e-06
-4.30171e-07
   0.0018051
  0.00189086
 0.000352045
 0.000892685
-0.000730107
  -0.0002156
 0.000307919
 0.000319339
 9.67081e-05
           0
           0
           0
           0
           0
           0
 0.000107515
           0
           0
-3.25202e-05
           0
 3.21302e-05
           0
 0.000128936
           0
           0
-6.18478e-06
-1.60632e-05
           0
           0
-1.62548e-05
           0
           0
-1.03066e-06
           0
           0
-9.33846e-09
 4.79079e-09
-9.53508e-09
 4.89166e-09
 -1.0732e-05
           0
           0
-1.07328e-05
           0
           0
-1.43552e-07
           0
           0
           0
           0
           0
           0
-1.80692e-06
   0.0834717
   0.0829633
  0.00544998
           0
           0
pk 0.999571
       1
       1
0.999575
       1
       1
0.999912
0.999978
       1
0.999356
0.999991
       1
0.999358
0.999991
       1
0.999838
0.999973
       1
0.998734
0.999994
       1
0.998943
0.999995
       1
0.999917
       1
0.999768
0.992232
0.999945
0.987746
 1.00418
 1.00002
 1.00862
0.998982
       1
       1
count 236
(curr.pk-pk_prev).cwiseAbs().sum() 0.000142853
(curr.pk-p0).cwiseAbs().sum() 0.03902
stable?: 1 converged?: 0 G: 3.23899e-08
tp: 4
Elapsed Time d2w: 116267 us
Elapsed Time dG: 8567 us
vz_norm: 1.55935e-07vp_norm: 8.54839e-09
zk -1.77462e-06
 -1.4509e-06
-4.31539e-07
   0.0018041
 -0.00189039
-0.000353162
-0.000892425
-0.000729936
-0.000216287
 0.000307832
-0.000319262
-9.69473e-05
           0
           0
           0
           0
           0
           0
 0.000107856
           0
           0
 3.25125e-05
           0
 3.21211e-05
           0
 0.000129346
           0
           0
 6.20443e-06
-1.60587e-05
           0
           0
  1.6251e-05
           0
           0
 1.03393e-06
           0
           0
-9.33449e-09
 4.78777e-09
 9.53175e-09
-4.88894e-09
-1.07293e-05
           0
           0
 1.07301e-05
           0
           0
 1.44009e-07
           0
           0
           0
           0
           0
           0
-1.83251e-06
   0.0834353
  -0.0829324
  -0.0054637
           0
           0
pk 0.999569
       1
       1
0.999574
       1
       1
0.999912
0.999978
       1
0.999354
0.999991
       1
0.999356
0.999991
       1
0.999838
0.999973
       1
0.998729
0.999994
       1
0.998939
0.999995
       1
0.999917
       1
0.999768
0.992202
0.999944
0.987702
 1.00419
 1.00002
 1.00865
 0.99898
       1
       1
count 237
(curr.pk-pk_prev).cwiseAbs().sum() 0.000142725
(curr.pk-p0).cwiseAbs().sum() 0.0391628
stable?: 1 converged?: 0 G: 3.23899e-08
tp: 4
Elapsed Time d2w: 128263 us
Elapsed Time dG: 7496 us
vz_norm: 1.55996e-07vp_norm: 8.54803e-09
zk   1.7741e-06
-1.45056e-06
-4.32903e-07
   0.0018031
  0.00188993
 0.000354276
 0.000892166
-0.000729766
-0.000216971
 0.000307744
 0.000319185
 9.71859e-05
           0
           0
           0
           0
           0
           0
 0.000108197
           0
           0
-3.25048e-05
           0
  3.2112e-05
           0
 0.000129754
           0
           0
-6.22401e-06
-1.60543e-05
           0
           0
-1.62473e-05
           0
           0
-1.03719e-06
           0
           0
-9.33053e-09
 4.78475e-09
-9.52843e-09
 4.88623e-09
-1.07266e-05
           0
           0
-1.07275e-05
           0
           0
-1.44463e-07
           0
           0
           0
           0
           0
           0
-1.85802e-06
    0.083399
   0.0829016
  0.00547738
           0
           0
pk 0.999568
       1
       1
0.999572
       1
       1
0.999911
0.999978
       1
0.999352
0.999991
       1
0.999353
0.999991
       1
0.999837
0.999973
       1
0.998725
0.999994
       1
0.998935
0.999995
       1
0.999917
       1
0.999767
0.992171
0.999944
0.987657
 1.00421
 1.00002
 1.00868
0.998977
       1
       1
count 238
(curr.pk-pk_prev).cwiseAbs().sum() 0.000142597
(curr.pk-p0).cwiseAbs().sum() 0.0393053
stable?: 1 converged?: 0 G: 3.23898e-08
tp: 4
Elapsed Time d2w: 123640 us
Elapsed Time dG: 8353 us
vz_norm: 1.56057e-07vp_norm: 8.54767e-09
zk -1.77359e-06
-1.45023e-06
-4.34263e-07
   0.0018021
 -0.00188947
-0.000355387
-0.000891908
-0.000729596
-0.000217653
 0.000307657
-0.000319108
-9.74237e-05
           0
           0
           0
           0
           0
           0
 0.000108537
           0
           0
 3.24971e-05
           0
 3.21029e-05
           0
 0.000130162
           0
           0
 6.24354e-06
-1.60498e-05
           0
           0
 1.62435e-05
           0
           0
 1.04045e-06
           0
           0
-9.32659e-09
 4.78174e-09
 9.52511e-09
-4.88353e-09
 -1.0724e-05
           0
           0
 1.07248e-05
           0
           0
 1.44917e-07
           0
           0
           0
           0
           0
           0
-1.88345e-06
   0.0833629
  -0.0828709
 -0.00549102
           0
           0
pk 0.999566
       1
       1
0.999571
       1
       1
0.999911
0.999978
       1
0.999349
0.999991
       1
0.999351
0.999991
       1
0.999837
0.999973
       1
 0.99872
0.999994
       1
0.998931
0.999994
       1
0.999917
       1
0.999767
0.992141
0.999944
0.987613
 1.00423
 1.00002
 1.00871
0.998975
       1
       1
count 239
(curr.pk-pk_prev).cwiseAbs().sum() 0.00014247
(curr.pk-p0).cwiseAbs().sum() 0.0394478
stable?: 1 converged?: 0 G: 3.23898e-08
tp: 4
Elapsed Time d2w: 181126 us
Elapsed Time dG: 9132 us
vz_norm: 1.56118e-07vp_norm: 8.5473e-09
zk  1.77307e-06
-1.44989e-06
-4.35618e-07
  0.00180111
    0.001889
 0.000356494
  0.00089165
-0.000729426
-0.000218334
 0.000307569
 0.000319031
 9.76608e-05
           0
           0
           0
           0
           0
           0
 0.000108876
           0
           0
-3.24894e-05
           0
 3.20938e-05
           0
 0.000130568
           0
           0
-6.26301e-06
-1.60453e-05
           0
           0
-1.62397e-05
           0
           0
-1.04369e-06
           0
           0
-9.32265e-09
 4.77874e-09
-9.52181e-09
 4.88083e-09
-1.07214e-05
           0
           0
-1.07222e-05
           0
           0
-1.45369e-07
           0
           0
           0
           0
           0
           0
-1.90881e-06
   0.0833268
   0.0828403
  0.00550462
           0
           0
pk 0.999565
       1
       1
0.999569
       1
       1
0.999911
0.999978
       1
0.999347
0.999991
       1
0.999348
0.999991
       1
0.999836
0.999973
       1
0.998715
0.999994
       1
0.998927
0.999994
       1
0.999917
       1
0.999766
0.992111
0.999944
0.987568
 1.00424
 1.00002
 1.00874
0.998972
       1
       1
count 240
(curr.pk-pk_prev).cwiseAbs().sum() 0.000142343
(curr.pk-p0).cwiseAbs().sum() 0.0395902
stable?: 1 converged?: 0 G: 3.23897e-08
tp: 4
Elapsed Time d2w: 153738 us
Elapsed Time dG: 8823 us
vz_norm: 1.56178e-07vp_norm: 8.54694e-09
zk -1.77256e-06
-1.44955e-06
 -4.3697e-07
  0.00180012
 -0.00188854
-0.000357598
-0.000891393
-0.000729256
-0.000219012
 0.000307482
-0.000318954
-9.78972e-05
           0
           0
           0
           0
           0
           0
 0.000109213
           0
           0
 3.24818e-05
           0
 3.20847e-05
           0
 0.000130973
           0
           0
 6.28242e-06
-1.60409e-05
           0
           0
  1.6236e-05
           0
           0
 1.04693e-06
           0
           0
-9.31872e-09
 4.77576e-09
 9.51852e-09
-4.87815e-09
-1.07187e-05
           0
           0
 1.07196e-05
           0
           0
  1.4582e-07
           0
           0
           0
           0
           0
           0
-1.93409e-06
   0.0832908
  -0.0828097
 -0.00551818
           0
           0
pk 0.999563
       1
       1
0.999568
       1
       1
0.999911
0.999978
       1
0.999344
0.999991
       1
0.999346
0.999991
       1
0.999836
0.999973
       1
0.998711
0.999994
       1
0.998923
0.999994
       1
0.999916
       1
0.999765
 0.99208
0.999944
0.987524
 1.00426
 1.00002
 1.00877
0.998969
       1
       1
count 241
(curr.pk-pk_prev).cwiseAbs().sum() 0.000142216
(curr.pk-p0).cwiseAbs().sum() 0.0397324
stable?: 1 converged?: 0 G: 3.23897e-08
tp: 4
Elapsed Time d2w: 156987 us
Elapsed Time dG: 10767 us
vz_norm: 1.56239e-07vp_norm: 8.54658e-09
zk  1.77205e-06
-1.44921e-06
-4.38317e-07
  0.00179914
  0.00188808
 0.000358699
 0.000891136
-0.000729086
-0.000219688
 0.000307395
 0.000318878
 9.81329e-05
           0
           0
           0
           0
           0
           0
  0.00010955
           0
           0
-3.24741e-05
           0
 3.20757e-05
           0
 0.000131376
           0
           0
-6.30178e-06
-1.60365e-05
           0
           0
-1.62322e-05
           0
           0
-1.05015e-06
           0
           0
 -9.3148e-09
 4.77278e-09
-9.51523e-09
 4.87547e-09
-1.07161e-05
           0
           0
-1.07169e-05
           0
           0
 -1.4627e-07
           0
           0
           0
           0
           0
           0
 -1.9593e-06
   0.0832549
   0.0827792
  0.00553169
           0
           0
pk 0.999561
       1
       1
0.999566
       1
       1
 0.99991
0.999978
       1
0.999342
0.999991
       1
0.999344
0.999991
       1
0.999835
0.999973
       1
0.998706
0.999994
       1
0.998919
0.999994
       1
0.999916
       1
0.999765
 0.99205
0.999943
 0.98748
 1.00427
 1.00002
  1.0088
0.998967
       1
       1
count 242
(curr.pk-pk_prev).cwiseAbs().sum() 0.000142089
(curr.pk-p0).cwiseAbs().sum() 0.0398745
stable?: 1 converged?: 0 G: 3.23897e-08
tp: 4
Elapsed Time d2w: 154938 us
Elapsed Time dG: 7974 us
vz_norm: 1.56299e-07vp_norm: 8.54622e-09
zk -1.77154e-06
-1.44887e-06
-4.39661e-07
  0.00179815
 -0.00188762
-0.000359796
-0.000890879
-0.000728917
-0.000220363
 0.000307308
-0.000318801
 -9.8368e-05
           0
           0
           0
           0
           0
           0
 0.000109886
           0
           0
 3.24665e-05
           0
 3.20667e-05
           0
 0.000131779
           0
           0
 6.32108e-06
 -1.6032e-05
           0
           0
 1.62285e-05
           0
           0
 1.05337e-06
           0
           0
-9.31089e-09
  4.7698e-09
 9.51195e-09
 -4.8728e-09
-1.07135e-05
           0
           0
 1.07143e-05
           0
           0
 1.46718e-07
           0
           0
           0
           0
           0
           0
-1.98443e-06
   0.0832191
  -0.0827488
 -0.00554517
           0
           0
pk  0.99956
       1
       1
0.999564
       1
       1
 0.99991
0.999978
       1
 0.99934
0.999991
       1
0.999341
0.999991
       1
0.999835
0.999973
       1
0.998701
0.999994
       1
0.998915
0.999994
       1
0.999916
       1
0.999764
0.992019
0.999943
0.987435
 1.00429
 1.00002
 1.00883
0.998964
       1
       1
count 243
(curr.pk-pk_prev).cwiseAbs().sum() 0.000141963
(curr.pk-p0).cwiseAbs().sum() 0.0400164
stable?: 1 converged?: 0 G: 3.23896e-08
tp: 4
Elapsed Time d2w: 135626 us
Elapsed Time dG: 8816 us
vz_norm: 1.56359e-07vp_norm: 8.54586e-09
zk  1.77103e-06
-1.44854e-06
-4.41001e-07
  0.00179717
  0.00188717
 0.000360891
 0.000890624
-0.000728748
-0.000221035
 0.000307222
 0.000318725
 9.86023e-05
           0
           0
           0
           0
           0
           0
 0.000110221
           0
           0
-3.24589e-05
           0
 3.20576e-05
           0
  0.00013218
           0
           0
-6.34032e-06
-1.60276e-05
           0
           0
-1.62247e-05
           0
           0
-1.05657e-06
           0
           0
-9.30699e-09
 4.76684e-09
-9.50869e-09
 4.87014e-09
-1.07108e-05
           0
           0
-1.07117e-05
           0
           0
-1.47165e-07
           0
           0
           0
           0
           0
           0
-2.00949e-06
   0.0831834
   0.0827185
  0.00555861
           0
           0
pk 0.999558
       1
       1
0.999563
       1
       1
 0.99991
0.999977
       1
0.999337
0.999991
       1
0.999339
0.999991
       1
0.999834
0.999973
       1
0.998697
0.999994
       1
0.998911
0.999994
       1
0.999916
       1
0.999764
0.991989
0.999943
0.987391
  1.0043
 1.00002
 1.00886
0.998962
       1
       1
count 244
(curr.pk-pk_prev).cwiseAbs().sum() 0.000141838
(curr.pk-p0).cwiseAbs().sum() 0.0401583
stable?: 1 converged?: 0 G: 3.23896e-08
tp: 4
Elapsed Time d2w: 139030 us
Elapsed Time dG: 8680 us
vz_norm: 1.56419e-07vp_norm: 8.5455e-09
zk -1.77052e-06
 -1.4482e-06
-4.42337e-07
  0.00179619
 -0.00188671
-0.000361982
-0.000890369
-0.000728579
-0.000221705
 0.000307135
-0.000318649
 -9.8836e-05
           0
           0
           0
           0
           0
           0
 0.000110555
           0
           0
 3.24513e-05
           0
 3.20486e-05
           0
 0.000132581
           0
           0
  6.3595e-06
-1.60232e-05
           0
           0
  1.6221e-05
           0
           0
 1.05977e-06
           0
           0
 -9.3031e-09
 4.76389e-09
 9.50543e-09
-4.86749e-09
-1.07082e-05
           0
           0
 1.07091e-05
           0
           0
  1.4761e-07
           0
           0
           0
           0
           0
           0
-2.03447e-06
   0.0831478
  -0.0826883
 -0.00557201
           0
           0
pk 0.999557
       1
       1
0.999561
       1
       1
 0.99991
0.999977
       1
0.999335
0.999991
       1
0.999337
0.999991
       1
0.999834
0.999973
       1
0.998692
0.999994
       1
0.998908
0.999994
       1
0.999915
       1
0.999763
0.991959
0.999943
0.987347
 1.00432
 1.00002
  1.0089
0.998959
       1
       1
count 245
(curr.pk-pk_prev).cwiseAbs().sum() 0.000141712
(curr.pk-p0).cwiseAbs().sum() 0.0403
stable?: 1 converged?: 0 G: 3.23896e-08
tp: 4
Elapsed Time d2w: 130011 us
Elapsed Time dG: 8549 us
vz_norm: 1.56479e-07vp_norm: 8.54514e-09
zk  1.77001e-06
-1.44787e-06
-4.43669e-07
  0.00179522
  0.00188625
  0.00036307
 0.000890114
 -0.00072841
-0.000222374
 0.000307049
 0.000318573
  9.9069e-05
           0
           0
           0
           0
           0
           0
 0.000110888
           0
           0
-3.24437e-05
           0
 3.20397e-05
           0
  0.00013298
           0
           0
-6.37863e-06
-1.60188e-05
           0
           0
-1.62173e-05
           0
           0
-1.06296e-06
           0
           0
-9.29922e-09
 4.76094e-09
-9.50217e-09
 4.86485e-09
-1.07056e-05
           0
           0
-1.07065e-05
           0
           0
-1.48055e-07
           0
           0
           0
           0
           0
           0
-2.05938e-06
   0.0831123
   0.0826581
  0.00558538
           0
           0
pk 0.999555
       1
       1
 0.99956
       1
       1
0.999909
0.999977
       1
0.999333
0.999991
       1
0.999334
0.999991
       1
0.999834
0.999973
       1
0.998688
0.999994
       1
0.998904
0.999994
       1
0.999915
       1
0.999762
0.991928
0.999943
0.987302
 1.00434
 1.00002
 1.00893
0.998957
       1
       1
count 246
(curr.pk-pk_prev).cwiseAbs().sum() 0.000141587
(curr.pk-p0).cwiseAbs().sum() 0.0404416
stable?: 1 converged?: 0 G: 3.23895e-08
tp: 4
Elapsed Time d2w: 125056 us
Elapsed Time dG: 8612 us
vz_norm: 1.56539e-07vp_norm: 8.54478e-09
zk -1.76951e-06
-1.44753e-06
-4.44997e-07
  0.00179424
  -0.0018858
-0.000364155
 -0.00088986
-0.000728241
 -0.00022304
 0.000306962
-0.000318497
-9.93013e-05
           0
           0
           0
           0
           0
           0
 0.000111219
           0
           0
 3.24362e-05
           0
 3.20307e-05
           0
 0.000133378
           0
           0
 6.39771e-06
-1.60144e-05
           0
           0
 1.62136e-05
           0
           0
 1.06614e-06
           0
           0
-9.29535e-09
 4.75801e-09
 9.49893e-09
-4.86221e-09
 -1.0703e-05
           0
           0
 1.07039e-05
           0
           0
 1.48498e-07
           0
           0
           0
           0
           0
           0
-2.08421e-06
   0.0830768
  -0.0826281
  -0.0055987
           0
           0
pk 0.999554
       1
       1
0.999558
       1
       1
0.999909
0.999977
       1
 0.99933
0.999991
       1
0.999332
0.999991
       1
0.999833
0.999973
       1
0.998683
0.999994
       1
  0.9989
0.999994
       1
0.999915
       1
0.999762
0.991898
0.999942
0.987258
 1.00435
 1.00002
 1.00896
0.998954
       1
       1
count 247
(curr.pk-pk_prev).cwiseAbs().sum() 0.000141463
(curr.pk-p0).cwiseAbs().sum() 0.040583
stable?: 1 converged?: 0 G: 3.23895e-08
tp: 4
Elapsed Time d2w: 123152 us
Elapsed Time dG: 9011 us
vz_norm: 1.56599e-07vp_norm: 8.54442e-09
zk    1.769e-06
-1.44719e-06
-4.46321e-07
  0.00179327
  0.00188534
 0.000365236
 0.000889606
-0.000728073
-0.000223705
 0.000306876
 0.000318421
 9.95329e-05
           0
           0
           0
           0
           0
           0
  0.00011155
           0
           0
-3.24286e-05
           0
 3.20217e-05
           0
 0.000133774
           0
           0
-6.41673e-06
  -1.601e-05
           0
           0
-1.62099e-05
           0
           0
-1.06931e-06
           0
           0
-9.29149e-09
 4.75508e-09
 -9.4957e-09
 4.85959e-09
-1.07004e-05
           0
           0
-1.07013e-05
           0
           0
 -1.4894e-07
           0
           0
           0
           0
           0
           0
-2.10898e-06
   0.0830414
   0.0825981
  0.00561198
           0
           0
pk 0.999552
       1
       1
0.999557
       1
       1
0.999909
0.999977
       1
0.999328
0.999991
       1
 0.99933
0.999991
       1
0.999833
0.999973
       1
0.998678
0.999994
       1
0.998896
0.999994
       1
0.999915
       1
0.999761
0.991868
0.999942
0.987214
 1.00437
 1.00002
 1.00899
0.998952
       1
       1
count 248
(curr.pk-pk_prev).cwiseAbs().sum() 0.000141339
(curr.pk-p0).cwiseAbs().sum() 0.0407244
stable?: 1 converged?: 0 G: 3.23894e-08
tp: 4
Elapsed Time d2w: 130666 us
Elapsed Time dG: 8669 us
vz_norm: 1.56658e-07vp_norm: 8.54406e-09
zk  -1.7685e-06
-1.44686e-06
-4.47641e-07
  0.00179231
 -0.00188489
-0.000366315
-0.000889353
-0.000727905
-0.000224367
  0.00030679
-0.000318346
-9.97639e-05
           0
           0
           0
           0
           0
           0
  0.00011188
           0
           0
 3.24211e-05
           0
 3.20128e-05
           0
  0.00013417
           0
           0
 6.43569e-06
-1.60056e-05
           0
           0
 1.62062e-05
           0
           0
 1.07247e-06
           0
           0
-9.28764e-09
 4.75216e-09
 9.49247e-09
-4.85697e-09
-1.06978e-05
           0
           0
 1.06987e-05
           0
           0
  1.4938e-07
           0
           0
           0
           0
           0
           0
-2.13367e-06
   0.0830062
  -0.0825681
 -0.00562523
           0
           0
pk  0.99955
       1
       1
0.999555
       1
       1
0.999909
0.999977
       1
0.999325
0.999991
       1
0.999327
0.999991
       1
0.999832
0.999972
       1
0.998674
0.999994
       1
0.998892
0.999994
       1
0.999915
       1
0.999761
0.991837
0.999942
 0.98717
 1.00438
 1.00002
 1.00902
0.998949
       1
       1
count 249
(curr.pk-pk_prev).cwiseAbs().sum() 0.000141215
(curr.pk-p0).cwiseAbs().sum() 0.0408656
stable?: 1 converged?: 0 G: 3.23894e-08
tp: 4
Elapsed Time d2w: 116117 us
Elapsed Time dG: 7725 us
vz_norm: 1.56718e-07vp_norm: 8.54371e-09
zk  1.76799e-06
-1.44652e-06
-4.48958e-07
  0.00179134
  0.00188444
  0.00036739
 0.000889101
-0.000727737
-0.000225028
 0.000306705
  0.00031827
 9.99942e-05
           0
           0
           0
           0
           0
           0
 0.000112209
           0
           0
-3.24135e-05
           0
 3.20039e-05
           0
 0.000134565
           0
           0
 -6.4546e-06
-1.60012e-05
           0
           0
-1.62025e-05
           0
           0
-1.07562e-06
           0
           0
-9.28379e-09
 4.74925e-09
-9.48925e-09
 4.85435e-09
-1.06952e-05
           0
           0
-1.06961e-05
           0
           0
-1.49819e-07
           0
           0
           0
           0
           0
           0
-2.15828e-06
    0.082971
   0.0825383
  0.00563844
           0
           0
pk 0.999549
       1
       1
0.999554
       1
       1
0.999909
0.999977
       1
0.999323
0.999991
       1
0.999325
0.999991
       1
0.999832
0.999972
       1
0.998669
0.999994
       1
0.998888
0.999994
       1
0.999914
       1
 0.99976
0.991807
0.999942
0.987126
  1.0044
 1.00002
 1.00905
0.998947
       1
       1
count 250
(curr.pk-pk_prev).cwiseAbs().sum() 0.000141091
(curr.pk-p0).cwiseAbs().sum() 0.0410067
stable?: 1 converged?: 0 G: 3.23894e-08
tp: 4
Elapsed Time d2w: 133869 us
Elapsed Time dG: 8260 us
vz_norm: 1.56777e-07vp_norm: 8.54335e-09
zk -1.76749e-06
-1.44619e-06
 -4.5027e-07
  0.00179038
 -0.00188398
-0.000368462
-0.000888849
-0.000727569
-0.000225687
 0.000306619
-0.000318195
-0.000100224
           0
           0
           0
           0
           0
           0
 0.000112537
           0
           0
  3.2406e-05
           0
  3.1995e-05
           0
 0.000134958
           0
           0
 6.47345e-06
-1.59968e-05
           0
           0
 1.61988e-05
           0
           0
 1.07876e-06
           0
           0
-9.27996e-09
 4.74635e-09
 9.48604e-09
-4.85175e-09
-1.06926e-05
           0
           0
 1.06935e-05
           0
           0
 1.50257e-07
           0
           0
           0
           0
           0
           0
-2.18283e-06
   0.0829359
  -0.0825085
 -0.00565161
           0
           0
pk 0.999547
       1
       1
0.999552
       1
       1
0.999908
0.999977
       1
0.999321
0.999991
       1
0.999323
0.999991
       1
0.999831
0.999972
       1
0.998664
0.999994
       1
0.998884
0.999994
       1
0.999914
       1
0.999759
0.991777
0.999942
0.987082
 1.00441
 1.00002
 1.00908
0.998945
       1
       1
count 251
(curr.pk-pk_prev).cwiseAbs().sum() 0.000140968
(curr.pk-p0).cwiseAbs().sum() 0.0411476
stable?: 1 converged?: 0 G: 3.23893e-08
tp: 4
Elapsed Time d2w: 184029 us
Elapsed Time dG: 10216 us
vz_norm: 1.56837e-07vp_norm: 8.543e-09
zk  1.76699e-06
-1.44586e-06
-4.51579e-07
  0.00178942
  0.00188353
 0.000369532
 0.000888598
-0.000727401
-0.000226343
 0.000306534
  0.00031812
 0.000100453
           0
           0
           0
           0
           0
           0
 0.000112865
           0
           0
-3.23985e-05
           0
 3.19861e-05
           0
  0.00013535
           0
           0
-6.49225e-06
-1.59924e-05
           0
           0
-1.61951e-05
           0
           0
-1.08189e-06
           0
           0
-9.27613e-09
 4.74345e-09
-9.48284e-09
 4.84915e-09
  -1.069e-05
           0
           0
-1.06909e-05
           0
           0
-1.50694e-07
           0
           0
           0
           0
           0
           0
 -2.2073e-06
   0.0829009
   0.0824789
  0.00566474
           0
           0
pk 0.999546
       1
       1
0.999551
       1
       1
0.999908
0.999977
       1
0.999318
0.999991
       1
 0.99932
0.999991
       1
0.999831
0.999972
       1
 0.99866
0.999994
       1
 0.99888
0.999994
       1
0.999914
       1
0.999759
0.991747
0.999941
0.987038
 1.00443
 1.00002
 1.00911
0.998942
       1
       1
count 252
(curr.pk-pk_prev).cwiseAbs().sum() 0.000140845
(curr.pk-p0).cwiseAbs().sum() 0.0412885
stable?: 1 converged?: 0 G: 3.23893e-08
tp: 4
Elapsed Time d2w: 127509 us
Elapsed Time dG: 8697 us
vz_norm: 1.56896e-07vp_norm: 8.54264e-09
zk -1.76649e-06
-1.44552e-06
-4.52885e-07
  0.00178846
 -0.00188308
-0.000370598
-0.000888347
-0.000727234
-0.000226998
 0.000306448
-0.000318045
-0.000100681
           0
           0
           0
           0
           0
           0
 0.000113191
           0
           0
  3.2391e-05
           0
 3.19772e-05
           0
 0.000135741
           0
           0
   6.511e-06
-1.59881e-05
           0
           0
 1.61914e-05
           0
           0
 1.08501e-06
           0
           0
-9.27232e-09
 4.74057e-09
 9.47965e-09
-4.84657e-09
-1.06874e-05
           0
           0
 1.06883e-05
           0
           0
 1.51129e-07
           0
           0
           0
           0
           0
           0
-2.23171e-06
   0.0828659
  -0.0824492
 -0.00567784
           0
           0
pk 0.999544
       1
       1
0.999549
       1
       1
0.999908
0.999977
       1
0.999316
0.999991
       1
0.999318
0.999991
       1
 0.99983
0.999972
       1
0.998655
0.999994
       1
0.998876
0.999994
       1
0.999914
       1
0.999758
0.991717
0.999941
0.986994
 1.00445
 1.00002
 1.00914
 0.99894
       1
       1
count 253
(curr.pk-pk_prev).cwiseAbs().sum() 0.000140723
(curr.pk-p0).cwiseAbs().sum() 0.0414292
stable?: 1 converged?: 0 G: 3.23893e-08
tp: 4
Elapsed Time d2w: 132081 us
Elapsed Time dG: 9080 us
vz_norm: 1.56955e-07vp_norm: 8.54229e-09
zk  1.76599e-06
-1.44519e-06
-4.54186e-07
   0.0017875
  0.00188263
 0.000371661
 0.000888096
-0.000727066
-0.000227652
 0.000306363
  0.00031797
 0.000100909
           0
           0
           0
           0
           0
           0
 0.000113516
           0
           0
-3.23836e-05
           0
 3.19683e-05
           0
 0.000136131
           0
           0
-6.52969e-06
-1.59837e-05
           0
           0
-1.61878e-05
           0
           0
-1.08813e-06
           0
           0
-9.26851e-09
 4.73769e-09
-9.47646e-09
 4.84399e-09
-1.06849e-05
           0
           0
-1.06858e-05
           0
           0
-1.51564e-07
           0
           0
           0
           0
           0
           0
-2.25604e-06
   0.0828311
   0.0824197
   0.0056909
           0
           0
pk 0.999543
       1
       1
0.999547
       1
       1
0.999908
0.999977
       1
0.999314
0.999991
       1
0.999316
0.999991
       1
 0.99983
0.999972
       1
0.998651
0.999994
       1
0.998873
0.999994
       1
0.999914
       1
0.999758
0.991686
0.999941
 0.98695
 1.00446
 1.00002
 1.00917
0.998937
       1
       1
count 254
(curr.pk-pk_prev).cwiseAbs().sum() 0.000140601
(curr.pk-p0).cwiseAbs().sum() 0.0415698
stable?: 1 converged?: 0 G: 3.23892e-08
tp: 4
Elapsed Time d2w: 152792 us
Elapsed Time dG: 8516 us
vz_norm: 1.57014e-07vp_norm: 8.54193e-09
zk -1.76549e-06
-1.44486e-06
-4.55484e-07
  0.00178655
 -0.00188218
-0.000372721
-0.000887847
-0.000726899
-0.000228303
 0.000306278
-0.000317895
-0.000101136
           0
           0
           0
           0
           0
           0
  0.00011384
           0
           0
 3.23761e-05
           0
 3.19595e-05
           0
  0.00013652
           0
           0
 6.54833e-06
-1.59794e-05
           0
           0
 1.61841e-05
           0
           0
 1.09124e-06
           0
           0
-9.26471e-09
 4.73482e-09
 9.47328e-09
-4.84141e-09
-1.06823e-05
           0
           0
 1.06832e-05
           0
           0
 1.51996e-07
           0
           0
           0
           0
           0
           0
 -2.2803e-06
   0.0827963
  -0.0823903
 -0.00570392
           0
           0
pk 0.999541
       1
       1
0.999546
       1
       1
0.999907
0.999977
       1
0.999311
0.999991
       1
0.999313
0.999991
       1
 0.99983
0.999972
       1
0.998646
0.999994
       1
0.998869
0.999994
       1
0.999913
       1
0.999757
0.991656
0.999941
0.986906
 1.00448
 1.00002
  1.0092
0.998935
       1
       1
count 255
(curr.pk-pk_prev).cwiseAbs().sum() 0.000140479
(curr.pk-p0).cwiseAbs().sum() 0.0417103
stable?: 1 converged?: 0 G: 3.23892e-08
tp: 4
Elapsed Time d2w: 152495 us
Elapsed Time dG: 9821 us
vz_norm: 1.57073e-07vp_norm: 8.54158e-09
zk    1.765e-06
-1.44453e-06
-4.56778e-07
   0.0017856
  0.00188173
 0.000373778
 0.000887597
-0.000726732
-0.000228952
 0.000306193
 0.000317821
 0.000101362
           0
           0
           0
           0
           0
           0
 0.000114164
           0
           0
-3.23687e-05
           0
 3.19507e-05
           0
 0.000136908
           0
           0
-6.56691e-06
 -1.5975e-05
           0
           0
-1.61804e-05
           0
           0
-1.09433e-06
           0
           0
-9.26092e-09
 4.73196e-09
-9.47011e-09
 4.83885e-09
-1.06797e-05
           0
           0
-1.06806e-05
           0
           0
-1.52428e-07
           0
           0
           0
           0
           0
           0
-2.30449e-06
   0.0827617
   0.0823609
   0.0057169
           0
           0
pk 0.999539
       1
       1
0.999544
       1
       1
0.999907
0.999977
       1
0.999309
0.999991
       1
0.999311
0.999991
       1
0.999829
0.999972
       1
0.998641
0.999994
       1
0.998865
0.999994
       1
0.999913
       1
0.999756
0.991626
0.999941
0.986862
 1.00449
 1.00002
 1.00923
0.998933
       1
       1
count 256
(curr.pk-pk_prev).cwiseAbs().sum() 0.000140358
(curr.pk-p0).cwiseAbs().sum() 0.0418506
stable?: 1 converged?: 0 G: 3.23891e-08
tp: 4
Elapsed Time d2w: 155510 us
Elapsed Time dG: 7814 us
vz_norm: 1.57131e-07vp_norm: 8.54123e-09
zk  -1.7645e-06
-1.44419e-06
-4.58069e-07
  0.00178465
 -0.00188129
-0.000374831
-0.000887348
-0.000726566
  -0.0002296
 0.000306108
-0.000317746
-0.000101588
           0
           0
           0
           0
           0
           0
 0.000114486
           0
           0
 3.23612e-05
           0
 3.19418e-05
           0
 0.000137294
           0
           0
 6.58545e-06
-1.59707e-05
           0
           0
 1.61768e-05
           0
           0
 1.09742e-06
           0
           0
-9.25714e-09
 4.72911e-09
 9.46695e-09
-4.83629e-09
-1.06772e-05
           0
           0
 1.06781e-05
           0
           0
 1.52859e-07
           0
           0
           0
           0
           0
           0
-2.32862e-06
   0.0827271
  -0.0823316
 -0.00572985
           0
           0
pk 0.999538
       1
       1
0.999543
       1
       1
0.999907
0.999977
       1
0.999307
0.999991
       1
0.999309
0.999991
       1
0.999829
0.999972
       1
0.998637
0.999994
       1
0.998861
0.999994
       1
0.999913
       1
0.999756
0.991596
 0.99994
0.986819
 1.00451
 1.00002
 1.00926
 0.99893
       1
       1
count 257
(curr.pk-pk_prev).cwiseAbs().sum() 0.000140237
(curr.pk-p0).cwiseAbs().sum() 0.0419909
stable?: 1 converged?: 0 G: 3.23891e-08
tp: 4
Elapsed Time d2w: 118918 us
Elapsed Time dG: 8629 us
vz_norm: 1.5719e-07vp_norm: 8.54088e-09
zk    1.764e-06
-1.44386e-06
-4.59355e-07
  0.00178371
  0.00188084
 0.000375882
   0.0008871
-0.000726399
-0.000230246
 0.000306024
 0.000317672
 0.000101813
           0
           0
           0
           0
           0
           0
 0.000114808
           0
           0
-3.23538e-05
           0
  3.1933e-05
           0
  0.00013768
           0
           0
-6.60393e-06
-1.59664e-05
           0
           0
-1.61731e-05
           0
           0
 -1.1005e-06
           0
           0
-9.25337e-09
 4.72626e-09
 -9.4638e-09
 4.83374e-09
-1.06746e-05
           0
           0
-1.06755e-05
           0
           0
-1.53288e-07
           0
           0
           0
           0
           0
           0
-2.35267e-06
   0.0826926
   0.0823023
  0.00574276
           0
           0
pk 0.999536
       1
       1
0.999541
       1
       1
0.999907
0.999977
       1
0.999304
0.999991
       1
0.999306
0.999991
       1
0.999828
0.999972
       1
0.998632
0.999994
       1
0.998857
0.999994
       1
0.999913
       1
0.999755
0.991566
 0.99994
0.986775
 1.00452
 1.00002
 1.00929
0.998928
       1
       1
count 258
(curr.pk-pk_prev).cwiseAbs().sum() 0.000140116
(curr.pk-p0).cwiseAbs().sum() 0.042131
stable?: 1 converged?: 0 G: 3.23891e-08
tp: 4
Elapsed Time d2w: 116746 us
Elapsed Time dG: 10532 us
vz_norm: 1.57249e-07vp_norm: 8.54053e-09
zk -1.76351e-06
-1.44353e-06
-4.60639e-07
  0.00178276
  -0.0018804
 -0.00037693
-0.000886853
-0.000726233
-0.000230889
 0.000305939
-0.000317598
-0.000102038
           0
           0
           0
           0
           0
           0
 0.000115128
           0
           0
 3.23464e-05
           0
 3.19242e-05
           0
 0.000138064
           0
           0
 6.62235e-06
-1.59621e-05
           0
           0
 1.61695e-05
           0
           0
 1.10357e-06
           0
           0
-9.24961e-09
 4.72343e-09
 9.46065e-09
 -4.8312e-09
 -1.0672e-05
           0
           0
 1.06729e-05
           0
           0
 1.53716e-07
           0
           0
           0
           0
           0
           0
-2.37665e-06
   0.0826581
  -0.0822732
 -0.00575564
           0
           0
pk 0.999535
       1
       1
 0.99954
       1
       1
0.999907
0.999977
       1
0.999302
0.999991
       1
0.999304
0.999991
       1
0.999828
0.999972
       1
0.998628
0.999994
       1
0.998853
0.999994
       1
0.999912
       1
0.999755
0.991536
 0.99994
0.986731
 1.00454
 1.00002
 1.00932
0.998925
       1
       1
count 259
(curr.pk-pk_prev).cwiseAbs().sum() 0.000139996
(curr.pk-p0).cwiseAbs().sum() 0.042271
stable?: 1 converged?: 0 G: 3.2389e-08
tp: 4
Elapsed Time d2w: 130688 us
Elapsed Time dG: 7844 us
vz_norm: 1.57307e-07vp_norm: 8.54018e-09
zk  1.76302e-06
 -1.4432e-06
-4.61918e-07
  0.00178182
  0.00187995
 0.000377975
 0.000886605
-0.000726067
-0.000231532
 0.000305855
 0.000317523
 0.000102262
           0
           0
           0
           0
           0
           0
 0.000115448
           0
           0
 -3.2339e-05
           0
 3.19155e-05
           0
 0.000138448
           0
           0
-6.64073e-06
-1.59578e-05
           0
           0
-1.61659e-05
           0
           0
-1.10663e-06
           0
           0
-9.24585e-09
  4.7206e-09
-9.45752e-09
 4.82866e-09
-1.06695e-05
           0
           0
-1.06704e-05
           0
           0
-1.54143e-07
           0
           0
           0
           0
           0
           0
-2.40057e-06
   0.0826238
   0.0822441
  0.00576848
           0
           0
pk 0.999533
       1
       1
0.999538
       1
       1
0.999906
0.999977
       1
  0.9993
0.999991
       1
0.999302
0.999991
       1
0.999827
0.999972
       1
0.998623
0.999994
       1
0.998849
0.999994
       1
0.999912
       1
0.999754
0.991506
 0.99994
0.986687
 1.00455
 1.00002
 1.00935
0.998923
       1
       1
count 260
(curr.pk-pk_prev).cwiseAbs().sum() 0.000139875
(curr.pk-p0).cwiseAbs().sum() 0.0424109
stable?: 1 converged?: 0 G: 3.2389e-08
tp: 4
Elapsed Time d2w: 121393 us
Elapsed Time dG: 8411 us
vz_norm: 1.57365e-07vp_norm: 8.53983e-09
zk -1.76253e-06
-1.44287e-06
-4.63194e-07
  0.00178088
 -0.00187951
-0.000379017
-0.000886359
-0.000725901
-0.000232172
 0.000305771
 -0.00031745
-0.000102485
           0
           0
           0
           0
           0
           0
 0.000115767
           0
           0
 3.23316e-05
           0
 3.19067e-05
           0
  0.00013883
           0
           0
 6.65905e-06
-1.59535e-05
           0
           0
 1.61623e-05
           0
           0
 1.10969e-06
           0
           0
-9.24211e-09
 4.71778e-09
 9.45439e-09
-4.82614e-09
-1.06669e-05
           0
           0
 1.06679e-05
           0
           0
 1.54569e-07
           0
           0
           0
           0
           0
           0
-2.42442e-06
   0.0825895
  -0.0822151
 -0.00578128
           0
           0
pk 0.999532
       1
       1
0.999537
       1
       1
0.999906
0.999976
       1
0.999297
0.999991
       1
0.999299
0.999991
       1
0.999827
0.999972
       1
0.998619
0.999994
       1
0.998845
0.999994
       1
0.999912
       1
0.999754
0.991475
 0.99994
0.986644
 1.00457
 1.00002
 1.00938
0.998921
       1
       1
count 261
(curr.pk-pk_prev).cwiseAbs().sum() 0.000139756
(curr.pk-p0).cwiseAbs().sum() 0.0425506
stable?: 1 converged?: 0 G: 3.23889e-08
tp: 4
Elapsed Time d2w: 123269 us
Elapsed Time dG: 8900 us
vz_norm: 1.57423e-07vp_norm: 8.53948e-09
zk  1.76204e-06
-1.44254e-06
-4.64466e-07
  0.00177995
  0.00187906
 0.000380057
 0.000886112
-0.000725735
 -0.00023281
 0.000305687
 0.000317376
 0.000102707
           0
           0
           0
           0
           0
           0
 0.000116085
           0
           0
-3.23242e-05
           0
  3.1898e-05
           0
 0.000139211
           0
           0
-6.67733e-06
-1.59492e-05
           0
           0
-1.61586e-05
           0
           0
-1.11273e-06
           0
           0
-9.23837e-09
 4.71497e-09
-9.45126e-09
 4.82362e-09
-1.06644e-05
           0
           0
-1.06653e-05
           0
           0
-1.54993e-07
           0
           0
           0
           0
           0
           0
 -2.4482e-06
   0.0825554
   0.0821861
  0.00579405
           0
           0
pk  0.99953
       1
       1
0.999535
       1
       1
0.999906
0.999976
       1
0.999295
0.999991
       1
0.999297
0.999991
       1
0.999827
0.999972
       1
0.998614
0.999994
       1
0.998842
0.999994
       1
0.999912
       1
0.999753
0.991445
0.999939
  0.9866
 1.00459
 1.00003
 1.00941
0.998918
       1
       1
count 262
(curr.pk-pk_prev).cwiseAbs().sum() 0.000139636
(curr.pk-p0).cwiseAbs().sum() 0.0426903
stable?: 1 converged?: 0 G: 3.23889e-08
tp: 4
Elapsed Time d2w: 115895 us
Elapsed Time dG: 7990 us
vz_norm: 1.57482e-07vp_norm: 8.53913e-09
zk -1.76155e-06
-1.44221e-06
-4.65735e-07
  0.00177901
 -0.00187862
-0.000381093
-0.000885867
-0.000725569
-0.000233447
 0.000305603
-0.000317302
-0.000102929
           0
           0
           0
           0
           0
           0
 0.000116402
           0
           0
 3.23169e-05
           0
 3.18892e-05
           0
 0.000139592
           0
           0
 6.69555e-06
-1.59449e-05
           0
           0
  1.6155e-05
           0
           0
 1.11577e-06
           0
           0
-9.23464e-09
 4.71216e-09
 9.44815e-09
-4.82111e-09
-1.06619e-05
           0
           0
 1.06628e-05
           0
           0
 1.55416e-07
           0
           0
           0
           0
           0
           0
-2.47191e-06
   0.0825213
  -0.0821573
 -0.00580678
           0
           0
pk 0.999528
       1
       1
0.999534
       1
       1
0.999906
0.999976
       1
0.999293
0.999991
       1
0.999295
0.999991
       1
0.999826
0.999971
       1
0.998609
0.999994
       1
0.998838
0.999994
       1
0.999912
       1
0.999752
0.991415
0.999939
0.986557
  1.0046
 1.00003
 1.00944
0.998916
       1
       1
count 263
(curr.pk-pk_prev).cwiseAbs().sum() 0.000139517
(curr.pk-p0).cwiseAbs().sum() 0.0428298
stable?: 1 converged?: 0 G: 3.23889e-08
tp: 4
Elapsed Time d2w: 142985 us
Elapsed Time dG: 8522 us
vz_norm: 1.57539e-07vp_norm: 8.53878e-09
zk  1.76106e-06
-1.44188e-06
   -4.67e-07
  0.00177808
  0.00187818
 0.000382126
 0.000885621
-0.000725404
-0.000234082
 0.000305519
 0.000317228
 0.000103151
           0
           0
           0
           0
           0
           0
 0.000116718
           0
           0
-3.23095e-05
           0
 3.18805e-05
           0
 0.000139971
           0
           0
-6.71372e-06
-1.59406e-05
           0
           0
-1.61514e-05
           0
           0
 -1.1188e-06
           0
           0
-9.23093e-09
 4.70936e-09
-9.44504e-09
  4.8186e-09
-1.06593e-05
           0
           0
-1.06603e-05
           0
           0
-1.55838e-07
           0
           0
           0
           0
           0
           0
-2.49556e-06
   0.0824873
   0.0821285
  0.00581947
           0
           0
pk 0.999527
       1
       1
0.999532
       1
       1
0.999905
0.999976
       1
 0.99929
 0.99999
       1
0.999292
0.999991
       1
0.999826
0.999971
       1
0.998605
0.999994
       1
0.998834
0.999994
       1
0.999911
       1
0.999752
0.991385
0.999939
0.986513
 1.00462
 1.00003
 1.00947
0.998914
       1
       1
count 264
(curr.pk-pk_prev).cwiseAbs().sum() 0.000139399
(curr.pk-p0).cwiseAbs().sum() 0.0429692
stable?: 1 converged?: 0 G: 3.23888e-08
tp: 4
Elapsed Time d2w: 169375 us
Elapsed Time dG: 7816 us
vz_norm: 1.57597e-07vp_norm: 8.53844e-09
zk -1.76057e-06
-1.44155e-06
-4.68262e-07
  0.00177716
 -0.00187774
-0.000383156
-0.000885377
-0.000725239
-0.000234715
 0.000305435
-0.000317155
-0.000103372
           0
           0
           0
           0
           0
           0
 0.000117034
           0
           0
 3.23022e-05
           0
 3.18718e-05
           0
 0.000140349
           0
           0
 6.73184e-06
-1.59363e-05
           0
           0
 1.61478e-05
           0
           0
 1.12182e-06
           0
           0
-9.22721e-09
 4.70658e-09
 9.44194e-09
 -4.8161e-09
-1.06568e-05
           0
           0
 1.06577e-05
           0
           0
 1.56259e-07
           0
           0
           0
           0
           0
           0
-2.51914e-06
   0.0824533
  -0.0820997
 -0.00583213
           0
           0
pk 0.999525
       1
       1
0.999531
       1
       1
0.999905
0.999976
       1
0.999288
 0.99999
       1
 0.99929
0.999991
       1
0.999825
0.999971
       1
  0.9986
0.999994
       1
 0.99883
0.999994
       1
0.999911
       1
0.999751
0.991355
0.999939
 0.98647
 1.00463
 1.00003
  1.0095
0.998912
       1
       1
count 265
(curr.pk-pk_prev).cwiseAbs().sum() 0.00013928
(curr.pk-p0).cwiseAbs().sum() 0.0431085
stable?: 1 converged?: 0 G: 3.23888e-08
tp: 4
Elapsed Time d2w: 141182 us
Elapsed Time dG: 9511 us
vz_norm: 1.57655e-07vp_norm: 8.53809e-09
zk  1.76008e-06
-1.44122e-06
 -4.6952e-07
  0.00177623
   0.0018773
 0.000384184
 0.000885133
-0.000725074
-0.000235347
 0.000305352
 0.000317082
 0.000103592
           0
           0
           0
           0
           0
           0
 0.000117348
           0
           0
-3.22949e-05
           0
 3.18631e-05
           0
 0.000140726
           0
           0
-6.74991e-06
 -1.5932e-05
           0
           0
-1.61442e-05
           0
           0
-1.12483e-06
           0
           0
-9.22351e-09
 4.70379e-09
-9.43885e-09
 4.81361e-09
-1.06543e-05
           0
           0
-1.06552e-05
           0
           0
-1.56679e-07
           0
           0
           0
           0
           0
           0
-2.54265e-06
   0.0824195
   0.0820711
  0.00584476
           0
           0
pk 0.999524
       1
       1
0.999529
       1
       1
0.999905
0.999976
       1
0.999286
 0.99999
       1
0.999288
0.999991
       1
0.999825
0.999971
       1
0.998596
0.999994
       1
0.998826
0.999994
       1
0.999911
       1
0.999751
0.991325
0.999939
0.986426
 1.00465
 1.00003
 1.00953
0.998909
       1
       1
count 266
(curr.pk-pk_prev).cwiseAbs().sum() 0.000139162
(curr.pk-p0).cwiseAbs().sum() 0.0432476
stable?: 1 converged?: 0 G: 3.23888e-08
tp: 4
Elapsed Time d2w: 148147 us
Elapsed Time dG: 8263 us
vz_norm: 1.57712e-07vp_norm: 8.53772e-09
zk -1.75961e-06
 -1.4409e-06
-4.70779e-07
  0.00177531
 -0.00187687
-0.000385212
-0.000884894
-0.000724913
-0.000235978
  0.00030527
 -0.00031701
-0.000103812
           0
           0
           0
           0
           0
           0
 0.000117663
           0
           0
 3.22878e-05
           0
 3.18546e-05
           0
 0.000141103
           0
           0
 6.76799e-06
-1.59279e-05
           0
           0
 1.61407e-05
           0
           0
 1.12784e-06
           0
           0
-9.21985e-09
 4.70102e-09
  9.4358e-09
-4.81113e-09
-1.06518e-05
           0
           0
 1.06527e-05
           0
           0
 1.57099e-07
           0
           0
           0
           0
           0
           0
-2.56613e-06
    0.082386
  -0.0820428
 -0.00585739
           0
           0
pk 0.999522
       1
       1
0.999528
       1
       1
0.999905
0.999976
       1
0.999283
 0.99999
       1
0.999285
0.999991
       1
0.999824
0.999971
       1
0.998591
0.999994
       1
0.998822
0.999994
       1
0.999911
       1
 0.99975
0.991295
0.999938
0.986383
 1.00466
 1.00003
 1.00956
0.998907
       1
       1
count 267
(curr.pk-pk_prev).cwiseAbs().sum() 0.000139045
(curr.pk-p0).cwiseAbs().sum() 0.0433867
stable?: 1 converged?: 0 G: 3.23887e-08
tp: 4
Elapsed Time d2w: 192265 us
Elapsed Time dG: 9481 us
vz_norm: 1.5777e-07vp_norm: 8.5374e-09
zk  1.75912e-06
-1.44058e-06
 -4.7203e-07
  0.00177439
  0.00187643
 0.000386233
  0.00088465
-0.000724748
-0.000236606
 0.000305187
 0.000316937
 0.000104031
           0
           0
           0
           0
           0
           0
 0.000117975
           0
           0
-3.22805e-05
           0
  3.1846e-05
           0
 0.000141478
           0
           0
-6.78595e-06
-1.59236e-05
           0
           0
-1.61372e-05
           0
           0
-1.13083e-06
           0
           0
-9.21616e-09
 4.69825e-09
-9.43272e-09
 4.80865e-09
-1.06493e-05
           0
           0
-1.06502e-05
           0
           0
-1.57516e-07
           0
           0
           0
           0
           0
           0
-2.58951e-06
   0.0823522
   0.0820142
  0.00586995
           0
           0
pk 0.999521
       1
       1
0.999526
       1
       1
0.999905
0.999976
       1
0.999281
 0.99999
       1
0.999283
 0.99999
       1
0.999824
0.999971
       1
0.998587
0.999994
       1
0.998819
0.999994
       1
0.999911
       1
 0.99975
0.991265
0.999938
0.986339
 1.00468
 1.00003
 1.00959
0.998905
       1
       1
count 268
(curr.pk-pk_prev).cwiseAbs().sum() 0.000138928
(curr.pk-p0).cwiseAbs().sum() 0.0435256
stable?: 1 converged?: 0 G: 3.23887e-08
tp: 4
Elapsed Time d2w: 173991 us
Elapsed Time dG: 8892 us
vz_norm: 1.57827e-07vp_norm: 8.53705e-09
zk -1.75864e-06
-1.44025e-06
-4.73278e-07
  0.00177347
   -0.001876
-0.000387252
-0.000884408
-0.000724584
-0.000237232
 0.000305104
-0.000316864
-0.000104249
           0
           0
           0
           0
           0
           0
 0.000118287
           0
           0
 3.22732e-05
           0
 3.18373e-05
           0
 0.000141851
           0
           0
 6.80387e-06
-1.59194e-05
           0
           0
 1.61336e-05
           0
           0
 1.13382e-06
           0
           0
-9.21249e-09
 4.69549e-09
 9.42965e-09
-4.80618e-09
-1.06468e-05
           0
           0
 1.06477e-05
           0
           0
 1.57932e-07
           0
           0
           0
           0
           0
           0
-2.61282e-06
   0.0823186
  -0.0819858
 -0.00588247
           0
           0
pk 0.999519
       1
       1
0.999524
       1
       1
0.999904
0.999976
       1
0.999279
 0.99999
       1
0.999281
 0.99999
       1
0.999824
0.999971
       1
0.998582
0.999994
       1
0.998815
0.999994
       1
 0.99991
       1
0.999749
0.991235
0.999938
0.986296
 1.00469
 1.00003
 1.00962
0.998902
       1
       1
count 269
(curr.pk-pk_prev).cwiseAbs().sum() 0.000138811
(curr.pk-p0).cwiseAbs().sum() 0.0436644
stable?: 1 converged?: 0 G: 3.23886e-08
tp: 4
Elapsed Time d2w: 144002 us
Elapsed Time dG: 7425 us
vz_norm: 1.57885e-07vp_norm: 8.53671e-09
zk  1.75815e-06
-1.43992e-06
-4.74522e-07
  0.00177256
  0.00187556
 0.000388268
 0.000884165
-0.000724419
-0.000237857
 0.000305021
 0.000316791
 0.000104467
           0
           0
           0
           0
           0
           0
 0.000118598
           0
           0
-3.22659e-05
           0
 3.18287e-05
           0
 0.000142224
           0
           0
-6.82174e-06
-1.59151e-05
           0
           0
  -1.613e-05
           0
           0
 -1.1368e-06
           0
           0
-9.20882e-09
 4.69274e-09
-9.42659e-09
 4.80372e-09
-1.06443e-05
           0
           0
-1.06452e-05
           0
           0
-1.58348e-07
           0
           0
           0
           0
           0
           0
-2.63607e-06
    0.082285
   0.0819574
  0.00589496
           0
           0
pk 0.999518
       1
       1
0.999523
       1
       1
0.999904
0.999976
       1
0.999276
 0.99999
       1
0.999279
 0.99999
       1
0.999823
0.999971
       1
0.998578
0.999994
       1
0.998811
0.999994
       1
 0.99991
       1
0.999749
0.991206
0.999938
0.986253
 1.00471
 1.00003
 1.00965
  0.9989
       1
       1
count 270
(curr.pk-pk_prev).cwiseAbs().sum() 0.000138694
(curr.pk-p0).cwiseAbs().sum() 0.0438031
stable?: 1 converged?: 0 G: 3.23886e-08
tp: 4
Elapsed Time d2w: 162329 us
Elapsed Time dG: 8666 us
vz_norm: 1.57942e-07vp_norm: 8.53637e-09
zk -1.75767e-06
 -1.4396e-06
-4.75763e-07
  0.00177164
 -0.00187512
-0.000389282
-0.000883924
-0.000724255
-0.000238479
 0.000304938
-0.000316719
-0.000104684
           0
           0
           0
           0
           0
           0
 0.000118908
           0
           0
 3.22587e-05
           0
 3.18201e-05
           0
 0.000142596
           0
           0
 6.83956e-06
-1.59109e-05
           0
           0
 1.61265e-05
           0
           0
 1.13977e-06
           0
           0
-9.20516e-09
    4.69e-09
 9.42353e-09
-4.80126e-09
-1.06418e-05
           0
           0
 1.06427e-05
           0
           0
 1.58762e-07
           0
           0
           0
           0
           0
           0
-2.65926e-06
   0.0822516
  -0.0819291
 -0.00590741
           0
           0
pk 0.999516
       1
       1
0.999521
       1
       1
0.999904
0.999976
       1
0.999274
 0.99999
       1
0.999276
 0.99999
       1
0.999823
0.999971
       1
0.998573
0.999994
       1
0.998807
0.999994
       1
 0.99991
       1
0.999748
0.991176
0.999938
0.986209
 1.00472
 1.00003
 1.00968
0.998898
       1
       1
count 271
(curr.pk-pk_prev).cwiseAbs().sum() 0.000138578
(curr.pk-p0).cwiseAbs().sum() 0.0439417
stable?: 1 converged?: 0 G: 3.23886e-08
tp: 4
Elapsed Time d2w: 145508 us
Elapsed Time dG: 10496 us
vz_norm: 1.57999e-07vp_norm: 8.53602e-09
zk  1.75719e-06
-1.43927e-06
-4.77001e-07
  0.00177073
  0.00187469
 0.000390292
 0.000883682
-0.000724091
  -0.0002391
 0.000304856
 0.000316646
 0.000104901
           0
           0
           0
           0
           0
           0
 0.000119217
           0
           0
-3.22514e-05
           0
 3.18114e-05
           0
 0.000142967
           0
           0
-6.85734e-06
-1.59067e-05
           0
           0
-1.61229e-05
           0
           0
-1.14273e-06
           0
           0
 -9.2015e-09
 4.68727e-09
-9.42049e-09
 4.79882e-09
-1.06393e-05
           0
           0
-1.06402e-05
           0
           0
-1.59174e-07
           0
           0
           0
           0
           0
           0
-2.68238e-06
   0.0822182
   0.0819009
  0.00591983
           0
           0
pk 0.999514
       1
       1
 0.99952
       1
       1
0.999904
0.999976
       1
0.999272
 0.99999
       1
0.999274
 0.99999
       1
0.999822
0.999971
       1
0.998568
0.999994
       1
0.998803
0.999994
       1
 0.99991
       1
0.999748
0.991146
0.999937
0.986166
 1.00474
 1.00003
 1.00971
0.998896
       1
       1
count 272
(curr.pk-pk_prev).cwiseAbs().sum() 0.000138461
(curr.pk-p0).cwiseAbs().sum() 0.0440801
stable?: 1 converged?: 0 G: 3.23885e-08
tp: 4
Elapsed Time d2w: 156150 us
Elapsed Time dG: 9478 us
vz_norm: 1.58056e-07vp_norm: 8.53568e-09
zk -1.75671e-06
-1.43894e-06
-4.78235e-07
  0.00176982
 -0.00187425
  -0.0003913
-0.000883442
-0.000723928
 -0.00023972
 0.000304773
-0.000316574
-0.000105117
           0
           0
           0
           0
           0
           0
 0.000119526
           0
           0
 3.22442e-05
           0
 3.18029e-05
           0
 0.000143337
           0
           0
 6.87506e-06
-1.59024e-05
           0
           0
 1.61194e-05
           0
           0
 1.14568e-06
           0
           0
-9.19786e-09
 4.68454e-09
 9.41745e-09
-4.79637e-09
-1.06368e-05
           0
           0
 1.06377e-05
           0
           0
 1.59586e-07
           0
           0
           0
           0
           0
           0
-2.70544e-06
   0.0821849
  -0.0818727
 -0.00593222
           0
           0
pk 0.999513
       1
       1
0.999518
       1
       1
0.999904
0.999976
       1
0.999269
 0.99999
       1
0.999272
 0.99999
       1
0.999822
0.999971
       1
0.998564
0.999994
       1
0.998799
0.999994
       1
 0.99991
       1
0.999747
0.991116
0.999937
0.986123
 1.00475
 1.00003
 1.00974
0.998893
       1
       1
count 273
(curr.pk-pk_prev).cwiseAbs().sum() 0.000138346
(curr.pk-p0).cwiseAbs().sum() 0.0442185
stable?: 1 converged?: 0 G: 3.23885e-08
tp: 4
Elapsed Time d2w: 163010 us
Elapsed Time dG: 8519 us
vz_norm: 1.58113e-07vp_norm: 8.53534e-09
zk  1.75623e-06
-1.43862e-06
-4.79466e-07
  0.00176891
  0.00187382
 0.000392305
 0.000883201
-0.000723764
-0.000240337
 0.000304691
 0.000316502
 0.000105332
           0
           0
           0
           0
           0
           0
 0.000119834
           0
           0
 -3.2237e-05
           0
 3.17943e-05
           0
 0.000143706
           0
           0
-6.89274e-06
-1.58982e-05
           0
           0
-1.61158e-05
           0
           0
-1.14863e-06
           0
           0
-9.19423e-09
 4.68182e-09
-9.41442e-09
 4.79394e-09
-1.06343e-05
           0
           0
-1.06352e-05
           0
           0
-1.59997e-07
           0
           0
           0
           0
           0
           0
-2.72843e-06
   0.0821517
   0.0818446
  0.00594457
           0
           0
pk 0.999511
       1
       1
0.999517
       1
       1
0.999903
0.999976
       1
0.999267
 0.99999
       1
0.999269
 0.99999
       1
0.999822
0.999971
       1
0.998559
0.999994
       1
0.998796
0.999994
       1
0.999909
       1
0.999746
0.991086
0.999937
 0.98608
 1.00477
 1.00003
 1.00977
0.998891
       1
       1
count 274
(curr.pk-pk_prev).cwiseAbs().sum() 0.00013823
(curr.pk-p0).cwiseAbs().sum() 0.0443567
stable?: 1 converged?: 0 G: 3.23885e-08
tp: 4
Elapsed Time d2w: 119198 us
Elapsed Time dG: 7554 us
vz_norm: 1.5817e-07vp_norm: 8.535e-09
zk -1.75575e-06
-1.43829e-06
-4.80693e-07
  0.00176801
 -0.00187339
-0.000393308
-0.000882961
-0.000723601
-0.000240953
 0.000304608
-0.000316429
-0.000105547
           0
           0
           0
           0
           0
           0
  0.00012014
           0
           0
 3.22298e-05
           0
 3.17857e-05
           0
 0.000144073
           0
           0
 6.91036e-06
 -1.5894e-05
           0
           0
 1.61123e-05
           0
           0
 1.15156e-06
           0
           0
 -9.1906e-09
  4.6791e-09
 9.41139e-09
-4.79151e-09
-1.06318e-05
           0
           0
 1.06328e-05
           0
           0
 1.60406e-07
           0
           0
           0
           0
           0
           0
-2.75137e-06
   0.0821185
  -0.0818166
 -0.00595689
           0
           0
pk  0.99951
       1
       1
0.999515
       1
       1
0.999903
0.999976
       1
0.999265
 0.99999
       1
0.999267
 0.99999
       1
0.999821
0.999971
       1
0.998555
0.999994
       1
0.998792
0.999994
       1
0.999909
       1
0.999746
0.991056
0.999937
0.986036
 1.00479
 1.00003
  1.0098
0.998889
       1
       1
count 275
(curr.pk-pk_prev).cwiseAbs().sum() 0.000138115
(curr.pk-p0).cwiseAbs().sum() 0.0444948
stable?: 1 converged?: 0 G: 3.23884e-08
tp: 4
Elapsed Time d2w: 117821 us
Elapsed Time dG: 8302 us
vz_norm: 1.58227e-07vp_norm: 8.53466e-09
zk  1.75528e-06
-1.43797e-06
-4.81917e-07
   0.0017671
  0.00187296
 0.000394307
 0.000882722
-0.000723438
-0.000241568
 0.000304526
 0.000316357
 0.000105761
           0
           0
           0
           0
           0
           0
 0.000120446
           0
           0
-3.22226e-05
           0
 3.17772e-05
           0
  0.00014444
           0
           0
-6.92794e-06
-1.58898e-05
           0
           0
-1.61087e-05
           0
           0
-1.15449e-06
           0
           0
-9.18698e-09
  4.6764e-09
-9.40837e-09
 4.78909e-09
-1.06293e-05
           0
           0
-1.06303e-05
           0
           0
-1.60815e-07
           0
           0
           0
           0
           0
           0
-2.77423e-06
   0.0820854
   0.0817886
  0.00596917
           0
           0
pk 0.999508
       1
       1
0.999514
       1
       1
0.999903
0.999976
       1
0.999262
 0.99999
       1
0.999265
 0.99999
       1
0.999821
0.999971
       1
 0.99855
0.999994
       1
0.998788
0.999994
       1
0.999909
       1
0.999745
0.991026
0.999937
0.985993
  1.0048
 1.00003
 1.00983
0.998887
       1
       1
count 276
(curr.pk-pk_prev).cwiseAbs().sum() 0.000138
(curr.pk-p0).cwiseAbs().sum() 0.0446328
stable?: 1 converged?: 0 G: 3.23884e-08
tp: 4
Elapsed Time d2w: 130031 us
Elapsed Time dG: 8202 us
vz_norm: 1.5828e-07vp_norm: 8.53415e-09
zk -1.75488e-06
-1.43771e-06
-4.83166e-07
  0.00176629
 -0.00187261
-0.000395327
-0.000882521
-0.000723307
-0.000242194
 0.000304458
-0.000316299
 -0.00010598
           0
           0
           0
           0
           0
           0
 0.000120758
           0
           0
 3.22168e-05
           0
   3.177e-05
           0
 0.000144814
           0
           0
 6.94588e-06
-1.58863e-05
           0
           0
 1.61059e-05
           0
           0
 1.15748e-06
           0
           0
-9.18362e-09
 4.67367e-09
 9.40562e-09
-4.78665e-09
-1.06273e-05
           0
           0
 1.06283e-05
           0
           0
 1.61231e-07
           0
           0
           0
           0
           0
           0
 -2.7973e-06
    0.082054
  -0.0817623
 -0.00598171
           0
           0
pk 0.999507
       1
       1
0.999512
       1
       1
0.999903
0.999976
       1
 0.99926
 0.99999
       1
0.999262
 0.99999
       1
 0.99982
0.999971
       1
0.998546
0.999994
       1
0.998784
0.999994
       1
0.999909
       1
0.999745
0.990997
0.999936
 0.98595
 1.00482
 1.00003
 1.00986
0.998885
       1
       1
count 277
(curr.pk-pk_prev).cwiseAbs().sum() 0.000137889
(curr.pk-p0).cwiseAbs().sum() 0.0447707
stable?: 1 converged?: 0 G: 3.23883e-08
tp: 4
Elapsed Time d2w: 127854 us
Elapsed Time dG: 7760 us
vz_norm: 1.58337e-07vp_norm: 8.53403e-09
zk   1.7544e-06
-1.43738e-06
 -4.8438e-07
  0.00176538
  0.00187217
 0.000396319
 0.000882281
-0.000723143
-0.000242804
 0.000304375
 0.000316227
 0.000106192
           0
           0
           0
           0
           0
           0
 0.000121062
           0
           0
-3.22096e-05
           0
 3.17614e-05
           0
 0.000145178
           0
           0
-6.96332e-06
-1.58821e-05
           0
           0
-1.61024e-05
           0
           0
-1.16039e-06
           0
           0
-9.17997e-09
 4.67094e-09
-9.40257e-09
  4.7842e-09
-1.06248e-05
           0
           0
-1.06258e-05
           0
           0
-1.61636e-07
           0
           0
           0
           0
           0
           0
-2.82005e-06
   0.0820207
   0.0817341
  0.00599391
           0
           0
pk 0.999505
       1
       1
0.999511
       1
       1
0.999903
0.999976
       1
0.999258
 0.99999
       1
 0.99926
 0.99999
       1
 0.99982
0.999971
       1
0.998541
0.999994
       1
 0.99878
0.999994
       1
0.999909
       1
0.999744
0.990967
0.999936
0.985907
 1.00483
 1.00003
 1.00989
0.998883
       1
       1
count 278
(curr.pk-pk_prev).cwiseAbs().sum() 0.000137777
(curr.pk-p0).cwiseAbs().sum() 0.0449085
stable?: 1 converged?: 0 G: 3.23883e-08
tp: 4
Elapsed Time d2w: 138872 us
Elapsed Time dG: 8183 us
vz_norm: 1.58394e-07vp_norm: 8.53364e-09
zk -1.75392e-06
-1.43706e-06
-4.85596e-07
  0.00176449
 -0.00187174
-0.000397311
-0.000882043
-0.000722981
-0.000243414
 0.000304293
-0.000316155
-0.000106405
           0
           0
           0
           0
           0
           0
 0.000121366
           0
           0
 3.22024e-05
           0
 3.17529e-05
           0
 0.000145542
           0
           0
 6.98077e-06
-1.58779e-05
           0
           0
 1.60989e-05
           0
           0
  1.1633e-06
           0
           0
-9.17638e-09
 4.66826e-09
 9.39958e-09
-4.78181e-09
-1.06224e-05
           0
           0
 1.06233e-05
           0
           0
 1.62042e-07
           0
           0
           0
           0
           0
           0
-2.84274e-06
   0.0819878
  -0.0817063
  -0.0060061
           0
           0
pk 0.999504
       1
       1
0.999509
       1
       1
0.999902
0.999976
       1
0.999255
 0.99999
       1
0.999258
 0.99999
       1
 0.99982
 0.99997
       1
0.998537
0.999994
       1
0.998776
0.999994
       1
0.999908
       1
0.999744
0.990937
0.999936
0.985864
 1.00485
 1.00003
 1.00992
 0.99888
       1
       1
count 279
(curr.pk-pk_prev).cwiseAbs().sum() 0.000137662
(curr.pk-p0).cwiseAbs().sum() 0.0450462
stable?: 1 converged?: 0 G: 3.23883e-08
tp: 4
Elapsed Time d2w: 115858 us
Elapsed Time dG: 8253 us
vz_norm: 1.5845e-07vp_norm: 8.53331e-09
zk  1.75345e-06
-1.43673e-06
-4.86807e-07
  0.00176359
  0.00187131
   0.0003983
 0.000881805
-0.000722818
-0.000244021
 0.000304212
 0.000316083
 0.000106617
           0
           0
           0
           0
           0
           0
 0.000121668
           0
           0
-3.21953e-05
           0
 3.17444e-05
           0
 0.000145905
           0
           0
-6.99816e-06
-1.58738e-05
           0
           0
-1.60954e-05
           0
           0
 -1.1662e-06
           0
           0
-9.17279e-09
 4.66558e-09
-9.39659e-09
 4.77941e-09
-1.06199e-05
           0
           0
-1.06208e-05
           0
           0
-1.62446e-07
           0
           0
           0
           0
           0
           0
-2.86536e-06
   0.0819551
   0.0816787
  0.00601826
           0
           0
pk 0.999502
       1
       1
0.999508
       1
       1
0.999902
0.999975
       1
0.999253
 0.99999
       1
0.999256
 0.99999
       1
0.999819
 0.99997
       1
0.998532
0.999994
       1
0.998773
0.999994
       1
0.999908
       1
0.999743
0.990907
0.999936
0.985821
 1.00486
 1.00003
 1.00995
0.998878
       1
       1
count 280
(curr.pk-pk_prev).cwiseAbs().sum() 0.000137549
(curr.pk-p0).cwiseAbs().sum() 0.0451837
stable?: 1 converged?: 0 G: 3.23882e-08
tp: 4
Elapsed Time d2w: 157102 us
Elapsed Time dG: 7522 us
vz_norm: 1.58506e-07vp_norm: 8.53297e-09
zk -1.75298e-06
-1.43641e-06
-4.88014e-07
   0.0017627
 -0.00187088
-0.000399286
-0.000881568
-0.000722656
-0.000244627
  0.00030413
-0.000316012
-0.000106828
           0
           0
           0
           0
           0
           0
  0.00012197
           0
           0
 3.21881e-05
           0
 3.17359e-05
           0
 0.000146267
           0
           0
 7.01551e-06
-1.58696e-05
           0
           0
 1.60919e-05
           0
           0
 1.16909e-06
           0
           0
-9.16921e-09
 4.66291e-09
  9.3936e-09
-4.77703e-09
-1.06174e-05
           0
           0
 1.06184e-05
           0
           0
 1.62849e-07
           0
           0
           0
           0
           0
           0
-2.88792e-06
   0.0819224
   -0.081651
 -0.00603038
           0
           0
pk 0.999501
       1
       1
0.999506
       1
       1
0.999902
0.999975
       1
0.999251
 0.99999
       1
0.999253
 0.99999
       1
0.999819
 0.99997
       1
0.998528
0.999993
       1
0.998769
0.999994
       1
0.999908
       1
0.999743
0.990877
0.999936
0.985778
 1.00488
 1.00003
 1.00998
0.998876
       1
       1
count 281
(curr.pk-pk_prev).cwiseAbs().sum() 0.000137435
(curr.pk-p0).cwiseAbs().sum() 0.0453211
stable?: 1 converged?: 0 G: 3.23882e-08
tp: 4
Elapsed Time d2w: 115842 us
Elapsed Time dG: 8644 us
vz_norm: 1.58562e-07vp_norm: 8.53263e-09
zk   1.7525e-06
-1.43609e-06
-4.89219e-07
  0.00176181
  0.00187046
 0.000400269
 0.000881332
-0.000722494
-0.000245232
 0.000304049
 0.000315941
 0.000107039
           0
           0
           0
           0
           0
           0
 0.000122271
           0
           0
 -3.2181e-05
           0
 3.17275e-05
           0
 0.000146628
           0
           0
 -7.0328e-06
-1.58654e-05
           0
           0
-1.60884e-05
           0
           0
-1.17197e-06
           0
           0
-9.16564e-09
 4.66025e-09
-9.39063e-09
 4.77465e-09
 -1.0615e-05
           0
           0
-1.06159e-05
           0
           0
-1.63251e-07
           0
           0
           0
           0
           0
           0
-2.91041e-06
   0.0818897
   0.0816235
  0.00604247
           0
           0
pk 0.999499
       1
       1
0.999505
       1
       1
0.999902
0.999975
       1
0.999248
 0.99999
       1
0.999251
 0.99999
       1
0.999818
 0.99997
       1
0.998523
0.999993
       1
0.998765
0.999994
       1
0.999908
       1
0.999742
0.990848
0.999935
0.985735
 1.00489
 1.00003
 1.01001
0.998874
       1
       1
count 282
(curr.pk-pk_prev).cwiseAbs().sum() 0.000137322
(curr.pk-p0).cwiseAbs().sum() 0.0454585
stable?: 1 converged?: 0 G: 3.23882e-08
tp: 4
Elapsed Time d2w: 115719 us
Elapsed Time dG: 8294 us
vz_norm: 1.58618e-07vp_norm: 8.53229e-09
zk -1.75203e-06
-1.43577e-06
 -4.9042e-07
  0.00176092
 -0.00187003
 -0.00040125
-0.000881096
-0.000722332
-0.000245835
 0.000303968
 -0.00031587
-0.000107249
           0
           0
           0
           0
           0
           0
 0.000122571
           0
           0
 3.21739e-05
           0
  3.1719e-05
           0
 0.000146988
           0
           0
 7.05006e-06
-1.58613e-05
           0
           0
 1.60849e-05
           0
           0
 1.17484e-06
           0
           0
-9.16207e-09
  4.6576e-09
 9.38766e-09
-4.77227e-09
-1.06125e-05
           0
           0
 1.06135e-05
           0
           0
 1.63651e-07
           0
           0
           0
           0
           0
           0
-2.93285e-06
   0.0818572
   -0.081596
 -0.00605453
           0
           0
pk 0.999498
       1
       1
0.999503
       1
       1
0.999902
0.999975
       1
0.999246
 0.99999
       1
0.999249
 0.99999
       1
0.999818
 0.99997
       1
0.998519
0.999993
       1
0.998761
0.999994
       1
0.999908
       1
0.999742
0.990818
0.999935
0.985692
 1.00491
 1.00003
 1.01004
0.998872
       1
       1
count 283
(curr.pk-pk_prev).cwiseAbs().sum() 0.000137209
(curr.pk-p0).cwiseAbs().sum() 0.0455957
stable?: 1 converged?: 0 G: 3.23881e-08
tp: 4
Elapsed Time d2w: 127631 us
Elapsed Time dG: 8015 us
vz_norm: 1.58674e-07vp_norm: 8.53193e-09
zk  1.75157e-06
-1.43545e-06
-4.91622e-07
  0.00176005
  0.00186961
 0.000402232
 0.000880865
-0.000722174
-0.000246438
 0.000303888
   0.0003158
  0.00010746
           0
           0
           0
           0
           0
           0
 0.000122872
           0
           0
 -3.2167e-05
           0
 3.17108e-05
           0
 0.000147348
           0
           0
-7.06732e-06
-1.58572e-05
           0
           0
-1.60815e-05
           0
           0
-1.17772e-06
           0
           0
-9.15855e-09
 4.65495e-09
-9.38474e-09
 4.76991e-09
-1.06101e-05
           0
           0
-1.06111e-05
           0
           0
-1.64052e-07
           0
           0
           0
           0
           0
           0
-2.95526e-06
    0.081825
   0.0815688
  0.00606659
           0
           0
pk 0.999496
       1
       1
0.999502
       1
       1
0.999901
0.999975
       1
0.999244
 0.99999
       1
0.999246
 0.99999
       1
0.999818
 0.99997
       1
0.998514
0.999993
       1
0.998757
0.999994
       1
0.999907
       1
0.999741
0.990788
0.999935
 0.98565
 1.00492
 1.00003
 1.01007
 0.99887
       1
       1
count 284
(curr.pk-pk_prev).cwiseAbs().sum() 0.000137097
(curr.pk-p0).cwiseAbs().sum() 0.0457328
stable?: 1 converged?: 0 G: 3.23881e-08
tp: 4
Elapsed Time d2w: 122787 us
Elapsed Time dG: 8666 us
vz_norm: 1.5873e-07vp_norm: 8.53163e-09
zk  -1.7511e-06
-1.43513e-06
-4.92817e-07
  0.00175916
 -0.00186919
-0.000403207
 -0.00088063
-0.000722013
-0.000247037
 0.000303807
-0.000315729
-0.000107669
           0
           0
           0
           0
           0
           0
  0.00012317
           0
           0
 3.21599e-05
           0
 3.17023e-05
           0
 0.000147706
           0
           0
 7.08447e-06
-1.58531e-05
           0
           0
  1.6078e-05
           0
           0
 1.18058e-06
           0
           0
  -9.155e-09
  4.6523e-09
 9.38178e-09
-4.76754e-09
-1.06077e-05
           0
           0
 1.06086e-05
           0
           0
 1.64451e-07
           0
           0
           0
           0
           0
           0
-2.97757e-06
   0.0817925
  -0.0815414
 -0.00607858
           0
           0
pk 0.999494
       1
       1
  0.9995
       1
       1
0.999901
0.999975
       1
0.999241
 0.99999
       1
0.999244
 0.99999
       1
0.999817
 0.99997
       1
 0.99851
0.999993
       1
0.998754
0.999994
       1
0.999907
       1
0.999741
0.990759
0.999935
0.985607
 1.00494
 1.00003
 1.01009
0.998868
       1
       1
count 285
(curr.pk-pk_prev).cwiseAbs().sum() 0.000136986
(curr.pk-p0).cwiseAbs().sum() 0.0458698
stable?: 1 converged?: 0 G: 3.2388e-08
tp: 4
Elapsed Time d2w: 123576 us
Elapsed Time dG: 9613 us
vz_norm: 1.58785e-07vp_norm: 8.53129e-09
zk  1.75064e-06
-1.43481e-06
-4.94008e-07
  0.00175828
  0.00186876
  0.00040418
 0.000880395
-0.000721851
-0.000247635
 0.000303727
 0.000315658
 0.000107877
           0
           0
           0
           0
           0
           0
 0.000123468
           0
           0
-3.21528e-05
           0
 3.16939e-05
           0
 0.000148063
           0
           0
-7.10159e-06
-1.58489e-05
           0
           0
-1.60745e-05
           0
           0
-1.18343e-06
           0
           0
-9.15146e-09
 4.64967e-09
-9.37883e-09
 4.76519e-09
-1.06052e-05
           0
           0
-1.06062e-05
           0
           0
-1.64848e-07
           0
           0
           0
           0
           0
           0
-2.99983e-06
   0.0817602
   0.0815141
  0.00609054
           0
           0
pk 0.999493
       1
       1
0.999499
       1
       1
0.999901
0.999975
       1
0.999239
 0.99999
       1
0.999242
 0.99999
       1
0.999817
 0.99997
       1
0.998505
0.999993
       1
 0.99875
0.999994
       1
0.999907
       1
 0.99974
0.990729
0.999935
0.985564
 1.00495
 1.00003
 1.01012
0.998866
       1
       1
count 286
(curr.pk-pk_prev).cwiseAbs().sum() 0.000136874
(curr.pk-p0).cwiseAbs().sum() 0.0460066
stable?: 1 converged?: 0 G: 3.2388e-08
tp: 4
Elapsed Time d2w: 116658 us
Elapsed Time dG: 8423 us
vz_norm: 1.58841e-07vp_norm: 8.53095e-09
zk -1.75017e-06
-1.43449e-06
-4.95197e-07
   0.0017574
 -0.00186834
-0.000405151
-0.000880161
 -0.00072169
-0.000248232
 0.000303646
-0.000315588
-0.000108085
           0
           0
           0
           0
           0
           0
 0.000123765
           0
           0
 3.21458e-05
           0
 3.16855e-05
           0
 0.000148419
           0
           0
 7.11865e-06
-1.58448e-05
           0
           0
 1.60711e-05
           0
           0
 1.18627e-06
           0
           0
-9.14793e-09
 4.64704e-09
 9.37589e-09
-4.76285e-09
-1.06028e-05
           0
           0
 1.06038e-05
           0
           0
 1.65245e-07
           0
           0
           0
           0
           0
           0
-3.02202e-06
   0.0817279
  -0.0814869
 -0.00610247
           0
           0
pk 0.999491
       1
       1
0.999497
       1
       1
0.999901
0.999975
       1
0.999237
 0.99999
       1
 0.99924
 0.99999
       1
0.999816
 0.99997
       1
0.998501
0.999993
       1
0.998746
0.999994
       1
0.999907
       1
 0.99974
0.990699
0.999934
0.985521
 1.00497
 1.00003
 1.01015
0.998863
       1
       1
count 287
(curr.pk-pk_prev).cwiseAbs().sum() 0.000136762
(curr.pk-p0).cwiseAbs().sum() 0.0461434
stable?: 1 converged?: 0 G: 3.2388e-08
tp: 4
Elapsed Time d2w: 150261 us
Elapsed Time dG: 7820 us
vz_norm: 1.58897e-07vp_norm: 8.53062e-09
zk   1.7497e-06
-1.43417e-06
-4.96382e-07
  0.00175652
  0.00186792
 0.000406118
 0.000879927
-0.000721529
-0.000248827
 0.000303565
 0.000315517
 0.000108293
           0
           0
           0
           0
           0
           0
 0.000124061
           0
           0
-3.21387e-05
           0
 3.16771e-05
           0
 0.000148774
           0
           0
-7.13568e-06
-1.58407e-05
           0
           0
-1.60676e-05
           0
           0
-1.18911e-06
           0
           0
 -9.1444e-09
 4.64442e-09
-9.37295e-09
  4.7605e-09
-1.06004e-05
           0
           0
-1.06013e-05
           0
           0
 -1.6564e-07
           0
           0
           0
           0
           0
           0
-3.04416e-06
   0.0816957
   0.0814597
  0.00611437
           0
           0
pk  0.99949
       1
       1
0.999496
       1
       1
0.999901
0.999975
       1
0.999235
 0.99999
       1
0.999237
 0.99999
       1
0.999816
 0.99997
       1
0.998496
0.999993
       1
0.998742
0.999994
       1
0.999907
       1
0.999739
 0.99067
0.999934
0.985479
 1.00498
 1.00003
 1.01018
0.998861
       1
       1
count 288
(curr.pk-pk_prev).cwiseAbs().sum() 0.000136651
(curr.pk-p0).cwiseAbs().sum() 0.04628
stable?: 1 converged?: 0 G: 3.23879e-08
tp: 4
Elapsed Time d2w: 119173 us
Elapsed Time dG: 8152 us
vz_norm: 1.58952e-07vp_norm: 8.53029e-09
zk -1.74924e-06
-1.43385e-06
-4.97565e-07
  0.00175565
 -0.00186749
-0.000407084
-0.000879694
-0.000721368
 -0.00024942
 0.000303485
-0.000315447
  -0.0001085
           0
           0
           0
           0
           0
           0
 0.000124357
           0
           0
 3.21317e-05
           0
 3.16687e-05
           0
 0.000149129
           0
           0
 7.15266e-06
-1.58366e-05
           0
           0
 1.60641e-05
           0
           0
 1.19194e-06
           0
           0
-9.14088e-09
 4.64181e-09
 9.37003e-09
-4.75817e-09
-1.05979e-05
           0
           0
 1.05989e-05
           0
           0
 1.66035e-07
           0
           0
           0
           0
           0
           0
-3.06623e-06
   0.0816636
  -0.0814326
 -0.00612624
           0
           0
pk 0.999488
       1
       1
0.999494
       1
       1
  0.9999
0.999975
       1
0.999232
 0.99999
       1
0.999235
 0.99999
       1
0.999816
 0.99997
       1
0.998492
0.999993
       1
0.998738
0.999993
       1
0.999907
       1
0.999739
 0.99064
0.999934
0.985436
   1.005
 1.00003
 1.01021
0.998859
       1
       1
count 289
(curr.pk-pk_prev).cwiseAbs().sum() 0.00013654
(curr.pk-p0).cwiseAbs().sum() 0.0464166
stable?: 1 converged?: 0 G: 3.23879e-08
tp: 4
Elapsed Time d2w: 122747 us
Elapsed Time dG: 7918 us
vz_norm: 1.59007e-07vp_norm: 8.52995e-09
zk  1.74877e-06
-1.43353e-06
-4.98744e-07
  0.00175478
  0.00186707
 0.000408046
 0.000879461
-0.000721208
-0.000250012
 0.000303405
 0.000315376
 0.000108706
           0
           0
           0
           0
           0
           0
 0.000124651
           0
           0
-3.21246e-05
           0
 3.16603e-05
           0
 0.000149482
           0
           0
-7.16959e-06
-1.58325e-05
           0
           0
-1.60607e-05
           0
           0
-1.19476e-06
           0
           0
-9.13737e-09
  4.6392e-09
-9.36711e-09
 4.75584e-09
-1.05955e-05
           0
           0
-1.05965e-05
           0
           0
-1.66428e-07
           0
           0
           0
           0
           0
           0
-3.08825e-06
   0.0816315
   0.0814056
  0.00613808
           0
           0
pk 0.999487
       1
       1
0.999493
       1
       1
  0.9999
0.999975
       1
 0.99923
 0.99999
       1
0.999233
 0.99999
       1
0.999815
 0.99997
       1
0.998487
0.999993
       1
0.998735
0.999993
       1
0.999906
       1
0.999738
 0.99061
0.999934
0.985393
 1.00501
 1.00003
 1.01024
0.998857
       1
       1
count 290
(curr.pk-pk_prev).cwiseAbs().sum() 0.000136429
(curr.pk-p0).cwiseAbs().sum() 0.046553
stable?: 1 converged?: 0 G: 3.23879e-08
tp: 4
Elapsed Time d2w: 122710 us
Elapsed Time dG: 7724 us
vz_norm: 1.59063e-07vp_norm: 8.52962e-09
zk -1.74831e-06
-1.43321e-06
 -4.9992e-07
   0.0017539
 -0.00186665
-0.000409007
-0.000879228
-0.000721047
-0.000250602
 0.000303324
-0.000315306
-0.000108912
           0
           0
           0
           0
           0
           0
 0.000124945
           0
           0
 3.21176e-05
           0
  3.1652e-05
           0
 0.000149834
           0
           0
 7.18648e-06
-1.58284e-05
           0
           0
 1.60572e-05
           0
           0
 1.19758e-06
           0
           0
-9.13387e-09
  4.6366e-09
 9.36419e-09
-4.75352e-09
-1.05931e-05
           0
           0
 1.05941e-05
           0
           0
 1.66821e-07
           0
           0
           0
           0
           0
           0
-3.11021e-06
   0.0815995
  -0.0813786
 -0.00614988
           0
           0
pk 0.999485
       1
       1
0.999491
       1
       1
  0.9999
0.999975
       1
0.999228
 0.99999
       1
 0.99923
 0.99999
       1
0.999815
 0.99997
       1
0.998483
0.999993
       1
0.998731
0.999993
       1
0.999906
       1
0.999738
0.990581
0.999934
0.985351
 1.00503
 1.00003
 1.01027
0.998855
       1
       1
count 291
(curr.pk-pk_prev).cwiseAbs().sum() 0.000136319
(curr.pk-p0).cwiseAbs().sum() 0.0466893
stable?: 1 converged?: 0 G: 3.23878e-08
tp: 4
Elapsed Time d2w: 167255 us
Elapsed Time dG: 8709 us
vz_norm: 1.59118e-07vp_norm: 8.52928e-09
zk  1.74785e-06
-1.43289e-06
-5.01093e-07
  0.00175304
  0.00186623
 0.000409965
 0.000878997
-0.000720887
-0.000251191
 0.000303245
 0.000315236
 0.000109117
           0
           0
           0
           0
           0
           0
 0.000125239
           0
           0
-3.21106e-05
           0
 3.16437e-05
           0
 0.000150186
           0
           0
-7.20333e-06
-1.58243e-05
           0
           0
-1.60538e-05
           0
           0
-1.20039e-06
           0
           0
-9.13038e-09
 4.63401e-09
-9.36129e-09
 4.75121e-09
-1.05907e-05
           0
           0
-1.05917e-05
           0
           0
-1.67212e-07
           0
           0
           0
           0
           0
           0
-3.13212e-06
   0.0815677
   0.0813517
  0.00616166
           0
           0
pk 0.999484
       1
       1
 0.99949
       1
       1
  0.9999
0.999975
       1
0.999225
 0.99999
       1
0.999228
 0.99999
       1
0.999814
 0.99997
       1
0.998478
0.999993
       1
0.998727
0.999993
       1
0.999906
       1
0.999737
0.990551
0.999933
0.985308
 1.00504
 1.00003
  1.0103
0.998853
       1
       1
count 292
(curr.pk-pk_prev).cwiseAbs().sum() 0.000136209
(curr.pk-p0).cwiseAbs().sum() 0.0468255
stable?: 1 converged?: 0 G: 3.23878e-08
tp: 4
Elapsed Time d2w: 136464 us
Elapsed Time dG: 10208 us
vz_norm: 1.09322e-07vp_norm: 5.99397e-09
zk -2.95257e-06
-2.32296e-06
-1.16011e-06
  0.00284196
 -0.00306503
-0.000950245
 -0.00148348
 -0.00116747
-0.000581548
 0.000510412
-0.000526985
 -0.00023549
           0
           0
           0
           0
           0
           0
 0.000289947
           0
           0
 5.32749e-05
           0
  5.2497e-05
           0
 0.000347704
           0
           0
 1.66768e-05
-2.62592e-05
           0
           0
 2.66417e-05
           0
           0
 2.77907e-06
           0
           0
-1.35685e-08
 5.49507e-09
 1.39127e-08
-5.63445e-09
-1.75925e-05
           0
           0
 1.75942e-05
           0
           0
 3.87122e-07
           0
           0
           0
           0
           0
           0
-8.19826e-06
    0.118662
   -0.118059
  -0.0132167
           0
           0
pk  0.99948
       1
       1
0.999486
       1
       1
0.999899
0.999975
       1
0.999221
 0.99999
       1
0.999223
 0.99999
       1
0.999814
 0.99997
       1
0.998469
0.999993
       1
0.998719
0.999993
       1
0.999906
       1
0.999736
0.990497
0.999933
0.985248
 1.00507
 1.00003
 1.01033
0.998849
       1
       1
count 293
(curr.pk-pk_prev).cwiseAbs().sum() 0.000212161
(curr.pk-p0).cwiseAbs().sum() 0.0470377
stable?: 1 converged?: 0 G: 3.23877e-08
tp: 4
Elapsed Time d2w: 141446 us
Elapsed Time dG: 8605 us
vz_norm: 1.79043e-07vp_norm: 1.4146e-08
zk  1.62674e-06
-1.39819e-06
-4.23111e-07
  0.00160585
  0.00176201
 0.000345729
 0.000817741
-0.000703029
-0.000212114
 0.000287831
 0.000299705
 9.85295e-05
           0
           0
           0
           0
           0
           0
 0.000105747
           0
           0
-3.05374e-05
           0
 3.00894e-05
           0
 0.000126809
           0
           0
-6.08216e-06
-1.50491e-05
           0
           0
-1.52694e-05
           0
           0
-1.01354e-06
           0
           0
-8.16607e-09
 3.72462e-09
-8.37398e-09
 3.81945e-09
-1.00777e-05
           0
           0
-1.00787e-05
           0
           0
-1.41185e-07
           0
           0
           0
           0
           0
           0
-3.12915e-06
   0.0723831
   0.0722727
  0.00560093
           0
           0
pk 0.999479
       1
       1
0.999485
       1
       1
0.999899
0.999975
       1
0.999219
 0.99999
       1
0.999222
 0.99999
       1
0.999813
 0.99997
       1
0.998466
0.999993
       1
0.998716
0.999993
       1
0.999905
       1
0.999736
0.990457
0.999933
0.985197
  1.0051
 1.00003
 1.01037
0.998848
       1
       1
count 294
(curr.pk-pk_prev).cwiseAbs().sum() 0.000173667
(curr.pk-p0).cwiseAbs().sum() 0.0472114
stable?: 1 converged?: 0 G: 3.23877e-08
tp: 4
Elapsed Time d2w: 121446 us
Elapsed Time dG: 8355 us
vz_norm: 8.85002e-08vp_norm: 4.48906e-09
zk -3.89525e-06
-2.92443e-06
-1.82238e-06
  0.00366407
 -0.00398449
 -0.00149319
 -0.00195646
 -0.00146914
-0.000913536
 0.000668981
-0.000687773
-0.000358472
           0
           0
           0
           0
           0
           0
 0.000455469
           0
           0
 6.91456e-05
           0
 6.81255e-05
           0
 0.000546199
           0
           0
  2.6197e-05
-3.40802e-05
           0
           0
 3.45818e-05
           0
           0
 4.36555e-06
           0
           0
-1.69297e-08
  6.1467e-09
 1.73624e-08
-6.30377e-09
-2.28428e-05
           0
           0
  2.2845e-05
           0
           0
  6.0812e-07
           0
           0
           0
           0
           0
           0
-1.32616e-05
    0.146498
   -0.145474
  -0.0200624
           0
           0
pk 0.999474
       1
       1
 0.99948
       1
       1
0.999899
0.999975
       1
0.999211
0.999989
       1
0.999214
 0.99999
       1
0.999812
0.999969
       1
0.998452
0.999993
       1
0.998703
0.999993
       1
0.999905
       1
0.999734
0.990389
0.999933
0.985128
 1.00512
 1.00003
  1.0104
0.998842
       1
       1
count 295
(curr.pk-pk_prev).cwiseAbs().sum() 0.000246867
(curr.pk-p0).cwiseAbs().sum() 0.0474582
stable?: 1 converged?: 0 G: 3.23875e-08
tp: 4
Elapsed Time d2w: 137846 us
Elapsed Time dG: 8086 us
vz_norm: 1.99695e-07vp_norm: 1.96361e-08
zk  1.51039e-06
-1.34531e-06
-3.66552e-07
    0.001481
  0.00165572
 0.000299267
  0.00075901
-0.000676175
-0.000183771
 0.000271325
 0.000282907
 8.92172e-05
           0
           0
           0
           0
           0
           0
 9.16109e-05
           0
           0
-2.88292e-05
           0
 2.84015e-05
           0
 0.000109855
           0
           0
  -5.269e-06
-1.42064e-05
           0
           0
-1.44167e-05
           0
           0
-8.78033e-07
           0
           0
-7.35364e-09
 3.04813e-09
-7.54228e-09
 3.12632e-09
-9.51793e-06
           0
           0
-9.51883e-06
           0
           0
-1.22309e-07
           0
           0
           0
           0
           0
           0
-3.14092e-06
   0.0647791
   0.0647469
  0.00509342
           0
           0
pk 0.999474
       1
       1
 0.99948
       1
       1
0.999898
0.999975
       1
 0.99921
0.999989
       1
0.999213
 0.99999
       1
0.999812
0.999969
       1
0.998449
0.999993
       1
0.998701
0.999993
       1
0.999905
       1
0.999734
0.990343
0.999932
0.985075
 1.00515
 1.00003
 1.01044
0.998841
       1
       1
count 296
(curr.pk-pk_prev).cwiseAbs().sum() 0.000190713
(curr.pk-p0).cwiseAbs().sum() 0.0476489
stable?: 1 converged?: 0 G: 3.23875e-08
tp: 4
Elapsed Time d2w: 144824 us
Elapsed Time dG: 8353 us
vz_norm: 1.4448e-08vp_norm: 2.5973e-09
backtrackingCount 0
pk 0.999379
       1
       1
0.999387
       1
       1
0.999888
0.999972
       1
0.999068
0.999988
       1
0.999073
0.999988
       1
 0.99979
0.999966
       1
0.998198
0.999992
       1
0.998444
0.999992
       1
0.999895
       1
0.999712
0.989443
0.999929
0.984858
 1.00517
 1.00002
 1.00992
0.998758
0.999999
       1
backtrackingCount 1
pk  0.99945
       1
       1
0.999456
       1
       1
0.999896
0.999974
       1
0.999175
0.999989
       1
0.999178
0.999989
       1
0.999806
0.999968
       1
0.998386
0.999993
       1
0.998637
0.999993
       1
0.999902
       1
0.999729
0.990118
0.999931
0.985021
 1.00516
 1.00003
 1.01031
 0.99882
       1
       1
backtrackingCount 2
pk 0.999471
       1
       1
0.999477
       1
       1
0.999898
0.999974
       1
0.999206
0.999989
       1
0.999209
0.999989
       1
0.999811
0.999969
       1
0.998441
0.999993
       1
0.998693
0.999993
       1
0.999904
       1
0.999733
0.990315
0.999932
0.985069
 1.00515
 1.00003
 1.01043
0.998838
       1
       1
backtracking time: 55665 us
backtracking count: 3
zk   2.5708e-07
-2.01479e-06
 -1.5084e-06
  0.00243056
 0.000542727
-0.000646631
 0.000131727
  -0.0010104
-0.000756149
 0.000451698
 9.47215e-05
-0.000121279
           0
           0
           0
           0
           0
           0
 0.000376994
           0
           0
 -8.9498e-06
           0
 4.70955e-05
           0
  0.00045209
           0
           0
 1.13098e-05
-2.35692e-05
           0
           0
 -4.4633e-06
           0
           0
 1.88473e-06
           0
           0
-9.42236e-09
 1.12133e-09
-5.18457e-09
 5.00504e-09
-1.58236e-05
           0
           0
-2.91505e-06
           0
           0
 2.62546e-07
           0
           0
           0
           0
           0
           0
 -1.2012e-05
   0.0755002
   0.0527203
 -0.00659258
           0
           0
pk 0.999471
       1
       1
0.999477
       1
       1
0.999898
0.999974
       1
0.999206
0.999989
       1
0.999209
0.999989
       1
0.999811
0.999969
       1
0.998441
0.999993
       1
0.998693
0.999993
       1
0.999904
       1
0.999733
0.990315
0.999932
0.985069
 1.00515
 1.00003
 1.01043
0.998838
       1
       1
count 297
(curr.pk-pk_prev).cwiseAbs().sum() 8.74761e-05
(curr.pk-p0).cwiseAbs().sum() 0.0477034
stable?: 1 converged?: 0 G: 3.23875e-08
tp: 4
Elapsed Time d2w: 133715 us
Elapsed Time dG: 9531 us
vz_norm: 1.06566e-07vp_norm: 4.62712e-09
backtrackingCount 0
pk  0.99947
       1
       1
0.999476
       1
       1
0.999897
0.999974
       1
0.999205
0.999989
       1
0.999208
0.999989
       1
 0.99981
0.999969
       1
0.998439
0.999993
       1
0.998692
0.999993
       1
0.999904
       1
0.999732
0.990309
0.999932
0.985054
 1.00516
 1.00003
 1.01043
0.998833
       1
       1
backtracking time: 1191 us
backtracking count: 1
zk -3.54383e-07
-1.90642e-06
-4.89403e-08
  0.00261103
-0.000157211
 0.000407816
-0.000176702
-0.000957035
-2.40152e-05
 0.000429396
-2.41708e-05
 0.000106573
           0
           0
           0
           0
           0
           0
 1.22686e-05
           0
           0
 2.81192e-06
           0
 4.47039e-05
           0
 1.48186e-05
           0
           0
-7.07184e-06
-2.23674e-05
           0
           0
 1.41276e-06
           0
           0
-1.17822e-06
           0
           0
-1.02141e-08
 2.79876e-09
-6.60108e-10
 1.74562e-09
-1.50034e-05
           0
           0
 9.49658e-07
           0
           0
-1.64099e-07
           0
           0
           0
           0
           0
           0
 1.05168e-05
   0.0852808
   0.0108829
   0.0064011
           0
           0
pk  0.99947
       1
       1
0.999476
       1
       1
0.999897
0.999974
       1
0.999205
0.999989
       1
0.999208
0.999989
       1
 0.99981
0.999969
       1
0.998439
0.999993
       1
0.998692
0.999993
       1
0.999904
       1
0.999732
0.990309
0.999932
0.985054
 1.00516
 1.00003
 1.01043
0.998833
       1
       1
count 298
(curr.pk-pk_prev).cwiseAbs().sum() 4.63159e-05
(curr.pk-p0).cwiseAbs().sum() 0.0477498
stable?: 1 converged?: 0 G: 3.23875e-08
tp: 4
Elapsed Time d2w: 139051 us
Elapsed Time dG: 9182 us
vz_norm: 3.18828e-09vp_norm: 1.79709e-09
backtrackingCount 0
pk 0.999329
       1
       1
0.999337
       1
       1
0.999805
0.999951
       1
0.998989
0.999987
       1
0.998996
0.999987
       1
0.999647
0.999941
       1
0.998004
0.999991
       1
0.998252
0.999991
       1
 0.99981
0.999999
 0.99944
0.986885
0.999904
0.979996
  1.0018
       1
 1.00551
0.997676
0.999999
       1
backtrackingCount 1
pk 0.999452
       1
       1
0.999459
       1
       1
0.999886
0.999971
       1
0.999178
0.999989
       1
0.999181
0.999989
       1
 0.99979
0.999966
       1
0.998385
0.999993
       1
0.998637
0.999993
       1
0.999892
       1
0.999696
0.989881
0.999929
0.984422
 1.00474
 1.00002
 1.00982
0.998688
0.999999
       1
backtrackingCount 2
pk 0.999469
       1
       1
0.999475
       1
       1
0.999897
0.999974
       1
0.999203
0.999989
       1
0.999206
0.999989
       1
0.999809
0.999969
       1
0.998436
0.999993
       1
0.998688
0.999993
       1
0.999903
       1
 0.99973
0.990283
0.999932
0.985015
 1.00513
 1.00003
  1.0104
0.998824
       1
       1
backtracking time: 45303 us
backtracking count: 3
zk -4.84825e-07
-1.98909e-06
-4.88447e-08
  0.00300004
-0.000170426
 0.000734092
-0.000242523
-0.000998777
-2.39683e-05
 0.000473399
   2.386e-05
 0.000266145
           0
           0
           0
           0
           0
           0
 1.22446e-05
           0
           0
 2.80643e-06
           0
 4.46165e-05
           0
 1.47897e-05
           0
           0
-7.05802e-06
-2.23237e-05
           0
           0
    1.41e-06
           0
           0
-1.17592e-06
           0
           0
-1.01941e-08
 2.79329e-09
-6.58819e-10
 1.74221e-09
-1.49741e-05
           0
           0
 9.47803e-07
           0
           0
-1.63778e-07
           0
           0
           0
           0
           0
           0
 1.40864e-05
   0.0901169
   0.0160611
   0.0159943
           0
           0
pk 0.999469
       1
       1
0.999475
       1
       1
0.999897
0.999974
       1
0.999203
0.999989
       1
0.999206
0.999989
       1
0.999809
0.999969
       1
0.998436
0.999993
       1
0.998688
0.999993
       1
0.999903
       1
 0.99973
0.990283
0.999932
0.985015
 1.00513
 1.00003
  1.0104
0.998824
       1
       1
count 299
(curr.pk-pk_prev).cwiseAbs().sum() 0.000158286
(curr.pk-p0).cwiseAbs().sum() 0.0477782
stable?: 1 converged?: 0 G: 3.23873e-08
tp: 10
Elapsed Time d2w: 302437 us
Elapsed Time dG: 9284 us
vz_norm: 1.02899e-07vp_norm: 7.71792e-09
backtrackingCount 0
pk 0.999468
       1
       1
0.999475
       1
       1
0.999896
0.999974
       1
0.999202
0.999989
       1
0.999205
0.999989
       1
0.999808
0.999969
       1
0.998435
0.999993
       1
0.998687
0.999993
       1
0.999902
       1
0.999728
0.990279
0.999932
0.985004
 1.00513
 1.00003
 1.01039
0.998815
       1
       1
backtrackingCount 1
pk 0.999469
       1
       1
0.999475
       1
       1
0.999897
0.999974
       1
0.999203
0.999989
       1
0.999206
0.999989
       1
0.999809
0.999969
       1
0.998436
0.999993
       1
0.998688
0.999993
       1
0.999903
       1
 0.99973
0.990283
0.999932
0.985014
 1.00513
 1.00003
  1.0104
0.998823
       1
       1
backtracking time: 44958 us
backtracking count: 2
zk -4.67479e-07
-1.97284e-06
-1.91488e-07
  0.00297915
-0.000154597
 0.000824548
-0.000233727
-0.000990566
-9.61088e-05
 0.000468965
 2.61035e-05
 0.000286546
           0
           0
           0
           0
           0
           0
 4.78502e-05
           0
           0
 2.56825e-06
           0
 4.42017e-05
           0
 5.73578e-05
           0
           0
-8.68248e-06
-2.21164e-05
           0
           0
 1.29121e-06
           0
           0
-1.44635e-06
           0
           0
-1.01433e-08
 2.78929e-09
-6.60712e-10
 1.73817e-09
-1.48359e-05
           0
           0
 8.70194e-07
           0
           0
-2.01418e-07
           0
           0
           0
           0
           0
           0
 1.17507e-05
   0.0895257
   0.0163005
   0.0172227
           0
           0
pk 0.999469
       1
       1
0.999475
       1
       1
0.999897
0.999974
       1
0.999203
0.999989
       1
0.999206
0.999989
       1
0.999809
0.999969
       1
0.998436
0.999993
       1
0.998688
0.999993
       1
0.999903
       1
 0.99973
0.990283
0.999932
0.985014
 1.00513
 1.00003
  1.0104
0.998823
       1
       1
count 300
(curr.pk-pk_prev).cwiseAbs().sum() 2.68821e-06
(curr.pk-p0).cwiseAbs().sum() 0.0477795
stable?: 1 converged?: 0 G: 3.23873e-08
tp: 10
Elapsed Time d2w: 288433 us
Elapsed Time dG: 8658 us
vz_norm: 1.95943e-07vp_norm: 9.44942e-09
backtrackingCount 0
pk 0.999469
       1
       1
0.999475
       1
       1
0.999897
0.999974
       1
0.999203
0.999989
       1
0.999206
0.999989
       1
0.999809
0.999969
       1
0.998435
0.999993
       1
0.998688
0.999993
       1
0.999903
       1
0.999729
0.990281
0.999932
0.985011
 1.00513
 1.00003
 1.01039
0.998819
       1
       1
backtracking time: 654 us
backtracking count: 1
zk -3.59187e-07
-1.75108e-06
-1.10925e-06
  0.00271076
-8.40964e-05
  0.00168533
-0.000179109
-0.000879154
-0.000560539
  0.00041263
 3.21213e-05
  0.00047462
           0
           0
           0
           0
           0
           0
 0.000276916
           0
           0
 1.53098e-06
           0
 3.89147e-05
           0
  0.00033116
           0
           0
-2.44235e-05
-1.94718e-05
           0
           0
 7.73001e-07
           0
           0
-4.06691e-06
           0
           0
-9.06783e-09
  2.5741e-09
-5.73961e-10
 1.53406e-09
-1.30637e-05
           0
           0
 5.29417e-07
           0
           0
 -5.6617e-07
           0
           0
           0
           0
           0
           0
 -4.4847e-06
   0.0800506
   0.0154084
    0.028548
           0
           0
pk 0.999469
       1
       1
0.999475
       1
       1
0.999897
0.999974
       1
0.999203
0.999989
       1
0.999206
0.999989
       1
0.999809
0.999969
       1
0.998435
0.999993
       1
0.998688
0.999993
       1
0.999903
       1
0.999729
0.990281
0.999932
0.985011
 1.00513
 1.00003
 1.01039
0.998819
       1
       1
count 301
(curr.pk-pk_prev).cwiseAbs().sum() 1.6845e-05
(curr.pk-p0).cwiseAbs().sum() 0.0477873
stable?: 1 converged?: 0 G: 3.23873e-08
tp: 4
Elapsed Time d2w: 163781 us
Elapsed Time dG: 7923 us
vz_norm: 3.16276e-09vp_norm: 1.79196e-09
backtrackingCount 0
pk 0.999397
       1
       1
0.999404
       1
       1
 0.99985
0.999962
       1
0.999093
0.999988
       1
0.999098
0.999988
       1
0.999726
0.999955
       1
0.998214
0.999992
       1
0.998465
0.999992
       1
0.999856
       1
 0.99958
0.988543
0.999918
0.982448
 1.00343
 1.00001
  1.0079
0.998233
0.999999
       1
backtrackingCount 1
pk 0.999464
       1
       1
 0.99947
       1
       1
0.999894
0.999973
       1
0.999196
0.999989
       1
0.999199
0.999989
       1
0.999803
0.999968
       1
0.998421
0.999993
       1
0.998674
0.999993
       1
  0.9999
       1
0.999719
0.990172
0.999931
 0.98485
 1.00502
 1.00003
 1.01024
0.998782
0.999999
       1
backtrackingCount 2
pk 0.999468
       1
       1
0.999475
       1
       1
0.999896
0.999974
       1
0.999202
0.999989
       1
0.999206
0.999989
       1
0.999808
0.999969
       1
0.998435
0.999993
       1
0.998687
0.999993
       1
0.999903
       1
0.999728
0.990277
0.999932
0.985006
 1.00512
 1.00003
 1.01039
0.998818
       1
       1
backtracking time: 38712 us
backtracking count: 3
zk -3.75562e-07
-1.76169e-06
-1.10898e-06
  0.00275934
-8.46455e-05
  0.00172598
-0.000187373
-0.000884509
-0.000560403
  0.00041821
 3.81619e-05
 0.000494607
           0
           0
           0
           0
           0
           0
 0.000276848
           0
           0
 1.53061e-06
           0
 3.89052e-05
           0
 0.000331079
           0
           0
-2.44176e-05
 -1.9467e-05
           0
           0
 7.72813e-07
           0
           0
-4.06592e-06
           0
           0
-9.06562e-09
 2.57348e-09
 -5.7382e-10
 1.53368e-09
-1.30605e-05
           0
           0
 5.29288e-07
           0
           0
-5.66032e-07
           0
           0
           0
           0
           0
           0
-4.02812e-06
   0.0806649
     0.01606
   0.0297496
           0
           0
pk 0.999468
       1
       1
0.999475
       1
       1
0.999896
0.999974
       1
0.999202
0.999989
       1
0.999206
0.999989
       1
0.999808
0.999969
       1
0.998435
0.999993
       1
0.998687
0.999993
       1
0.999903
       1
0.999728
0.990277
0.999932
0.985006
 1.00512
 1.00003
 1.01039
0.998818
       1
       1
count 302
(curr.pk-pk_prev).cwiseAbs().sum() 2.00532e-05
(curr.pk-p0).cwiseAbs().sum() 0.0477909
stable?: 1 converged?: 0 G: 3.23873e-08
tp: 4
Elapsed Time d2w: 139930 us
Elapsed Time dG: 9174 us
vz_norm: 3.1609e-09vp_norm: 1.79152e-09
backtrackingCount 0
pk 0.999433
       1
       1
0.999439
       1
       1
0.999873
0.999968
       1
0.999148
0.999989
       1
0.999152
0.999989
       1
0.999767
0.999962
       1
0.998324
0.999993
       1
0.998576
0.999993
       1
0.999879
       1
0.999654
0.989407
0.999925
0.983723
 1.00427
 1.00002
 1.00914
0.998525
0.999999
       1
backtrackingCount 1
pk 0.999467
       1
       1
0.999474
       1
       1
0.999896
0.999974
       1
0.999201
0.999989
       1
0.999204
0.999989
       1
0.999807
0.999968
       1
0.998431
0.999993
       1
0.998684
0.999993
       1
0.999902
       1
0.999726
 0.99025
0.999932
0.984966
  1.0051
 1.00003
 1.01035
0.998809
       1
       1
backtrackingCount 2
pk 0.999468
       1
       1
0.999475
       1
       1
0.999896
0.999974
       1
0.999202
0.999989
       1
0.999206
0.999989
       1
0.999808
0.999969
       1
0.998435
0.999993
       1
0.998687
0.999993
       1
0.999903
       1
0.999728
0.990277
0.999932
0.985005
 1.00512
 1.00003
 1.01039
0.998818
       1
       1
backtracking time: 37396 us
backtracking count: 3
zk -3.77609e-07
-1.76301e-06
-1.10895e-06
  0.00276541
 -8.4705e-05
  0.00173106
-0.000188406
-0.000885179
-0.000560385
 0.000418908
 3.89173e-05
 0.000497106
           0
           0
           0
           0
           0
           0
  0.00027684
           0
           0
 1.53056e-06
           0
  3.8904e-05
           0
 0.000331069
           0
           0
-2.44168e-05
-1.94664e-05
           0
           0
 7.72789e-07
           0
           0
 -4.0658e-06
           0
           0
-9.06534e-09
  2.5734e-09
-5.73803e-10
 1.53363e-09
-1.30601e-05
           0
           0
 5.29272e-07
           0
           0
-5.66014e-07
           0
           0
           0
           0
           0
           0
-3.97101e-06
   0.0807418
   0.0161415
   0.0298998
           0
           0
pk 0.999468
       1
       1
0.999475
       1
       1
0.999896
0.999974
       1
0.999202
0.999989
       1
0.999206
0.999989
       1
0.999808
0.999969
       1
0.998435
0.999993
       1
0.998687
0.999993
       1
0.999903
       1
0.999728
0.990277
0.999932
0.985005
 1.00512
 1.00003
 1.01039
0.998818
       1
       1
count 303
(curr.pk-pk_prev).cwiseAbs().sum() 2.50906e-06
(curr.pk-p0).cwiseAbs().sum() 0.0477913
stable?: 1 converged?: 0 G: 3.23873e-08
tp: 4
Elapsed Time d2w: 114315 us
Elapsed Time dG: 9448 us
vz_norm: 3.16067e-09vp_norm: 1.79146e-09
backtrackingCount 0
pk 0.999451
       1
       1
0.999457
       1
       1
0.999885
0.999971
       1
0.999175
0.999989
       1
0.999179
0.999989
       1
0.999788
0.999965
       1
 0.99838
0.999993
       1
0.998631
0.999993
       1
0.999891
       1
0.999691
0.989842
0.999928
0.984364
  1.0047
 1.00002
 1.00976
0.998671
0.999999
       1
backtrackingCount 1
pk 0.999468
       1
       1
0.999474
       1
       1
0.999896
0.999974
       1
0.999202
0.999989
       1
0.999205
0.999989
       1
0.999808
0.999969
       1
0.998434
0.999993
       1
0.998686
0.999993
       1
0.999903
       1
0.999728
 0.99027
0.999932
0.984995
 1.00512
 1.00003
 1.01038
0.998815
       1
       1
backtrackingCount 2
pk 0.999468
       1
       1
0.999475
       1
       1
0.999896
0.999974
       1
0.999202
0.999989
       1
0.999206
0.999989
       1
0.999808
0.999969
       1
0.998435
0.999993
       1
0.998687
0.999993
       1
0.999903
       1
0.999728
0.990277
0.999932
0.985005
 1.00512
 1.00003
 1.01039
0.998818
       1
       1
backtracking time: 72037 us
backtracking count: 3
zk -3.77865e-07
-1.76318e-06
-1.10894e-06
  0.00276617
-8.47122e-05
   0.0017317
-0.000188535
-0.000885263
-0.000560383
 0.000418995
 3.90117e-05
 0.000497418
           0
           0
           0
           0
           0
           0
 0.000276839
           0
           0
 1.53055e-06
           0
 3.89039e-05
           0
 0.000331067
           0
           0
-2.44167e-05
-1.94663e-05
           0
           0
 7.72786e-07
           0
           0
-4.06578e-06
           0
           0
-9.06531e-09
 2.57339e-09
-5.73801e-10
 1.53363e-09
-1.30601e-05
           0
           0
  5.2927e-07
           0
           0
-5.66012e-07
           0
           0
           0
           0
           0
           0
-3.96387e-06
   0.0807514
   0.0161517
   0.0299186
           0
           0
pk 0.999468
       1
       1
0.999475
       1
       1
0.999896
0.999974
       1
0.999202
0.999989
       1
0.999206
0.999989
       1
0.999808
0.999969
       1
0.998435
0.999993
       1
0.998687
0.999993
       1
0.999903
       1
0.999728
0.990277
0.999932
0.985005
 1.00512
 1.00003
 1.01039
0.998818
       1
       1
count 304
(curr.pk-pk_prev).cwiseAbs().sum() 3.1367e-07
(curr.pk-p0).cwiseAbs().sum() 0.0477914
stable?: 1 converged?: 0 G: 3.23873e-08
count: 304
zkpk
-3.77865e-07
-1.76318e-06
-1.10894e-06
  0.00276617
-8.47122e-05
   0.0017317
-0.000188535
-0.000885263
-0.000560383
 0.000418995
 3.90117e-05
 0.000497418
           0
           0
           0
           0
           0
           0
 0.000276839
           0
           0
 1.53055e-06
           0
 3.89039e-05
           0
 0.000331067
           0
           0
-2.44167e-05
-1.94663e-05
           0
           0
 7.72786e-07
           0
           0
-4.06578e-06
           0
           0
-9.06531e-09
 2.57339e-09
-5.73801e-10
 1.53363e-09
-1.30601e-05
           0
           0
  5.2927e-07
           0
           0
-5.66012e-07
           0
           0
           0
           0
           0
           0
-3.96387e-06
   0.0807514
   0.0161517
   0.0299186
           0
           0

0.999468
       1
       1
0.999475
       1
       1
0.999896
0.999974
       1
0.999202
0.999989
       1
0.999206
0.999989
       1
0.999808
0.999969
       1
0.998435
0.999993
       1
0.998687
0.999993
       1
0.999903
       1
0.999728
0.990277
0.999932
0.985005
 1.00512
 1.00003
 1.01039
0.998818
       1
       1
